date,location,fuel_type,price_usd_mt,source
2019-01-01,SGP_SIN,VLSFO,629.74,BUNKERWORLD_HISTORICAL
2019-01-01,SGP_SIN,MGO,806.61,BUNKERWORLD_HISTORICAL
2019-01-01,LKA_CMB,VLSFO,645.49,BUNKERWORLD_HISTORICAL
2019-01-01,LKA_CMB,MGO,826.78,BUNKERWORLD_HISTORICAL
2019-01-01,ARE_FUJ,VLSFO,623.45,BUNKERWORLD_HISTORICAL
2019-01-01,ARE_FUJ,MGO,798.54,BUNKERWORLD_HISTORICAL
2019-01-02,SGP_SIN,VLSFO,621.92,BUNKERWORLD_HISTORICAL
2019-01-02,SGP_SIN,MGO,793.81,BUNKERWORLD_HISTORICAL
2019-01-02,LKA_CMB,VLSFO,637.47,BUNKERWORLD_HISTORICAL
2019-01-02,LKA_CMB,MGO,813.66,BUNKERWORLD_HISTORICAL
2019-01-02,ARE_FUJ,VLSFO,615.7,BUNKERWORLD_HISTORICAL
2019-01-02,ARE_FUJ,MGO,785.88,BUNKERWORLD_HISTORICAL
2019-01-03,SGP_SIN,VLSFO,613.73,BUNKERWORLD_HISTORICAL
2019-01-03,SGP_SIN,MGO,787.17,BUNKERWORLD_HISTORICAL
2019-01-03,LKA_CMB,VLSFO,629.08,BUNKERWORLD_HISTORICAL
2019-01-03,LKA_CMB,MGO,806.85,BUNKERWORLD_HISTORICAL
2019-01-03,ARE_FUJ,VLSFO,607.6,BUNKERWORLD_HISTORICAL
2019-01-03,ARE_FUJ,MGO,779.29,BUNKERWORLD_HISTORICAL
2019-01-04,SGP_SIN,VLSFO,620.24,BUNKERWORLD_HISTORICAL
2019-01-04,SGP_SIN,MGO,801.25,BUNKERWORLD_HISTORICAL
2019-01-04,LKA_CMB,VLSFO,635.75,BUNKERWORLD_HISTORICAL
2019-01-04,LKA_CMB,MGO,821.28,BUNKERWORLD_HISTORICAL
2019-01-04,ARE_FUJ,VLSFO,614.04,BUNKERWORLD_HISTORICAL
2019-01-04,ARE_FUJ,MGO,793.24,BUNKERWORLD_HISTORICAL
2019-01-05,SGP_SIN,VLSFO,615.16,BUNKERWORLD_HISTORICAL
2019-01-05,SGP_SIN,MGO,791.47,BUNKERWORLD_HISTORICAL
2019-01-05,LKA_CMB,VLSFO,630.54,BUNKERWORLD_HISTORICAL
2019-01-05,LKA_CMB,MGO,811.26,BUNKERWORLD_HISTORICAL
2019-01-05,ARE_FUJ,VLSFO,609.01,BUNKERWORLD_HISTORICAL
2019-01-05,ARE_FUJ,MGO,783.55,BUNKERWORLD_HISTORICAL
2019-01-06,SGP_SIN,VLSFO,605.32,BUNKERWORLD_HISTORICAL
2019-01-06,SGP_SIN,MGO,768.94,BUNKERWORLD_HISTORICAL
2019-01-06,LKA_CMB,VLSFO,620.46,BUNKERWORLD_HISTORICAL
2019-01-06,LKA_CMB,MGO,788.16,BUNKERWORLD_HISTORICAL
2019-01-06,ARE_FUJ,VLSFO,599.27,BUNKERWORLD_HISTORICAL
2019-01-06,ARE_FUJ,MGO,761.25,BUNKERWORLD_HISTORICAL
2019-01-07,SGP_SIN,VLSFO,599.58,BUNKERWORLD_HISTORICAL
2019-01-07,SGP_SIN,MGO,765.45,BUNKERWORLD_HISTORICAL
2019-01-07,LKA_CMB,VLSFO,614.57,BUNKERWORLD_HISTORICAL
2019-01-07,LKA_CMB,MGO,784.59,BUNKERWORLD_HISTORICAL
2019-01-07,ARE_FUJ,VLSFO,593.58,BUNKERWORLD_HISTORICAL
2019-01-07,ARE_FUJ,MGO,757.8,BUNKERWORLD_HISTORICAL
2019-01-08,SGP_SIN,VLSFO,608.07,BUNKERWORLD_HISTORICAL
2019-01-08,SGP_SIN,MGO,777.92,BUNKERWORLD_HISTORICAL
2019-01-08,LKA_CMB,VLSFO,623.27,BUNKERWORLD_HISTORICAL
2019-01-08,LKA_CMB,MGO,797.37,BUNKERWORLD_HISTORICAL
2019-01-08,ARE_FUJ,VLSFO,601.98,BUNKERWORLD_HISTORICAL
2019-01-08,ARE_FUJ,MGO,770.14,BUNKERWORLD_HISTORICAL
2019-01-09,SGP_SIN,VLSFO,604.99,BUNKERWORLD_HISTORICAL
2019-01-09,SGP_SIN,MGO,764.71,BUNKERWORLD_HISTORICAL
2019-01-09,LKA_CMB,VLSFO,620.12,BUNKERWORLD_HISTORICAL
2019-01-09,LKA_CMB,MGO,783.83,BUNKERWORLD_HISTORICAL
2019-01-09,ARE_FUJ,VLSFO,598.94,BUNKERWORLD_HISTORICAL
2019-01-09,ARE_FUJ,MGO,757.06,BUNKERWORLD_HISTORICAL
2019-01-10,SGP_SIN,VLSFO,613.27,BUNKERWORLD_HISTORICAL
2019-01-10,SGP_SIN,MGO,789.95,BUNKERWORLD_HISTORICAL
2019-01-10,LKA_CMB,VLSFO,628.61,BUNKERWORLD_HISTORICAL
2019-01-10,LKA_CMB,MGO,809.7,BUNKERWORLD_HISTORICAL
2019-01-10,ARE_FUJ,VLSFO,607.14,BUNKERWORLD_HISTORICAL
2019-01-10,ARE_FUJ,MGO,782.06,BUNKERWORLD_HISTORICAL
2019-01-11,SGP_SIN,VLSFO,605.93,BUNKERWORLD_HISTORICAL
2019-01-11,SGP_SIN,MGO,771.81,BUNKERWORLD_HISTORICAL
2019-01-11,LKA_CMB,VLSFO,621.08,BUNKERWORLD_HISTORICAL
2019-01-11,LKA_CMB,MGO,791.1,BUNKERWORLD_HISTORICAL
2019-01-11,ARE_FUJ,VLSFO,599.87,BUNKERWORLD_HISTORICAL
2019-01-11,ARE_FUJ,MGO,764.09,BUNKERWORLD_HISTORICAL
2019-01-12,SGP_SIN,VLSFO,614.1,BUNKERWORLD_HISTORICAL
2019-01-12,SGP_SIN,MGO,793.99,BUNKERWORLD_HISTORICAL
2019-01-12,LKA_CMB,VLSFO,629.46,BUNKERWORLD_HISTORICAL
2019-01-12,LKA_CMB,MGO,813.84,BUNKERWORLD_HISTORICAL
2019-01-12,ARE_FUJ,VLSFO,607.96,BUNKERWORLD_HISTORICAL
2019-01-12,ARE_FUJ,MGO,786.05,BUNKERWORLD_HISTORICAL
2019-01-13,SGP_SIN,VLSFO,618.15,BUNKERWORLD_HISTORICAL
2019-01-13,SGP_SIN,MGO,787.55,BUNKERWORLD_HISTORICAL
2019-01-13,LKA_CMB,VLSFO,633.61,BUNKERWORLD_HISTORICAL
2019-01-13,LKA_CMB,MGO,807.24,BUNKERWORLD_HISTORICAL
2019-01-13,ARE_FUJ,VLSFO,611.97,BUNKERWORLD_HISTORICAL
2019-01-13,ARE_FUJ,MGO,779.68,BUNKERWORLD_HISTORICAL
2019-01-14,SGP_SIN,VLSFO,621.03,BUNKERWORLD_HISTORICAL
2019-01-14,SGP_SIN,MGO,801.29,BUNKERWORLD_HISTORICAL
2019-01-14,LKA_CMB,VLSFO,636.56,BUNKERWORLD_HISTORICAL
2019-01-14,LKA_CMB,MGO,821.32,BUNKERWORLD_HISTORICAL
2019-01-14,ARE_FUJ,VLSFO,614.82,BUNKERWORLD_HISTORICAL
2019-01-14,ARE_FUJ,MGO,793.27,BUNKERWORLD_HISTORICAL
2019-01-15,SGP_SIN,VLSFO,622.8,BUNKERWORLD_HISTORICAL
2019-01-15,SGP_SIN,MGO,806.71,BUNKERWORLD_HISTORICAL
2019-01-15,LKA_CMB,VLSFO,638.37,BUNKERWORLD_HISTORICAL
2019-01-15,LKA_CMB,MGO,826.88,BUNKERWORLD_HISTORICAL
2019-01-15,ARE_FUJ,VLSFO,616.57,BUNKERWORLD_HISTORICAL
2019-01-15,ARE_FUJ,MGO,798.64,BUNKERWORLD_HISTORICAL
2019-01-16,SGP_SIN,VLSFO,622.88,BUNKERWORLD_HISTORICAL
2019-01-16,SGP_SIN,MGO,793.93,BUNKERWORLD_HISTORICAL
2019-01-16,LKA_CMB,VLSFO,638.45,BUNKERWORLD_HISTORICAL
2019-01-16,LKA_CMB,MGO,813.78,BUNKERWORLD_HISTORICAL
2019-01-16,ARE_FUJ,VLSFO,616.65,BUNKERWORLD_HISTORICAL
2019-01-16,ARE_FUJ,MGO,785.99,BUNKERWORLD_HISTORICAL
2019-01-17,SGP_SIN,VLSFO,630.98,BUNKERWORLD_HISTORICAL
2019-01-17,SGP_SIN,MGO,799.49,BUNKERWORLD_HISTORICAL
2019-01-17,LKA_CMB,VLSFO,646.76,BUNKERWORLD_HISTORICAL
2019-01-17,LKA_CMB,MGO,819.47,BUNKERWORLD_HISTORICAL
2019-01-17,ARE_FUJ,VLSFO,624.67,BUNKERWORLD_HISTORICAL
2019-01-17,ARE_FUJ,MGO,791.49,BUNKERWORLD_HISTORICAL
2019-01-18,SGP_SIN,VLSFO,634.22,BUNKERWORLD_HISTORICAL
2019-01-18,SGP_SIN,MGO,800.09,BUNKERWORLD_HISTORICAL
2019-01-18,LKA_CMB,VLSFO,650.07,BUNKERWORLD_HISTORICAL
2019-01-18,LKA_CMB,MGO,820.1,BUNKERWORLD_HISTORICAL
2019-01-18,ARE_FUJ,VLSFO,627.87,BUNKERWORLD_HISTORICAL
2019-01-18,ARE_FUJ,MGO,792.09,BUNKERWORLD_HISTORICAL
2019-01-19,SGP_SIN,VLSFO,623.02,BUNKERWORLD_HISTORICAL
2019-01-19,SGP_SIN,MGO,807.62,BUNKERWORLD_HISTORICAL
2019-01-19,LKA_CMB,VLSFO,638.59,BUNKERWORLD_HISTORICAL
2019-01-19,LKA_CMB,MGO,827.81,BUNKERWORLD_HISTORICAL
2019-01-19,ARE_FUJ,VLSFO,616.79,BUNKERWORLD_HISTORICAL
2019-01-19,ARE_FUJ,MGO,799.54,BUNKERWORLD_HISTORICAL
2019-01-20,SGP_SIN,VLSFO,624.93,BUNKERWORLD_HISTORICAL
2019-01-20,SGP_SIN,MGO,801.57,BUNKERWORLD_HISTORICAL
2019-01-20,LKA_CMB,VLSFO,640.55,BUNKERWORLD_HISTORICAL
2019-01-20,LKA_CMB,MGO,821.61,BUNKERWORLD_HISTORICAL
2019-01-20,ARE_FUJ,VLSFO,618.68,BUNKERWORLD_HISTORICAL
2019-01-20,ARE_FUJ,MGO,793.55,BUNKERWORLD_HISTORICAL
2019-01-21,SGP_SIN,VLSFO,617.65,BUNKERWORLD_HISTORICAL
2019-01-21,SGP_SIN,MGO,802.18,BUNKERWORLD_HISTORICAL
2019-01-21,LKA_CMB,VLSFO,633.1,BUNKERWORLD_HISTORICAL
2019-01-21,LKA_CMB,MGO,822.24,BUNKERWORLD_HISTORICAL
2019-01-21,ARE_FUJ,VLSFO,611.48,BUNKERWORLD_HISTORICAL
2019-01-21,ARE_FUJ,MGO,794.16,BUNKERWORLD_HISTORICAL
2019-01-22,SGP_SIN,VLSFO,621.17,BUNKERWORLD_HISTORICAL
2019-01-22,SGP_SIN,MGO,792.43,BUNKERWORLD_HISTORICAL
2019-01-22,LKA_CMB,VLSFO,636.7,BUNKERWORLD_HISTORICAL
2019-01-22,LKA_CMB,MGO,812.24,BUNKERWORLD_HISTORICAL
2019-01-22,ARE_FUJ,VLSFO,614.96,BUNKERWORLD_HISTORICAL
2019-01-22,ARE_FUJ,MGO,784.51,BUNKERWORLD_HISTORICAL
2019-01-23,SGP_SIN,VLSFO,621.48,BUNKERWORLD_HISTORICAL
2019-01-23,SGP_SIN,MGO,778.94,BUNKERWORLD_HISTORICAL
2019-01-23,LKA_CMB,VLSFO,637.02,BUNKERWORLD_HISTORICAL
2019-01-23,LKA_CMB,MGO,798.41,BUNKERWORLD_HISTORICAL
2019-01-23,ARE_FUJ,VLSFO,615.26,BUNKERWORLD_HISTORICAL
2019-01-23,ARE_FUJ,MGO,771.15,BUNKERWORLD_HISTORICAL
2019-01-24,SGP_SIN,VLSFO,620.94,BUNKERWORLD_HISTORICAL
2019-01-24,SGP_SIN,MGO,793.84,BUNKERWORLD_HISTORICAL
2019-01-24,LKA_CMB,VLSFO,636.47,BUNKERWORLD_HISTORICAL
2019-01-24,LKA_CMB,MGO,813.68,BUNKERWORLD_HISTORICAL
2019-01-24,ARE_FUJ,VLSFO,614.73,BUNKERWORLD_HISTORICAL
2019-01-24,ARE_FUJ,MGO,785.9,BUNKERWORLD_HISTORICAL
2019-01-25,SGP_SIN,VLSFO,627.19,BUNKERWORLD_HISTORICAL
2019-01-25,SGP_SIN,MGO,800.45,BUNKERWORLD_HISTORICAL
2019-01-25,LKA_CMB,VLSFO,642.87,BUNKERWORLD_HISTORICAL
2019-01-25,LKA_CMB,MGO,820.46,BUNKERWORLD_HISTORICAL
2019-01-25,ARE_FUJ,VLSFO,620.92,BUNKERWORLD_HISTORICAL
2019-01-25,ARE_FUJ,MGO,792.45,BUNKERWORLD_HISTORICAL
2019-01-26,SGP_SIN,VLSFO,615.57,BUNKERWORLD_HISTORICAL
2019-01-26,SGP_SIN,MGO,786.56,BUNKERWORLD_HISTORICAL
2019-01-26,LKA_CMB,VLSFO,630.96,BUNKERWORLD_HISTORICAL
2019-01-26,LKA_CMB,MGO,806.22,BUNKERWORLD_HISTORICAL
2019-01-26,ARE_FUJ,VLSFO,609.41,BUNKERWORLD_HISTORICAL
2019-01-26,ARE_FUJ,MGO,778.69,BUNKERWORLD_HISTORICAL
2019-01-27,SGP_SIN,VLSFO,621.09,BUNKERWORLD_HISTORICAL
2019-01-27,SGP_SIN,MGO,790.55,BUNKERWORLD_HISTORICAL
2019-01-27,LKA_CMB,VLSFO,636.62,BUNKERWORLD_HISTORICAL
2019-01-27,LKA_CMB,MGO,810.31,BUNKERWORLD_HISTORICAL
2019-01-27,ARE_FUJ,VLSFO,614.88,BUNKERWORLD_HISTORICAL
2019-01-27,ARE_FUJ,MGO,782.64,BUNKERWORLD_HISTORICAL
2019-01-28,SGP_SIN,VLSFO,614.02,BUNKERWORLD_HISTORICAL
2019-01-28,SGP_SIN,MGO,791.44,BUNKERWORLD_HISTORICAL
2019-01-28,LKA_CMB,VLSFO,629.37,BUNKERWORLD_HISTORICAL
2019-01-28,LKA_CMB,MGO,811.22,BUNKERWORLD_HISTORICAL
2019-01-28,ARE_FUJ,VLSFO,607.88,BUNKERWORLD_HISTORICAL
2019-01-28,ARE_FUJ,MGO,783.52,BUNKERWORLD_HISTORICAL
2019-01-29,SGP_SIN,VLSFO,624.83,BUNKERWORLD_HISTORICAL
2019-01-29,SGP_SIN,MGO,791.83,BUNKERWORLD_HISTORICAL
2019-01-29,LKA_CMB,VLSFO,640.45,BUNKERWORLD_HISTORICAL
2019-01-29,LKA_CMB,MGO,811.62,BUNKERWORLD_HISTORICAL
2019-01-29,ARE_FUJ,VLSFO,618.58,BUNKERWORLD_HISTORICAL
2019-01-29,ARE_FUJ,MGO,783.91,BUNKERWORLD_HISTORICAL
2019-01-30,SGP_SIN,VLSFO,612.79,BUNKERWORLD_HISTORICAL
2019-01-30,SGP_SIN,MGO,784.48,BUNKERWORLD_HISTORICAL
2019-01-30,LKA_CMB,VLSFO,628.11,BUNKERWORLD_HISTORICAL
2019-01-30,LKA_CMB,MGO,804.09,BUNKERWORLD_HISTORICAL
2019-01-30,ARE_FUJ,VLSFO,606.67,BUNKERWORLD_HISTORICAL
2019-01-30,ARE_FUJ,MGO,776.63,BUNKERWORLD_HISTORICAL
2019-01-31,SGP_SIN,VLSFO,603.7,BUNKERWORLD_HISTORICAL
2019-01-31,SGP_SIN,MGO,775.66,BUNKERWORLD_HISTORICAL
2019-01-31,LKA_CMB,VLSFO,618.79,BUNKERWORLD_HISTORICAL
2019-01-31,LKA_CMB,MGO,795.06,BUNKERWORLD_HISTORICAL
2019-01-31,ARE_FUJ,VLSFO,597.66,BUNKERWORLD_HISTORICAL
2019-01-31,ARE_FUJ,MGO,767.91,BUNKERWORLD_HISTORICAL
2019-02-01,SGP_SIN,VLSFO,616.33,BUNKERWORLD_HISTORICAL
2019-02-01,SGP_SIN,MGO,792.66,BUNKERWORLD_HISTORICAL
2019-02-01,LKA_CMB,VLSFO,631.74,BUNKERWORLD_HISTORICAL
2019-02-01,LKA_CMB,MGO,812.48,BUNKERWORLD_HISTORICAL
2019-02-01,ARE_FUJ,VLSFO,610.17,BUNKERWORLD_HISTORICAL
2019-02-01,ARE_FUJ,MGO,784.74,BUNKERWORLD_HISTORICAL
2019-02-02,SGP_SIN,VLSFO,624.97,BUNKERWORLD_HISTORICAL
2019-02-02,SGP_SIN,MGO,809.06,BUNKERWORLD_HISTORICAL
2019-02-02,LKA_CMB,VLSFO,640.6,BUNKERWORLD_HISTORICAL
2019-02-02,LKA_CMB,MGO,829.28,BUNKERWORLD_HISTORICAL
2019-02-02,ARE_FUJ,VLSFO,618.72,BUNKERWORLD_HISTORICAL
2019-02-02,ARE_FUJ,MGO,800.97,BUNKERWORLD_HISTORICAL
2019-02-03,SGP_SIN,VLSFO,613.77,BUNKERWORLD_HISTORICAL
2019-02-03,SGP_SIN,MGO,783.64,BUNKERWORLD_HISTORICAL
2019-02-03,LKA_CMB,VLSFO,629.11,BUNKERWORLD_HISTORICAL
2019-02-03,LKA_CMB,MGO,803.23,BUNKERWORLD_HISTORICAL
2019-02-03,ARE_FUJ,VLSFO,607.63,BUNKERWORLD_HISTORICAL
2019-02-03,ARE_FUJ,MGO,775.8,BUNKERWORLD_HISTORICAL
2019-02-04,SGP_SIN,VLSFO,611.85,BUNKERWORLD_HISTORICAL
2019-02-04,SGP_SIN,MGO,795.61,BUNKERWORLD_HISTORICAL
2019-02-04,LKA_CMB,VLSFO,627.15,BUNKERWORLD_HISTORICAL
2019-02-04,LKA_CMB,MGO,815.5,BUNKERWORLD_HISTORICAL
2019-02-04,ARE_FUJ,VLSFO,605.73,BUNKERWORLD_HISTORICAL
2019-02-04,ARE_FUJ,MGO,787.66,BUNKERWORLD_HISTORICAL
2019-02-05,SGP_SIN,VLSFO,626.89,BUNKERWORLD_HISTORICAL
2019-02-05,SGP_SIN,MGO,795.14,BUNKERWORLD_HISTORICAL
2019-02-05,LKA_CMB,VLSFO,642.56,BUNKERWORLD_HISTORICAL
2019-02-05,LKA_CMB,MGO,815.02,BUNKERWORLD_HISTORICAL
2019-02-05,ARE_FUJ,VLSFO,620.62,BUNKERWORLD_HISTORICAL
2019-02-05,ARE_FUJ,MGO,787.19,BUNKERWORLD_HISTORICAL
2019-02-06,SGP_SIN,VLSFO,620.16,BUNKERWORLD_HISTORICAL
2019-02-06,SGP_SIN,MGO,813.33,BUNKERWORLD_HISTORICAL
2019-02-06,LKA_CMB,VLSFO,635.66,BUNKERWORLD_HISTORICAL
2019-02-06,LKA_CMB,MGO,833.66,BUNKERWORLD_HISTORICAL
2019-02-06,ARE_FUJ,VLSFO,613.95,BUNKERWORLD_HISTORICAL
2019-02-06,ARE_FUJ,MGO,805.2,BUNKERWORLD_HISTORICAL
2019-02-07,SGP_SIN,VLSFO,635.02,BUNKERWORLD_HISTORICAL
2019-02-07,SGP_SIN,MGO,827.53,BUNKERWORLD_HISTORICAL
2019-02-07,LKA_CMB,VLSFO,650.89,BUNKERWORLD_HISTORICAL
2019-02-07,LKA_CMB,MGO,848.21,BUNKERWORLD_HISTORICAL
2019-02-07,ARE_FUJ,VLSFO,628.67,BUNKERWORLD_HISTORICAL
2019-02-07,ARE_FUJ,MGO,819.25,BUNKERWORLD_HISTORICAL
2019-02-08,SGP_SIN,VLSFO,626.22,BUNKERWORLD_HISTORICAL
2019-02-08,SGP_SIN,MGO,805.25,BUNKERWORLD_HISTORICAL
2019-02-08,LKA_CMB,VLSFO,641.87,BUNKERWORLD_HISTORICAL
2019-02-08,LKA_CMB,MGO,825.38,BUNKERWORLD_HISTORICAL
2019-02-08,ARE_FUJ,VLSFO,619.96,BUNKERWORLD_HISTORICAL
2019-02-08,ARE_FUJ,MGO,797.2,BUNKERWORLD_HISTORICAL
2019-02-09,SGP_SIN,VLSFO,621.0,BUNKERWORLD_HISTORICAL
2019-02-09,SGP_SIN,MGO,810.1,BUNKERWORLD_HISTORICAL
2019-02-09,LKA_CMB,VLSFO,636.52,BUNKERWORLD_HISTORICAL
2019-02-09,LKA_CMB,MGO,830.35,BUNKERWORLD_HISTORICAL
2019-02-09,ARE_FUJ,VLSFO,614.79,BUNKERWORLD_HISTORICAL
2019-02-09,ARE_FUJ,MGO,802.0,BUNKERWORLD_HISTORICAL
2019-02-10,SGP_SIN,VLSFO,630.01,BUNKERWORLD_HISTORICAL
2019-02-10,SGP_SIN,MGO,809.62,BUNKERWORLD_HISTORICAL
2019-02-10,LKA_CMB,VLSFO,645.76,BUNKERWORLD_HISTORICAL
2019-02-10,LKA_CMB,MGO,829.86,BUNKERWORLD_HISTORICAL
2019-02-10,ARE_FUJ,VLSFO,623.71,BUNKERWORLD_HISTORICAL
2019-02-10,ARE_FUJ,MGO,801.52,BUNKERWORLD_HISTORICAL
2019-02-11,SGP_SIN,VLSFO,626.97,BUNKERWORLD_HISTORICAL
2019-02-11,SGP_SIN,MGO,818.16,BUNKERWORLD_HISTORICAL
2019-02-11,LKA_CMB,VLSFO,642.65,BUNKERWORLD_HISTORICAL
2019-02-11,LKA_CMB,MGO,838.61,BUNKERWORLD_HISTORICAL
2019-02-11,ARE_FUJ,VLSFO,620.7,BUNKERWORLD_HISTORICAL
2019-02-11,ARE_FUJ,MGO,809.98,BUNKERWORLD_HISTORICAL
2019-02-12,SGP_SIN,VLSFO,641.87,BUNKERWORLD_HISTORICAL
2019-02-12,SGP_SIN,MGO,822.94,BUNKERWORLD_HISTORICAL
2019-02-12,LKA_CMB,VLSFO,657.91,BUNKERWORLD_HISTORICAL
2019-02-12,LKA_CMB,MGO,843.52,BUNKERWORLD_HISTORICAL
2019-02-12,ARE_FUJ,VLSFO,635.45,BUNKERWORLD_HISTORICAL
2019-02-12,ARE_FUJ,MGO,814.71,BUNKERWORLD_HISTORICAL
2019-02-13,SGP_SIN,VLSFO,624.15,BUNKERWORLD_HISTORICAL
2019-02-13,SGP_SIN,MGO,780.57,BUNKERWORLD_HISTORICAL
2019-02-13,LKA_CMB,VLSFO,639.75,BUNKERWORLD_HISTORICAL
2019-02-13,LKA_CMB,MGO,800.08,BUNKERWORLD_HISTORICAL
2019-02-13,ARE_FUJ,VLSFO,617.91,BUNKERWORLD_HISTORICAL
2019-02-13,ARE_FUJ,MGO,772.76,BUNKERWORLD_HISTORICAL
2019-02-14,SGP_SIN,VLSFO,633.15,BUNKERWORLD_HISTORICAL
2019-02-14,SGP_SIN,MGO,813.7,BUNKERWORLD_HISTORICAL
2019-02-14,LKA_CMB,VLSFO,648.98,BUNKERWORLD_HISTORICAL
2019-02-14,LKA_CMB,MGO,834.04,BUNKERWORLD_HISTORICAL
2019-02-14,ARE_FUJ,VLSFO,626.82,BUNKERWORLD_HISTORICAL
2019-02-14,ARE_FUJ,MGO,805.56,BUNKERWORLD_HISTORICAL
2019-02-15,SGP_SIN,VLSFO,637.79,BUNKERWORLD_HISTORICAL
2019-02-15,SGP_SIN,MGO,816.03,BUNKERWORLD_HISTORICAL
2019-02-15,LKA_CMB,VLSFO,653.74,BUNKERWORLD_HISTORICAL
2019-02-15,LKA_CMB,MGO,836.43,BUNKERWORLD_HISTORICAL
2019-02-15,ARE_FUJ,VLSFO,631.42,BUNKERWORLD_HISTORICAL
2019-02-15,ARE_FUJ,MGO,807.87,BUNKERWORLD_HISTORICAL
2019-02-16,SGP_SIN,VLSFO,632.25,BUNKERWORLD_HISTORICAL
2019-02-16,SGP_SIN,MGO,802.65,BUNKERWORLD_HISTORICAL
2019-02-16,LKA_CMB,VLSFO,648.05,BUNKERWORLD_HISTORICAL
2019-02-16,LKA_CMB,MGO,822.72,BUNKERWORLD_HISTORICAL
2019-02-16,ARE_FUJ,VLSFO,625.92,BUNKERWORLD_HISTORICAL
2019-02-16,ARE_FUJ,MGO,794.63,BUNKERWORLD_HISTORICAL
2019-02-17,SGP_SIN,VLSFO,634.95,BUNKERWORLD_HISTORICAL
2019-02-17,SGP_SIN,MGO,818.06,BUNKERWORLD_HISTORICAL
2019-02-17,LKA_CMB,VLSFO,650.83,BUNKERWORLD_HISTORICAL
2019-02-17,LKA_CMB,MGO,838.51,BUNKERWORLD_HISTORICAL
2019-02-17,ARE_FUJ,VLSFO,628.6,BUNKERWORLD_HISTORICAL
2019-02-17,ARE_FUJ,MGO,809.88,BUNKERWORLD_HISTORICAL
2019-02-18,SGP_SIN,VLSFO,637.83,BUNKERWORLD_HISTORICAL
2019-02-18,SGP_SIN,MGO,827.6,BUNKERWORLD_HISTORICAL
2019-02-18,LKA_CMB,VLSFO,653.78,BUNKERWORLD_HISTORICAL
2019-02-18,LKA_CMB,MGO,848.29,BUNKERWORLD_HISTORICAL
2019-02-18,ARE_FUJ,VLSFO,631.45,BUNKERWORLD_HISTORICAL
2019-02-18,ARE_FUJ,MGO,819.32,BUNKERWORLD_HISTORICAL
2019-02-19,SGP_SIN,VLSFO,619.5,BUNKERWORLD_HISTORICAL
2019-02-19,SGP_SIN,MGO,780.12,BUNKERWORLD_HISTORICAL
2019-02-19,LKA_CMB,VLSFO,634.99,BUNKERWORLD_HISTORICAL
2019-02-19,LKA_CMB,MGO,799.62,BUNKERWORLD_HISTORICAL
2019-02-19,ARE_FUJ,VLSFO,613.3,BUNKERWORLD_HISTORICAL
2019-02-19,ARE_FUJ,MGO,772.32,BUNKERWORLD_HISTORICAL
2019-02-20,SGP_SIN,VLSFO,638.84,BUNKERWORLD_HISTORICAL
2019-02-20,SGP_SIN,MGO,812.25,BUNKERWORLD_HISTORICAL
2019-02-20,LKA_CMB,VLSFO,654.81,BUNKERWORLD_HISTORICAL
2019-02-20,LKA_CMB,MGO,832.56,BUNKERWORLD_HISTORICAL
2019-02-20,ARE_FUJ,VLSFO,632.45,BUNKERWORLD_HISTORICAL
2019-02-20,ARE_FUJ,MGO,804.13,BUNKERWORLD_HISTORICAL
2019-02-21,SGP_SIN,VLSFO,634.92,BUNKERWORLD_HISTORICAL
2019-02-21,SGP_SIN,MGO,804.1,BUNKERWORLD_HISTORICAL
2019-02-21,LKA_CMB,VLSFO,650.79,BUNKERWORLD_HISTORICAL
2019-02-21,LKA_CMB,MGO,824.2,BUNKERWORLD_HISTORICAL
2019-02-21,ARE_FUJ,VLSFO,628.57,BUNKERWORLD_HISTORICAL
2019-02-21,ARE_FUJ,MGO,796.06,BUNKERWORLD_HISTORICAL
2019-02-22,SGP_SIN,VLSFO,643.54,BUNKERWORLD_HISTORICAL
2019-02-22,SGP_SIN,MGO,821.27,BUNKERWORLD_HISTORICAL
2019-02-22,LKA_CMB,VLSFO,659.63,BUNKERWORLD_HISTORICAL
2019-02-22,LKA_CMB,MGO,841.81,BUNKERWORLD_HISTORICAL
2019-02-22,ARE_FUJ,VLSFO,637.11,BUNKERWORLD_HISTORICAL
2019-02-22,ARE_FUJ,MGO,813.06,BUNKERWORLD_HISTORICAL
2019-02-23,SGP_SIN,VLSFO,617.29,BUNKERWORLD_HISTORICAL
2019-02-23,SGP_SIN,MGO,804.67,BUNKERWORLD_HISTORICAL
2019-02-23,LKA_CMB,VLSFO,632.72,BUNKERWORLD_HISTORICAL
2019-02-23,LKA_CMB,MGO,824.79,BUNKERWORLD_HISTORICAL
2019-02-23,ARE_FUJ,VLSFO,611.12,BUNKERWORLD_HISTORICAL
2019-02-23,ARE_FUJ,MGO,796.62,BUNKERWORLD_HISTORICAL
2019-02-24,SGP_SIN,VLSFO,636.5,BUNKERWORLD_HISTORICAL
2019-02-24,SGP_SIN,MGO,817.69,BUNKERWORLD_HISTORICAL
2019-02-24,LKA_CMB,VLSFO,652.41,BUNKERWORLD_HISTORICAL
2019-02-24,LKA_CMB,MGO,838.14,BUNKERWORLD_HISTORICAL
2019-02-24,ARE_FUJ,VLSFO,630.13,BUNKERWORLD_HISTORICAL
2019-02-24,ARE_FUJ,MGO,809.52,BUNKERWORLD_HISTORICAL
2019-02-25,SGP_SIN,VLSFO,630.8,BUNKERWORLD_HISTORICAL
2019-02-25,SGP_SIN,MGO,808.54,BUNKERWORLD_HISTORICAL
2019-02-25,LKA_CMB,VLSFO,646.57,BUNKERWORLD_HISTORICAL
2019-02-25,LKA_CMB,MGO,828.76,BUNKERWORLD_HISTORICAL
2019-02-25,ARE_FUJ,VLSFO,624.49,BUNKERWORLD_HISTORICAL
2019-02-25,ARE_FUJ,MGO,800.46,BUNKERWORLD_HISTORICAL
2019-02-26,SGP_SIN,VLSFO,638.17,BUNKERWORLD_HISTORICAL
2019-02-26,SGP_SIN,MGO,810.87,BUNKERWORLD_HISTORICAL
2019-02-26,LKA_CMB,VLSFO,654.13,BUNKERWORLD_HISTORICAL
2019-02-26,LKA_CMB,MGO,831.14,BUNKERWORLD_HISTORICAL
2019-02-26,ARE_FUJ,VLSFO,631.79,BUNKERWORLD_HISTORICAL
2019-02-26,ARE_FUJ,MGO,802.76,BUNKERWORLD_HISTORICAL
2019-02-27,SGP_SIN,VLSFO,629.71,BUNKERWORLD_HISTORICAL
2019-02-27,SGP_SIN,MGO,808.38,BUNKERWORLD_HISTORICAL
2019-02-27,LKA_CMB,VLSFO,645.45,BUNKERWORLD_HISTORICAL
2019-02-27,LKA_CMB,MGO,828.58,BUNKERWORLD_HISTORICAL
2019-02-27,ARE_FUJ,VLSFO,623.41,BUNKERWORLD_HISTORICAL
2019-02-27,ARE_FUJ,MGO,800.29,BUNKERWORLD_HISTORICAL
2019-02-28,SGP_SIN,VLSFO,636.54,BUNKERWORLD_HISTORICAL
2019-02-28,SGP_SIN,MGO,813.73,BUNKERWORLD_HISTORICAL
2019-02-28,LKA_CMB,VLSFO,652.45,BUNKERWORLD_HISTORICAL
2019-02-28,LKA_CMB,MGO,834.08,BUNKERWORLD_HISTORICAL
2019-02-28,ARE_FUJ,VLSFO,630.18,BUNKERWORLD_HISTORICAL
2019-02-28,ARE_FUJ,MGO,805.6,BUNKERWORLD_HISTORICAL
2019-03-01,SGP_SIN,VLSFO,626.3,BUNKERWORLD_HISTORICAL
2019-03-01,SGP_SIN,MGO,802.2,BUNKERWORLD_HISTORICAL
2019-03-01,LKA_CMB,VLSFO,641.96,BUNKERWORLD_HISTORICAL
2019-03-01,LKA_CMB,MGO,822.25,BUNKERWORLD_HISTORICAL
2019-03-01,ARE_FUJ,VLSFO,620.04,BUNKERWORLD_HISTORICAL
2019-03-01,ARE_FUJ,MGO,794.17,BUNKERWORLD_HISTORICAL
2019-03-02,SGP_SIN,VLSFO,645.03,BUNKERWORLD_HISTORICAL
2019-03-02,SGP_SIN,MGO,822.36,BUNKERWORLD_HISTORICAL
2019-03-02,LKA_CMB,VLSFO,661.16,BUNKERWORLD_HISTORICAL
2019-03-02,LKA_CMB,MGO,842.91,BUNKERWORLD_HISTORICAL
2019-03-02,ARE_FUJ,VLSFO,638.58,BUNKERWORLD_HISTORICAL
2019-03-02,ARE_FUJ,MGO,814.13,BUNKERWORLD_HISTORICAL
2019-03-03,SGP_SIN,VLSFO,639.61,BUNKERWORLD_HISTORICAL
2019-03-03,SGP_SIN,MGO,827.99,BUNKERWORLD_HISTORICAL
2019-03-03,LKA_CMB,VLSFO,655.6,BUNKERWORLD_HISTORICAL
2019-03-03,LKA_CMB,MGO,848.69,BUNKERWORLD_HISTORICAL
2019-03-03,ARE_FUJ,VLSFO,633.21,BUNKERWORLD_HISTORICAL
2019-03-03,ARE_FUJ,MGO,819.71,BUNKERWORLD_HISTORICAL
2019-03-04,SGP_SIN,VLSFO,631.27,BUNKERWORLD_HISTORICAL
2019-03-04,SGP_SIN,MGO,817.21,BUNKERWORLD_HISTORICAL
2019-03-04,LKA_CMB,VLSFO,647.05,BUNKERWORLD_HISTORICAL
2019-03-04,LKA_CMB,MGO,837.64,BUNKERWORLD_HISTORICAL
2019-03-04,ARE_FUJ,VLSFO,624.96,BUNKERWORLD_HISTORICAL
2019-03-04,ARE_FUJ,MGO,809.04,BUNKERWORLD_HISTORICAL
2019-03-05,SGP_SIN,VLSFO,612.86,BUNKERWORLD_HISTORICAL
2019-03-05,SGP_SIN,MGO,785.31,BUNKERWORLD_HISTORICAL
2019-03-05,LKA_CMB,VLSFO,628.18,BUNKERWORLD_HISTORICAL
2019-03-05,LKA_CMB,MGO,804.95,BUNKERWORLD_HISTORICAL
2019-03-05,ARE_FUJ,VLSFO,606.73,BUNKERWORLD_HISTORICAL
2019-03-05,ARE_FUJ,MGO,777.46,BUNKERWORLD_HISTORICAL
2019-03-06,SGP_SIN,VLSFO,629.28,BUNKERWORLD_HISTORICAL
2019-03-06,SGP_SIN,MGO,816.14,BUNKERWORLD_HISTORICAL
2019-03-06,LKA_CMB,VLSFO,645.02,BUNKERWORLD_HISTORICAL
2019-03-06,LKA_CMB,MGO,836.54,BUNKERWORLD_HISTORICAL
2019-03-06,ARE_FUJ,VLSFO,622.99,BUNKERWORLD_HISTORICAL
2019-03-06,ARE_FUJ,MGO,807.97,BUNKERWORLD_HISTORICAL
2019-03-07,SGP_SIN,VLSFO,619.09,BUNKERWORLD_HISTORICAL
2019-03-07,SGP_SIN,MGO,797.37,BUNKERWORLD_HISTORICAL
2019-03-07,LKA_CMB,VLSFO,634.56,BUNKERWORLD_HISTORICAL
2019-03-07,LKA_CMB,MGO,817.3,BUNKERWORLD_HISTORICAL
2019-03-07,ARE_FUJ,VLSFO,612.9,BUNKERWORLD_HISTORICAL
2019-03-07,ARE_FUJ,MGO,789.39,BUNKERWORLD_HISTORICAL
2019-03-08,SGP_SIN,VLSFO,620.47,BUNKERWORLD_HISTORICAL
2019-03-08,SGP_SIN,MGO,791.86,BUNKERWORLD_HISTORICAL
2019-03-08,LKA_CMB,VLSFO,635.98,BUNKERWORLD_HISTORICAL
2019-03-08,LKA_CMB,MGO,811.65,BUNKERWORLD_HISTORICAL
2019-03-08,ARE_FUJ,VLSFO,614.26,BUNKERWORLD_HISTORICAL
2019-03-08,ARE_FUJ,MGO,783.94,BUNKERWORLD_HISTORICAL
2019-03-09,SGP_SIN,VLSFO,618.06,BUNKERWORLD_HISTORICAL
2019-03-09,SGP_SIN,MGO,794.19,BUNKERWORLD_HISTORICAL
2019-03-09,LKA_CMB,VLSFO,633.51,BUNKERWORLD_HISTORICAL
2019-03-09,LKA_CMB,MGO,814.05,BUNKERWORLD_HISTORICAL
2019-03-09,ARE_FUJ,VLSFO,611.88,BUNKERWORLD_HISTORICAL
2019-03-09,ARE_FUJ,MGO,786.25,BUNKERWORLD_HISTORICAL
2019-03-10,SGP_SIN,VLSFO,625.1,BUNKERWORLD_HISTORICAL
2019-03-10,SGP_SIN,MGO,787.62,BUNKERWORLD_HISTORICAL
2019-03-10,LKA_CMB,VLSFO,640.73,BUNKERWORLD_HISTORICAL
2019-03-10,LKA_CMB,MGO,807.31,BUNKERWORLD_HISTORICAL
2019-03-10,ARE_FUJ,VLSFO,618.85,BUNKERWORLD_HISTORICAL
2019-03-10,ARE_FUJ,MGO,779.74,BUNKERWORLD_HISTORICAL
2019-03-11,SGP_SIN,VLSFO,613.38,BUNKERWORLD_HISTORICAL
2019-03-11,SGP_SIN,MGO,788.59,BUNKERWORLD_HISTORICAL
2019-03-11,LKA_CMB,VLSFO,628.72,BUNKERWORLD_HISTORICAL
2019-03-11,LKA_CMB,MGO,808.3,BUNKERWORLD_HISTORICAL
2019-03-11,ARE_FUJ,VLSFO,607.25,BUNKERWORLD_HISTORICAL
2019-03-11,ARE_FUJ,MGO,780.7,BUNKERWORLD_HISTORICAL
2019-03-12,SGP_SIN,VLSFO,612.13,BUNKERWORLD_HISTORICAL
2019-03-12,SGP_SIN,MGO,778.46,BUNKERWORLD_HISTORICAL
2019-03-12,LKA_CMB,VLSFO,627.43,BUNKERWORLD_HISTORICAL
2019-03-12,LKA_CMB,MGO,797.93,BUNKERWORLD_HISTORICAL
2019-03-12,ARE_FUJ,VLSFO,606.01,BUNKERWORLD_HISTORICAL
2019-03-12,ARE_FUJ,MGO,770.68,BUNKERWORLD_HISTORICAL
2019-03-13,SGP_SIN,VLSFO,641.28,BUNKERWORLD_HISTORICAL
2019-03-13,SGP_SIN,MGO,825.55,BUNKERWORLD_HISTORICAL
2019-03-13,LKA_CMB,VLSFO,657.31,BUNKERWORLD_HISTORICAL
2019-03-13,LKA_CMB,MGO,846.19,BUNKERWORLD_HISTORICAL
2019-03-13,ARE_FUJ,VLSFO,634.86,BUNKERWORLD_HISTORICAL
2019-03-13,ARE_FUJ,MGO,817.29,BUNKERWORLD_HISTORICAL
2019-03-14,SGP_SIN,VLSFO,633.25,BUNKERWORLD_HISTORICAL
2019-03-14,SGP_SIN,MGO,791.68,BUNKERWORLD_HISTORICAL
2019-03-14,LKA_CMB,VLSFO,649.08,BUNKERWORLD_HISTORICAL
2019-03-14,LKA_CMB,MGO,811.47,BUNKERWORLD_HISTORICAL
2019-03-14,ARE_FUJ,VLSFO,626.92,BUNKERWORLD_HISTORICAL
2019-03-14,ARE_FUJ,MGO,783.76,BUNKERWORLD_HISTORICAL
2019-03-15,SGP_SIN,VLSFO,637.96,BUNKERWORLD_HISTORICAL
2019-03-15,SGP_SIN,MGO,822.45,BUNKERWORLD_HISTORICAL
2019-03-15,LKA_CMB,VLSFO,653.91,BUNKERWORLD_HISTORICAL
2019-03-15,LKA_CMB,MGO,843.02,BUNKERWORLD_HISTORICAL
2019-03-15,ARE_FUJ,VLSFO,631.58,BUNKERWORLD_HISTORICAL
2019-03-15,ARE_FUJ,MGO,814.23,BUNKERWORLD_HISTORICAL
2019-03-16,SGP_SIN,VLSFO,631.73,BUNKERWORLD_HISTORICAL
2019-03-16,SGP_SIN,MGO,808.94,BUNKERWORLD_HISTORICAL
2019-03-16,LKA_CMB,VLSFO,647.53,BUNKERWORLD_HISTORICAL
2019-03-16,LKA_CMB,MGO,829.17,BUNKERWORLD_HISTORICAL
2019-03-16,ARE_FUJ,VLSFO,625.42,BUNKERWORLD_HISTORICAL
2019-03-16,ARE_FUJ,MGO,800.85,BUNKERWORLD_HISTORICAL
2019-03-17,SGP_SIN,VLSFO,631.53,BUNKERWORLD_HISTORICAL
2019-03-17,SGP_SIN,MGO,801.5,BUNKERWORLD_HISTORICAL
2019-03-17,LKA_CMB,VLSFO,647.32,BUNKERWORLD_HISTORICAL
2019-03-17,LKA_CMB,MGO,821.54,BUNKERWORLD_HISTORICAL
2019-03-17,ARE_FUJ,VLSFO,625.22,BUNKERWORLD_HISTORICAL
2019-03-17,ARE_FUJ,MGO,793.49,BUNKERWORLD_HISTORICAL
2019-03-18,SGP_SIN,VLSFO,629.84,BUNKERWORLD_HISTORICAL
2019-03-18,SGP_SIN,MGO,803.44,BUNKERWORLD_HISTORICAL
2019-03-18,LKA_CMB,VLSFO,645.58,BUNKERWORLD_HISTORICAL
2019-03-18,LKA_CMB,MGO,823.53,BUNKERWORLD_HISTORICAL
2019-03-18,ARE_FUJ,VLSFO,623.54,BUNKERWORLD_HISTORICAL
2019-03-18,ARE_FUJ,MGO,795.41,BUNKERWORLD_HISTORICAL
2019-03-19,SGP_SIN,VLSFO,626.12,BUNKERWORLD_HISTORICAL
2019-03-19,SGP_SIN,MGO,800.28,BUNKERWORLD_HISTORICAL
2019-03-19,LKA_CMB,VLSFO,641.77,BUNKERWORLD_HISTORICAL
2019-03-19,LKA_CMB,MGO,820.29,BUNKERWORLD_HISTORICAL
2019-03-19,ARE_FUJ,VLSFO,619.85,BUNKERWORLD_HISTORICAL
2019-03-19,ARE_FUJ,MGO,792.28,BUNKERWORLD_HISTORICAL
2019-03-20,SGP_SIN,VLSFO,630.47,BUNKERWORLD_HISTORICAL
2019-03-20,SGP_SIN,MGO,807.31,BUNKERWORLD_HISTORICAL
2019-03-20,LKA_CMB,VLSFO,646.23,BUNKERWORLD_HISTORICAL
2019-03-20,LKA_CMB,MGO,827.5,BUNKERWORLD_HISTORICAL
2019-03-20,ARE_FUJ,VLSFO,624.16,BUNKERWORLD_HISTORICAL
2019-03-20,ARE_FUJ,MGO,799.24,BUNKERWORLD_HISTORICAL
2019-03-21,SGP_SIN,VLSFO,627.69,BUNKERWORLD_HISTORICAL
2019-03-21,SGP_SIN,MGO,791.23,BUNKERWORLD_HISTORICAL
2019-03-21,LKA_CMB,VLSFO,643.39,BUNKERWORLD_HISTORICAL
2019-03-21,LKA_CMB,MGO,811.01,BUNKERWORLD_HISTORICAL
2019-03-21,ARE_FUJ,VLSFO,621.42,BUNKERWORLD_HISTORICAL
2019-03-21,ARE_FUJ,MGO,783.32,BUNKERWORLD_HISTORICAL
2019-03-22,SGP_SIN,VLSFO,633.23,BUNKERWORLD_HISTORICAL
2019-03-22,SGP_SIN,MGO,813.63,BUNKERWORLD_HISTORICAL
2019-03-22,LKA_CMB,VLSFO,649.06,BUNKERWORLD_HISTORICAL
2019-03-22,LKA_CMB,MGO,833.97,BUNKERWORLD_HISTORICAL
2019-03-22,ARE_FUJ,VLSFO,626.9,BUNKERWORLD_HISTORICAL
2019-03-22,ARE_FUJ,MGO,805.49,BUNKERWORLD_HISTORICAL
2019-03-23,SGP_SIN,VLSFO,622.35,BUNKERWORLD_HISTORICAL
2019-03-23,SGP_SIN,MGO,780.88,BUNKERWORLD_HISTORICAL
2019-03-23,LKA_CMB,VLSFO,637.91,BUNKERWORLD_HISTORICAL
2019-03-23,LKA_CMB,MGO,800.41,BUNKERWORLD_HISTORICAL
2019-03-23,ARE_FUJ,VLSFO,616.13,BUNKERWORLD_HISTORICAL
2019-03-23,ARE_FUJ,MGO,773.08,BUNKERWORLD_HISTORICAL
2019-03-24,SGP_SIN,VLSFO,611.72,BUNKERWORLD_HISTORICAL
2019-03-24,SGP_SIN,MGO,779.21,BUNKERWORLD_HISTORICAL
2019-03-24,LKA_CMB,VLSFO,627.01,BUNKERWORLD_HISTORICAL
2019-03-24,LKA_CMB,MGO,798.69,BUNKERWORLD_HISTORICAL
2019-03-24,ARE_FUJ,VLSFO,605.6,BUNKERWORLD_HISTORICAL
2019-03-24,ARE_FUJ,MGO,771.42,BUNKERWORLD_HISTORICAL
2019-03-25,SGP_SIN,VLSFO,597.53,BUNKERWORLD_HISTORICAL
2019-03-25,SGP_SIN,MGO,751.93,BUNKERWORLD_HISTORICAL
2019-03-25,LKA_CMB,VLSFO,612.46,BUNKERWORLD_HISTORICAL
2019-03-25,LKA_CMB,MGO,770.73,BUNKERWORLD_HISTORICAL
2019-03-25,ARE_FUJ,VLSFO,591.55,BUNKERWORLD_HISTORICAL
2019-03-25,ARE_FUJ,MGO,744.41,BUNKERWORLD_HISTORICAL
2019-03-26,SGP_SIN,VLSFO,612.49,BUNKERWORLD_HISTORICAL
2019-03-26,SGP_SIN,MGO,786.88,BUNKERWORLD_HISTORICAL
2019-03-26,LKA_CMB,VLSFO,627.8,BUNKERWORLD_HISTORICAL
2019-03-26,LKA_CMB,MGO,806.56,BUNKERWORLD_HISTORICAL
2019-03-26,ARE_FUJ,VLSFO,606.36,BUNKERWORLD_HISTORICAL
2019-03-26,ARE_FUJ,MGO,779.01,BUNKERWORLD_HISTORICAL
2019-03-27,SGP_SIN,VLSFO,611.49,BUNKERWORLD_HISTORICAL
2019-03-27,SGP_SIN,MGO,778.92,BUNKERWORLD_HISTORICAL
2019-03-27,LKA_CMB,VLSFO,626.78,BUNKERWORLD_HISTORICAL
2019-03-27,LKA_CMB,MGO,798.39,BUNKERWORLD_HISTORICAL
2019-03-27,ARE_FUJ,VLSFO,605.37,BUNKERWORLD_HISTORICAL
2019-03-27,ARE_FUJ,MGO,771.13,BUNKERWORLD_HISTORICAL
2019-03-28,SGP_SIN,VLSFO,603.24,BUNKERWORLD_HISTORICAL
2019-03-28,SGP_SIN,MGO,764.68,BUNKERWORLD_HISTORICAL
2019-03-28,LKA_CMB,VLSFO,618.32,BUNKERWORLD_HISTORICAL
2019-03-28,LKA_CMB,MGO,783.79,BUNKERWORLD_HISTORICAL
2019-03-28,ARE_FUJ,VLSFO,597.21,BUNKERWORLD_HISTORICAL
2019-03-28,ARE_FUJ,MGO,757.03,BUNKERWORLD_HISTORICAL
2019-03-29,SGP_SIN,VLSFO,609.35,BUNKERWORLD_HISTORICAL
2019-03-29,SGP_SIN,MGO,757.97,BUNKERWORLD_HISTORICAL
2019-03-29,LKA_CMB,VLSFO,624.58,BUNKERWORLD_HISTORICAL
2019-03-29,LKA_CMB,MGO,776.92,BUNKERWORLD_HISTORICAL
2019-03-29,ARE_FUJ,VLSFO,603.26,BUNKERWORLD_HISTORICAL
2019-03-29,ARE_FUJ,MGO,750.39,BUNKERWORLD_HISTORICAL
2019-03-30,SGP_SIN,VLSFO,616.45,BUNKERWORLD_HISTORICAL
2019-03-30,SGP_SIN,MGO,792.92,BUNKERWORLD_HISTORICAL
2019-03-30,LKA_CMB,VLSFO,631.86,BUNKERWORLD_HISTORICAL
2019-03-30,LKA_CMB,MGO,812.75,BUNKERWORLD_HISTORICAL
2019-03-30,ARE_FUJ,VLSFO,610.29,BUNKERWORLD_HISTORICAL
2019-03-30,ARE_FUJ,MGO,784.99,BUNKERWORLD_HISTORICAL
2019-03-31,SGP_SIN,VLSFO,624.49,BUNKERWORLD_HISTORICAL
2019-03-31,SGP_SIN,MGO,798.82,BUNKERWORLD_HISTORICAL
2019-03-31,LKA_CMB,VLSFO,640.1,BUNKERWORLD_HISTORICAL
2019-03-31,LKA_CMB,MGO,818.8,BUNKERWORLD_HISTORICAL
2019-03-31,ARE_FUJ,VLSFO,618.24,BUNKERWORLD_HISTORICAL
2019-03-31,ARE_FUJ,MGO,790.84,BUNKERWORLD_HISTORICAL
2019-04-01,SGP_SIN,VLSFO,611.88,BUNKERWORLD_HISTORICAL
2019-04-01,SGP_SIN,MGO,785.93,BUNKERWORLD_HISTORICAL
2019-04-01,LKA_CMB,VLSFO,627.18,BUNKERWORLD_HISTORICAL
2019-04-01,LKA_CMB,MGO,805.58,BUNKERWORLD_HISTORICAL
2019-04-01,ARE_FUJ,VLSFO,605.76,BUNKERWORLD_HISTORICAL
2019-04-01,ARE_FUJ,MGO,778.07,BUNKERWORLD_HISTORICAL
2019-04-02,SGP_SIN,VLSFO,627.38,BUNKERWORLD_HISTORICAL
2019-04-02,SGP_SIN,MGO,791.57,BUNKERWORLD_HISTORICAL
2019-04-02,LKA_CMB,VLSFO,643.06,BUNKERWORLD_HISTORICAL
2019-04-02,LKA_CMB,MGO,811.36,BUNKERWORLD_HISTORICAL
2019-04-02,ARE_FUJ,VLSFO,621.11,BUNKERWORLD_HISTORICAL
2019-04-02,ARE_FUJ,MGO,783.65,BUNKERWORLD_HISTORICAL
2019-04-03,SGP_SIN,VLSFO,633.79,BUNKERWORLD_HISTORICAL
2019-04-03,SGP_SIN,MGO,819.9,BUNKERWORLD_HISTORICAL
2019-04-03,LKA_CMB,VLSFO,649.64,BUNKERWORLD_HISTORICAL
2019-04-03,LKA_CMB,MGO,840.4,BUNKERWORLD_HISTORICAL
2019-04-03,ARE_FUJ,VLSFO,627.45,BUNKERWORLD_HISTORICAL
2019-04-03,ARE_FUJ,MGO,811.71,BUNKERWORLD_HISTORICAL
2019-04-04,SGP_SIN,VLSFO,621.49,BUNKERWORLD_HISTORICAL
2019-04-04,SGP_SIN,MGO,784.72,BUNKERWORLD_HISTORICAL
2019-04-04,LKA_CMB,VLSFO,637.02,BUNKERWORLD_HISTORICAL
2019-04-04,LKA_CMB,MGO,804.34,BUNKERWORLD_HISTORICAL
2019-04-04,ARE_FUJ,VLSFO,615.27,BUNKERWORLD_HISTORICAL
2019-04-04,ARE_FUJ,MGO,776.88,BUNKERWORLD_HISTORICAL
2019-04-05,SGP_SIN,VLSFO,618.94,BUNKERWORLD_HISTORICAL
2019-04-05,SGP_SIN,MGO,779.06,BUNKERWORLD_HISTORICAL
2019-04-05,LKA_CMB,VLSFO,634.41,BUNKERWORLD_HISTORICAL
2019-04-05,LKA_CMB,MGO,798.54,BUNKERWORLD_HISTORICAL
2019-04-05,ARE_FUJ,VLSFO,612.75,BUNKERWORLD_HISTORICAL
2019-04-05,ARE_FUJ,MGO,771.27,BUNKERWORLD_HISTORICAL
2019-04-06,SGP_SIN,VLSFO,622.18,BUNKERWORLD_HISTORICAL
2019-04-06,SGP_SIN,MGO,810.57,BUNKERWORLD_HISTORICAL
2019-04-06,LKA_CMB,VLSFO,637.74,BUNKERWORLD_HISTORICAL
2019-04-06,LKA_CMB,MGO,830.83,BUNKERWORLD_HISTORICAL
2019-04-06,ARE_FUJ,VLSFO,615.96,BUNKERWORLD_HISTORICAL
2019-04-06,ARE_FUJ,MGO,802.46,BUNKERWORLD_HISTORICAL
2019-04-07,SGP_SIN,VLSFO,621.38,BUNKERWORLD_HISTORICAL
2019-04-07,SGP_SIN,MGO,795.52,BUNKERWORLD_HISTORICAL
2019-04-07,LKA_CMB,VLSFO,636.91,BUNKERWORLD_HISTORICAL
2019-04-07,LKA_CMB,MGO,815.41,BUNKERWORLD_HISTORICAL
2019-04-07,ARE_FUJ,VLSFO,615.16,BUNKERWORLD_HISTORICAL
2019-04-07,ARE_FUJ,MGO,787.56,BUNKERWORLD_HISTORICAL
2019-04-08,SGP_SIN,VLSFO,616.02,BUNKERWORLD_HISTORICAL
2019-04-08,SGP_SIN,MGO,778.21,BUNKERWORLD_HISTORICAL
2019-04-08,LKA_CMB,VLSFO,631.42,BUNKERWORLD_HISTORICAL
2019-04-08,LKA_CMB,MGO,797.67,BUNKERWORLD_HISTORICAL
2019-04-08,ARE_FUJ,VLSFO,609.86,BUNKERWORLD_HISTORICAL
2019-04-08,ARE_FUJ,MGO,770.43,BUNKERWORLD_HISTORICAL
2019-04-09,SGP_SIN,VLSFO,617.89,BUNKERWORLD_HISTORICAL
2019-04-09,SGP_SIN,MGO,791.41,BUNKERWORLD_HISTORICAL
2019-04-09,LKA_CMB,VLSFO,633.34,BUNKERWORLD_HISTORICAL
2019-04-09,LKA_CMB,MGO,811.2,BUNKERWORLD_HISTORICAL
2019-04-09,ARE_FUJ,VLSFO,611.71,BUNKERWORLD_HISTORICAL
2019-04-09,ARE_FUJ,MGO,783.5,BUNKERWORLD_HISTORICAL
2019-04-10,SGP_SIN,VLSFO,610.73,BUNKERWORLD_HISTORICAL
2019-04-10,SGP_SIN,MGO,775.09,BUNKERWORLD_HISTORICAL
2019-04-10,LKA_CMB,VLSFO,626.0,BUNKERWORLD_HISTORICAL
2019-04-10,LKA_CMB,MGO,794.47,BUNKERWORLD_HISTORICAL
2019-04-10,ARE_FUJ,VLSFO,604.63,BUNKERWORLD_HISTORICAL
2019-04-10,ARE_FUJ,MGO,767.34,BUNKERWORLD_HISTORICAL
2019-04-11,SGP_SIN,VLSFO,621.47,BUNKERWORLD_HISTORICAL
2019-04-11,SGP_SIN,MGO,809.06,BUNKERWORLD_HISTORICAL
2019-04-11,LKA_CMB,VLSFO,637.0,BUNKERWORLD_HISTORICAL
2019-04-11,LKA_CMB,MGO,829.29,BUNKERWORLD_HISTORICAL
2019-04-11,ARE_FUJ,VLSFO,615.25,BUNKERWORLD_HISTORICAL
2019-04-11,ARE_FUJ,MGO,800.97,BUNKERWORLD_HISTORICAL
2019-04-12,SGP_SIN,VLSFO,611.2,BUNKERWORLD_HISTORICAL
2019-04-12,SGP_SIN,MGO,779.25,BUNKERWORLD_HISTORICAL
2019-04-12,LKA_CMB,VLSFO,626.48,BUNKERWORLD_HISTORICAL
2019-04-12,LKA_CMB,MGO,798.73,BUNKERWORLD_HISTORICAL
2019-04-12,ARE_FUJ,VLSFO,605.09,BUNKERWORLD_HISTORICAL
2019-04-12,ARE_FUJ,MGO,771.45,BUNKERWORLD_HISTORICAL
2019-04-13,SGP_SIN,VLSFO,619.4,BUNKERWORLD_HISTORICAL
2019-04-13,SGP_SIN,MGO,791.99,BUNKERWORLD_HISTORICAL
2019-04-13,LKA_CMB,VLSFO,634.89,BUNKERWORLD_HISTORICAL
2019-04-13,LKA_CMB,MGO,811.79,BUNKERWORLD_HISTORICAL
2019-04-13,ARE_FUJ,VLSFO,613.21,BUNKERWORLD_HISTORICAL
2019-04-13,ARE_FUJ,MGO,784.07,BUNKERWORLD_HISTORICAL
2019-04-14,SGP_SIN,VLSFO,612.81,BUNKERWORLD_HISTORICAL
2019-04-14,SGP_SIN,MGO,782.2,BUNKERWORLD_HISTORICAL
2019-04-14,LKA_CMB,VLSFO,628.13,BUNKERWORLD_HISTORICAL
2019-04-14,LKA_CMB,MGO,801.75,BUNKERWORLD_HISTORICAL
2019-04-14,ARE_FUJ,VLSFO,606.68,BUNKERWORLD_HISTORICAL
2019-04-14,ARE_FUJ,MGO,774.38,BUNKERWORLD_HISTORICAL
2019-04-15,SGP_SIN,VLSFO,626.47,BUNKERWORLD_HISTORICAL
2019-04-15,SGP_SIN,MGO,797.66,BUNKERWORLD_HISTORICAL
2019-04-15,LKA_CMB,VLSFO,642.13,BUNKERWORLD_HISTORICAL
2019-04-15,LKA_CMB,MGO,817.6,BUNKERWORLD_HISTORICAL
2019-04-15,ARE_FUJ,VLSFO,620.21,BUNKERWORLD_HISTORICAL
2019-04-15,ARE_FUJ,MGO,789.68,BUNKERWORLD_HISTORICAL
2019-04-16,SGP_SIN,VLSFO,630.09,BUNKERWORLD_HISTORICAL
2019-04-16,SGP_SIN,MGO,800.82,BUNKERWORLD_HISTORICAL
2019-04-16,LKA_CMB,VLSFO,645.84,BUNKERWORLD_HISTORICAL
2019-04-16,LKA_CMB,MGO,820.85,BUNKERWORLD_HISTORICAL
2019-04-16,ARE_FUJ,VLSFO,623.79,BUNKERWORLD_HISTORICAL
2019-04-16,ARE_FUJ,MGO,792.82,BUNKERWORLD_HISTORICAL
2019-04-17,SGP_SIN,VLSFO,628.29,BUNKERWORLD_HISTORICAL
2019-04-17,SGP_SIN,MGO,800.06,BUNKERWORLD_HISTORICAL
2019-04-17,LKA_CMB,VLSFO,644.0,BUNKERWORLD_HISTORICAL
2019-04-17,LKA_CMB,MGO,820.06,BUNKERWORLD_HISTORICAL
2019-04-17,ARE_FUJ,VLSFO,622.01,BUNKERWORLD_HISTORICAL
2019-04-17,ARE_FUJ,MGO,792.06,BUNKERWORLD_HISTORICAL
2019-04-18,SGP_SIN,VLSFO,624.01,BUNKERWORLD_HISTORICAL
2019-04-18,SGP_SIN,MGO,799.79,BUNKERWORLD_HISTORICAL
2019-04-18,LKA_CMB,VLSFO,639.61,BUNKERWORLD_HISTORICAL
2019-04-18,LKA_CMB,MGO,819.79,BUNKERWORLD_HISTORICAL
2019-04-18,ARE_FUJ,VLSFO,617.77,BUNKERWORLD_HISTORICAL
2019-04-18,ARE_FUJ,MGO,791.8,BUNKERWORLD_HISTORICAL
2019-04-19,SGP_SIN,VLSFO,616.59,BUNKERWORLD_HISTORICAL
2019-04-19,SGP_SIN,MGO,793.31,BUNKERWORLD_HISTORICAL
2019-04-19,LKA_CMB,VLSFO,632.01,BUNKERWORLD_HISTORICAL
2019-04-19,LKA_CMB,MGO,813.14,BUNKERWORLD_HISTORICAL
2019-04-19,ARE_FUJ,VLSFO,610.43,BUNKERWORLD_HISTORICAL
2019-04-19,ARE_FUJ,MGO,785.38,BUNKERWORLD_HISTORICAL
2019-04-20,SGP_SIN,VLSFO,624.98,BUNKERWORLD_HISTORICAL
2019-04-20,SGP_SIN,MGO,804.35,BUNKERWORLD_HISTORICAL
2019-04-20,LKA_CMB,VLSFO,640.61,BUNKERWORLD_HISTORICAL
2019-04-20,LKA_CMB,MGO,824.45,BUNKERWORLD_HISTORICAL
2019-04-20,ARE_FUJ,VLSFO,618.73,BUNKERWORLD_HISTORICAL
2019-04-20,ARE_FUJ,MGO,796.3,BUNKERWORLD_HISTORICAL
2019-04-21,SGP_SIN,VLSFO,631.1,BUNKERWORLD_HISTORICAL
2019-04-21,SGP_SIN,MGO,793.29,BUNKERWORLD_HISTORICAL
2019-04-21,LKA_CMB,VLSFO,646.87,BUNKERWORLD_HISTORICAL
2019-04-21,LKA_CMB,MGO,813.13,BUNKERWORLD_HISTORICAL
2019-04-21,ARE_FUJ,VLSFO,624.78,BUNKERWORLD_HISTORICAL
2019-04-21,ARE_FUJ,MGO,785.36,BUNKERWORLD_HISTORICAL
2019-04-22,SGP_SIN,VLSFO,630.16,BUNKERWORLD_HISTORICAL
2019-04-22,SGP_SIN,MGO,800.95,BUNKERWORLD_HISTORICAL
2019-04-22,LKA_CMB,VLSFO,645.92,BUNKERWORLD_HISTORICAL
2019-04-22,LKA_CMB,MGO,820.97,BUNKERWORLD_HISTORICAL
2019-04-22,ARE_FUJ,VLSFO,623.86,BUNKERWORLD_HISTORICAL
2019-04-22,ARE_FUJ,MGO,792.94,BUNKERWORLD_HISTORICAL
2019-04-23,SGP_SIN,VLSFO,620.4,BUNKERWORLD_HISTORICAL
2019-04-23,SGP_SIN,MGO,799.16,BUNKERWORLD_HISTORICAL
2019-04-23,LKA_CMB,VLSFO,635.91,BUNKERWORLD_HISTORICAL
2019-04-23,LKA_CMB,MGO,819.14,BUNKERWORLD_HISTORICAL
2019-04-23,ARE_FUJ,VLSFO,614.2,BUNKERWORLD_HISTORICAL
2019-04-23,ARE_FUJ,MGO,791.17,BUNKERWORLD_HISTORICAL
2019-04-24,SGP_SIN,VLSFO,629.38,BUNKERWORLD_HISTORICAL
2019-04-24,SGP_SIN,MGO,812.11,BUNKERWORLD_HISTORICAL
2019-04-24,LKA_CMB,VLSFO,645.11,BUNKERWORLD_HISTORICAL
2019-04-24,LKA_CMB,MGO,832.41,BUNKERWORLD_HISTORICAL
2019-04-24,ARE_FUJ,VLSFO,623.08,BUNKERWORLD_HISTORICAL
2019-04-24,ARE_FUJ,MGO,803.99,BUNKERWORLD_HISTORICAL
2019-04-25,SGP_SIN,VLSFO,621.04,BUNKERWORLD_HISTORICAL
2019-04-25,SGP_SIN,MGO,796.55,BUNKERWORLD_HISTORICAL
2019-04-25,LKA_CMB,VLSFO,636.56,BUNKERWORLD_HISTORICAL
2019-04-25,LKA_CMB,MGO,816.47,BUNKERWORLD_HISTORICAL
2019-04-25,ARE_FUJ,VLSFO,614.83,BUNKERWORLD_HISTORICAL
2019-04-25,ARE_FUJ,MGO,788.59,BUNKERWORLD_HISTORICAL
2019-04-26,SGP_SIN,VLSFO,622.48,BUNKERWORLD_HISTORICAL
2019-04-26,SGP_SIN,MGO,792.62,BUNKERWORLD_HISTORICAL
2019-04-26,LKA_CMB,VLSFO,638.04,BUNKERWORLD_HISTORICAL
2019-04-26,LKA_CMB,MGO,812.43,BUNKERWORLD_HISTORICAL
2019-04-26,ARE_FUJ,VLSFO,616.26,BUNKERWORLD_HISTORICAL
2019-04-26,ARE_FUJ,MGO,784.69,BUNKERWORLD_HISTORICAL
2019-04-27,SGP_SIN,VLSFO,627.61,BUNKERWORLD_HISTORICAL
2019-04-27,SGP_SIN,MGO,793.41,BUNKERWORLD_HISTORICAL
2019-04-27,LKA_CMB,VLSFO,643.3,BUNKERWORLD_HISTORICAL
2019-04-27,LKA_CMB,MGO,813.25,BUNKERWORLD_HISTORICAL
2019-04-27,ARE_FUJ,VLSFO,621.34,BUNKERWORLD_HISTORICAL
2019-04-27,ARE_FUJ,MGO,785.48,BUNKERWORLD_HISTORICAL
2019-04-28,SGP_SIN,VLSFO,636.0,BUNKERWORLD_HISTORICAL
2019-04-28,SGP_SIN,MGO,821.56,BUNKERWORLD_HISTORICAL
2019-04-28,LKA_CMB,VLSFO,651.9,BUNKERWORLD_HISTORICAL
2019-04-28,LKA_CMB,MGO,842.1,BUNKERWORLD_HISTORICAL
2019-04-28,ARE_FUJ,VLSFO,629.64,BUNKERWORLD_HISTORICAL
2019-04-28,ARE_FUJ,MGO,813.34,BUNKERWORLD_HISTORICAL
2019-04-29,SGP_SIN,VLSFO,623.41,BUNKERWORLD_HISTORICAL
2019-04-29,SGP_SIN,MGO,796.59,BUNKERWORLD_HISTORICAL
2019-04-29,LKA_CMB,VLSFO,639.0,BUNKERWORLD_HISTORICAL
2019-04-29,LKA_CMB,MGO,816.51,BUNKERWORLD_HISTORICAL
2019-04-29,ARE_FUJ,VLSFO,617.18,BUNKERWORLD_HISTORICAL
2019-04-29,ARE_FUJ,MGO,788.62,BUNKERWORLD_HISTORICAL
2019-04-30,SGP_SIN,VLSFO,625.39,BUNKERWORLD_HISTORICAL
2019-04-30,SGP_SIN,MGO,798.19,BUNKERWORLD_HISTORICAL
2019-04-30,LKA_CMB,VLSFO,641.03,BUNKERWORLD_HISTORICAL
2019-04-30,LKA_CMB,MGO,818.14,BUNKERWORLD_HISTORICAL
2019-04-30,ARE_FUJ,VLSFO,619.14,BUNKERWORLD_HISTORICAL
2019-04-30,ARE_FUJ,MGO,790.21,BUNKERWORLD_HISTORICAL
2019-05-01,SGP_SIN,VLSFO,632.87,BUNKERWORLD_HISTORICAL
2019-05-01,SGP_SIN,MGO,811.37,BUNKERWORLD_HISTORICAL
2019-05-01,LKA_CMB,VLSFO,648.69,BUNKERWORLD_HISTORICAL
2019-05-01,LKA_CMB,MGO,831.65,BUNKERWORLD_HISTORICAL
2019-05-01,ARE_FUJ,VLSFO,626.54,BUNKERWORLD_HISTORICAL
2019-05-01,ARE_FUJ,MGO,803.25,BUNKERWORLD_HISTORICAL
2019-05-02,SGP_SIN,VLSFO,617.41,BUNKERWORLD_HISTORICAL
2019-05-02,SGP_SIN,MGO,786.85,BUNKERWORLD_HISTORICAL
2019-05-02,LKA_CMB,VLSFO,632.85,BUNKERWORLD_HISTORICAL
2019-05-02,LKA_CMB,MGO,806.52,BUNKERWORLD_HISTORICAL
2019-05-02,ARE_FUJ,VLSFO,611.24,BUNKERWORLD_HISTORICAL
2019-05-02,ARE_FUJ,MGO,778.98,BUNKERWORLD_HISTORICAL
2019-05-03,SGP_SIN,VLSFO,627.49,BUNKERWORLD_HISTORICAL
2019-05-03,SGP_SIN,MGO,805.67,BUNKERWORLD_HISTORICAL
2019-05-03,LKA_CMB,VLSFO,643.17,BUNKERWORLD_HISTORICAL
2019-05-03,LKA_CMB,MGO,825.81,BUNKERWORLD_HISTORICAL
2019-05-03,ARE_FUJ,VLSFO,621.21,BUNKERWORLD_HISTORICAL
2019-05-03,ARE_FUJ,MGO,797.61,BUNKERWORLD_HISTORICAL
2019-05-04,SGP_SIN,VLSFO,627.39,BUNKERWORLD_HISTORICAL
2019-05-04,SGP_SIN,MGO,807.32,BUNKERWORLD_HISTORICAL
2019-05-04,LKA_CMB,VLSFO,643.08,BUNKERWORLD_HISTORICAL
2019-05-04,LKA_CMB,MGO,827.5,BUNKERWORLD_HISTORICAL
2019-05-04,ARE_FUJ,VLSFO,621.12,BUNKERWORLD_HISTORICAL
2019-05-04,ARE_FUJ,MGO,799.25,BUNKERWORLD_HISTORICAL
2019-05-05,SGP_SIN,VLSFO,620.15,BUNKERWORLD_HISTORICAL
2019-05-05,SGP_SIN,MGO,795.33,BUNKERWORLD_HISTORICAL
2019-05-05,LKA_CMB,VLSFO,635.66,BUNKERWORLD_HISTORICAL
2019-05-05,LKA_CMB,MGO,815.21,BUNKERWORLD_HISTORICAL
2019-05-05,ARE_FUJ,VLSFO,613.95,BUNKERWORLD_HISTORICAL
2019-05-05,ARE_FUJ,MGO,787.37,BUNKERWORLD_HISTORICAL
2019-05-06,SGP_SIN,VLSFO,622.18,BUNKERWORLD_HISTORICAL
2019-05-06,SGP_SIN,MGO,791.24,BUNKERWORLD_HISTORICAL
2019-05-06,LKA_CMB,VLSFO,637.73,BUNKERWORLD_HISTORICAL
2019-05-06,LKA_CMB,MGO,811.02,BUNKERWORLD_HISTORICAL
2019-05-06,ARE_FUJ,VLSFO,615.96,BUNKERWORLD_HISTORICAL
2019-05-06,ARE_FUJ,MGO,783.33,BUNKERWORLD_HISTORICAL
2019-05-07,SGP_SIN,VLSFO,624.32,BUNKERWORLD_HISTORICAL
2019-05-07,SGP_SIN,MGO,804.3,BUNKERWORLD_HISTORICAL
2019-05-07,LKA_CMB,VLSFO,639.93,BUNKERWORLD_HISTORICAL
2019-05-07,LKA_CMB,MGO,824.4,BUNKERWORLD_HISTORICAL
2019-05-07,ARE_FUJ,VLSFO,618.08,BUNKERWORLD_HISTORICAL
2019-05-07,ARE_FUJ,MGO,796.25,BUNKERWORLD_HISTORICAL
2019-05-08,SGP_SIN,VLSFO,610.74,BUNKERWORLD_HISTORICAL
2019-05-08,SGP_SIN,MGO,789.36,BUNKERWORLD_HISTORICAL
2019-05-08,LKA_CMB,VLSFO,626.0,BUNKERWORLD_HISTORICAL
2019-05-08,LKA_CMB,MGO,809.09,BUNKERWORLD_HISTORICAL
2019-05-08,ARE_FUJ,VLSFO,604.63,BUNKERWORLD_HISTORICAL
2019-05-08,ARE_FUJ,MGO,781.47,BUNKERWORLD_HISTORICAL
2019-05-09,SGP_SIN,VLSFO,606.62,BUNKERWORLD_HISTORICAL
2019-05-09,SGP_SIN,MGO,781.74,BUNKERWORLD_HISTORICAL
2019-05-09,LKA_CMB,VLSFO,621.78,BUNKERWORLD_HISTORICAL
2019-05-09,LKA_CMB,MGO,801.29,BUNKERWORLD_HISTORICAL
2019-05-09,ARE_FUJ,VLSFO,600.55,BUNKERWORLD_HISTORICAL
2019-05-09,ARE_FUJ,MGO,773.92,BUNKERWORLD_HISTORICAL
2019-05-10,SGP_SIN,VLSFO,608.68,BUNKERWORLD_HISTORICAL
2019-05-10,SGP_SIN,MGO,769.43,BUNKERWORLD_HISTORICAL
2019-05-10,LKA_CMB,VLSFO,623.9,BUNKERWORLD_HISTORICAL
2019-05-10,LKA_CMB,MGO,788.66,BUNKERWORLD_HISTORICAL
2019-05-10,ARE_FUJ,VLSFO,602.59,BUNKERWORLD_HISTORICAL
2019-05-10,ARE_FUJ,MGO,761.73,BUNKERWORLD_HISTORICAL
2019-05-11,SGP_SIN,VLSFO,609.67,BUNKERWORLD_HISTORICAL
2019-05-11,SGP_SIN,MGO,769.41,BUNKERWORLD_HISTORICAL
2019-05-11,LKA_CMB,VLSFO,624.91,BUNKERWORLD_HISTORICAL
2019-05-11,LKA_CMB,MGO,788.64,BUNKERWORLD_HISTORICAL
2019-05-11,ARE_FUJ,VLSFO,603.57,BUNKERWORLD_HISTORICAL
2019-05-11,ARE_FUJ,MGO,761.71,BUNKERWORLD_HISTORICAL
2019-05-12,SGP_SIN,VLSFO,601.33,BUNKERWORLD_HISTORICAL
2019-05-12,SGP_SIN,MGO,759.58,BUNKERWORLD_HISTORICAL
2019-05-12,LKA_CMB,VLSFO,616.36,BUNKERWORLD_HISTORICAL
2019-05-12,LKA_CMB,MGO,778.57,BUNKERWORLD_HISTORICAL
2019-05-12,ARE_FUJ,VLSFO,595.31,BUNKERWORLD_HISTORICAL
2019-05-12,ARE_FUJ,MGO,751.98,BUNKERWORLD_HISTORICAL
2019-05-13,SGP_SIN,VLSFO,594.56,BUNKERWORLD_HISTORICAL
2019-05-13,SGP_SIN,MGO,772.65,BUNKERWORLD_HISTORICAL
2019-05-13,LKA_CMB,VLSFO,609.42,BUNKERWORLD_HISTORICAL
2019-05-13,LKA_CMB,MGO,791.97,BUNKERWORLD_HISTORICAL
2019-05-13,ARE_FUJ,VLSFO,588.61,BUNKERWORLD_HISTORICAL
2019-05-13,ARE_FUJ,MGO,764.92,BUNKERWORLD_HISTORICAL
2019-05-14,SGP_SIN,VLSFO,592.35,BUNKERWORLD_HISTORICAL
2019-05-14,SGP_SIN,MGO,766.12,BUNKERWORLD_HISTORICAL
2019-05-14,LKA_CMB,VLSFO,607.16,BUNKERWORLD_HISTORICAL
2019-05-14,LKA_CMB,MGO,785.28,BUNKERWORLD_HISTORICAL
2019-05-14,ARE_FUJ,VLSFO,586.43,BUNKERWORLD_HISTORICAL
2019-05-14,ARE_FUJ,MGO,758.46,BUNKERWORLD_HISTORICAL
2019-05-15,SGP_SIN,VLSFO,578.34,BUNKERWORLD_HISTORICAL
2019-05-15,SGP_SIN,MGO,736.37,BUNKERWORLD_HISTORICAL
2019-05-15,LKA_CMB,VLSFO,592.8,BUNKERWORLD_HISTORICAL
2019-05-15,LKA_CMB,MGO,754.78,BUNKERWORLD_HISTORICAL
2019-05-15,ARE_FUJ,VLSFO,572.56,BUNKERWORLD_HISTORICAL
2019-05-15,ARE_FUJ,MGO,729.01,BUNKERWORLD_HISTORICAL
2019-05-16,SGP_SIN,VLSFO,590.96,BUNKERWORLD_HISTORICAL
2019-05-16,SGP_SIN,MGO,745.99,BUNKERWORLD_HISTORICAL
2019-05-16,LKA_CMB,VLSFO,605.74,BUNKERWORLD_HISTORICAL
2019-05-16,LKA_CMB,MGO,764.64,BUNKERWORLD_HISTORICAL
2019-05-16,ARE_FUJ,VLSFO,585.05,BUNKERWORLD_HISTORICAL
2019-05-16,ARE_FUJ,MGO,738.53,BUNKERWORLD_HISTORICAL
2019-05-17,SGP_SIN,VLSFO,593.08,BUNKERWORLD_HISTORICAL
2019-05-17,SGP_SIN,MGO,763.02,BUNKERWORLD_HISTORICAL
2019-05-17,LKA_CMB,VLSFO,607.91,BUNKERWORLD_HISTORICAL
2019-05-17,LKA_CMB,MGO,782.1,BUNKERWORLD_HISTORICAL
2019-05-17,ARE_FUJ,VLSFO,587.15,BUNKERWORLD_HISTORICAL
2019-05-17,ARE_FUJ,MGO,755.39,BUNKERWORLD_HISTORICAL
2019-05-18,SGP_SIN,VLSFO,587.64,BUNKERWORLD_HISTORICAL
2019-05-18,SGP_SIN,MGO,737.65,BUNKERWORLD_HISTORICAL
2019-05-18,LKA_CMB,VLSFO,602.33,BUNKERWORLD_HISTORICAL
2019-05-18,LKA_CMB,MGO,756.1,BUNKERWORLD_HISTORICAL
2019-05-18,ARE_FUJ,VLSFO,581.76,BUNKERWORLD_HISTORICAL
2019-05-18,ARE_FUJ,MGO,730.28,BUNKERWORLD_HISTORICAL
2019-05-19,SGP_SIN,VLSFO,590.39,BUNKERWORLD_HISTORICAL
2019-05-19,SGP_SIN,MGO,739.9,BUNKERWORLD_HISTORICAL
2019-05-19,LKA_CMB,VLSFO,605.15,BUNKERWORLD_HISTORICAL
2019-05-19,LKA_CMB,MGO,758.4,BUNKERWORLD_HISTORICAL
2019-05-19,ARE_FUJ,VLSFO,584.49,BUNKERWORLD_HISTORICAL
2019-05-19,ARE_FUJ,MGO,732.5,BUNKERWORLD_HISTORICAL
2019-05-20,SGP_SIN,VLSFO,598.01,BUNKERWORLD_HISTORICAL
2019-05-20,SGP_SIN,MGO,766.77,BUNKERWORLD_HISTORICAL
2019-05-20,LKA_CMB,VLSFO,612.96,BUNKERWORLD_HISTORICAL
2019-05-20,LKA_CMB,MGO,785.94,BUNKERWORLD_HISTORICAL
2019-05-20,ARE_FUJ,VLSFO,592.03,BUNKERWORLD_HISTORICAL
2019-05-20,ARE_FUJ,MGO,759.1,BUNKERWORLD_HISTORICAL
2019-05-21,SGP_SIN,VLSFO,601.59,BUNKERWORLD_HISTORICAL
2019-05-21,SGP_SIN,MGO,766.87,BUNKERWORLD_HISTORICAL
2019-05-21,LKA_CMB,VLSFO,616.63,BUNKERWORLD_HISTORICAL
2019-05-21,LKA_CMB,MGO,786.04,BUNKERWORLD_HISTORICAL
2019-05-21,ARE_FUJ,VLSFO,595.57,BUNKERWORLD_HISTORICAL
2019-05-21,ARE_FUJ,MGO,759.2,BUNKERWORLD_HISTORICAL
2019-05-22,SGP_SIN,VLSFO,604.49,BUNKERWORLD_HISTORICAL
2019-05-22,SGP_SIN,MGO,778.23,BUNKERWORLD_HISTORICAL
2019-05-22,LKA_CMB,VLSFO,619.6,BUNKERWORLD_HISTORICAL
2019-05-22,LKA_CMB,MGO,797.69,BUNKERWORLD_HISTORICAL
2019-05-22,ARE_FUJ,VLSFO,598.44,BUNKERWORLD_HISTORICAL
2019-05-22,ARE_FUJ,MGO,770.45,BUNKERWORLD_HISTORICAL
2019-05-23,SGP_SIN,VLSFO,613.87,BUNKERWORLD_HISTORICAL
2019-05-23,SGP_SIN,MGO,792.48,BUNKERWORLD_HISTORICAL
2019-05-23,LKA_CMB,VLSFO,629.22,BUNKERWORLD_HISTORICAL
2019-05-23,LKA_CMB,MGO,812.3,BUNKERWORLD_HISTORICAL
2019-05-23,ARE_FUJ,VLSFO,607.73,BUNKERWORLD_HISTORICAL
2019-05-23,ARE_FUJ,MGO,784.56,BUNKERWORLD_HISTORICAL
2019-05-24,SGP_SIN,VLSFO,604.24,BUNKERWORLD_HISTORICAL
2019-05-24,SGP_SIN,MGO,770.36,BUNKERWORLD_HISTORICAL
2019-05-24,LKA_CMB,VLSFO,619.34,BUNKERWORLD_HISTORICAL
2019-05-24,LKA_CMB,MGO,789.62,BUNKERWORLD_HISTORICAL
2019-05-24,ARE_FUJ,VLSFO,598.19,BUNKERWORLD_HISTORICAL
2019-05-24,ARE_FUJ,MGO,762.66,BUNKERWORLD_HISTORICAL
2019-05-25,SGP_SIN,VLSFO,604.17,BUNKERWORLD_HISTORICAL
2019-05-25,SGP_SIN,MGO,766.07,BUNKERWORLD_HISTORICAL
2019-05-25,LKA_CMB,VLSFO,619.27,BUNKERWORLD_HISTORICAL
2019-05-25,LKA_CMB,MGO,785.22,BUNKERWORLD_HISTORICAL
2019-05-25,ARE_FUJ,VLSFO,598.13,BUNKERWORLD_HISTORICAL
2019-05-25,ARE_FUJ,MGO,758.41,BUNKERWORLD_HISTORICAL
2019-05-26,SGP_SIN,VLSFO,601.22,BUNKERWORLD_HISTORICAL
2019-05-26,SGP_SIN,MGO,774.76,BUNKERWORLD_HISTORICAL
2019-05-26,LKA_CMB,VLSFO,616.25,BUNKERWORLD_HISTORICAL
2019-05-26,LKA_CMB,MGO,794.13,BUNKERWORLD_HISTORICAL
2019-05-26,ARE_FUJ,VLSFO,595.21,BUNKERWORLD_HISTORICAL
2019-05-26,ARE_FUJ,MGO,767.02,BUNKERWORLD_HISTORICAL
2019-05-27,SGP_SIN,VLSFO,609.42,BUNKERWORLD_HISTORICAL
2019-05-27,SGP_SIN,MGO,760.93,BUNKERWORLD_HISTORICAL
2019-05-27,LKA_CMB,VLSFO,624.65,BUNKERWORLD_HISTORICAL
2019-05-27,LKA_CMB,MGO,779.96,BUNKERWORLD_HISTORICAL
2019-05-27,ARE_FUJ,VLSFO,603.32,BUNKERWORLD_HISTORICAL
2019-05-27,ARE_FUJ,MGO,753.32,BUNKERWORLD_HISTORICAL
2019-05-28,SGP_SIN,VLSFO,609.41,BUNKERWORLD_HISTORICAL
2019-05-28,SGP_SIN,MGO,783.59,BUNKERWORLD_HISTORICAL
2019-05-28,LKA_CMB,VLSFO,624.65,BUNKERWORLD_HISTORICAL
2019-05-28,LKA_CMB,MGO,803.18,BUNKERWORLD_HISTORICAL
2019-05-28,ARE_FUJ,VLSFO,603.32,BUNKERWORLD_HISTORICAL
2019-05-28,ARE_FUJ,MGO,775.76,BUNKERWORLD_HISTORICAL
2019-05-29,SGP_SIN,VLSFO,609.53,BUNKERWORLD_HISTORICAL
2019-05-29,SGP_SIN,MGO,800.93,BUNKERWORLD_HISTORICAL
2019-05-29,LKA_CMB,VLSFO,624.77,BUNKERWORLD_HISTORICAL
2019-05-29,LKA_CMB,MGO,820.96,BUNKERWORLD_HISTORICAL
2019-05-29,ARE_FUJ,VLSFO,603.43,BUNKERWORLD_HISTORICAL
2019-05-29,ARE_FUJ,MGO,792.92,BUNKERWORLD_HISTORICAL
2019-05-30,SGP_SIN,VLSFO,615.27,BUNKERWORLD_HISTORICAL
2019-05-30,SGP_SIN,MGO,785.37,BUNKERWORLD_HISTORICAL
2019-05-30,LKA_CMB,VLSFO,630.65,BUNKERWORLD_HISTORICAL
2019-05-30,LKA_CMB,MGO,805.01,BUNKERWORLD_HISTORICAL
2019-05-30,ARE_FUJ,VLSFO,609.11,BUNKERWORLD_HISTORICAL
2019-05-30,ARE_FUJ,MGO,777.52,BUNKERWORLD_HISTORICAL
2019-05-31,SGP_SIN,VLSFO,598.53,BUNKERWORLD_HISTORICAL
2019-05-31,SGP_SIN,MGO,765.61,BUNKERWORLD_HISTORICAL
2019-05-31,LKA_CMB,VLSFO,613.49,BUNKERWORLD_HISTORICAL
2019-05-31,LKA_CMB,MGO,784.75,BUNKERWORLD_HISTORICAL
2019-05-31,ARE_FUJ,VLSFO,592.54,BUNKERWORLD_HISTORICAL
2019-05-31,ARE_FUJ,MGO,757.96,BUNKERWORLD_HISTORICAL
2019-06-01,SGP_SIN,VLSFO,603.67,BUNKERWORLD_HISTORICAL
2019-06-01,SGP_SIN,MGO,767.46,BUNKERWORLD_HISTORICAL
2019-06-01,LKA_CMB,VLSFO,618.76,BUNKERWORLD_HISTORICAL
2019-06-01,LKA_CMB,MGO,786.64,BUNKERWORLD_HISTORICAL
2019-06-01,ARE_FUJ,VLSFO,597.63,BUNKERWORLD_HISTORICAL
2019-06-01,ARE_FUJ,MGO,759.78,BUNKERWORLD_HISTORICAL
2019-06-02,SGP_SIN,VLSFO,597.53,BUNKERWORLD_HISTORICAL
2019-06-02,SGP_SIN,MGO,765.31,BUNKERWORLD_HISTORICAL
2019-06-02,LKA_CMB,VLSFO,612.47,BUNKERWORLD_HISTORICAL
2019-06-02,LKA_CMB,MGO,784.45,BUNKERWORLD_HISTORICAL
2019-06-02,ARE_FUJ,VLSFO,591.56,BUNKERWORLD_HISTORICAL
2019-06-02,ARE_FUJ,MGO,757.66,BUNKERWORLD_HISTORICAL
2019-06-03,SGP_SIN,VLSFO,595.54,BUNKERWORLD_HISTORICAL
2019-06-03,SGP_SIN,MGO,773.07,BUNKERWORLD_HISTORICAL
2019-06-03,LKA_CMB,VLSFO,610.43,BUNKERWORLD_HISTORICAL
2019-06-03,LKA_CMB,MGO,792.39,BUNKERWORLD_HISTORICAL
2019-06-03,ARE_FUJ,VLSFO,589.59,BUNKERWORLD_HISTORICAL
2019-06-03,ARE_FUJ,MGO,765.33,BUNKERWORLD_HISTORICAL
2019-06-04,SGP_SIN,VLSFO,596.05,BUNKERWORLD_HISTORICAL
2019-06-04,SGP_SIN,MGO,754.85,BUNKERWORLD_HISTORICAL
2019-06-04,LKA_CMB,VLSFO,610.95,BUNKERWORLD_HISTORICAL
2019-06-04,LKA_CMB,MGO,773.72,BUNKERWORLD_HISTORICAL
2019-06-04,ARE_FUJ,VLSFO,590.09,BUNKERWORLD_HISTORICAL
2019-06-04,ARE_FUJ,MGO,747.3,BUNKERWORLD_HISTORICAL
2019-06-05,SGP_SIN,VLSFO,589.87,BUNKERWORLD_HISTORICAL
2019-06-05,SGP_SIN,MGO,751.84,BUNKERWORLD_HISTORICAL
2019-06-05,LKA_CMB,VLSFO,604.62,BUNKERWORLD_HISTORICAL
2019-06-05,LKA_CMB,MGO,770.63,BUNKERWORLD_HISTORICAL
2019-06-05,ARE_FUJ,VLSFO,583.97,BUNKERWORLD_HISTORICAL
2019-06-05,ARE_FUJ,MGO,744.32,BUNKERWORLD_HISTORICAL
2019-06-06,SGP_SIN,VLSFO,594.65,BUNKERWORLD_HISTORICAL
2019-06-06,SGP_SIN,MGO,751.95,BUNKERWORLD_HISTORICAL
2019-06-06,LKA_CMB,VLSFO,609.52,BUNKERWORLD_HISTORICAL
2019-06-06,LKA_CMB,MGO,770.75,BUNKERWORLD_HISTORICAL
2019-06-06,ARE_FUJ,VLSFO,588.7,BUNKERWORLD_HISTORICAL
2019-06-06,ARE_FUJ,MGO,744.43,BUNKERWORLD_HISTORICAL
2019-06-07,SGP_SIN,VLSFO,605.98,BUNKERWORLD_HISTORICAL
2019-06-07,SGP_SIN,MGO,777.63,BUNKERWORLD_HISTORICAL
2019-06-07,LKA_CMB,VLSFO,621.13,BUNKERWORLD_HISTORICAL
2019-06-07,LKA_CMB,MGO,797.07,BUNKERWORLD_HISTORICAL
2019-06-07,ARE_FUJ,VLSFO,599.92,BUNKERWORLD_HISTORICAL
2019-06-07,ARE_FUJ,MGO,769.85,BUNKERWORLD_HISTORICAL
2019-06-08,SGP_SIN,VLSFO,586.42,BUNKERWORLD_HISTORICAL
2019-06-08,SGP_SIN,MGO,748.01,BUNKERWORLD_HISTORICAL
2019-06-08,LKA_CMB,VLSFO,601.09,BUNKERWORLD_HISTORICAL
2019-06-08,LKA_CMB,MGO,766.71,BUNKERWORLD_HISTORICAL
2019-06-08,ARE_FUJ,VLSFO,580.56,BUNKERWORLD_HISTORICAL
2019-06-08,ARE_FUJ,MGO,740.53,BUNKERWORLD_HISTORICAL
2019-06-09,SGP_SIN,VLSFO,595.01,BUNKERWORLD_HISTORICAL
2019-06-09,SGP_SIN,MGO,754.71,BUNKERWORLD_HISTORICAL
2019-06-09,LKA_CMB,VLSFO,609.89,BUNKERWORLD_HISTORICAL
2019-06-09,LKA_CMB,MGO,773.58,BUNKERWORLD_HISTORICAL
2019-06-09,ARE_FUJ,VLSFO,589.06,BUNKERWORLD_HISTORICAL
2019-06-09,ARE_FUJ,MGO,747.17,BUNKERWORLD_HISTORICAL
2019-06-10,SGP_SIN,VLSFO,610.0,BUNKERWORLD_HISTORICAL
2019-06-10,SGP_SIN,MGO,777.95,BUNKERWORLD_HISTORICAL
2019-06-10,LKA_CMB,VLSFO,625.25,BUNKERWORLD_HISTORICAL
2019-06-10,LKA_CMB,MGO,797.39,BUNKERWORLD_HISTORICAL
2019-06-10,ARE_FUJ,VLSFO,603.9,BUNKERWORLD_HISTORICAL
2019-06-10,ARE_FUJ,MGO,770.17,BUNKERWORLD_HISTORICAL
2019-06-11,SGP_SIN,VLSFO,599.56,BUNKERWORLD_HISTORICAL
2019-06-11,SGP_SIN,MGO,761.31,BUNKERWORLD_HISTORICAL
2019-06-11,LKA_CMB,VLSFO,614.54,BUNKERWORLD_HISTORICAL
2019-06-11,LKA_CMB,MGO,780.34,BUNKERWORLD_HISTORICAL
2019-06-11,ARE_FUJ,VLSFO,593.56,BUNKERWORLD_HISTORICAL
2019-06-11,ARE_FUJ,MGO,753.69,BUNKERWORLD_HISTORICAL
2019-06-12,SGP_SIN,VLSFO,599.25,BUNKERWORLD_HISTORICAL
2019-06-12,SGP_SIN,MGO,775.31,BUNKERWORLD_HISTORICAL
2019-06-12,LKA_CMB,VLSFO,614.23,BUNKERWORLD_HISTORICAL
2019-06-12,LKA_CMB,MGO,794.69,BUNKERWORLD_HISTORICAL
2019-06-12,ARE_FUJ,VLSFO,593.26,BUNKERWORLD_HISTORICAL
2019-06-12,ARE_FUJ,MGO,767.56,BUNKERWORLD_HISTORICAL
2019-06-13,SGP_SIN,VLSFO,599.12,BUNKERWORLD_HISTORICAL
2019-06-13,SGP_SIN,MGO,760.53,BUNKERWORLD_HISTORICAL
2019-06-13,LKA_CMB,VLSFO,614.1,BUNKERWORLD_HISTORICAL
2019-06-13,LKA_CMB,MGO,779.55,BUNKERWORLD_HISTORICAL
2019-06-13,ARE_FUJ,VLSFO,593.13,BUNKERWORLD_HISTORICAL
2019-06-13,ARE_FUJ,MGO,752.93,BUNKERWORLD_HISTORICAL
2019-06-14,SGP_SIN,VLSFO,593.15,BUNKERWORLD_HISTORICAL
2019-06-14,SGP_SIN,MGO,763.34,BUNKERWORLD_HISTORICAL
2019-06-14,LKA_CMB,VLSFO,607.98,BUNKERWORLD_HISTORICAL
2019-06-14,LKA_CMB,MGO,782.42,BUNKERWORLD_HISTORICAL
2019-06-14,ARE_FUJ,VLSFO,587.22,BUNKERWORLD_HISTORICAL
2019-06-14,ARE_FUJ,MGO,755.71,BUNKERWORLD_HISTORICAL
2019-06-15,SGP_SIN,VLSFO,588.05,BUNKERWORLD_HISTORICAL
2019-06-15,SGP_SIN,MGO,746.68,BUNKERWORLD_HISTORICAL
2019-06-15,LKA_CMB,VLSFO,602.75,BUNKERWORLD_HISTORICAL
2019-06-15,LKA_CMB,MGO,765.35,BUNKERWORLD_HISTORICAL
2019-06-15,ARE_FUJ,VLSFO,582.17,BUNKERWORLD_HISTORICAL
2019-06-15,ARE_FUJ,MGO,739.21,BUNKERWORLD_HISTORICAL
2019-06-16,SGP_SIN,VLSFO,597.34,BUNKERWORLD_HISTORICAL
2019-06-16,SGP_SIN,MGO,778.01,BUNKERWORLD_HISTORICAL
2019-06-16,LKA_CMB,VLSFO,612.28,BUNKERWORLD_HISTORICAL
2019-06-16,LKA_CMB,MGO,797.46,BUNKERWORLD_HISTORICAL
2019-06-16,ARE_FUJ,VLSFO,591.37,BUNKERWORLD_HISTORICAL
2019-06-16,ARE_FUJ,MGO,770.23,BUNKERWORLD_HISTORICAL
2019-06-17,SGP_SIN,VLSFO,592.9,BUNKERWORLD_HISTORICAL
2019-06-17,SGP_SIN,MGO,763.11,BUNKERWORLD_HISTORICAL
2019-06-17,LKA_CMB,VLSFO,607.72,BUNKERWORLD_HISTORICAL
2019-06-17,LKA_CMB,MGO,782.19,BUNKERWORLD_HISTORICAL
2019-06-17,ARE_FUJ,VLSFO,586.97,BUNKERWORLD_HISTORICAL
2019-06-17,ARE_FUJ,MGO,755.48,BUNKERWORLD_HISTORICAL
2019-06-18,SGP_SIN,VLSFO,588.4,BUNKERWORLD_HISTORICAL
2019-06-18,SGP_SIN,MGO,753.95,BUNKERWORLD_HISTORICAL
2019-06-18,LKA_CMB,VLSFO,603.11,BUNKERWORLD_HISTORICAL
2019-06-18,LKA_CMB,MGO,772.8,BUNKERWORLD_HISTORICAL
2019-06-18,ARE_FUJ,VLSFO,582.52,BUNKERWORLD_HISTORICAL
2019-06-18,ARE_FUJ,MGO,746.41,BUNKERWORLD_HISTORICAL
2019-06-19,SGP_SIN,VLSFO,587.29,BUNKERWORLD_HISTORICAL
2019-06-19,SGP_SIN,MGO,750.23,BUNKERWORLD_HISTORICAL
2019-06-19,LKA_CMB,VLSFO,601.97,BUNKERWORLD_HISTORICAL
2019-06-19,LKA_CMB,MGO,768.99,BUNKERWORLD_HISTORICAL
2019-06-19,ARE_FUJ,VLSFO,581.42,BUNKERWORLD_HISTORICAL
2019-06-19,ARE_FUJ,MGO,742.73,BUNKERWORLD_HISTORICAL
2019-06-20,SGP_SIN,VLSFO,592.18,BUNKERWORLD_HISTORICAL
2019-06-20,SGP_SIN,MGO,750.47,BUNKERWORLD_HISTORICAL
2019-06-20,LKA_CMB,VLSFO,606.98,BUNKERWORLD_HISTORICAL
2019-06-20,LKA_CMB,MGO,769.23,BUNKERWORLD_HISTORICAL
2019-06-20,ARE_FUJ,VLSFO,586.25,BUNKERWORLD_HISTORICAL
2019-06-20,ARE_FUJ,MGO,742.97,BUNKERWORLD_HISTORICAL
2019-06-21,SGP_SIN,VLSFO,588.43,BUNKERWORLD_HISTORICAL
2019-06-21,SGP_SIN,MGO,764.1,BUNKERWORLD_HISTORICAL
2019-06-21,LKA_CMB,VLSFO,603.14,BUNKERWORLD_HISTORICAL
2019-06-21,LKA_CMB,MGO,783.2,BUNKERWORLD_HISTORICAL
2019-06-21,ARE_FUJ,VLSFO,582.55,BUNKERWORLD_HISTORICAL
2019-06-21,ARE_FUJ,MGO,756.46,BUNKERWORLD_HISTORICAL
2019-06-22,SGP_SIN,VLSFO,585.21,BUNKERWORLD_HISTORICAL
2019-06-22,SGP_SIN,MGO,747.07,BUNKERWORLD_HISTORICAL
2019-06-22,LKA_CMB,VLSFO,599.84,BUNKERWORLD_HISTORICAL
2019-06-22,LKA_CMB,MGO,765.74,BUNKERWORLD_HISTORICAL
2019-06-22,ARE_FUJ,VLSFO,579.36,BUNKERWORLD_HISTORICAL
2019-06-22,ARE_FUJ,MGO,739.6,BUNKERWORLD_HISTORICAL
2019-06-23,SGP_SIN,VLSFO,587.66,BUNKERWORLD_HISTORICAL
2019-06-23,SGP_SIN,MGO,746.25,BUNKERWORLD_HISTORICAL
2019-06-23,LKA_CMB,VLSFO,602.35,BUNKERWORLD_HISTORICAL
2019-06-23,LKA_CMB,MGO,764.91,BUNKERWORLD_HISTORICAL
2019-06-23,ARE_FUJ,VLSFO,581.79,BUNKERWORLD_HISTORICAL
2019-06-23,ARE_FUJ,MGO,738.79,BUNKERWORLD_HISTORICAL
2019-06-24,SGP_SIN,VLSFO,594.49,BUNKERWORLD_HISTORICAL
2019-06-24,SGP_SIN,MGO,768.35,BUNKERWORLD_HISTORICAL
2019-06-24,LKA_CMB,VLSFO,609.36,BUNKERWORLD_HISTORICAL
2019-06-24,LKA_CMB,MGO,787.55,BUNKERWORLD_HISTORICAL
2019-06-24,ARE_FUJ,VLSFO,588.55,BUNKERWORLD_HISTORICAL
2019-06-24,ARE_FUJ,MGO,760.66,BUNKERWORLD_HISTORICAL
2019-06-25,SGP_SIN,VLSFO,593.69,BUNKERWORLD_HISTORICAL
2019-06-25,SGP_SIN,MGO,767.23,BUNKERWORLD_HISTORICAL
2019-06-25,LKA_CMB,VLSFO,608.53,BUNKERWORLD_HISTORICAL
2019-06-25,LKA_CMB,MGO,786.41,BUNKERWORLD_HISTORICAL
2019-06-25,ARE_FUJ,VLSFO,587.75,BUNKERWORLD_HISTORICAL
2019-06-25,ARE_FUJ,MGO,759.56,BUNKERWORLD_HISTORICAL
2019-06-26,SGP_SIN,VLSFO,587.78,BUNKERWORLD_HISTORICAL
2019-06-26,SGP_SIN,MGO,740.82,BUNKERWORLD_HISTORICAL
2019-06-26,LKA_CMB,VLSFO,602.48,BUNKERWORLD_HISTORICAL
2019-06-26,LKA_CMB,MGO,759.34,BUNKERWORLD_HISTORICAL
2019-06-26,ARE_FUJ,VLSFO,581.9,BUNKERWORLD_HISTORICAL
2019-06-26,ARE_FUJ,MGO,733.41,BUNKERWORLD_HISTORICAL
2019-06-27,SGP_SIN,VLSFO,589.78,BUNKERWORLD_HISTORICAL
2019-06-27,SGP_SIN,MGO,743.96,BUNKERWORLD_HISTORICAL
2019-06-27,LKA_CMB,VLSFO,604.52,BUNKERWORLD_HISTORICAL
2019-06-27,LKA_CMB,MGO,762.55,BUNKERWORLD_HISTORICAL
2019-06-27,ARE_FUJ,VLSFO,583.88,BUNKERWORLD_HISTORICAL
2019-06-27,ARE_FUJ,MGO,736.52,BUNKERWORLD_HISTORICAL
2019-06-28,SGP_SIN,VLSFO,580.24,BUNKERWORLD_HISTORICAL
2019-06-28,SGP_SIN,MGO,732.97,BUNKERWORLD_HISTORICAL
2019-06-28,LKA_CMB,VLSFO,594.75,BUNKERWORLD_HISTORICAL
2019-06-28,LKA_CMB,MGO,751.29,BUNKERWORLD_HISTORICAL
2019-06-28,ARE_FUJ,VLSFO,574.44,BUNKERWORLD_HISTORICAL
2019-06-28,ARE_FUJ,MGO,725.64,BUNKERWORLD_HISTORICAL
2019-06-29,SGP_SIN,VLSFO,584.94,BUNKERWORLD_HISTORICAL
2019-06-29,SGP_SIN,MGO,757.48,BUNKERWORLD_HISTORICAL
2019-06-29,LKA_CMB,VLSFO,599.56,BUNKERWORLD_HISTORICAL
2019-06-29,LKA_CMB,MGO,776.42,BUNKERWORLD_HISTORICAL
2019-06-29,ARE_FUJ,VLSFO,579.09,BUNKERWORLD_HISTORICAL
2019-06-29,ARE_FUJ,MGO,749.91,BUNKERWORLD_HISTORICAL
2019-06-30,SGP_SIN,VLSFO,593.38,BUNKERWORLD_HISTORICAL
2019-06-30,SGP_SIN,MGO,755.44,BUNKERWORLD_HISTORICAL
2019-06-30,LKA_CMB,VLSFO,608.21,BUNKERWORLD_HISTORICAL
2019-06-30,LKA_CMB,MGO,774.33,BUNKERWORLD_HISTORICAL
2019-06-30,ARE_FUJ,VLSFO,587.45,BUNKERWORLD_HISTORICAL
2019-06-30,ARE_FUJ,MGO,747.89,BUNKERWORLD_HISTORICAL
2019-07-01,SGP_SIN,VLSFO,593.0,BUNKERWORLD_HISTORICAL
2019-07-01,SGP_SIN,MGO,757.57,BUNKERWORLD_HISTORICAL
2019-07-01,LKA_CMB,VLSFO,607.83,BUNKERWORLD_HISTORICAL
2019-07-01,LKA_CMB,MGO,776.51,BUNKERWORLD_HISTORICAL
2019-07-01,ARE_FUJ,VLSFO,587.07,BUNKERWORLD_HISTORICAL
2019-07-01,ARE_FUJ,MGO,749.99,BUNKERWORLD_HISTORICAL
2019-07-02,SGP_SIN,VLSFO,581.47,BUNKERWORLD_HISTORICAL
2019-07-02,SGP_SIN,MGO,736.78,BUNKERWORLD_HISTORICAL
2019-07-02,LKA_CMB,VLSFO,596.01,BUNKERWORLD_HISTORICAL
2019-07-02,LKA_CMB,MGO,755.2,BUNKERWORLD_HISTORICAL
2019-07-02,ARE_FUJ,VLSFO,575.66,BUNKERWORLD_HISTORICAL
2019-07-02,ARE_FUJ,MGO,729.41,BUNKERWORLD_HISTORICAL
2019-07-03,SGP_SIN,VLSFO,596.33,BUNKERWORLD_HISTORICAL
2019-07-03,SGP_SIN,MGO,773.99,BUNKERWORLD_HISTORICAL
2019-07-03,LKA_CMB,VLSFO,611.24,BUNKERWORLD_HISTORICAL
2019-07-03,LKA_CMB,MGO,793.34,BUNKERWORLD_HISTORICAL
2019-07-03,ARE_FUJ,VLSFO,590.36,BUNKERWORLD_HISTORICAL
2019-07-03,ARE_FUJ,MGO,766.25,BUNKERWORLD_HISTORICAL
2019-07-04,SGP_SIN,VLSFO,601.66,BUNKERWORLD_HISTORICAL
2019-07-04,SGP_SIN,MGO,760.46,BUNKERWORLD_HISTORICAL
2019-07-04,LKA_CMB,VLSFO,616.7,BUNKERWORLD_HISTORICAL
2019-07-04,LKA_CMB,MGO,779.47,BUNKERWORLD_HISTORICAL
2019-07-04,ARE_FUJ,VLSFO,595.65,BUNKERWORLD_HISTORICAL
2019-07-04,ARE_FUJ,MGO,752.86,BUNKERWORLD_HISTORICAL
2019-07-05,SGP_SIN,VLSFO,605.88,BUNKERWORLD_HISTORICAL
2019-07-05,SGP_SIN,MGO,783.01,BUNKERWORLD_HISTORICAL
2019-07-05,LKA_CMB,VLSFO,621.02,BUNKERWORLD_HISTORICAL
2019-07-05,LKA_CMB,MGO,802.58,BUNKERWORLD_HISTORICAL
2019-07-05,ARE_FUJ,VLSFO,599.82,BUNKERWORLD_HISTORICAL
2019-07-05,ARE_FUJ,MGO,775.18,BUNKERWORLD_HISTORICAL
2019-07-06,SGP_SIN,VLSFO,604.62,BUNKERWORLD_HISTORICAL
2019-07-06,SGP_SIN,MGO,764.53,BUNKERWORLD_HISTORICAL
2019-07-06,LKA_CMB,VLSFO,619.73,BUNKERWORLD_HISTORICAL
2019-07-06,LKA_CMB,MGO,783.64,BUNKERWORLD_HISTORICAL
2019-07-06,ARE_FUJ,VLSFO,598.57,BUNKERWORLD_HISTORICAL
2019-07-06,ARE_FUJ,MGO,756.88,BUNKERWORLD_HISTORICAL
2019-07-07,SGP_SIN,VLSFO,587.4,BUNKERWORLD_HISTORICAL
2019-07-07,SGP_SIN,MGO,760.93,BUNKERWORLD_HISTORICAL
2019-07-07,LKA_CMB,VLSFO,602.08,BUNKERWORLD_HISTORICAL
2019-07-07,LKA_CMB,MGO,779.96,BUNKERWORLD_HISTORICAL
2019-07-07,ARE_FUJ,VLSFO,581.52,BUNKERWORLD_HISTORICAL
2019-07-07,ARE_FUJ,MGO,753.32,BUNKERWORLD_HISTORICAL
2019-07-08,SGP_SIN,VLSFO,602.44,BUNKERWORLD_HISTORICAL
2019-07-08,SGP_SIN,MGO,776.34,BUNKERWORLD_HISTORICAL
2019-07-08,LKA_CMB,VLSFO,617.5,BUNKERWORLD_HISTORICAL
2019-07-08,LKA_CMB,MGO,795.75,BUNKERWORLD_HISTORICAL
2019-07-08,ARE_FUJ,VLSFO,596.41,BUNKERWORLD_HISTORICAL
2019-07-08,ARE_FUJ,MGO,768.57,BUNKERWORLD_HISTORICAL
2019-07-09,SGP_SIN,VLSFO,584.12,BUNKERWORLD_HISTORICAL
2019-07-09,SGP_SIN,MGO,734.31,BUNKERWORLD_HISTORICAL
2019-07-09,LKA_CMB,VLSFO,598.73,BUNKERWORLD_HISTORICAL
2019-07-09,LKA_CMB,MGO,752.67,BUNKERWORLD_HISTORICAL
2019-07-09,ARE_FUJ,VLSFO,578.28,BUNKERWORLD_HISTORICAL
2019-07-09,ARE_FUJ,MGO,726.97,BUNKERWORLD_HISTORICAL
2019-07-10,SGP_SIN,VLSFO,587.99,BUNKERWORLD_HISTORICAL
2019-07-10,SGP_SIN,MGO,751.06,BUNKERWORLD_HISTORICAL
2019-07-10,LKA_CMB,VLSFO,602.69,BUNKERWORLD_HISTORICAL
2019-07-10,LKA_CMB,MGO,769.84,BUNKERWORLD_HISTORICAL
2019-07-10,ARE_FUJ,VLSFO,582.11,BUNKERWORLD_HISTORICAL
2019-07-10,ARE_FUJ,MGO,743.55,BUNKERWORLD_HISTORICAL
2019-07-11,SGP_SIN,VLSFO,581.61,BUNKERWORLD_HISTORICAL
2019-07-11,SGP_SIN,MGO,738.17,BUNKERWORLD_HISTORICAL
2019-07-11,LKA_CMB,VLSFO,596.15,BUNKERWORLD_HISTORICAL
2019-07-11,LKA_CMB,MGO,756.62,BUNKERWORLD_HISTORICAL
2019-07-11,ARE_FUJ,VLSFO,575.79,BUNKERWORLD_HISTORICAL
2019-07-11,ARE_FUJ,MGO,730.79,BUNKERWORLD_HISTORICAL
2019-07-12,SGP_SIN,VLSFO,587.13,BUNKERWORLD_HISTORICAL
2019-07-12,SGP_SIN,MGO,755.45,BUNKERWORLD_HISTORICAL
2019-07-12,LKA_CMB,VLSFO,601.81,BUNKERWORLD_HISTORICAL
2019-07-12,LKA_CMB,MGO,774.34,BUNKERWORLD_HISTORICAL
2019-07-12,ARE_FUJ,VLSFO,581.26,BUNKERWORLD_HISTORICAL
2019-07-12,ARE_FUJ,MGO,747.9,BUNKERWORLD_HISTORICAL
2019-07-13,SGP_SIN,VLSFO,586.96,BUNKERWORLD_HISTORICAL
2019-07-13,SGP_SIN,MGO,750.36,BUNKERWORLD_HISTORICAL
2019-07-13,LKA_CMB,VLSFO,601.63,BUNKERWORLD_HISTORICAL
2019-07-13,LKA_CMB,MGO,769.12,BUNKERWORLD_HISTORICAL
2019-07-13,ARE_FUJ,VLSFO,581.09,BUNKERWORLD_HISTORICAL
2019-07-13,ARE_FUJ,MGO,742.86,BUNKERWORLD_HISTORICAL
2019-07-14,SGP_SIN,VLSFO,588.35,BUNKERWORLD_HISTORICAL
2019-07-14,SGP_SIN,MGO,758.77,BUNKERWORLD_HISTORICAL
2019-07-14,LKA_CMB,VLSFO,603.06,BUNKERWORLD_HISTORICAL
2019-07-14,LKA_CMB,MGO,777.74,BUNKERWORLD_HISTORICAL
2019-07-14,ARE_FUJ,VLSFO,582.47,BUNKERWORLD_HISTORICAL
2019-07-14,ARE_FUJ,MGO,751.18,BUNKERWORLD_HISTORICAL
2019-07-15,SGP_SIN,VLSFO,598.75,BUNKERWORLD_HISTORICAL
2019-07-15,SGP_SIN,MGO,792.68,BUNKERWORLD_HISTORICAL
2019-07-15,LKA_CMB,VLSFO,613.72,BUNKERWORLD_HISTORICAL
2019-07-15,LKA_CMB,MGO,812.5,BUNKERWORLD_HISTORICAL
2019-07-15,ARE_FUJ,VLSFO,592.76,BUNKERWORLD_HISTORICAL
2019-07-15,ARE_FUJ,MGO,784.75,BUNKERWORLD_HISTORICAL
2019-07-16,SGP_SIN,VLSFO,584.24,BUNKERWORLD_HISTORICAL
2019-07-16,SGP_SIN,MGO,747.24,BUNKERWORLD_HISTORICAL
2019-07-16,LKA_CMB,VLSFO,598.85,BUNKERWORLD_HISTORICAL
2019-07-16,LKA_CMB,MGO,765.93,BUNKERWORLD_HISTORICAL
2019-07-16,ARE_FUJ,VLSFO,578.4,BUNKERWORLD_HISTORICAL
2019-07-16,ARE_FUJ,MGO,739.77,BUNKERWORLD_HISTORICAL
2019-07-17,SGP_SIN,VLSFO,587.01,BUNKERWORLD_HISTORICAL
2019-07-17,SGP_SIN,MGO,766.76,BUNKERWORLD_HISTORICAL
2019-07-17,LKA_CMB,VLSFO,601.68,BUNKERWORLD_HISTORICAL
2019-07-17,LKA_CMB,MGO,785.93,BUNKERWORLD_HISTORICAL
2019-07-17,ARE_FUJ,VLSFO,581.14,BUNKERWORLD_HISTORICAL
2019-07-17,ARE_FUJ,MGO,759.1,BUNKERWORLD_HISTORICAL
2019-07-18,SGP_SIN,VLSFO,584.74,BUNKERWORLD_HISTORICAL
2019-07-18,SGP_SIN,MGO,744.2,BUNKERWORLD_HISTORICAL
2019-07-18,LKA_CMB,VLSFO,599.36,BUNKERWORLD_HISTORICAL
2019-07-18,LKA_CMB,MGO,762.8,BUNKERWORLD_HISTORICAL
2019-07-18,ARE_FUJ,VLSFO,578.9,BUNKERWORLD_HISTORICAL
2019-07-18,ARE_FUJ,MGO,736.76,BUNKERWORLD_HISTORICAL
2019-07-19,SGP_SIN,VLSFO,595.46,BUNKERWORLD_HISTORICAL
2019-07-19,SGP_SIN,MGO,763.41,BUNKERWORLD_HISTORICAL
2019-07-19,LKA_CMB,VLSFO,610.35,BUNKERWORLD_HISTORICAL
2019-07-19,LKA_CMB,MGO,782.5,BUNKERWORLD_HISTORICAL
2019-07-19,ARE_FUJ,VLSFO,589.5,BUNKERWORLD_HISTORICAL
2019-07-19,ARE_FUJ,MGO,755.78,BUNKERWORLD_HISTORICAL
2019-07-20,SGP_SIN,VLSFO,565.79,BUNKERWORLD_HISTORICAL
2019-07-20,SGP_SIN,MGO,715.44,BUNKERWORLD_HISTORICAL
2019-07-20,LKA_CMB,VLSFO,579.94,BUNKERWORLD_HISTORICAL
2019-07-20,LKA_CMB,MGO,733.33,BUNKERWORLD_HISTORICAL
2019-07-20,ARE_FUJ,VLSFO,560.14,BUNKERWORLD_HISTORICAL
2019-07-20,ARE_FUJ,MGO,708.29,BUNKERWORLD_HISTORICAL
2019-07-21,SGP_SIN,VLSFO,574.2,BUNKERWORLD_HISTORICAL
2019-07-21,SGP_SIN,MGO,729.81,BUNKERWORLD_HISTORICAL
2019-07-21,LKA_CMB,VLSFO,588.56,BUNKERWORLD_HISTORICAL
2019-07-21,LKA_CMB,MGO,748.05,BUNKERWORLD_HISTORICAL
2019-07-21,ARE_FUJ,VLSFO,568.46,BUNKERWORLD_HISTORICAL
2019-07-21,ARE_FUJ,MGO,722.51,BUNKERWORLD_HISTORICAL
2019-07-22,SGP_SIN,VLSFO,565.7,BUNKERWORLD_HISTORICAL
2019-07-22,SGP_SIN,MGO,724.42,BUNKERWORLD_HISTORICAL
2019-07-22,LKA_CMB,VLSFO,579.84,BUNKERWORLD_HISTORICAL
2019-07-22,LKA_CMB,MGO,742.53,BUNKERWORLD_HISTORICAL
2019-07-22,ARE_FUJ,VLSFO,560.04,BUNKERWORLD_HISTORICAL
2019-07-22,ARE_FUJ,MGO,717.18,BUNKERWORLD_HISTORICAL
2019-07-23,SGP_SIN,VLSFO,559.1,BUNKERWORLD_HISTORICAL
2019-07-23,SGP_SIN,MGO,718.46,BUNKERWORLD_HISTORICAL
2019-07-23,LKA_CMB,VLSFO,573.08,BUNKERWORLD_HISTORICAL
2019-07-23,LKA_CMB,MGO,736.42,BUNKERWORLD_HISTORICAL
2019-07-23,ARE_FUJ,VLSFO,553.51,BUNKERWORLD_HISTORICAL
2019-07-23,ARE_FUJ,MGO,711.27,BUNKERWORLD_HISTORICAL
2019-07-24,SGP_SIN,VLSFO,574.49,BUNKERWORLD_HISTORICAL
2019-07-24,SGP_SIN,MGO,737.13,BUNKERWORLD_HISTORICAL
2019-07-24,LKA_CMB,VLSFO,588.85,BUNKERWORLD_HISTORICAL
2019-07-24,LKA_CMB,MGO,755.56,BUNKERWORLD_HISTORICAL
2019-07-24,ARE_FUJ,VLSFO,568.74,BUNKERWORLD_HISTORICAL
2019-07-24,ARE_FUJ,MGO,729.76,BUNKERWORLD_HISTORICAL
2019-07-25,SGP_SIN,VLSFO,556.71,BUNKERWORLD_HISTORICAL
2019-07-25,SGP_SIN,MGO,711.08,BUNKERWORLD_HISTORICAL
2019-07-25,LKA_CMB,VLSFO,570.62,BUNKERWORLD_HISTORICAL
2019-07-25,LKA_CMB,MGO,728.86,BUNKERWORLD_HISTORICAL
2019-07-25,ARE_FUJ,VLSFO,551.14,BUNKERWORLD_HISTORICAL
2019-07-25,ARE_FUJ,MGO,703.97,BUNKERWORLD_HISTORICAL
2019-07-26,SGP_SIN,VLSFO,566.87,BUNKERWORLD_HISTORICAL
2019-07-26,SGP_SIN,MGO,721.04,BUNKERWORLD_HISTORICAL
2019-07-26,LKA_CMB,VLSFO,581.04,BUNKERWORLD_HISTORICAL
2019-07-26,LKA_CMB,MGO,739.07,BUNKERWORLD_HISTORICAL
2019-07-26,ARE_FUJ,VLSFO,561.2,BUNKERWORLD_HISTORICAL
2019-07-26,ARE_FUJ,MGO,713.83,BUNKERWORLD_HISTORICAL
2019-07-27,SGP_SIN,VLSFO,567.51,BUNKERWORLD_HISTORICAL
2019-07-27,SGP_SIN,MGO,719.26,BUNKERWORLD_HISTORICAL
2019-07-27,LKA_CMB,VLSFO,581.7,BUNKERWORLD_HISTORICAL
2019-07-27,LKA_CMB,MGO,737.24,BUNKERWORLD_HISTORICAL
2019-07-27,ARE_FUJ,VLSFO,561.84,BUNKERWORLD_HISTORICAL
2019-07-27,ARE_FUJ,MGO,712.07,BUNKERWORLD_HISTORICAL
2019-07-28,SGP_SIN,VLSFO,567.01,BUNKERWORLD_HISTORICAL
2019-07-28,SGP_SIN,MGO,721.43,BUNKERWORLD_HISTORICAL
2019-07-28,LKA_CMB,VLSFO,581.18,BUNKERWORLD_HISTORICAL
2019-07-28,LKA_CMB,MGO,739.46,BUNKERWORLD_HISTORICAL
2019-07-28,ARE_FUJ,VLSFO,561.34,BUNKERWORLD_HISTORICAL
2019-07-28,ARE_FUJ,MGO,714.21,BUNKERWORLD_HISTORICAL
2019-07-29,SGP_SIN,VLSFO,577.56,BUNKERWORLD_HISTORICAL
2019-07-29,SGP_SIN,MGO,737.39,BUNKERWORLD_HISTORICAL
2019-07-29,LKA_CMB,VLSFO,592.0,BUNKERWORLD_HISTORICAL
2019-07-29,LKA_CMB,MGO,755.83,BUNKERWORLD_HISTORICAL
2019-07-29,ARE_FUJ,VLSFO,571.79,BUNKERWORLD_HISTORICAL
2019-07-29,ARE_FUJ,MGO,730.02,BUNKERWORLD_HISTORICAL
2019-07-30,SGP_SIN,VLSFO,572.82,BUNKERWORLD_HISTORICAL
2019-07-30,SGP_SIN,MGO,726.37,BUNKERWORLD_HISTORICAL
2019-07-30,LKA_CMB,VLSFO,587.14,BUNKERWORLD_HISTORICAL
2019-07-30,LKA_CMB,MGO,744.53,BUNKERWORLD_HISTORICAL
2019-07-30,ARE_FUJ,VLSFO,567.09,BUNKERWORLD_HISTORICAL
2019-07-30,ARE_FUJ,MGO,719.11,BUNKERWORLD_HISTORICAL
2019-07-31,SGP_SIN,VLSFO,596.0,BUNKERWORLD_HISTORICAL
2019-07-31,SGP_SIN,MGO,742.61,BUNKERWORLD_HISTORICAL
2019-07-31,LKA_CMB,VLSFO,610.9,BUNKERWORLD_HISTORICAL
2019-07-31,LKA_CMB,MGO,761.18,BUNKERWORLD_HISTORICAL
2019-07-31,ARE_FUJ,VLSFO,590.04,BUNKERWORLD_HISTORICAL
2019-07-31,ARE_FUJ,MGO,735.19,BUNKERWORLD_HISTORICAL
2019-08-01,SGP_SIN,VLSFO,575.01,BUNKERWORLD_HISTORICAL
2019-08-01,SGP_SIN,MGO,729.46,BUNKERWORLD_HISTORICAL
2019-08-01,LKA_CMB,VLSFO,589.39,BUNKERWORLD_HISTORICAL
2019-08-01,LKA_CMB,MGO,747.7,BUNKERWORLD_HISTORICAL
2019-08-01,ARE_FUJ,VLSFO,569.26,BUNKERWORLD_HISTORICAL
2019-08-01,ARE_FUJ,MGO,722.17,BUNKERWORLD_HISTORICAL
2019-08-02,SGP_SIN,VLSFO,577.8,BUNKERWORLD_HISTORICAL
2019-08-02,SGP_SIN,MGO,742.46,BUNKERWORLD_HISTORICAL
2019-08-02,LKA_CMB,VLSFO,592.24,BUNKERWORLD_HISTORICAL
2019-08-02,LKA_CMB,MGO,761.02,BUNKERWORLD_HISTORICAL
2019-08-02,ARE_FUJ,VLSFO,572.02,BUNKERWORLD_HISTORICAL
2019-08-02,ARE_FUJ,MGO,735.03,BUNKERWORLD_HISTORICAL
2019-08-03,SGP_SIN,VLSFO,596.08,BUNKERWORLD_HISTORICAL
2019-08-03,SGP_SIN,MGO,738.1,BUNKERWORLD_HISTORICAL
2019-08-03,LKA_CMB,VLSFO,610.99,BUNKERWORLD_HISTORICAL
2019-08-03,LKA_CMB,MGO,756.55,BUNKERWORLD_HISTORICAL
2019-08-03,ARE_FUJ,VLSFO,590.12,BUNKERWORLD_HISTORICAL
2019-08-03,ARE_FUJ,MGO,730.72,BUNKERWORLD_HISTORICAL
2019-08-04,SGP_SIN,VLSFO,581.06,BUNKERWORLD_HISTORICAL
2019-08-04,SGP_SIN,MGO,748.76,BUNKERWORLD_HISTORICAL
2019-08-04,LKA_CMB,VLSFO,595.59,BUNKERWORLD_HISTORICAL
2019-08-04,LKA_CMB,MGO,767.48,BUNKERWORLD_HISTORICAL
2019-08-04,ARE_FUJ,VLSFO,575.25,BUNKERWORLD_HISTORICAL
2019-08-04,ARE_FUJ,MGO,741.27,BUNKERWORLD_HISTORICAL
2019-08-05,SGP_SIN,VLSFO,581.88,BUNKERWORLD_HISTORICAL
2019-08-05,SGP_SIN,MGO,735.02,BUNKERWORLD_HISTORICAL
2019-08-05,LKA_CMB,VLSFO,596.43,BUNKERWORLD_HISTORICAL
2019-08-05,LKA_CMB,MGO,753.4,BUNKERWORLD_HISTORICAL
2019-08-05,ARE_FUJ,VLSFO,576.06,BUNKERWORLD_HISTORICAL
2019-08-05,ARE_FUJ,MGO,727.67,BUNKERWORLD_HISTORICAL
2019-08-06,SGP_SIN,VLSFO,587.59,BUNKERWORLD_HISTORICAL
2019-08-06,SGP_SIN,MGO,749.14,BUNKERWORLD_HISTORICAL
2019-08-06,LKA_CMB,VLSFO,602.28,BUNKERWORLD_HISTORICAL
2019-08-06,LKA_CMB,MGO,767.86,BUNKERWORLD_HISTORICAL
2019-08-06,ARE_FUJ,VLSFO,581.72,BUNKERWORLD_HISTORICAL
2019-08-06,ARE_FUJ,MGO,741.64,BUNKERWORLD_HISTORICAL
2019-08-07,SGP_SIN,VLSFO,575.71,BUNKERWORLD_HISTORICAL
2019-08-07,SGP_SIN,MGO,726.74,BUNKERWORLD_HISTORICAL
2019-08-07,LKA_CMB,VLSFO,590.1,BUNKERWORLD_HISTORICAL
2019-08-07,LKA_CMB,MGO,744.91,BUNKERWORLD_HISTORICAL
2019-08-07,ARE_FUJ,VLSFO,569.95,BUNKERWORLD_HISTORICAL
2019-08-07,ARE_FUJ,MGO,719.47,BUNKERWORLD_HISTORICAL
2019-08-08,SGP_SIN,VLSFO,587.31,BUNKERWORLD_HISTORICAL
2019-08-08,SGP_SIN,MGO,754.9,BUNKERWORLD_HISTORICAL
2019-08-08,LKA_CMB,VLSFO,601.99,BUNKERWORLD_HISTORICAL
2019-08-08,LKA_CMB,MGO,773.77,BUNKERWORLD_HISTORICAL
2019-08-08,ARE_FUJ,VLSFO,581.44,BUNKERWORLD_HISTORICAL
2019-08-08,ARE_FUJ,MGO,747.35,BUNKERWORLD_HISTORICAL
2019-08-09,SGP_SIN,VLSFO,572.94,BUNKERWORLD_HISTORICAL
2019-08-09,SGP_SIN,MGO,726.54,BUNKERWORLD_HISTORICAL
2019-08-09,LKA_CMB,VLSFO,587.26,BUNKERWORLD_HISTORICAL
2019-08-09,LKA_CMB,MGO,744.71,BUNKERWORLD_HISTORICAL
2019-08-09,ARE_FUJ,VLSFO,567.21,BUNKERWORLD_HISTORICAL
2019-08-09,ARE_FUJ,MGO,719.28,BUNKERWORLD_HISTORICAL
2019-08-10,SGP_SIN,VLSFO,570.41,BUNKERWORLD_HISTORICAL
2019-08-10,SGP_SIN,MGO,730.4,BUNKERWORLD_HISTORICAL
2019-08-10,LKA_CMB,VLSFO,584.67,BUNKERWORLD_HISTORICAL
2019-08-10,LKA_CMB,MGO,748.66,BUNKERWORLD_HISTORICAL
2019-08-10,ARE_FUJ,VLSFO,564.71,BUNKERWORLD_HISTORICAL
2019-08-10,ARE_FUJ,MGO,723.09,BUNKERWORLD_HISTORICAL
2019-08-11,SGP_SIN,VLSFO,569.55,BUNKERWORLD_HISTORICAL
2019-08-11,SGP_SIN,MGO,716.38,BUNKERWORLD_HISTORICAL
2019-08-11,LKA_CMB,VLSFO,583.79,BUNKERWORLD_HISTORICAL
2019-08-11,LKA_CMB,MGO,734.29,BUNKERWORLD_HISTORICAL
2019-08-11,ARE_FUJ,VLSFO,563.86,BUNKERWORLD_HISTORICAL
2019-08-11,ARE_FUJ,MGO,709.22,BUNKERWORLD_HISTORICAL
2019-08-12,SGP_SIN,VLSFO,566.3,BUNKERWORLD_HISTORICAL
2019-08-12,SGP_SIN,MGO,738.74,BUNKERWORLD_HISTORICAL
2019-08-12,LKA_CMB,VLSFO,580.46,BUNKERWORLD_HISTORICAL
2019-08-12,LKA_CMB,MGO,757.21,BUNKERWORLD_HISTORICAL
2019-08-12,ARE_FUJ,VLSFO,560.64,BUNKERWORLD_HISTORICAL
2019-08-12,ARE_FUJ,MGO,731.35,BUNKERWORLD_HISTORICAL
2019-08-13,SGP_SIN,VLSFO,581.27,BUNKERWORLD_HISTORICAL
2019-08-13,SGP_SIN,MGO,736.01,BUNKERWORLD_HISTORICAL
2019-08-13,LKA_CMB,VLSFO,595.81,BUNKERWORLD_HISTORICAL
2019-08-13,LKA_CMB,MGO,754.41,BUNKERWORLD_HISTORICAL
2019-08-13,ARE_FUJ,VLSFO,575.46,BUNKERWORLD_HISTORICAL
2019-08-13,ARE_FUJ,MGO,728.65,BUNKERWORLD_HISTORICAL
2019-08-14,SGP_SIN,VLSFO,577.26,BUNKERWORLD_HISTORICAL
2019-08-14,SGP_SIN,MGO,728.63,BUNKERWORLD_HISTORICAL
2019-08-14,LKA_CMB,VLSFO,591.69,BUNKERWORLD_HISTORICAL
2019-08-14,LKA_CMB,MGO,746.85,BUNKERWORLD_HISTORICAL
2019-08-14,ARE_FUJ,VLSFO,571.49,BUNKERWORLD_HISTORICAL
2019-08-14,ARE_FUJ,MGO,721.34,BUNKERWORLD_HISTORICAL
2019-08-15,SGP_SIN,VLSFO,573.86,BUNKERWORLD_HISTORICAL
2019-08-15,SGP_SIN,MGO,730.89,BUNKERWORLD_HISTORICAL
2019-08-15,LKA_CMB,VLSFO,588.21,BUNKERWORLD_HISTORICAL
2019-08-15,LKA_CMB,MGO,749.17,BUNKERWORLD_HISTORICAL
2019-08-15,ARE_FUJ,VLSFO,568.12,BUNKERWORLD_HISTORICAL
2019-08-15,ARE_FUJ,MGO,723.59,BUNKERWORLD_HISTORICAL
2019-08-16,SGP_SIN,VLSFO,579.29,BUNKERWORLD_HISTORICAL
2019-08-16,SGP_SIN,MGO,751.16,BUNKERWORLD_HISTORICAL
2019-08-16,LKA_CMB,VLSFO,593.77,BUNKERWORLD_HISTORICAL
2019-08-16,LKA_CMB,MGO,769.94,BUNKERWORLD_HISTORICAL
2019-08-16,ARE_FUJ,VLSFO,573.49,BUNKERWORLD_HISTORICAL
2019-08-16,ARE_FUJ,MGO,743.65,BUNKERWORLD_HISTORICAL
2019-08-17,SGP_SIN,VLSFO,585.66,BUNKERWORLD_HISTORICAL
2019-08-17,SGP_SIN,MGO,752.48,BUNKERWORLD_HISTORICAL
2019-08-17,LKA_CMB,VLSFO,600.3,BUNKERWORLD_HISTORICAL
2019-08-17,LKA_CMB,MGO,771.29,BUNKERWORLD_HISTORICAL
2019-08-17,ARE_FUJ,VLSFO,579.8,BUNKERWORLD_HISTORICAL
2019-08-17,ARE_FUJ,MGO,744.96,BUNKERWORLD_HISTORICAL
2019-08-18,SGP_SIN,VLSFO,570.52,BUNKERWORLD_HISTORICAL
2019-08-18,SGP_SIN,MGO,725.12,BUNKERWORLD_HISTORICAL
2019-08-18,LKA_CMB,VLSFO,584.78,BUNKERWORLD_HISTORICAL
2019-08-18,LKA_CMB,MGO,743.25,BUNKERWORLD_HISTORICAL
2019-08-18,ARE_FUJ,VLSFO,564.81,BUNKERWORLD_HISTORICAL
2019-08-18,ARE_FUJ,MGO,717.87,BUNKERWORLD_HISTORICAL
2019-08-19,SGP_SIN,VLSFO,578.32,BUNKERWORLD_HISTORICAL
2019-08-19,SGP_SIN,MGO,734.07,BUNKERWORLD_HISTORICAL
2019-08-19,LKA_CMB,VLSFO,592.78,BUNKERWORLD_HISTORICAL
2019-08-19,LKA_CMB,MGO,752.42,BUNKERWORLD_HISTORICAL
2019-08-19,ARE_FUJ,VLSFO,572.54,BUNKERWORLD_HISTORICAL
2019-08-19,ARE_FUJ,MGO,726.73,BUNKERWORLD_HISTORICAL
2019-08-20,SGP_SIN,VLSFO,581.45,BUNKERWORLD_HISTORICAL
2019-08-20,SGP_SIN,MGO,735.65,BUNKERWORLD_HISTORICAL
2019-08-20,LKA_CMB,VLSFO,595.98,BUNKERWORLD_HISTORICAL
2019-08-20,LKA_CMB,MGO,754.04,BUNKERWORLD_HISTORICAL
2019-08-20,ARE_FUJ,VLSFO,575.63,BUNKERWORLD_HISTORICAL
2019-08-20,ARE_FUJ,MGO,728.29,BUNKERWORLD_HISTORICAL
2019-08-21,SGP_SIN,VLSFO,574.76,BUNKERWORLD_HISTORICAL
2019-08-21,SGP_SIN,MGO,731.24,BUNKERWORLD_HISTORICAL
2019-08-21,LKA_CMB,VLSFO,589.13,BUNKERWORLD_HISTORICAL
2019-08-21,LKA_CMB,MGO,749.52,BUNKERWORLD_HISTORICAL
2019-08-21,ARE_FUJ,VLSFO,569.01,BUNKERWORLD_HISTORICAL
2019-08-21,ARE_FUJ,MGO,723.92,BUNKERWORLD_HISTORICAL
2019-08-22,SGP_SIN,VLSFO,585.49,BUNKERWORLD_HISTORICAL
2019-08-22,SGP_SIN,MGO,746.6,BUNKERWORLD_HISTORICAL
2019-08-22,LKA_CMB,VLSFO,600.13,BUNKERWORLD_HISTORICAL
2019-08-22,LKA_CMB,MGO,765.27,BUNKERWORLD_HISTORICAL
2019-08-22,ARE_FUJ,VLSFO,579.64,BUNKERWORLD_HISTORICAL
2019-08-22,ARE_FUJ,MGO,739.14,BUNKERWORLD_HISTORICAL
2019-08-23,SGP_SIN,VLSFO,581.78,BUNKERWORLD_HISTORICAL
2019-08-23,SGP_SIN,MGO,745.42,BUNKERWORLD_HISTORICAL
2019-08-23,LKA_CMB,VLSFO,596.33,BUNKERWORLD_HISTORICAL
2019-08-23,LKA_CMB,MGO,764.06,BUNKERWORLD_HISTORICAL
2019-08-23,ARE_FUJ,VLSFO,575.97,BUNKERWORLD_HISTORICAL
2019-08-23,ARE_FUJ,MGO,737.97,BUNKERWORLD_HISTORICAL
2019-08-24,SGP_SIN,VLSFO,567.91,BUNKERWORLD_HISTORICAL
2019-08-24,SGP_SIN,MGO,731.22,BUNKERWORLD_HISTORICAL
2019-08-24,LKA_CMB,VLSFO,582.11,BUNKERWORLD_HISTORICAL
2019-08-24,LKA_CMB,MGO,749.5,BUNKERWORLD_HISTORICAL
2019-08-24,ARE_FUJ,VLSFO,562.23,BUNKERWORLD_HISTORICAL
2019-08-24,ARE_FUJ,MGO,723.91,BUNKERWORLD_HISTORICAL
2019-08-25,SGP_SIN,VLSFO,561.32,BUNKERWORLD_HISTORICAL
2019-08-25,SGP_SIN,MGO,720.24,BUNKERWORLD_HISTORICAL
2019-08-25,LKA_CMB,VLSFO,575.36,BUNKERWORLD_HISTORICAL
2019-08-25,LKA_CMB,MGO,738.24,BUNKERWORLD_HISTORICAL
2019-08-25,ARE_FUJ,VLSFO,555.71,BUNKERWORLD_HISTORICAL
2019-08-25,ARE_FUJ,MGO,713.03,BUNKERWORLD_HISTORICAL
2019-08-26,SGP_SIN,VLSFO,577.2,BUNKERWORLD_HISTORICAL
2019-08-26,SGP_SIN,MGO,737.82,BUNKERWORLD_HISTORICAL
2019-08-26,LKA_CMB,VLSFO,591.63,BUNKERWORLD_HISTORICAL
2019-08-26,LKA_CMB,MGO,756.27,BUNKERWORLD_HISTORICAL
2019-08-26,ARE_FUJ,VLSFO,571.43,BUNKERWORLD_HISTORICAL
2019-08-26,ARE_FUJ,MGO,730.45,BUNKERWORLD_HISTORICAL
2019-08-27,SGP_SIN,VLSFO,570.03,BUNKERWORLD_HISTORICAL
2019-08-27,SGP_SIN,MGO,731.01,BUNKERWORLD_HISTORICAL
2019-08-27,LKA_CMB,VLSFO,584.28,BUNKERWORLD_HISTORICAL
2019-08-27,LKA_CMB,MGO,749.29,BUNKERWORLD_HISTORICAL
2019-08-27,ARE_FUJ,VLSFO,564.33,BUNKERWORLD_HISTORICAL
2019-08-27,ARE_FUJ,MGO,723.7,BUNKERWORLD_HISTORICAL
2019-08-28,SGP_SIN,VLSFO,560.98,BUNKERWORLD_HISTORICAL
2019-08-28,SGP_SIN,MGO,719.87,BUNKERWORLD_HISTORICAL
2019-08-28,LKA_CMB,VLSFO,575.0,BUNKERWORLD_HISTORICAL
2019-08-28,LKA_CMB,MGO,737.87,BUNKERWORLD_HISTORICAL
2019-08-28,ARE_FUJ,VLSFO,555.37,BUNKERWORLD_HISTORICAL
2019-08-28,ARE_FUJ,MGO,712.67,BUNKERWORLD_HISTORICAL
2019-08-29,SGP_SIN,VLSFO,576.77,BUNKERWORLD_HISTORICAL
2019-08-29,SGP_SIN,MGO,740.18,BUNKERWORLD_HISTORICAL
2019-08-29,LKA_CMB,VLSFO,591.19,BUNKERWORLD_HISTORICAL
2019-08-29,LKA_CMB,MGO,758.68,BUNKERWORLD_HISTORICAL
2019-08-29,ARE_FUJ,VLSFO,571.0,BUNKERWORLD_HISTORICAL
2019-08-29,ARE_FUJ,MGO,732.77,BUNKERWORLD_HISTORICAL
2019-08-30,SGP_SIN,VLSFO,566.96,BUNKERWORLD_HISTORICAL
2019-08-30,SGP_SIN,MGO,728.04,BUNKERWORLD_HISTORICAL
2019-08-30,LKA_CMB,VLSFO,581.14,BUNKERWORLD_HISTORICAL
2019-08-30,LKA_CMB,MGO,746.24,BUNKERWORLD_HISTORICAL
2019-08-30,ARE_FUJ,VLSFO,561.29,BUNKERWORLD_HISTORICAL
2019-08-30,ARE_FUJ,MGO,720.76,BUNKERWORLD_HISTORICAL
2019-08-31,SGP_SIN,VLSFO,580.37,BUNKERWORLD_HISTORICAL
2019-08-31,SGP_SIN,MGO,739.54,BUNKERWORLD_HISTORICAL
2019-08-31,LKA_CMB,VLSFO,594.88,BUNKERWORLD_HISTORICAL
2019-08-31,LKA_CMB,MGO,758.03,BUNKERWORLD_HISTORICAL
2019-08-31,ARE_FUJ,VLSFO,574.57,BUNKERWORLD_HISTORICAL
2019-08-31,ARE_FUJ,MGO,732.15,BUNKERWORLD_HISTORICAL
2019-09-01,SGP_SIN,VLSFO,572.77,BUNKERWORLD_HISTORICAL
2019-09-01,SGP_SIN,MGO,722.18,BUNKERWORLD_HISTORICAL
2019-09-01,LKA_CMB,VLSFO,587.09,BUNKERWORLD_HISTORICAL
2019-09-01,LKA_CMB,MGO,740.24,BUNKERWORLD_HISTORICAL
2019-09-01,ARE_FUJ,VLSFO,567.04,BUNKERWORLD_HISTORICAL
2019-09-01,ARE_FUJ,MGO,714.96,BUNKERWORLD_HISTORICAL
2019-09-02,SGP_SIN,VLSFO,578.48,BUNKERWORLD_HISTORICAL
2019-09-02,SGP_SIN,MGO,742.09,BUNKERWORLD_HISTORICAL
2019-09-02,LKA_CMB,VLSFO,592.94,BUNKERWORLD_HISTORICAL
2019-09-02,LKA_CMB,MGO,760.65,BUNKERWORLD_HISTORICAL
2019-09-02,ARE_FUJ,VLSFO,572.69,BUNKERWORLD_HISTORICAL
2019-09-02,ARE_FUJ,MGO,734.67,BUNKERWORLD_HISTORICAL
2019-09-03,SGP_SIN,VLSFO,579.3,BUNKERWORLD_HISTORICAL
2019-09-03,SGP_SIN,MGO,741.75,BUNKERWORLD_HISTORICAL
2019-09-03,LKA_CMB,VLSFO,593.78,BUNKERWORLD_HISTORICAL
2019-09-03,LKA_CMB,MGO,760.29,BUNKERWORLD_HISTORICAL
2019-09-03,ARE_FUJ,VLSFO,573.51,BUNKERWORLD_HISTORICAL
2019-09-03,ARE_FUJ,MGO,734.33,BUNKERWORLD_HISTORICAL
2019-09-04,SGP_SIN,VLSFO,585.46,BUNKERWORLD_HISTORICAL
2019-09-04,SGP_SIN,MGO,756.15,BUNKERWORLD_HISTORICAL
2019-09-04,LKA_CMB,VLSFO,600.1,BUNKERWORLD_HISTORICAL
2019-09-04,LKA_CMB,MGO,775.05,BUNKERWORLD_HISTORICAL
2019-09-04,ARE_FUJ,VLSFO,579.61,BUNKERWORLD_HISTORICAL
2019-09-04,ARE_FUJ,MGO,748.59,BUNKERWORLD_HISTORICAL
2019-09-05,SGP_SIN,VLSFO,587.67,BUNKERWORLD_HISTORICAL
2019-09-05,SGP_SIN,MGO,748.68,BUNKERWORLD_HISTORICAL
2019-09-05,LKA_CMB,VLSFO,602.36,BUNKERWORLD_HISTORICAL
2019-09-05,LKA_CMB,MGO,767.4,BUNKERWORLD_HISTORICAL
2019-09-05,ARE_FUJ,VLSFO,581.79,BUNKERWORLD_HISTORICAL
2019-09-05,ARE_FUJ,MGO,741.19,BUNKERWORLD_HISTORICAL
2019-09-06,SGP_SIN,VLSFO,589.73,BUNKERWORLD_HISTORICAL
2019-09-06,SGP_SIN,MGO,767.49,BUNKERWORLD_HISTORICAL
2019-09-06,LKA_CMB,VLSFO,604.48,BUNKERWORLD_HISTORICAL
2019-09-06,LKA_CMB,MGO,786.68,BUNKERWORLD_HISTORICAL
2019-09-06,ARE_FUJ,VLSFO,583.84,BUNKERWORLD_HISTORICAL
2019-09-06,ARE_FUJ,MGO,759.81,BUNKERWORLD_HISTORICAL
2019-09-07,SGP_SIN,VLSFO,571.44,BUNKERWORLD_HISTORICAL
2019-09-07,SGP_SIN,MGO,739.24,BUNKERWORLD_HISTORICAL
2019-09-07,LKA_CMB,VLSFO,585.73,BUNKERWORLD_HISTORICAL
2019-09-07,LKA_CMB,MGO,757.72,BUNKERWORLD_HISTORICAL
2019-09-07,ARE_FUJ,VLSFO,565.73,BUNKERWORLD_HISTORICAL
2019-09-07,ARE_FUJ,MGO,731.85,BUNKERWORLD_HISTORICAL
2019-09-08,SGP_SIN,VLSFO,582.87,BUNKERWORLD_HISTORICAL
2019-09-08,SGP_SIN,MGO,752.6,BUNKERWORLD_HISTORICAL
2019-09-08,LKA_CMB,VLSFO,597.45,BUNKERWORLD_HISTORICAL
2019-09-08,LKA_CMB,MGO,771.42,BUNKERWORLD_HISTORICAL
2019-09-08,ARE_FUJ,VLSFO,577.04,BUNKERWORLD_HISTORICAL
2019-09-08,ARE_FUJ,MGO,745.08,BUNKERWORLD_HISTORICAL
2019-09-09,SGP_SIN,VLSFO,578.76,BUNKERWORLD_HISTORICAL
2019-09-09,SGP_SIN,MGO,731.41,BUNKERWORLD_HISTORICAL
2019-09-09,LKA_CMB,VLSFO,593.23,BUNKERWORLD_HISTORICAL
2019-09-09,LKA_CMB,MGO,749.69,BUNKERWORLD_HISTORICAL
2019-09-09,ARE_FUJ,VLSFO,572.98,BUNKERWORLD_HISTORICAL
2019-09-09,ARE_FUJ,MGO,724.09,BUNKERWORLD_HISTORICAL
2019-09-10,SGP_SIN,VLSFO,579.94,BUNKERWORLD_HISTORICAL
2019-09-10,SGP_SIN,MGO,748.02,BUNKERWORLD_HISTORICAL
2019-09-10,LKA_CMB,VLSFO,594.44,BUNKERWORLD_HISTORICAL
2019-09-10,LKA_CMB,MGO,766.72,BUNKERWORLD_HISTORICAL
2019-09-10,ARE_FUJ,VLSFO,574.14,BUNKERWORLD_HISTORICAL
2019-09-10,ARE_FUJ,MGO,740.54,BUNKERWORLD_HISTORICAL
2019-09-11,SGP_SIN,VLSFO,574.9,BUNKERWORLD_HISTORICAL
2019-09-11,SGP_SIN,MGO,728.1,BUNKERWORLD_HISTORICAL
2019-09-11,LKA_CMB,VLSFO,589.27,BUNKERWORLD_HISTORICAL
2019-09-11,LKA_CMB,MGO,746.31,BUNKERWORLD_HISTORICAL
2019-09-11,ARE_FUJ,VLSFO,569.15,BUNKERWORLD_HISTORICAL
2019-09-11,ARE_FUJ,MGO,720.82,BUNKERWORLD_HISTORICAL
2019-09-12,SGP_SIN,VLSFO,575.35,BUNKERWORLD_HISTORICAL
2019-09-12,SGP_SIN,MGO,736.31,BUNKERWORLD_HISTORICAL
2019-09-12,LKA_CMB,VLSFO,589.73,BUNKERWORLD_HISTORICAL
2019-09-12,LKA_CMB,MGO,754.71,BUNKERWORLD_HISTORICAL
2019-09-12,ARE_FUJ,VLSFO,569.6,BUNKERWORLD_HISTORICAL
2019-09-12,ARE_FUJ,MGO,728.94,BUNKERWORLD_HISTORICAL
2019-09-13,SGP_SIN,VLSFO,582.72,BUNKERWORLD_HISTORICAL
2019-09-13,SGP_SIN,MGO,749.53,BUNKERWORLD_HISTORICAL
2019-09-13,LKA_CMB,VLSFO,597.28,BUNKERWORLD_HISTORICAL
2019-09-13,LKA_CMB,MGO,768.26,BUNKERWORLD_HISTORICAL
2019-09-13,ARE_FUJ,VLSFO,576.89,BUNKERWORLD_HISTORICAL
2019-09-13,ARE_FUJ,MGO,742.03,BUNKERWORLD_HISTORICAL
2019-09-14,SGP_SIN,VLSFO,575.28,BUNKERWORLD_HISTORICAL
2019-09-14,SGP_SIN,MGO,727.88,BUNKERWORLD_HISTORICAL
2019-09-14,LKA_CMB,VLSFO,589.67,BUNKERWORLD_HISTORICAL
2019-09-14,LKA_CMB,MGO,746.08,BUNKERWORLD_HISTORICAL
2019-09-14,ARE_FUJ,VLSFO,569.53,BUNKERWORLD_HISTORICAL
2019-09-14,ARE_FUJ,MGO,720.61,BUNKERWORLD_HISTORICAL
2019-09-15,SGP_SIN,VLSFO,578.3,BUNKERWORLD_HISTORICAL
2019-09-15,SGP_SIN,MGO,737.73,BUNKERWORLD_HISTORICAL
2019-09-15,LKA_CMB,VLSFO,592.76,BUNKERWORLD_HISTORICAL
2019-09-15,LKA_CMB,MGO,756.17,BUNKERWORLD_HISTORICAL
2019-09-15,ARE_FUJ,VLSFO,572.52,BUNKERWORLD_HISTORICAL
2019-09-15,ARE_FUJ,MGO,730.35,BUNKERWORLD_HISTORICAL
2019-09-16,SGP_SIN,VLSFO,580.23,BUNKERWORLD_HISTORICAL
2019-09-16,SGP_SIN,MGO,750.69,BUNKERWORLD_HISTORICAL
2019-09-16,LKA_CMB,VLSFO,594.73,BUNKERWORLD_HISTORICAL
2019-09-16,LKA_CMB,MGO,769.46,BUNKERWORLD_HISTORICAL
2019-09-16,ARE_FUJ,VLSFO,574.43,BUNKERWORLD_HISTORICAL
2019-09-16,ARE_FUJ,MGO,743.18,BUNKERWORLD_HISTORICAL
2019-09-17,SGP_SIN,VLSFO,565.35,BUNKERWORLD_HISTORICAL
2019-09-17,SGP_SIN,MGO,740.32,BUNKERWORLD_HISTORICAL
2019-09-17,LKA_CMB,VLSFO,579.48,BUNKERWORLD_HISTORICAL
2019-09-17,LKA_CMB,MGO,758.83,BUNKERWORLD_HISTORICAL
2019-09-17,ARE_FUJ,VLSFO,559.69,BUNKERWORLD_HISTORICAL
2019-09-17,ARE_FUJ,MGO,732.92,BUNKERWORLD_HISTORICAL
2019-09-18,SGP_SIN,VLSFO,574.38,BUNKERWORLD_HISTORICAL
2019-09-18,SGP_SIN,MGO,732.02,BUNKERWORLD_HISTORICAL
2019-09-18,LKA_CMB,VLSFO,588.74,BUNKERWORLD_HISTORICAL
2019-09-18,LKA_CMB,MGO,750.32,BUNKERWORLD_HISTORICAL
2019-09-18,ARE_FUJ,VLSFO,568.63,BUNKERWORLD_HISTORICAL
2019-09-18,ARE_FUJ,MGO,724.7,BUNKERWORLD_HISTORICAL
2019-09-19,SGP_SIN,VLSFO,587.69,BUNKERWORLD_HISTORICAL
2019-09-19,SGP_SIN,MGO,758.22,BUNKERWORLD_HISTORICAL
2019-09-19,LKA_CMB,VLSFO,602.39,BUNKERWORLD_HISTORICAL
2019-09-19,LKA_CMB,MGO,777.17,BUNKERWORLD_HISTORICAL
2019-09-19,ARE_FUJ,VLSFO,581.82,BUNKERWORLD_HISTORICAL
2019-09-19,ARE_FUJ,MGO,750.64,BUNKERWORLD_HISTORICAL
2019-09-20,SGP_SIN,VLSFO,576.07,BUNKERWORLD_HISTORICAL
2019-09-20,SGP_SIN,MGO,743.7,BUNKERWORLD_HISTORICAL
2019-09-20,LKA_CMB,VLSFO,590.48,BUNKERWORLD_HISTORICAL
2019-09-20,LKA_CMB,MGO,762.3,BUNKERWORLD_HISTORICAL
2019-09-20,ARE_FUJ,VLSFO,570.31,BUNKERWORLD_HISTORICAL
2019-09-20,ARE_FUJ,MGO,736.27,BUNKERWORLD_HISTORICAL
2019-09-21,SGP_SIN,VLSFO,568.74,BUNKERWORLD_HISTORICAL
2019-09-21,SGP_SIN,MGO,710.3,BUNKERWORLD_HISTORICAL
2019-09-21,LKA_CMB,VLSFO,582.95,BUNKERWORLD_HISTORICAL
2019-09-21,LKA_CMB,MGO,728.05,BUNKERWORLD_HISTORICAL
2019-09-21,ARE_FUJ,VLSFO,563.05,BUNKERWORLD_HISTORICAL
2019-09-21,ARE_FUJ,MGO,703.19,BUNKERWORLD_HISTORICAL
2019-09-22,SGP_SIN,VLSFO,570.4,BUNKERWORLD_HISTORICAL
2019-09-22,SGP_SIN,MGO,733.95,BUNKERWORLD_HISTORICAL
2019-09-22,LKA_CMB,VLSFO,584.66,BUNKERWORLD_HISTORICAL
2019-09-22,LKA_CMB,MGO,752.29,BUNKERWORLD_HISTORICAL
2019-09-22,ARE_FUJ,VLSFO,564.7,BUNKERWORLD_HISTORICAL
2019-09-22,ARE_FUJ,MGO,726.61,BUNKERWORLD_HISTORICAL
2019-09-23,SGP_SIN,VLSFO,568.86,BUNKERWORLD_HISTORICAL
2019-09-23,SGP_SIN,MGO,723.26,BUNKERWORLD_HISTORICAL
2019-09-23,LKA_CMB,VLSFO,583.08,BUNKERWORLD_HISTORICAL
2019-09-23,LKA_CMB,MGO,741.34,BUNKERWORLD_HISTORICAL
2019-09-23,ARE_FUJ,VLSFO,563.17,BUNKERWORLD_HISTORICAL
2019-09-23,ARE_FUJ,MGO,716.03,BUNKERWORLD_HISTORICAL
2019-09-24,SGP_SIN,VLSFO,567.88,BUNKERWORLD_HISTORICAL
2019-09-24,SGP_SIN,MGO,716.14,BUNKERWORLD_HISTORICAL
2019-09-24,LKA_CMB,VLSFO,582.08,BUNKERWORLD_HISTORICAL
2019-09-24,LKA_CMB,MGO,734.04,BUNKERWORLD_HISTORICAL
2019-09-24,ARE_FUJ,VLSFO,562.2,BUNKERWORLD_HISTORICAL
2019-09-24,ARE_FUJ,MGO,708.98,BUNKERWORLD_HISTORICAL
2019-09-25,SGP_SIN,VLSFO,564.4,BUNKERWORLD_HISTORICAL
2019-09-25,SGP_SIN,MGO,731.72,BUNKERWORLD_HISTORICAL
2019-09-25,LKA_CMB,VLSFO,578.51,BUNKERWORLD_HISTORICAL
2019-09-25,LKA_CMB,MGO,750.02,BUNKERWORLD_HISTORICAL
2019-09-25,ARE_FUJ,VLSFO,558.76,BUNKERWORLD_HISTORICAL
2019-09-25,ARE_FUJ,MGO,724.41,BUNKERWORLD_HISTORICAL
2019-09-26,SGP_SIN,VLSFO,573.33,BUNKERWORLD_HISTORICAL
2019-09-26,SGP_SIN,MGO,737.03,BUNKERWORLD_HISTORICAL
2019-09-26,LKA_CMB,VLSFO,587.66,BUNKERWORLD_HISTORICAL
2019-09-26,LKA_CMB,MGO,755.46,BUNKERWORLD_HISTORICAL
2019-09-26,ARE_FUJ,VLSFO,567.59,BUNKERWORLD_HISTORICAL
2019-09-26,ARE_FUJ,MGO,729.66,BUNKERWORLD_HISTORICAL
2019-09-27,SGP_SIN,VLSFO,563.2,BUNKERWORLD_HISTORICAL
2019-09-27,SGP_SIN,MGO,737.22,BUNKERWORLD_HISTORICAL
2019-09-27,LKA_CMB,VLSFO,577.28,BUNKERWORLD_HISTORICAL
2019-09-27,LKA_CMB,MGO,755.65,BUNKERWORLD_HISTORICAL
2019-09-27,ARE_FUJ,VLSFO,557.57,BUNKERWORLD_HISTORICAL
2019-09-27,ARE_FUJ,MGO,729.85,BUNKERWORLD_HISTORICAL
2019-09-28,SGP_SIN,VLSFO,565.45,BUNKERWORLD_HISTORICAL
2019-09-28,SGP_SIN,MGO,729.84,BUNKERWORLD_HISTORICAL
2019-09-28,LKA_CMB,VLSFO,579.59,BUNKERWORLD_HISTORICAL
2019-09-28,LKA_CMB,MGO,748.09,BUNKERWORLD_HISTORICAL
2019-09-28,ARE_FUJ,VLSFO,559.8,BUNKERWORLD_HISTORICAL
2019-09-28,ARE_FUJ,MGO,722.54,BUNKERWORLD_HISTORICAL
2019-09-29,SGP_SIN,VLSFO,562.89,BUNKERWORLD_HISTORICAL
2019-09-29,SGP_SIN,MGO,719.63,BUNKERWORLD_HISTORICAL
2019-09-29,LKA_CMB,VLSFO,576.96,BUNKERWORLD_HISTORICAL
2019-09-29,LKA_CMB,MGO,737.62,BUNKERWORLD_HISTORICAL
2019-09-29,ARE_FUJ,VLSFO,557.26,BUNKERWORLD_HISTORICAL
2019-09-29,ARE_FUJ,MGO,712.43,BUNKERWORLD_HISTORICAL
2019-09-30,SGP_SIN,VLSFO,558.33,BUNKERWORLD_HISTORICAL
2019-09-30,SGP_SIN,MGO,710.26,BUNKERWORLD_HISTORICAL
2019-09-30,LKA_CMB,VLSFO,572.29,BUNKERWORLD_HISTORICAL
2019-09-30,LKA_CMB,MGO,728.02,BUNKERWORLD_HISTORICAL
2019-09-30,ARE_FUJ,VLSFO,552.75,BUNKERWORLD_HISTORICAL
2019-09-30,ARE_FUJ,MGO,703.16,BUNKERWORLD_HISTORICAL
2019-10-01,SGP_SIN,VLSFO,566.21,BUNKERWORLD_HISTORICAL
2019-10-01,SGP_SIN,MGO,712.5,BUNKERWORLD_HISTORICAL
2019-10-01,LKA_CMB,VLSFO,580.36,BUNKERWORLD_HISTORICAL
2019-10-01,LKA_CMB,MGO,730.31,BUNKERWORLD_HISTORICAL
2019-10-01,ARE_FUJ,VLSFO,560.54,BUNKERWORLD_HISTORICAL
2019-10-01,ARE_FUJ,MGO,705.37,BUNKERWORLD_HISTORICAL
2019-10-02,SGP_SIN,VLSFO,566.35,BUNKERWORLD_HISTORICAL
2019-10-02,SGP_SIN,MGO,733.88,BUNKERWORLD_HISTORICAL
2019-10-02,LKA_CMB,VLSFO,580.51,BUNKERWORLD_HISTORICAL
2019-10-02,LKA_CMB,MGO,752.23,BUNKERWORLD_HISTORICAL
2019-10-02,ARE_FUJ,VLSFO,560.68,BUNKERWORLD_HISTORICAL
2019-10-02,ARE_FUJ,MGO,726.54,BUNKERWORLD_HISTORICAL
2019-10-03,SGP_SIN,VLSFO,575.49,BUNKERWORLD_HISTORICAL
2019-10-03,SGP_SIN,MGO,742.84,BUNKERWORLD_HISTORICAL
2019-10-03,LKA_CMB,VLSFO,589.88,BUNKERWORLD_HISTORICAL
2019-10-03,LKA_CMB,MGO,761.41,BUNKERWORLD_HISTORICAL
2019-10-03,ARE_FUJ,VLSFO,569.74,BUNKERWORLD_HISTORICAL
2019-10-03,ARE_FUJ,MGO,735.41,BUNKERWORLD_HISTORICAL
2019-10-04,SGP_SIN,VLSFO,573.95,BUNKERWORLD_HISTORICAL
2019-10-04,SGP_SIN,MGO,736.8,BUNKERWORLD_HISTORICAL
2019-10-04,LKA_CMB,VLSFO,588.3,BUNKERWORLD_HISTORICAL
2019-10-04,LKA_CMB,MGO,755.22,BUNKERWORLD_HISTORICAL
2019-10-04,ARE_FUJ,VLSFO,568.21,BUNKERWORLD_HISTORICAL
2019-10-04,ARE_FUJ,MGO,729.43,BUNKERWORLD_HISTORICAL
2019-10-05,SGP_SIN,VLSFO,575.73,BUNKERWORLD_HISTORICAL
2019-10-05,SGP_SIN,MGO,747.06,BUNKERWORLD_HISTORICAL
2019-10-05,LKA_CMB,VLSFO,590.13,BUNKERWORLD_HISTORICAL
2019-10-05,LKA_CMB,MGO,765.74,BUNKERWORLD_HISTORICAL
2019-10-05,ARE_FUJ,VLSFO,569.98,BUNKERWORLD_HISTORICAL
2019-10-05,ARE_FUJ,MGO,739.59,BUNKERWORLD_HISTORICAL
2019-10-06,SGP_SIN,VLSFO,564.8,BUNKERWORLD_HISTORICAL
2019-10-06,SGP_SIN,MGO,722.24,BUNKERWORLD_HISTORICAL
2019-10-06,LKA_CMB,VLSFO,578.92,BUNKERWORLD_HISTORICAL
2019-10-06,LKA_CMB,MGO,740.3,BUNKERWORLD_HISTORICAL
2019-10-06,ARE_FUJ,VLSFO,559.15,BUNKERWORLD_HISTORICAL
2019-10-06,ARE_FUJ,MGO,715.02,BUNKERWORLD_HISTORICAL
2019-10-07,SGP_SIN,VLSFO,570.26,BUNKERWORLD_HISTORICAL
2019-10-07,SGP_SIN,MGO,726.3,BUNKERWORLD_HISTORICAL
2019-10-07,LKA_CMB,VLSFO,584.51,BUNKERWORLD_HISTORICAL
2019-10-07,LKA_CMB,MGO,744.45,BUNKERWORLD_HISTORICAL
2019-10-07,ARE_FUJ,VLSFO,564.55,BUNKERWORLD_HISTORICAL
2019-10-07,ARE_FUJ,MGO,719.03,BUNKERWORLD_HISTORICAL
2019-10-08,SGP_SIN,VLSFO,565.11,BUNKERWORLD_HISTORICAL
2019-10-08,SGP_SIN,MGO,723.72,BUNKERWORLD_HISTORICAL
2019-10-08,LKA_CMB,VLSFO,579.24,BUNKERWORLD_HISTORICAL
2019-10-08,LKA_CMB,MGO,741.81,BUNKERWORLD_HISTORICAL
2019-10-08,ARE_FUJ,VLSFO,559.46,BUNKERWORLD_HISTORICAL
2019-10-08,ARE_FUJ,MGO,716.48,BUNKERWORLD_HISTORICAL
2019-10-09,SGP_SIN,VLSFO,566.46,BUNKERWORLD_HISTORICAL
2019-10-09,SGP_SIN,MGO,727.69,BUNKERWORLD_HISTORICAL
2019-10-09,LKA_CMB,VLSFO,580.62,BUNKERWORLD_HISTORICAL
2019-10-09,LKA_CMB,MGO,745.88,BUNKERWORLD_HISTORICAL
2019-10-09,ARE_FUJ,VLSFO,560.79,BUNKERWORLD_HISTORICAL
2019-10-09,ARE_FUJ,MGO,720.41,BUNKERWORLD_HISTORICAL
2019-10-10,SGP_SIN,VLSFO,562.73,BUNKERWORLD_HISTORICAL
2019-10-10,SGP_SIN,MGO,732.29,BUNKERWORLD_HISTORICAL
2019-10-10,LKA_CMB,VLSFO,576.79,BUNKERWORLD_HISTORICAL
2019-10-10,LKA_CMB,MGO,750.59,BUNKERWORLD_HISTORICAL
2019-10-10,ARE_FUJ,VLSFO,557.1,BUNKERWORLD_HISTORICAL
2019-10-10,ARE_FUJ,MGO,724.96,BUNKERWORLD_HISTORICAL
2019-10-11,SGP_SIN,VLSFO,576.75,BUNKERWORLD_HISTORICAL
2019-10-11,SGP_SIN,MGO,730.71,BUNKERWORLD_HISTORICAL
2019-10-11,LKA_CMB,VLSFO,591.17,BUNKERWORLD_HISTORICAL
2019-10-11,LKA_CMB,MGO,748.98,BUNKERWORLD_HISTORICAL
2019-10-11,ARE_FUJ,VLSFO,570.99,BUNKERWORLD_HISTORICAL
2019-10-11,ARE_FUJ,MGO,723.4,BUNKERWORLD_HISTORICAL
2019-10-12,SGP_SIN,VLSFO,547.3,BUNKERWORLD_HISTORICAL
2019-10-12,SGP_SIN,MGO,697.01,BUNKERWORLD_HISTORICAL
2019-10-12,LKA_CMB,VLSFO,560.98,BUNKERWORLD_HISTORICAL
2019-10-12,LKA_CMB,MGO,714.44,BUNKERWORLD_HISTORICAL
2019-10-12,ARE_FUJ,VLSFO,541.82,BUNKERWORLD_HISTORICAL
2019-10-12,ARE_FUJ,MGO,690.04,BUNKERWORLD_HISTORICAL
2019-10-13,SGP_SIN,VLSFO,568.5,BUNKERWORLD_HISTORICAL
2019-10-13,SGP_SIN,MGO,718.85,BUNKERWORLD_HISTORICAL
2019-10-13,LKA_CMB,VLSFO,582.71,BUNKERWORLD_HISTORICAL
2019-10-13,LKA_CMB,MGO,736.82,BUNKERWORLD_HISTORICAL
2019-10-13,ARE_FUJ,VLSFO,562.81,BUNKERWORLD_HISTORICAL
2019-10-13,ARE_FUJ,MGO,711.66,BUNKERWORLD_HISTORICAL
2019-10-14,SGP_SIN,VLSFO,569.78,BUNKERWORLD_HISTORICAL
2019-10-14,SGP_SIN,MGO,723.67,BUNKERWORLD_HISTORICAL
2019-10-14,LKA_CMB,VLSFO,584.02,BUNKERWORLD_HISTORICAL
2019-10-14,LKA_CMB,MGO,741.76,BUNKERWORLD_HISTORICAL
2019-10-14,ARE_FUJ,VLSFO,564.08,BUNKERWORLD_HISTORICAL
2019-10-14,ARE_FUJ,MGO,716.44,BUNKERWORLD_HISTORICAL
2019-10-15,SGP_SIN,VLSFO,573.51,BUNKERWORLD_HISTORICAL
2019-10-15,SGP_SIN,MGO,734.07,BUNKERWORLD_HISTORICAL
2019-10-15,LKA_CMB,VLSFO,587.85,BUNKERWORLD_HISTORICAL
2019-10-15,LKA_CMB,MGO,752.43,BUNKERWORLD_HISTORICAL
2019-10-15,ARE_FUJ,VLSFO,567.77,BUNKERWORLD_HISTORICAL
2019-10-15,ARE_FUJ,MGO,726.73,BUNKERWORLD_HISTORICAL
2019-10-16,SGP_SIN,VLSFO,571.63,BUNKERWORLD_HISTORICAL
2019-10-16,SGP_SIN,MGO,741.44,BUNKERWORLD_HISTORICAL
2019-10-16,LKA_CMB,VLSFO,585.92,BUNKERWORLD_HISTORICAL
2019-10-16,LKA_CMB,MGO,759.97,BUNKERWORLD_HISTORICAL
2019-10-16,ARE_FUJ,VLSFO,565.91,BUNKERWORLD_HISTORICAL
2019-10-16,ARE_FUJ,MGO,734.02,BUNKERWORLD_HISTORICAL
2019-10-17,SGP_SIN,VLSFO,562.53,BUNKERWORLD_HISTORICAL
2019-10-17,SGP_SIN,MGO,718.6,BUNKERWORLD_HISTORICAL
2019-10-17,LKA_CMB,VLSFO,576.6,BUNKERWORLD_HISTORICAL
2019-10-17,LKA_CMB,MGO,736.57,BUNKERWORLD_HISTORICAL
2019-10-17,ARE_FUJ,VLSFO,556.91,BUNKERWORLD_HISTORICAL
2019-10-17,ARE_FUJ,MGO,711.42,BUNKERWORLD_HISTORICAL
2019-10-18,SGP_SIN,VLSFO,570.38,BUNKERWORLD_HISTORICAL
2019-10-18,SGP_SIN,MGO,723.13,BUNKERWORLD_HISTORICAL
2019-10-18,LKA_CMB,VLSFO,584.63,BUNKERWORLD_HISTORICAL
2019-10-18,LKA_CMB,MGO,741.21,BUNKERWORLD_HISTORICAL
2019-10-18,ARE_FUJ,VLSFO,564.67,BUNKERWORLD_HISTORICAL
2019-10-18,ARE_FUJ,MGO,715.9,BUNKERWORLD_HISTORICAL
2019-10-19,SGP_SIN,VLSFO,557.73,BUNKERWORLD_HISTORICAL
2019-10-19,SGP_SIN,MGO,714.29,BUNKERWORLD_HISTORICAL
2019-10-19,LKA_CMB,VLSFO,571.67,BUNKERWORLD_HISTORICAL
2019-10-19,LKA_CMB,MGO,732.15,BUNKERWORLD_HISTORICAL
2019-10-19,ARE_FUJ,VLSFO,552.15,BUNKERWORLD_HISTORICAL
2019-10-19,ARE_FUJ,MGO,707.15,BUNKERWORLD_HISTORICAL
2019-10-20,SGP_SIN,VLSFO,560.78,BUNKERWORLD_HISTORICAL
2019-10-20,SGP_SIN,MGO,716.27,BUNKERWORLD_HISTORICAL
2019-10-20,LKA_CMB,VLSFO,574.8,BUNKERWORLD_HISTORICAL
2019-10-20,LKA_CMB,MGO,734.18,BUNKERWORLD_HISTORICAL
2019-10-20,ARE_FUJ,VLSFO,555.17,BUNKERWORLD_HISTORICAL
2019-10-20,ARE_FUJ,MGO,709.11,BUNKERWORLD_HISTORICAL
2019-10-21,SGP_SIN,VLSFO,557.11,BUNKERWORLD_HISTORICAL
2019-10-21,SGP_SIN,MGO,713.29,BUNKERWORLD_HISTORICAL
2019-10-21,LKA_CMB,VLSFO,571.04,BUNKERWORLD_HISTORICAL
2019-10-21,LKA_CMB,MGO,731.13,BUNKERWORLD_HISTORICAL
2019-10-21,ARE_FUJ,VLSFO,551.54,BUNKERWORLD_HISTORICAL
2019-10-21,ARE_FUJ,MGO,706.16,BUNKERWORLD_HISTORICAL
2019-10-22,SGP_SIN,VLSFO,555.13,BUNKERWORLD_HISTORICAL
2019-10-22,SGP_SIN,MGO,723.36,BUNKERWORLD_HISTORICAL
2019-10-22,LKA_CMB,VLSFO,569.01,BUNKERWORLD_HISTORICAL
2019-10-22,LKA_CMB,MGO,741.45,BUNKERWORLD_HISTORICAL
2019-10-22,ARE_FUJ,VLSFO,549.58,BUNKERWORLD_HISTORICAL
2019-10-22,ARE_FUJ,MGO,716.13,BUNKERWORLD_HISTORICAL
2019-10-23,SGP_SIN,VLSFO,554.11,BUNKERWORLD_HISTORICAL
2019-10-23,SGP_SIN,MGO,706.2,BUNKERWORLD_HISTORICAL
2019-10-23,LKA_CMB,VLSFO,567.96,BUNKERWORLD_HISTORICAL
2019-10-23,LKA_CMB,MGO,723.85,BUNKERWORLD_HISTORICAL
2019-10-23,ARE_FUJ,VLSFO,548.57,BUNKERWORLD_HISTORICAL
2019-10-23,ARE_FUJ,MGO,699.14,BUNKERWORLD_HISTORICAL
2019-10-24,SGP_SIN,VLSFO,547.91,BUNKERWORLD_HISTORICAL
2019-10-24,SGP_SIN,MGO,699.49,BUNKERWORLD_HISTORICAL
2019-10-24,LKA_CMB,VLSFO,561.6,BUNKERWORLD_HISTORICAL
2019-10-24,LKA_CMB,MGO,716.98,BUNKERWORLD_HISTORICAL
2019-10-24,ARE_FUJ,VLSFO,542.43,BUNKERWORLD_HISTORICAL
2019-10-24,ARE_FUJ,MGO,692.5,BUNKERWORLD_HISTORICAL
2019-10-25,SGP_SIN,VLSFO,565.73,BUNKERWORLD_HISTORICAL
2019-10-25,SGP_SIN,MGO,722.2,BUNKERWORLD_HISTORICAL
2019-10-25,LKA_CMB,VLSFO,579.88,BUNKERWORLD_HISTORICAL
2019-10-25,LKA_CMB,MGO,740.25,BUNKERWORLD_HISTORICAL
2019-10-25,ARE_FUJ,VLSFO,560.08,BUNKERWORLD_HISTORICAL
2019-10-25,ARE_FUJ,MGO,714.98,BUNKERWORLD_HISTORICAL
2019-10-26,SGP_SIN,VLSFO,563.88,BUNKERWORLD_HISTORICAL
2019-10-26,SGP_SIN,MGO,713.4,BUNKERWORLD_HISTORICAL
2019-10-26,LKA_CMB,VLSFO,577.98,BUNKERWORLD_HISTORICAL
2019-10-26,LKA_CMB,MGO,731.24,BUNKERWORLD_HISTORICAL
2019-10-26,ARE_FUJ,VLSFO,558.24,BUNKERWORLD_HISTORICAL
2019-10-26,ARE_FUJ,MGO,706.27,BUNKERWORLD_HISTORICAL
2019-10-27,SGP_SIN,VLSFO,558.54,BUNKERWORLD_HISTORICAL
2019-10-27,SGP_SIN,MGO,723.61,BUNKERWORLD_HISTORICAL
2019-10-27,LKA_CMB,VLSFO,572.5,BUNKERWORLD_HISTORICAL
2019-10-27,LKA_CMB,MGO,741.7,BUNKERWORLD_HISTORICAL
2019-10-27,ARE_FUJ,VLSFO,552.95,BUNKERWORLD_HISTORICAL
2019-10-27,ARE_FUJ,MGO,716.37,BUNKERWORLD_HISTORICAL
2019-10-28,SGP_SIN,VLSFO,552.47,BUNKERWORLD_HISTORICAL
2019-10-28,SGP_SIN,MGO,719.02,BUNKERWORLD_HISTORICAL
2019-10-28,LKA_CMB,VLSFO,566.28,BUNKERWORLD_HISTORICAL
2019-10-28,LKA_CMB,MGO,736.99,BUNKERWORLD_HISTORICAL
2019-10-28,ARE_FUJ,VLSFO,546.94,BUNKERWORLD_HISTORICAL
2019-10-28,ARE_FUJ,MGO,711.82,BUNKERWORLD_HISTORICAL
2019-10-29,SGP_SIN,VLSFO,551.67,BUNKERWORLD_HISTORICAL
2019-10-29,SGP_SIN,MGO,719.38,BUNKERWORLD_HISTORICAL
2019-10-29,LKA_CMB,VLSFO,565.46,BUNKERWORLD_HISTORICAL
2019-10-29,LKA_CMB,MGO,737.36,BUNKERWORLD_HISTORICAL
2019-10-29,ARE_FUJ,VLSFO,546.15,BUNKERWORLD_HISTORICAL
2019-10-29,ARE_FUJ,MGO,712.18,BUNKERWORLD_HISTORICAL
2019-10-30,SGP_SIN,VLSFO,548.64,BUNKERWORLD_HISTORICAL
2019-10-30,SGP_SIN,MGO,685.58,BUNKERWORLD_HISTORICAL
2019-10-30,LKA_CMB,VLSFO,562.35,BUNKERWORLD_HISTORICAL
2019-10-30,LKA_CMB,MGO,702.72,BUNKERWORLD_HISTORICAL
2019-10-30,ARE_FUJ,VLSFO,543.15,BUNKERWORLD_HISTORICAL
2019-10-30,ARE_FUJ,MGO,678.73,BUNKERWORLD_HISTORICAL
2019-10-31,SGP_SIN,VLSFO,556.29,BUNKERWORLD_HISTORICAL
2019-10-31,SGP_SIN,MGO,709.08,BUNKERWORLD_HISTORICAL
2019-10-31,LKA_CMB,VLSFO,570.19,BUNKERWORLD_HISTORICAL
2019-10-31,LKA_CMB,MGO,726.81,BUNKERWORLD_HISTORICAL
2019-10-31,ARE_FUJ,VLSFO,550.72,BUNKERWORLD_HISTORICAL
2019-10-31,ARE_FUJ,MGO,701.99,BUNKERWORLD_HISTORICAL
2019-11-01,SGP_SIN,VLSFO,560.44,BUNKERWORLD_HISTORICAL
2019-11-01,SGP_SIN,MGO,709.66,BUNKERWORLD_HISTORICAL
2019-11-01,LKA_CMB,VLSFO,574.45,BUNKERWORLD_HISTORICAL
2019-11-01,LKA_CMB,MGO,727.4,BUNKERWORLD_HISTORICAL
2019-11-01,ARE_FUJ,VLSFO,554.83,BUNKERWORLD_HISTORICAL
2019-11-01,ARE_FUJ,MGO,702.57,BUNKERWORLD_HISTORICAL
2019-11-02,SGP_SIN,VLSFO,573.2,BUNKERWORLD_HISTORICAL
2019-11-02,SGP_SIN,MGO,733.52,BUNKERWORLD_HISTORICAL
2019-11-02,LKA_CMB,VLSFO,587.53,BUNKERWORLD_HISTORICAL
2019-11-02,LKA_CMB,MGO,751.86,BUNKERWORLD_HISTORICAL
2019-11-02,ARE_FUJ,VLSFO,567.47,BUNKERWORLD_HISTORICAL
2019-11-02,ARE_FUJ,MGO,726.19,BUNKERWORLD_HISTORICAL
2019-11-03,SGP_SIN,VLSFO,572.76,BUNKERWORLD_HISTORICAL
2019-11-03,SGP_SIN,MGO,735.28,BUNKERWORLD_HISTORICAL
2019-11-03,LKA_CMB,VLSFO,587.08,BUNKERWORLD_HISTORICAL
2019-11-03,LKA_CMB,MGO,753.66,BUNKERWORLD_HISTORICAL
2019-11-03,ARE_FUJ,VLSFO,567.03,BUNKERWORLD_HISTORICAL
2019-11-03,ARE_FUJ,MGO,727.93,BUNKERWORLD_HISTORICAL
2019-11-04,SGP_SIN,VLSFO,564.64,BUNKERWORLD_HISTORICAL
2019-11-04,SGP_SIN,MGO,727.14,BUNKERWORLD_HISTORICAL
2019-11-04,LKA_CMB,VLSFO,578.76,BUNKERWORLD_HISTORICAL
2019-11-04,LKA_CMB,MGO,745.32,BUNKERWORLD_HISTORICAL
2019-11-04,ARE_FUJ,VLSFO,558.99,BUNKERWORLD_HISTORICAL
2019-11-04,ARE_FUJ,MGO,719.87,BUNKERWORLD_HISTORICAL
2019-11-05,SGP_SIN,VLSFO,563.5,BUNKERWORLD_HISTORICAL
2019-11-05,SGP_SIN,MGO,700.75,BUNKERWORLD_HISTORICAL
2019-11-05,LKA_CMB,VLSFO,577.59,BUNKERWORLD_HISTORICAL
2019-11-05,LKA_CMB,MGO,718.27,BUNKERWORLD_HISTORICAL
2019-11-05,ARE_FUJ,VLSFO,557.86,BUNKERWORLD_HISTORICAL
2019-11-05,ARE_FUJ,MGO,693.74,BUNKERWORLD_HISTORICAL
2019-11-06,SGP_SIN,VLSFO,565.72,BUNKERWORLD_HISTORICAL
2019-11-06,SGP_SIN,MGO,714.92,BUNKERWORLD_HISTORICAL
2019-11-06,LKA_CMB,VLSFO,579.86,BUNKERWORLD_HISTORICAL
2019-11-06,LKA_CMB,MGO,732.8,BUNKERWORLD_HISTORICAL
2019-11-06,ARE_FUJ,VLSFO,560.06,BUNKERWORLD_HISTORICAL
2019-11-06,ARE_FUJ,MGO,707.77,BUNKERWORLD_HISTORICAL
2019-11-07,SGP_SIN,VLSFO,571.96,BUNKERWORLD_HISTORICAL
2019-11-07,SGP_SIN,MGO,731.31,BUNKERWORLD_HISTORICAL
2019-11-07,LKA_CMB,VLSFO,586.26,BUNKERWORLD_HISTORICAL
2019-11-07,LKA_CMB,MGO,749.59,BUNKERWORLD_HISTORICAL
2019-11-07,ARE_FUJ,VLSFO,566.24,BUNKERWORLD_HISTORICAL
2019-11-07,ARE_FUJ,MGO,723.99,BUNKERWORLD_HISTORICAL
2019-11-08,SGP_SIN,VLSFO,570.4,BUNKERWORLD_HISTORICAL
2019-11-08,SGP_SIN,MGO,727.27,BUNKERWORLD_HISTORICAL
2019-11-08,LKA_CMB,VLSFO,584.66,BUNKERWORLD_HISTORICAL
2019-11-08,LKA_CMB,MGO,745.45,BUNKERWORLD_HISTORICAL
2019-11-08,ARE_FUJ,VLSFO,564.7,BUNKERWORLD_HISTORICAL
2019-11-08,ARE_FUJ,MGO,720.0,BUNKERWORLD_HISTORICAL
2019-11-09,SGP_SIN,VLSFO,573.75,BUNKERWORLD_HISTORICAL
2019-11-09,SGP_SIN,MGO,722.54,BUNKERWORLD_HISTORICAL
2019-11-09,LKA_CMB,VLSFO,588.09,BUNKERWORLD_HISTORICAL
2019-11-09,LKA_CMB,MGO,740.6,BUNKERWORLD_HISTORICAL
2019-11-09,ARE_FUJ,VLSFO,568.01,BUNKERWORLD_HISTORICAL
2019-11-09,ARE_FUJ,MGO,715.31,BUNKERWORLD_HISTORICAL
2019-11-10,SGP_SIN,VLSFO,569.05,BUNKERWORLD_HISTORICAL
2019-11-10,SGP_SIN,MGO,715.49,BUNKERWORLD_HISTORICAL
2019-11-10,LKA_CMB,VLSFO,583.28,BUNKERWORLD_HISTORICAL
2019-11-10,LKA_CMB,MGO,733.38,BUNKERWORLD_HISTORICAL
2019-11-10,ARE_FUJ,VLSFO,563.36,BUNKERWORLD_HISTORICAL
2019-11-10,ARE_FUJ,MGO,708.34,BUNKERWORLD_HISTORICAL
2019-11-11,SGP_SIN,VLSFO,563.42,BUNKERWORLD_HISTORICAL
2019-11-11,SGP_SIN,MGO,718.26,BUNKERWORLD_HISTORICAL
2019-11-11,LKA_CMB,VLSFO,577.51,BUNKERWORLD_HISTORICAL
2019-11-11,LKA_CMB,MGO,736.22,BUNKERWORLD_HISTORICAL
2019-11-11,ARE_FUJ,VLSFO,557.79,BUNKERWORLD_HISTORICAL
2019-11-11,ARE_FUJ,MGO,711.08,BUNKERWORLD_HISTORICAL
2019-11-12,SGP_SIN,VLSFO,565.58,BUNKERWORLD_HISTORICAL
2019-11-12,SGP_SIN,MGO,725.49,BUNKERWORLD_HISTORICAL
2019-11-12,LKA_CMB,VLSFO,579.72,BUNKERWORLD_HISTORICAL
2019-11-12,LKA_CMB,MGO,743.62,BUNKERWORLD_HISTORICAL
2019-11-12,ARE_FUJ,VLSFO,559.93,BUNKERWORLD_HISTORICAL
2019-11-12,ARE_FUJ,MGO,718.23,BUNKERWORLD_HISTORICAL
2019-11-13,SGP_SIN,VLSFO,575.79,BUNKERWORLD_HISTORICAL
2019-11-13,SGP_SIN,MGO,738.1,BUNKERWORLD_HISTORICAL
2019-11-13,LKA_CMB,VLSFO,590.19,BUNKERWORLD_HISTORICAL
2019-11-13,LKA_CMB,MGO,756.55,BUNKERWORLD_HISTORICAL
2019-11-13,ARE_FUJ,VLSFO,570.03,BUNKERWORLD_HISTORICAL
2019-11-13,ARE_FUJ,MGO,730.72,BUNKERWORLD_HISTORICAL
2019-11-14,SGP_SIN,VLSFO,576.51,BUNKERWORLD_HISTORICAL
2019-11-14,SGP_SIN,MGO,742.42,BUNKERWORLD_HISTORICAL
2019-11-14,LKA_CMB,VLSFO,590.92,BUNKERWORLD_HISTORICAL
2019-11-14,LKA_CMB,MGO,760.98,BUNKERWORLD_HISTORICAL
2019-11-14,ARE_FUJ,VLSFO,570.75,BUNKERWORLD_HISTORICAL
2019-11-14,ARE_FUJ,MGO,734.99,BUNKERWORLD_HISTORICAL
2019-11-15,SGP_SIN,VLSFO,577.32,BUNKERWORLD_HISTORICAL
2019-11-15,SGP_SIN,MGO,750.08,BUNKERWORLD_HISTORICAL
2019-11-15,LKA_CMB,VLSFO,591.75,BUNKERWORLD_HISTORICAL
2019-11-15,LKA_CMB,MGO,768.84,BUNKERWORLD_HISTORICAL
2019-11-15,ARE_FUJ,VLSFO,571.55,BUNKERWORLD_HISTORICAL
2019-11-15,ARE_FUJ,MGO,742.58,BUNKERWORLD_HISTORICAL
2019-11-16,SGP_SIN,VLSFO,579.82,BUNKERWORLD_HISTORICAL
2019-11-16,SGP_SIN,MGO,734.87,BUNKERWORLD_HISTORICAL
2019-11-16,LKA_CMB,VLSFO,594.32,BUNKERWORLD_HISTORICAL
2019-11-16,LKA_CMB,MGO,753.24,BUNKERWORLD_HISTORICAL
2019-11-16,ARE_FUJ,VLSFO,574.02,BUNKERWORLD_HISTORICAL
2019-11-16,ARE_FUJ,MGO,727.52,BUNKERWORLD_HISTORICAL
2019-11-17,SGP_SIN,VLSFO,590.64,BUNKERWORLD_HISTORICAL
2019-11-17,SGP_SIN,MGO,754.2,BUNKERWORLD_HISTORICAL
2019-11-17,LKA_CMB,VLSFO,605.41,BUNKERWORLD_HISTORICAL
2019-11-17,LKA_CMB,MGO,773.06,BUNKERWORLD_HISTORICAL
2019-11-17,ARE_FUJ,VLSFO,584.73,BUNKERWORLD_HISTORICAL
2019-11-17,ARE_FUJ,MGO,746.66,BUNKERWORLD_HISTORICAL
2019-11-18,SGP_SIN,VLSFO,584.34,BUNKERWORLD_HISTORICAL
2019-11-18,SGP_SIN,MGO,748.3,BUNKERWORLD_HISTORICAL
2019-11-18,LKA_CMB,VLSFO,598.94,BUNKERWORLD_HISTORICAL
2019-11-18,LKA_CMB,MGO,767.01,BUNKERWORLD_HISTORICAL
2019-11-18,ARE_FUJ,VLSFO,578.49,BUNKERWORLD_HISTORICAL
2019-11-18,ARE_FUJ,MGO,740.82,BUNKERWORLD_HISTORICAL
2019-11-19,SGP_SIN,VLSFO,579.34,BUNKERWORLD_HISTORICAL
2019-11-19,SGP_SIN,MGO,740.12,BUNKERWORLD_HISTORICAL
2019-11-19,LKA_CMB,VLSFO,593.83,BUNKERWORLD_HISTORICAL
2019-11-19,LKA_CMB,MGO,758.62,BUNKERWORLD_HISTORICAL
2019-11-19,ARE_FUJ,VLSFO,573.55,BUNKERWORLD_HISTORICAL
2019-11-19,ARE_FUJ,MGO,732.71,BUNKERWORLD_HISTORICAL
2019-11-20,SGP_SIN,VLSFO,561.33,BUNKERWORLD_HISTORICAL
2019-11-20,SGP_SIN,MGO,714.69,BUNKERWORLD_HISTORICAL
2019-11-20,LKA_CMB,VLSFO,575.36,BUNKERWORLD_HISTORICAL
2019-11-20,LKA_CMB,MGO,732.56,BUNKERWORLD_HISTORICAL
2019-11-20,ARE_FUJ,VLSFO,555.72,BUNKERWORLD_HISTORICAL
2019-11-20,ARE_FUJ,MGO,707.54,BUNKERWORLD_HISTORICAL
2019-11-21,SGP_SIN,VLSFO,557.88,BUNKERWORLD_HISTORICAL
2019-11-21,SGP_SIN,MGO,710.27,BUNKERWORLD_HISTORICAL
2019-11-21,LKA_CMB,VLSFO,571.83,BUNKERWORLD_HISTORICAL
2019-11-21,LKA_CMB,MGO,728.02,BUNKERWORLD_HISTORICAL
2019-11-21,ARE_FUJ,VLSFO,552.3,BUNKERWORLD_HISTORICAL
2019-11-21,ARE_FUJ,MGO,703.16,BUNKERWORLD_HISTORICAL
2019-11-22,SGP_SIN,VLSFO,573.33,BUNKERWORLD_HISTORICAL
2019-11-22,SGP_SIN,MGO,724.78,BUNKERWORLD_HISTORICAL
2019-11-22,LKA_CMB,VLSFO,587.67,BUNKERWORLD_HISTORICAL
2019-11-22,LKA_CMB,MGO,742.9,BUNKERWORLD_HISTORICAL
2019-11-22,ARE_FUJ,VLSFO,567.6,BUNKERWORLD_HISTORICAL
2019-11-22,ARE_FUJ,MGO,717.53,BUNKERWORLD_HISTORICAL
2019-11-23,SGP_SIN,VLSFO,566.42,BUNKERWORLD_HISTORICAL
2019-11-23,SGP_SIN,MGO,731.03,BUNKERWORLD_HISTORICAL
2019-11-23,LKA_CMB,VLSFO,580.58,BUNKERWORLD_HISTORICAL
2019-11-23,LKA_CMB,MGO,749.3,BUNKERWORLD_HISTORICAL
2019-11-23,ARE_FUJ,VLSFO,560.75,BUNKERWORLD_HISTORICAL
2019-11-23,ARE_FUJ,MGO,723.72,BUNKERWORLD_HISTORICAL
2019-11-24,SGP_SIN,VLSFO,585.08,BUNKERWORLD_HISTORICAL
2019-11-24,SGP_SIN,MGO,746.36,BUNKERWORLD_HISTORICAL
2019-11-24,LKA_CMB,VLSFO,599.71,BUNKERWORLD_HISTORICAL
2019-11-24,LKA_CMB,MGO,765.02,BUNKERWORLD_HISTORICAL
2019-11-24,ARE_FUJ,VLSFO,579.23,BUNKERWORLD_HISTORICAL
2019-11-24,ARE_FUJ,MGO,738.9,BUNKERWORLD_HISTORICAL
2019-11-25,SGP_SIN,VLSFO,577.79,BUNKERWORLD_HISTORICAL
2019-11-25,SGP_SIN,MGO,733.51,BUNKERWORLD_HISTORICAL
2019-11-25,LKA_CMB,VLSFO,592.23,BUNKERWORLD_HISTORICAL
2019-11-25,LKA_CMB,MGO,751.85,BUNKERWORLD_HISTORICAL
2019-11-25,ARE_FUJ,VLSFO,572.01,BUNKERWORLD_HISTORICAL
2019-11-25,ARE_FUJ,MGO,726.18,BUNKERWORLD_HISTORICAL
2019-11-26,SGP_SIN,VLSFO,577.43,BUNKERWORLD_HISTORICAL
2019-11-26,SGP_SIN,MGO,745.42,BUNKERWORLD_HISTORICAL
2019-11-26,LKA_CMB,VLSFO,591.87,BUNKERWORLD_HISTORICAL
2019-11-26,LKA_CMB,MGO,764.05,BUNKERWORLD_HISTORICAL
2019-11-26,ARE_FUJ,VLSFO,571.66,BUNKERWORLD_HISTORICAL
2019-11-26,ARE_FUJ,MGO,737.96,BUNKERWORLD_HISTORICAL
2019-11-27,SGP_SIN,VLSFO,571.19,BUNKERWORLD_HISTORICAL
2019-11-27,SGP_SIN,MGO,719.1,BUNKERWORLD_HISTORICAL
2019-11-27,LKA_CMB,VLSFO,585.47,BUNKERWORLD_HISTORICAL
2019-11-27,LKA_CMB,MGO,737.08,BUNKERWORLD_HISTORICAL
2019-11-27,ARE_FUJ,VLSFO,565.48,BUNKERWORLD_HISTORICAL
2019-11-27,ARE_FUJ,MGO,711.91,BUNKERWORLD_HISTORICAL
2019-11-28,SGP_SIN,VLSFO,582.85,BUNKERWORLD_HISTORICAL
2019-11-28,SGP_SIN,MGO,750.02,BUNKERWORLD_HISTORICAL
2019-11-28,LKA_CMB,VLSFO,597.42,BUNKERWORLD_HISTORICAL
2019-11-28,LKA_CMB,MGO,768.77,BUNKERWORLD_HISTORICAL
2019-11-28,ARE_FUJ,VLSFO,577.02,BUNKERWORLD_HISTORICAL
2019-11-28,ARE_FUJ,MGO,742.52,BUNKERWORLD_HISTORICAL
2019-11-29,SGP_SIN,VLSFO,572.63,BUNKERWORLD_HISTORICAL
2019-11-29,SGP_SIN,MGO,726.12,BUNKERWORLD_HISTORICAL
2019-11-29,LKA_CMB,VLSFO,586.95,BUNKERWORLD_HISTORICAL
2019-11-29,LKA_CMB,MGO,744.28,BUNKERWORLD_HISTORICAL
2019-11-29,ARE_FUJ,VLSFO,566.91,BUNKERWORLD_HISTORICAL
2019-11-29,ARE_FUJ,MGO,718.86,BUNKERWORLD_HISTORICAL
2019-11-30,SGP_SIN,VLSFO,579.07,BUNKERWORLD_HISTORICAL
2019-11-30,SGP_SIN,MGO,747.16,BUNKERWORLD_HISTORICAL
2019-11-30,LKA_CMB,VLSFO,593.54,BUNKERWORLD_HISTORICAL
2019-11-30,LKA_CMB,MGO,765.83,BUNKERWORLD_HISTORICAL
2019-11-30,ARE_FUJ,VLSFO,573.28,BUNKERWORLD_HISTORICAL
2019-11-30,ARE_FUJ,MGO,739.68,BUNKERWORLD_HISTORICAL
2019-12-01,SGP_SIN,VLSFO,579.21,BUNKERWORLD_HISTORICAL
2019-12-01,SGP_SIN,MGO,738.68,BUNKERWORLD_HISTORICAL
2019-12-01,LKA_CMB,VLSFO,593.69,BUNKERWORLD_HISTORICAL
2019-12-01,LKA_CMB,MGO,757.14,BUNKERWORLD_HISTORICAL
2019-12-01,ARE_FUJ,VLSFO,573.42,BUNKERWORLD_HISTORICAL
2019-12-01,ARE_FUJ,MGO,731.29,BUNKERWORLD_HISTORICAL
2019-12-02,SGP_SIN,VLSFO,573.28,BUNKERWORLD_HISTORICAL
2019-12-02,SGP_SIN,MGO,742.28,BUNKERWORLD_HISTORICAL
2019-12-02,LKA_CMB,VLSFO,587.61,BUNKERWORLD_HISTORICAL
2019-12-02,LKA_CMB,MGO,760.84,BUNKERWORLD_HISTORICAL
2019-12-02,ARE_FUJ,VLSFO,567.54,BUNKERWORLD_HISTORICAL
2019-12-02,ARE_FUJ,MGO,734.86,BUNKERWORLD_HISTORICAL
2019-12-03,SGP_SIN,VLSFO,563.77,BUNKERWORLD_HISTORICAL
2019-12-03,SGP_SIN,MGO,713.55,BUNKERWORLD_HISTORICAL
2019-12-03,LKA_CMB,VLSFO,577.86,BUNKERWORLD_HISTORICAL
2019-12-03,LKA_CMB,MGO,731.39,BUNKERWORLD_HISTORICAL
2019-12-03,ARE_FUJ,VLSFO,558.13,BUNKERWORLD_HISTORICAL
2019-12-03,ARE_FUJ,MGO,706.41,BUNKERWORLD_HISTORICAL
2019-12-04,SGP_SIN,VLSFO,558.1,BUNKERWORLD_HISTORICAL
2019-12-04,SGP_SIN,MGO,711.71,BUNKERWORLD_HISTORICAL
2019-12-04,LKA_CMB,VLSFO,572.06,BUNKERWORLD_HISTORICAL
2019-12-04,LKA_CMB,MGO,729.5,BUNKERWORLD_HISTORICAL
2019-12-04,ARE_FUJ,VLSFO,552.52,BUNKERWORLD_HISTORICAL
2019-12-04,ARE_FUJ,MGO,704.59,BUNKERWORLD_HISTORICAL
2019-12-05,SGP_SIN,VLSFO,558.32,BUNKERWORLD_HISTORICAL
2019-12-05,SGP_SIN,MGO,716.14,BUNKERWORLD_HISTORICAL
2019-12-05,LKA_CMB,VLSFO,572.28,BUNKERWORLD_HISTORICAL
2019-12-05,LKA_CMB,MGO,734.05,BUNKERWORLD_HISTORICAL
2019-12-05,ARE_FUJ,VLSFO,552.73,BUNKERWORLD_HISTORICAL
2019-12-05,ARE_FUJ,MGO,708.98,BUNKERWORLD_HISTORICAL
2019-12-06,SGP_SIN,VLSFO,552.14,BUNKERWORLD_HISTORICAL
2019-12-06,SGP_SIN,MGO,702.36,BUNKERWORLD_HISTORICAL
2019-12-06,LKA_CMB,VLSFO,565.94,BUNKERWORLD_HISTORICAL
2019-12-06,LKA_CMB,MGO,719.92,BUNKERWORLD_HISTORICAL
2019-12-06,ARE_FUJ,VLSFO,546.62,BUNKERWORLD_HISTORICAL
2019-12-06,ARE_FUJ,MGO,695.33,BUNKERWORLD_HISTORICAL
2019-12-07,SGP_SIN,VLSFO,562.36,BUNKERWORLD_HISTORICAL
2019-12-07,SGP_SIN,MGO,722.22,BUNKERWORLD_HISTORICAL
2019-12-07,LKA_CMB,VLSFO,576.42,BUNKERWORLD_HISTORICAL
2019-12-07,LKA_CMB,MGO,740.28,BUNKERWORLD_HISTORICAL
2019-12-07,ARE_FUJ,VLSFO,556.74,BUNKERWORLD_HISTORICAL
2019-12-07,ARE_FUJ,MGO,715.0,BUNKERWORLD_HISTORICAL
2019-12-08,SGP_SIN,VLSFO,561.88,BUNKERWORLD_HISTORICAL
2019-12-08,SGP_SIN,MGO,709.86,BUNKERWORLD_HISTORICAL
2019-12-08,LKA_CMB,VLSFO,575.93,BUNKERWORLD_HISTORICAL
2019-12-08,LKA_CMB,MGO,727.61,BUNKERWORLD_HISTORICAL
2019-12-08,ARE_FUJ,VLSFO,556.26,BUNKERWORLD_HISTORICAL
2019-12-08,ARE_FUJ,MGO,702.76,BUNKERWORLD_HISTORICAL
2019-12-09,SGP_SIN,VLSFO,559.75,BUNKERWORLD_HISTORICAL
2019-12-09,SGP_SIN,MGO,719.04,BUNKERWORLD_HISTORICAL
2019-12-09,LKA_CMB,VLSFO,573.75,BUNKERWORLD_HISTORICAL
2019-12-09,LKA_CMB,MGO,737.02,BUNKERWORLD_HISTORICAL
2019-12-09,ARE_FUJ,VLSFO,554.16,BUNKERWORLD_HISTORICAL
2019-12-09,ARE_FUJ,MGO,711.85,BUNKERWORLD_HISTORICAL
2019-12-10,SGP_SIN,VLSFO,554.21,BUNKERWORLD_HISTORICAL
2019-12-10,SGP_SIN,MGO,707.44,BUNKERWORLD_HISTORICAL
2019-12-10,LKA_CMB,VLSFO,568.07,BUNKERWORLD_HISTORICAL
2019-12-10,LKA_CMB,MGO,725.12,BUNKERWORLD_HISTORICAL
2019-12-10,ARE_FUJ,VLSFO,548.67,BUNKERWORLD_HISTORICAL
2019-12-10,ARE_FUJ,MGO,700.36,BUNKERWORLD_HISTORICAL
2019-12-11,SGP_SIN,VLSFO,550.26,BUNKERWORLD_HISTORICAL
2019-12-11,SGP_SIN,MGO,700.53,BUNKERWORLD_HISTORICAL
2019-12-11,LKA_CMB,VLSFO,564.02,BUNKERWORLD_HISTORICAL
2019-12-11,LKA_CMB,MGO,718.05,BUNKERWORLD_HISTORICAL
2019-12-11,ARE_FUJ,VLSFO,544.76,BUNKERWORLD_HISTORICAL
2019-12-11,ARE_FUJ,MGO,693.53,BUNKERWORLD_HISTORICAL
2019-12-12,SGP_SIN,VLSFO,550.55,BUNKERWORLD_HISTORICAL
2019-12-12,SGP_SIN,MGO,697.63,BUNKERWORLD_HISTORICAL
2019-12-12,LKA_CMB,VLSFO,564.32,BUNKERWORLD_HISTORICAL
2019-12-12,LKA_CMB,MGO,715.07,BUNKERWORLD_HISTORICAL
2019-12-12,ARE_FUJ,VLSFO,545.05,BUNKERWORLD_HISTORICAL
2019-12-12,ARE_FUJ,MGO,690.65,BUNKERWORLD_HISTORICAL
2019-12-13,SGP_SIN,VLSFO,541.85,BUNKERWORLD_HISTORICAL
2019-12-13,SGP_SIN,MGO,697.41,BUNKERWORLD_HISTORICAL
2019-12-13,LKA_CMB,VLSFO,555.4,BUNKERWORLD_HISTORICAL
2019-12-13,LKA_CMB,MGO,714.84,BUNKERWORLD_HISTORICAL
2019-12-13,ARE_FUJ,VLSFO,536.43,BUNKERWORLD_HISTORICAL
2019-12-13,ARE_FUJ,MGO,690.44,BUNKERWORLD_HISTORICAL
2019-12-14,SGP_SIN,VLSFO,546.79,BUNKERWORLD_HISTORICAL
2019-12-14,SGP_SIN,MGO,712.77,BUNKERWORLD_HISTORICAL
2019-12-14,LKA_CMB,VLSFO,560.46,BUNKERWORLD_HISTORICAL
2019-12-14,LKA_CMB,MGO,730.59,BUNKERWORLD_HISTORICAL
2019-12-14,ARE_FUJ,VLSFO,541.32,BUNKERWORLD_HISTORICAL
2019-12-14,ARE_FUJ,MGO,705.64,BUNKERWORLD_HISTORICAL
2019-12-15,SGP_SIN,VLSFO,560.07,BUNKERWORLD_HISTORICAL
2019-12-15,SGP_SIN,MGO,715.77,BUNKERWORLD_HISTORICAL
2019-12-15,LKA_CMB,VLSFO,574.07,BUNKERWORLD_HISTORICAL
2019-12-15,LKA_CMB,MGO,733.66,BUNKERWORLD_HISTORICAL
2019-12-15,ARE_FUJ,VLSFO,554.47,BUNKERWORLD_HISTORICAL
2019-12-15,ARE_FUJ,MGO,708.61,BUNKERWORLD_HISTORICAL
2019-12-16,SGP_SIN,VLSFO,550.26,BUNKERWORLD_HISTORICAL
2019-12-16,SGP_SIN,MGO,688.72,BUNKERWORLD_HISTORICAL
2019-12-16,LKA_CMB,VLSFO,564.02,BUNKERWORLD_HISTORICAL
2019-12-16,LKA_CMB,MGO,705.94,BUNKERWORLD_HISTORICAL
2019-12-16,ARE_FUJ,VLSFO,544.76,BUNKERWORLD_HISTORICAL
2019-12-16,ARE_FUJ,MGO,681.83,BUNKERWORLD_HISTORICAL
2019-12-17,SGP_SIN,VLSFO,548.49,BUNKERWORLD_HISTORICAL
2019-12-17,SGP_SIN,MGO,702.87,BUNKERWORLD_HISTORICAL
2019-12-17,LKA_CMB,VLSFO,562.21,BUNKERWORLD_HISTORICAL
2019-12-17,LKA_CMB,MGO,720.44,BUNKERWORLD_HISTORICAL
2019-12-17,ARE_FUJ,VLSFO,543.01,BUNKERWORLD_HISTORICAL
2019-12-17,ARE_FUJ,MGO,695.84,BUNKERWORLD_HISTORICAL
2019-12-18,SGP_SIN,VLSFO,533.56,BUNKERWORLD_HISTORICAL
2019-12-18,SGP_SIN,MGO,687.07,BUNKERWORLD_HISTORICAL
2019-12-18,LKA_CMB,VLSFO,546.89,BUNKERWORLD_HISTORICAL
2019-12-18,LKA_CMB,MGO,704.25,BUNKERWORLD_HISTORICAL
2019-12-18,ARE_FUJ,VLSFO,528.22,BUNKERWORLD_HISTORICAL
2019-12-18,ARE_FUJ,MGO,680.2,BUNKERWORLD_HISTORICAL
2019-12-19,SGP_SIN,VLSFO,533.43,BUNKERWORLD_HISTORICAL
2019-12-19,SGP_SIN,MGO,683.51,BUNKERWORLD_HISTORICAL
2019-12-19,LKA_CMB,VLSFO,546.77,BUNKERWORLD_HISTORICAL
2019-12-19,LKA_CMB,MGO,700.6,BUNKERWORLD_HISTORICAL
2019-12-19,ARE_FUJ,VLSFO,528.1,BUNKERWORLD_HISTORICAL
2019-12-19,ARE_FUJ,MGO,676.67,BUNKERWORLD_HISTORICAL
2019-12-20,SGP_SIN,VLSFO,529.28,BUNKERWORLD_HISTORICAL
2019-12-20,SGP_SIN,MGO,685.78,BUNKERWORLD_HISTORICAL
2019-12-20,LKA_CMB,VLSFO,542.51,BUNKERWORLD_HISTORICAL
2019-12-20,LKA_CMB,MGO,702.92,BUNKERWORLD_HISTORICAL
2019-12-20,ARE_FUJ,VLSFO,523.99,BUNKERWORLD_HISTORICAL
2019-12-20,ARE_FUJ,MGO,678.92,BUNKERWORLD_HISTORICAL
2019-12-21,SGP_SIN,VLSFO,534.46,BUNKERWORLD_HISTORICAL
2019-12-21,SGP_SIN,MGO,680.0,BUNKERWORLD_HISTORICAL
2019-12-21,LKA_CMB,VLSFO,547.82,BUNKERWORLD_HISTORICAL
2019-12-21,LKA_CMB,MGO,697.0,BUNKERWORLD_HISTORICAL
2019-12-21,ARE_FUJ,VLSFO,529.12,BUNKERWORLD_HISTORICAL
2019-12-21,ARE_FUJ,MGO,673.2,BUNKERWORLD_HISTORICAL
2019-12-22,SGP_SIN,VLSFO,542.14,BUNKERWORLD_HISTORICAL
2019-12-22,SGP_SIN,MGO,694.94,BUNKERWORLD_HISTORICAL
2019-12-22,LKA_CMB,VLSFO,555.69,BUNKERWORLD_HISTORICAL
2019-12-22,LKA_CMB,MGO,712.31,BUNKERWORLD_HISTORICAL
2019-12-22,ARE_FUJ,VLSFO,536.72,BUNKERWORLD_HISTORICAL
2019-12-22,ARE_FUJ,MGO,687.99,BUNKERWORLD_HISTORICAL
2019-12-23,SGP_SIN,VLSFO,542.81,BUNKERWORLD_HISTORICAL
2019-12-23,SGP_SIN,MGO,689.43,BUNKERWORLD_HISTORICAL
2019-12-23,LKA_CMB,VLSFO,556.38,BUNKERWORLD_HISTORICAL
2019-12-23,LKA_CMB,MGO,706.66,BUNKERWORLD_HISTORICAL
2019-12-23,ARE_FUJ,VLSFO,537.38,BUNKERWORLD_HISTORICAL
2019-12-23,ARE_FUJ,MGO,682.53,BUNKERWORLD_HISTORICAL
2019-12-24,SGP_SIN,VLSFO,537.88,BUNKERWORLD_HISTORICAL
2019-12-24,SGP_SIN,MGO,684.85,BUNKERWORLD_HISTORICAL
2019-12-24,LKA_CMB,VLSFO,551.32,BUNKERWORLD_HISTORICAL
2019-12-24,LKA_CMB,MGO,701.97,BUNKERWORLD_HISTORICAL
2019-12-24,ARE_FUJ,VLSFO,532.5,BUNKERWORLD_HISTORICAL
2019-12-24,ARE_FUJ,MGO,678.0,BUNKERWORLD_HISTORICAL
2019-12-25,SGP_SIN,VLSFO,539.11,BUNKERWORLD_HISTORICAL
2019-12-25,SGP_SIN,MGO,684.14,BUNKERWORLD_HISTORICAL
2019-12-25,LKA_CMB,VLSFO,552.59,BUNKERWORLD_HISTORICAL
2019-12-25,LKA_CMB,MGO,701.24,BUNKERWORLD_HISTORICAL
2019-12-25,ARE_FUJ,VLSFO,533.72,BUNKERWORLD_HISTORICAL
2019-12-25,ARE_FUJ,MGO,677.3,BUNKERWORLD_HISTORICAL
2019-12-26,SGP_SIN,VLSFO,548.1,BUNKERWORLD_HISTORICAL
2019-12-26,SGP_SIN,MGO,691.61,BUNKERWORLD_HISTORICAL
2019-12-26,LKA_CMB,VLSFO,561.8,BUNKERWORLD_HISTORICAL
2019-12-26,LKA_CMB,MGO,708.9,BUNKERWORLD_HISTORICAL
2019-12-26,ARE_FUJ,VLSFO,542.62,BUNKERWORLD_HISTORICAL
2019-12-26,ARE_FUJ,MGO,684.69,BUNKERWORLD_HISTORICAL
2019-12-27,SGP_SIN,VLSFO,551.86,BUNKERWORLD_HISTORICAL
2019-12-27,SGP_SIN,MGO,695.09,BUNKERWORLD_HISTORICAL
2019-12-27,LKA_CMB,VLSFO,565.66,BUNKERWORLD_HISTORICAL
2019-12-27,LKA_CMB,MGO,712.47,BUNKERWORLD_HISTORICAL
2019-12-27,ARE_FUJ,VLSFO,546.35,BUNKERWORLD_HISTORICAL
2019-12-27,ARE_FUJ,MGO,688.14,BUNKERWORLD_HISTORICAL
2019-12-28,SGP_SIN,VLSFO,542.0,BUNKERWORLD_HISTORICAL
2019-12-28,SGP_SIN,MGO,688.27,BUNKERWORLD_HISTORICAL
2019-12-28,LKA_CMB,VLSFO,555.55,BUNKERWORLD_HISTORICAL
2019-12-28,LKA_CMB,MGO,705.48,BUNKERWORLD_HISTORICAL
2019-12-28,ARE_FUJ,VLSFO,536.58,BUNKERWORLD_HISTORICAL
2019-12-28,ARE_FUJ,MGO,681.39,BUNKERWORLD_HISTORICAL
2019-12-29,SGP_SIN,VLSFO,545.72,BUNKERWORLD_HISTORICAL
2019-12-29,SGP_SIN,MGO,699.72,BUNKERWORLD_HISTORICAL
2019-12-29,LKA_CMB,VLSFO,559.36,BUNKERWORLD_HISTORICAL
2019-12-29,LKA_CMB,MGO,717.21,BUNKERWORLD_HISTORICAL
2019-12-29,ARE_FUJ,VLSFO,540.26,BUNKERWORLD_HISTORICAL
2019-12-29,ARE_FUJ,MGO,692.72,BUNKERWORLD_HISTORICAL
2019-12-30,SGP_SIN,VLSFO,550.49,BUNKERWORLD_HISTORICAL
2019-12-30,SGP_SIN,MGO,699.7,BUNKERWORLD_HISTORICAL
2019-12-30,LKA_CMB,VLSFO,564.25,BUNKERWORLD_HISTORICAL
2019-12-30,LKA_CMB,MGO,717.19,BUNKERWORLD_HISTORICAL
2019-12-30,ARE_FUJ,VLSFO,544.98,BUNKERWORLD_HISTORICAL
2019-12-30,ARE_FUJ,MGO,692.7,BUNKERWORLD_HISTORICAL
2019-12-31,SGP_SIN,VLSFO,542.68,BUNKERWORLD_HISTORICAL
2019-12-31,SGP_SIN,MGO,690.42,BUNKERWORLD_HISTORICAL
2019-12-31,LKA_CMB,VLSFO,556.25,BUNKERWORLD_HISTORICAL
2019-12-31,LKA_CMB,MGO,707.68,BUNKERWORLD_HISTORICAL
2019-12-31,ARE_FUJ,VLSFO,537.25,BUNKERWORLD_HISTORICAL
2019-12-31,ARE_FUJ,MGO,683.52,BUNKERWORLD_HISTORICAL
2020-01-01,SGP_SIN,VLSFO,540.83,BUNKERWORLD_HISTORICAL
2020-01-01,SGP_SIN,MGO,686.72,BUNKERWORLD_HISTORICAL
2020-01-01,LKA_CMB,VLSFO,554.35,BUNKERWORLD_HISTORICAL
2020-01-01,LKA_CMB,MGO,703.89,BUNKERWORLD_HISTORICAL
2020-01-01,ARE_FUJ,VLSFO,535.42,BUNKERWORLD_HISTORICAL
2020-01-01,ARE_FUJ,MGO,679.85,BUNKERWORLD_HISTORICAL
2020-01-02,SGP_SIN,VLSFO,543.14,BUNKERWORLD_HISTORICAL
2020-01-02,SGP_SIN,MGO,693.44,BUNKERWORLD_HISTORICAL
2020-01-02,LKA_CMB,VLSFO,556.72,BUNKERWORLD_HISTORICAL
2020-01-02,LKA_CMB,MGO,710.77,BUNKERWORLD_HISTORICAL
2020-01-02,ARE_FUJ,VLSFO,537.71,BUNKERWORLD_HISTORICAL
2020-01-02,ARE_FUJ,MGO,686.5,BUNKERWORLD_HISTORICAL
2020-01-03,SGP_SIN,VLSFO,548.25,BUNKERWORLD_HISTORICAL
2020-01-03,SGP_SIN,MGO,691.67,BUNKERWORLD_HISTORICAL
2020-01-03,LKA_CMB,VLSFO,561.96,BUNKERWORLD_HISTORICAL
2020-01-03,LKA_CMB,MGO,708.96,BUNKERWORLD_HISTORICAL
2020-01-03,ARE_FUJ,VLSFO,542.77,BUNKERWORLD_HISTORICAL
2020-01-03,ARE_FUJ,MGO,684.75,BUNKERWORLD_HISTORICAL
2020-01-04,SGP_SIN,VLSFO,551.43,BUNKERWORLD_HISTORICAL
2020-01-04,SGP_SIN,MGO,721.29,BUNKERWORLD_HISTORICAL
2020-01-04,LKA_CMB,VLSFO,565.21,BUNKERWORLD_HISTORICAL
2020-01-04,LKA_CMB,MGO,739.32,BUNKERWORLD_HISTORICAL
2020-01-04,ARE_FUJ,VLSFO,545.91,BUNKERWORLD_HISTORICAL
2020-01-04,ARE_FUJ,MGO,714.08,BUNKERWORLD_HISTORICAL
2020-01-05,SGP_SIN,VLSFO,566.95,BUNKERWORLD_HISTORICAL
2020-01-05,SGP_SIN,MGO,725.15,BUNKERWORLD_HISTORICAL
2020-01-05,LKA_CMB,VLSFO,581.12,BUNKERWORLD_HISTORICAL
2020-01-05,LKA_CMB,MGO,743.27,BUNKERWORLD_HISTORICAL
2020-01-05,ARE_FUJ,VLSFO,561.28,BUNKERWORLD_HISTORICAL
2020-01-05,ARE_FUJ,MGO,717.89,BUNKERWORLD_HISTORICAL
2020-01-06,SGP_SIN,VLSFO,556.58,BUNKERWORLD_HISTORICAL
2020-01-06,SGP_SIN,MGO,702.01,BUNKERWORLD_HISTORICAL
2020-01-06,LKA_CMB,VLSFO,570.49,BUNKERWORLD_HISTORICAL
2020-01-06,LKA_CMB,MGO,719.56,BUNKERWORLD_HISTORICAL
2020-01-06,ARE_FUJ,VLSFO,551.01,BUNKERWORLD_HISTORICAL
2020-01-06,ARE_FUJ,MGO,694.99,BUNKERWORLD_HISTORICAL
2020-01-07,SGP_SIN,VLSFO,561.53,BUNKERWORLD_HISTORICAL
2020-01-07,SGP_SIN,MGO,703.71,BUNKERWORLD_HISTORICAL
2020-01-07,LKA_CMB,VLSFO,575.57,BUNKERWORLD_HISTORICAL
2020-01-07,LKA_CMB,MGO,721.31,BUNKERWORLD_HISTORICAL
2020-01-07,ARE_FUJ,VLSFO,555.91,BUNKERWORLD_HISTORICAL
2020-01-07,ARE_FUJ,MGO,696.68,BUNKERWORLD_HISTORICAL
2020-01-08,SGP_SIN,VLSFO,574.26,BUNKERWORLD_HISTORICAL
2020-01-08,SGP_SIN,MGO,721.65,BUNKERWORLD_HISTORICAL
2020-01-08,LKA_CMB,VLSFO,588.61,BUNKERWORLD_HISTORICAL
2020-01-08,LKA_CMB,MGO,739.7,BUNKERWORLD_HISTORICAL
2020-01-08,ARE_FUJ,VLSFO,568.52,BUNKERWORLD_HISTORICAL
2020-01-08,ARE_FUJ,MGO,714.44,BUNKERWORLD_HISTORICAL
2020-01-09,SGP_SIN,VLSFO,572.5,BUNKERWORLD_HISTORICAL
2020-01-09,SGP_SIN,MGO,729.89,BUNKERWORLD_HISTORICAL
2020-01-09,LKA_CMB,VLSFO,586.81,BUNKERWORLD_HISTORICAL
2020-01-09,LKA_CMB,MGO,748.14,BUNKERWORLD_HISTORICAL
2020-01-09,ARE_FUJ,VLSFO,566.77,BUNKERWORLD_HISTORICAL
2020-01-09,ARE_FUJ,MGO,722.59,BUNKERWORLD_HISTORICAL
2020-01-10,SGP_SIN,VLSFO,571.25,BUNKERWORLD_HISTORICAL
2020-01-10,SGP_SIN,MGO,744.23,BUNKERWORLD_HISTORICAL
2020-01-10,LKA_CMB,VLSFO,585.53,BUNKERWORLD_HISTORICAL
2020-01-10,LKA_CMB,MGO,762.84,BUNKERWORLD_HISTORICAL
2020-01-10,ARE_FUJ,VLSFO,565.54,BUNKERWORLD_HISTORICAL
2020-01-10,ARE_FUJ,MGO,736.79,BUNKERWORLD_HISTORICAL
2020-01-11,SGP_SIN,VLSFO,578.42,BUNKERWORLD_HISTORICAL
2020-01-11,SGP_SIN,MGO,743.99,BUNKERWORLD_HISTORICAL
2020-01-11,LKA_CMB,VLSFO,592.88,BUNKERWORLD_HISTORICAL
2020-01-11,LKA_CMB,MGO,762.59,BUNKERWORLD_HISTORICAL
2020-01-11,ARE_FUJ,VLSFO,572.63,BUNKERWORLD_HISTORICAL
2020-01-11,ARE_FUJ,MGO,736.55,BUNKERWORLD_HISTORICAL
2020-01-12,SGP_SIN,VLSFO,572.62,BUNKERWORLD_HISTORICAL
2020-01-12,SGP_SIN,MGO,732.69,BUNKERWORLD_HISTORICAL
2020-01-12,LKA_CMB,VLSFO,586.94,BUNKERWORLD_HISTORICAL
2020-01-12,LKA_CMB,MGO,751.0,BUNKERWORLD_HISTORICAL
2020-01-12,ARE_FUJ,VLSFO,566.89,BUNKERWORLD_HISTORICAL
2020-01-12,ARE_FUJ,MGO,725.36,BUNKERWORLD_HISTORICAL
2020-01-13,SGP_SIN,VLSFO,571.73,BUNKERWORLD_HISTORICAL
2020-01-13,SGP_SIN,MGO,727.63,BUNKERWORLD_HISTORICAL
2020-01-13,LKA_CMB,VLSFO,586.02,BUNKERWORLD_HISTORICAL
2020-01-13,LKA_CMB,MGO,745.82,BUNKERWORLD_HISTORICAL
2020-01-13,ARE_FUJ,VLSFO,566.01,BUNKERWORLD_HISTORICAL
2020-01-13,ARE_FUJ,MGO,720.35,BUNKERWORLD_HISTORICAL
2020-01-14,SGP_SIN,VLSFO,570.8,BUNKERWORLD_HISTORICAL
2020-01-14,SGP_SIN,MGO,728.46,BUNKERWORLD_HISTORICAL
2020-01-14,LKA_CMB,VLSFO,585.07,BUNKERWORLD_HISTORICAL
2020-01-14,LKA_CMB,MGO,746.67,BUNKERWORLD_HISTORICAL
2020-01-14,ARE_FUJ,VLSFO,565.1,BUNKERWORLD_HISTORICAL
2020-01-14,ARE_FUJ,MGO,721.17,BUNKERWORLD_HISTORICAL
2020-01-15,SGP_SIN,VLSFO,577.72,BUNKERWORLD_HISTORICAL
2020-01-15,SGP_SIN,MGO,748.99,BUNKERWORLD_HISTORICAL
2020-01-15,LKA_CMB,VLSFO,592.16,BUNKERWORLD_HISTORICAL
2020-01-15,LKA_CMB,MGO,767.71,BUNKERWORLD_HISTORICAL
2020-01-15,ARE_FUJ,VLSFO,571.94,BUNKERWORLD_HISTORICAL
2020-01-15,ARE_FUJ,MGO,741.5,BUNKERWORLD_HISTORICAL
2020-01-16,SGP_SIN,VLSFO,573.76,BUNKERWORLD_HISTORICAL
2020-01-16,SGP_SIN,MGO,756.99,BUNKERWORLD_HISTORICAL
2020-01-16,LKA_CMB,VLSFO,588.1,BUNKERWORLD_HISTORICAL
2020-01-16,LKA_CMB,MGO,775.92,BUNKERWORLD_HISTORICAL
2020-01-16,ARE_FUJ,VLSFO,568.02,BUNKERWORLD_HISTORICAL
2020-01-16,ARE_FUJ,MGO,749.42,BUNKERWORLD_HISTORICAL
2020-01-17,SGP_SIN,VLSFO,577.44,BUNKERWORLD_HISTORICAL
2020-01-17,SGP_SIN,MGO,737.5,BUNKERWORLD_HISTORICAL
2020-01-17,LKA_CMB,VLSFO,591.88,BUNKERWORLD_HISTORICAL
2020-01-17,LKA_CMB,MGO,755.93,BUNKERWORLD_HISTORICAL
2020-01-17,ARE_FUJ,VLSFO,571.67,BUNKERWORLD_HISTORICAL
2020-01-17,ARE_FUJ,MGO,730.12,BUNKERWORLD_HISTORICAL
2020-01-18,SGP_SIN,VLSFO,581.09,BUNKERWORLD_HISTORICAL
2020-01-18,SGP_SIN,MGO,743.07,BUNKERWORLD_HISTORICAL
2020-01-18,LKA_CMB,VLSFO,595.61,BUNKERWORLD_HISTORICAL
2020-01-18,LKA_CMB,MGO,761.64,BUNKERWORLD_HISTORICAL
2020-01-18,ARE_FUJ,VLSFO,575.27,BUNKERWORLD_HISTORICAL
2020-01-18,ARE_FUJ,MGO,735.64,BUNKERWORLD_HISTORICAL
2020-01-19,SGP_SIN,VLSFO,574.63,BUNKERWORLD_HISTORICAL
2020-01-19,SGP_SIN,MGO,732.3,BUNKERWORLD_HISTORICAL
2020-01-19,LKA_CMB,VLSFO,588.99,BUNKERWORLD_HISTORICAL
2020-01-19,LKA_CMB,MGO,750.6,BUNKERWORLD_HISTORICAL
2020-01-19,ARE_FUJ,VLSFO,568.88,BUNKERWORLD_HISTORICAL
2020-01-19,ARE_FUJ,MGO,724.97,BUNKERWORLD_HISTORICAL
2020-01-20,SGP_SIN,VLSFO,571.15,BUNKERWORLD_HISTORICAL
2020-01-20,SGP_SIN,MGO,728.37,BUNKERWORLD_HISTORICAL
2020-01-20,LKA_CMB,VLSFO,585.43,BUNKERWORLD_HISTORICAL
2020-01-20,LKA_CMB,MGO,746.58,BUNKERWORLD_HISTORICAL
2020-01-20,ARE_FUJ,VLSFO,565.44,BUNKERWORLD_HISTORICAL
2020-01-20,ARE_FUJ,MGO,721.09,BUNKERWORLD_HISTORICAL
2020-01-21,SGP_SIN,VLSFO,566.15,BUNKERWORLD_HISTORICAL
2020-01-21,SGP_SIN,MGO,723.32,BUNKERWORLD_HISTORICAL
2020-01-21,LKA_CMB,VLSFO,580.3,BUNKERWORLD_HISTORICAL
2020-01-21,LKA_CMB,MGO,741.4,BUNKERWORLD_HISTORICAL
2020-01-21,ARE_FUJ,VLSFO,560.49,BUNKERWORLD_HISTORICAL
2020-01-21,ARE_FUJ,MGO,716.08,BUNKERWORLD_HISTORICAL
2020-01-22,SGP_SIN,VLSFO,574.17,BUNKERWORLD_HISTORICAL
2020-01-22,SGP_SIN,MGO,738.82,BUNKERWORLD_HISTORICAL
2020-01-22,LKA_CMB,VLSFO,588.52,BUNKERWORLD_HISTORICAL
2020-01-22,LKA_CMB,MGO,757.29,BUNKERWORLD_HISTORICAL
2020-01-22,ARE_FUJ,VLSFO,568.43,BUNKERWORLD_HISTORICAL
2020-01-22,ARE_FUJ,MGO,731.43,BUNKERWORLD_HISTORICAL
2020-01-23,SGP_SIN,VLSFO,575.15,BUNKERWORLD_HISTORICAL
2020-01-23,SGP_SIN,MGO,727.34,BUNKERWORLD_HISTORICAL
2020-01-23,LKA_CMB,VLSFO,589.53,BUNKERWORLD_HISTORICAL
2020-01-23,LKA_CMB,MGO,745.52,BUNKERWORLD_HISTORICAL
2020-01-23,ARE_FUJ,VLSFO,569.4,BUNKERWORLD_HISTORICAL
2020-01-23,ARE_FUJ,MGO,720.07,BUNKERWORLD_HISTORICAL
2020-01-24,SGP_SIN,VLSFO,567.34,BUNKERWORLD_HISTORICAL
2020-01-24,SGP_SIN,MGO,734.14,BUNKERWORLD_HISTORICAL
2020-01-24,LKA_CMB,VLSFO,581.52,BUNKERWORLD_HISTORICAL
2020-01-24,LKA_CMB,MGO,752.5,BUNKERWORLD_HISTORICAL
2020-01-24,ARE_FUJ,VLSFO,561.66,BUNKERWORLD_HISTORICAL
2020-01-24,ARE_FUJ,MGO,726.8,BUNKERWORLD_HISTORICAL
2020-01-25,SGP_SIN,VLSFO,575.79,BUNKERWORLD_HISTORICAL
2020-01-25,SGP_SIN,MGO,739.04,BUNKERWORLD_HISTORICAL
2020-01-25,LKA_CMB,VLSFO,590.18,BUNKERWORLD_HISTORICAL
2020-01-25,LKA_CMB,MGO,757.52,BUNKERWORLD_HISTORICAL
2020-01-25,ARE_FUJ,VLSFO,570.03,BUNKERWORLD_HISTORICAL
2020-01-25,ARE_FUJ,MGO,731.65,BUNKERWORLD_HISTORICAL
2020-01-26,SGP_SIN,VLSFO,559.41,BUNKERWORLD_HISTORICAL
2020-01-26,SGP_SIN,MGO,724.69,BUNKERWORLD_HISTORICAL
2020-01-26,LKA_CMB,VLSFO,573.39,BUNKERWORLD_HISTORICAL
2020-01-26,LKA_CMB,MGO,742.81,BUNKERWORLD_HISTORICAL
2020-01-26,ARE_FUJ,VLSFO,553.81,BUNKERWORLD_HISTORICAL
2020-01-26,ARE_FUJ,MGO,717.44,BUNKERWORLD_HISTORICAL
2020-01-27,SGP_SIN,VLSFO,557.44,BUNKERWORLD_HISTORICAL
2020-01-27,SGP_SIN,MGO,708.19,BUNKERWORLD_HISTORICAL
2020-01-27,LKA_CMB,VLSFO,571.37,BUNKERWORLD_HISTORICAL
2020-01-27,LKA_CMB,MGO,725.9,BUNKERWORLD_HISTORICAL
2020-01-27,ARE_FUJ,VLSFO,551.86,BUNKERWORLD_HISTORICAL
2020-01-27,ARE_FUJ,MGO,701.11,BUNKERWORLD_HISTORICAL
2020-01-28,SGP_SIN,VLSFO,557.42,BUNKERWORLD_HISTORICAL
2020-01-28,SGP_SIN,MGO,734.68,BUNKERWORLD_HISTORICAL
2020-01-28,LKA_CMB,VLSFO,571.35,BUNKERWORLD_HISTORICAL
2020-01-28,LKA_CMB,MGO,753.04,BUNKERWORLD_HISTORICAL
2020-01-28,ARE_FUJ,VLSFO,551.84,BUNKERWORLD_HISTORICAL
2020-01-28,ARE_FUJ,MGO,727.33,BUNKERWORLD_HISTORICAL
2020-01-29,SGP_SIN,VLSFO,548.2,BUNKERWORLD_HISTORICAL
2020-01-29,SGP_SIN,MGO,716.2,BUNKERWORLD_HISTORICAL
2020-01-29,LKA_CMB,VLSFO,561.91,BUNKERWORLD_HISTORICAL
2020-01-29,LKA_CMB,MGO,734.1,BUNKERWORLD_HISTORICAL
2020-01-29,ARE_FUJ,VLSFO,542.72,BUNKERWORLD_HISTORICAL
2020-01-29,ARE_FUJ,MGO,709.04,BUNKERWORLD_HISTORICAL
2020-01-30,SGP_SIN,VLSFO,547.17,BUNKERWORLD_HISTORICAL
2020-01-30,SGP_SIN,MGO,699.28,BUNKERWORLD_HISTORICAL
2020-01-30,LKA_CMB,VLSFO,560.85,BUNKERWORLD_HISTORICAL
2020-01-30,LKA_CMB,MGO,716.76,BUNKERWORLD_HISTORICAL
2020-01-30,ARE_FUJ,VLSFO,541.7,BUNKERWORLD_HISTORICAL
2020-01-30,ARE_FUJ,MGO,692.29,BUNKERWORLD_HISTORICAL
2020-01-31,SGP_SIN,VLSFO,546.68,BUNKERWORLD_HISTORICAL
2020-01-31,SGP_SIN,MGO,695.46,BUNKERWORLD_HISTORICAL
2020-01-31,LKA_CMB,VLSFO,560.35,BUNKERWORLD_HISTORICAL
2020-01-31,LKA_CMB,MGO,712.85,BUNKERWORLD_HISTORICAL
2020-01-31,ARE_FUJ,VLSFO,541.21,BUNKERWORLD_HISTORICAL
2020-01-31,ARE_FUJ,MGO,688.51,BUNKERWORLD_HISTORICAL
2020-02-01,SGP_SIN,VLSFO,559.11,BUNKERWORLD_HISTORICAL
2020-02-01,SGP_SIN,MGO,707.8,BUNKERWORLD_HISTORICAL
2020-02-01,LKA_CMB,VLSFO,573.08,BUNKERWORLD_HISTORICAL
2020-02-01,LKA_CMB,MGO,725.49,BUNKERWORLD_HISTORICAL
2020-02-01,ARE_FUJ,VLSFO,553.52,BUNKERWORLD_HISTORICAL
2020-02-01,ARE_FUJ,MGO,700.72,BUNKERWORLD_HISTORICAL
2020-02-02,SGP_SIN,VLSFO,564.54,BUNKERWORLD_HISTORICAL
2020-02-02,SGP_SIN,MGO,721.18,BUNKERWORLD_HISTORICAL
2020-02-02,LKA_CMB,VLSFO,578.65,BUNKERWORLD_HISTORICAL
2020-02-02,LKA_CMB,MGO,739.21,BUNKERWORLD_HISTORICAL
2020-02-02,ARE_FUJ,VLSFO,558.89,BUNKERWORLD_HISTORICAL
2020-02-02,ARE_FUJ,MGO,713.97,BUNKERWORLD_HISTORICAL
2020-02-03,SGP_SIN,VLSFO,563.61,BUNKERWORLD_HISTORICAL
2020-02-03,SGP_SIN,MGO,723.82,BUNKERWORLD_HISTORICAL
2020-02-03,LKA_CMB,VLSFO,577.7,BUNKERWORLD_HISTORICAL
2020-02-03,LKA_CMB,MGO,741.91,BUNKERWORLD_HISTORICAL
2020-02-03,ARE_FUJ,VLSFO,557.98,BUNKERWORLD_HISTORICAL
2020-02-03,ARE_FUJ,MGO,716.58,BUNKERWORLD_HISTORICAL
2020-02-04,SGP_SIN,VLSFO,567.02,BUNKERWORLD_HISTORICAL
2020-02-04,SGP_SIN,MGO,719.04,BUNKERWORLD_HISTORICAL
2020-02-04,LKA_CMB,VLSFO,581.2,BUNKERWORLD_HISTORICAL
2020-02-04,LKA_CMB,MGO,737.02,BUNKERWORLD_HISTORICAL
2020-02-04,ARE_FUJ,VLSFO,561.35,BUNKERWORLD_HISTORICAL
2020-02-04,ARE_FUJ,MGO,711.85,BUNKERWORLD_HISTORICAL
2020-02-05,SGP_SIN,VLSFO,556.89,BUNKERWORLD_HISTORICAL
2020-02-05,SGP_SIN,MGO,710.71,BUNKERWORLD_HISTORICAL
2020-02-05,LKA_CMB,VLSFO,570.82,BUNKERWORLD_HISTORICAL
2020-02-05,LKA_CMB,MGO,728.48,BUNKERWORLD_HISTORICAL
2020-02-05,ARE_FUJ,VLSFO,551.32,BUNKERWORLD_HISTORICAL
2020-02-05,ARE_FUJ,MGO,703.6,BUNKERWORLD_HISTORICAL
2020-02-06,SGP_SIN,VLSFO,549.88,BUNKERWORLD_HISTORICAL
2020-02-06,SGP_SIN,MGO,703.21,BUNKERWORLD_HISTORICAL
2020-02-06,LKA_CMB,VLSFO,563.63,BUNKERWORLD_HISTORICAL
2020-02-06,LKA_CMB,MGO,720.79,BUNKERWORLD_HISTORICAL
2020-02-06,ARE_FUJ,VLSFO,544.38,BUNKERWORLD_HISTORICAL
2020-02-06,ARE_FUJ,MGO,696.18,BUNKERWORLD_HISTORICAL
2020-02-07,SGP_SIN,VLSFO,557.2,BUNKERWORLD_HISTORICAL
2020-02-07,SGP_SIN,MGO,710.91,BUNKERWORLD_HISTORICAL
2020-02-07,LKA_CMB,VLSFO,571.13,BUNKERWORLD_HISTORICAL
2020-02-07,LKA_CMB,MGO,728.69,BUNKERWORLD_HISTORICAL
2020-02-07,ARE_FUJ,VLSFO,551.62,BUNKERWORLD_HISTORICAL
2020-02-07,ARE_FUJ,MGO,703.8,BUNKERWORLD_HISTORICAL
2020-02-08,SGP_SIN,VLSFO,548.65,BUNKERWORLD_HISTORICAL
2020-02-08,SGP_SIN,MGO,697.19,BUNKERWORLD_HISTORICAL
2020-02-08,LKA_CMB,VLSFO,562.36,BUNKERWORLD_HISTORICAL
2020-02-08,LKA_CMB,MGO,714.62,BUNKERWORLD_HISTORICAL
2020-02-08,ARE_FUJ,VLSFO,543.16,BUNKERWORLD_HISTORICAL
2020-02-08,ARE_FUJ,MGO,690.22,BUNKERWORLD_HISTORICAL
2020-02-09,SGP_SIN,VLSFO,570.4,BUNKERWORLD_HISTORICAL
2020-02-09,SGP_SIN,MGO,715.33,BUNKERWORLD_HISTORICAL
2020-02-09,LKA_CMB,VLSFO,584.66,BUNKERWORLD_HISTORICAL
2020-02-09,LKA_CMB,MGO,733.21,BUNKERWORLD_HISTORICAL
2020-02-09,ARE_FUJ,VLSFO,564.7,BUNKERWORLD_HISTORICAL
2020-02-09,ARE_FUJ,MGO,708.18,BUNKERWORLD_HISTORICAL
2020-02-10,SGP_SIN,VLSFO,558.35,BUNKERWORLD_HISTORICAL
2020-02-10,SGP_SIN,MGO,709.39,BUNKERWORLD_HISTORICAL
2020-02-10,LKA_CMB,VLSFO,572.31,BUNKERWORLD_HISTORICAL
2020-02-10,LKA_CMB,MGO,727.12,BUNKERWORLD_HISTORICAL
2020-02-10,ARE_FUJ,VLSFO,552.76,BUNKERWORLD_HISTORICAL
2020-02-10,ARE_FUJ,MGO,702.3,BUNKERWORLD_HISTORICAL
2020-02-11,SGP_SIN,VLSFO,565.49,BUNKERWORLD_HISTORICAL
2020-02-11,SGP_SIN,MGO,736.89,BUNKERWORLD_HISTORICAL
2020-02-11,LKA_CMB,VLSFO,579.63,BUNKERWORLD_HISTORICAL
2020-02-11,LKA_CMB,MGO,755.32,BUNKERWORLD_HISTORICAL
2020-02-11,ARE_FUJ,VLSFO,559.84,BUNKERWORLD_HISTORICAL
2020-02-11,ARE_FUJ,MGO,729.53,BUNKERWORLD_HISTORICAL
2020-02-12,SGP_SIN,VLSFO,558.24,BUNKERWORLD_HISTORICAL
2020-02-12,SGP_SIN,MGO,711.63,BUNKERWORLD_HISTORICAL
2020-02-12,LKA_CMB,VLSFO,572.19,BUNKERWORLD_HISTORICAL
2020-02-12,LKA_CMB,MGO,729.42,BUNKERWORLD_HISTORICAL
2020-02-12,ARE_FUJ,VLSFO,552.66,BUNKERWORLD_HISTORICAL
2020-02-12,ARE_FUJ,MGO,704.51,BUNKERWORLD_HISTORICAL
2020-02-13,SGP_SIN,VLSFO,556.02,BUNKERWORLD_HISTORICAL
2020-02-13,SGP_SIN,MGO,718.8,BUNKERWORLD_HISTORICAL
2020-02-13,LKA_CMB,VLSFO,569.92,BUNKERWORLD_HISTORICAL
2020-02-13,LKA_CMB,MGO,736.77,BUNKERWORLD_HISTORICAL
2020-02-13,ARE_FUJ,VLSFO,550.46,BUNKERWORLD_HISTORICAL
2020-02-13,ARE_FUJ,MGO,711.61,BUNKERWORLD_HISTORICAL
2020-02-14,SGP_SIN,VLSFO,571.35,BUNKERWORLD_HISTORICAL
2020-02-14,SGP_SIN,MGO,725.3,BUNKERWORLD_HISTORICAL
2020-02-14,LKA_CMB,VLSFO,585.63,BUNKERWORLD_HISTORICAL
2020-02-14,LKA_CMB,MGO,743.43,BUNKERWORLD_HISTORICAL
2020-02-14,ARE_FUJ,VLSFO,565.64,BUNKERWORLD_HISTORICAL
2020-02-14,ARE_FUJ,MGO,718.04,BUNKERWORLD_HISTORICAL
2020-02-15,SGP_SIN,VLSFO,564.85,BUNKERWORLD_HISTORICAL
2020-02-15,SGP_SIN,MGO,729.47,BUNKERWORLD_HISTORICAL
2020-02-15,LKA_CMB,VLSFO,578.97,BUNKERWORLD_HISTORICAL
2020-02-15,LKA_CMB,MGO,747.7,BUNKERWORLD_HISTORICAL
2020-02-15,ARE_FUJ,VLSFO,559.2,BUNKERWORLD_HISTORICAL
2020-02-15,ARE_FUJ,MGO,722.17,BUNKERWORLD_HISTORICAL
2020-02-16,SGP_SIN,VLSFO,557.18,BUNKERWORLD_HISTORICAL
2020-02-16,SGP_SIN,MGO,690.31,BUNKERWORLD_HISTORICAL
2020-02-16,LKA_CMB,VLSFO,571.11,BUNKERWORLD_HISTORICAL
2020-02-16,LKA_CMB,MGO,707.57,BUNKERWORLD_HISTORICAL
2020-02-16,ARE_FUJ,VLSFO,551.61,BUNKERWORLD_HISTORICAL
2020-02-16,ARE_FUJ,MGO,683.41,BUNKERWORLD_HISTORICAL
2020-02-17,SGP_SIN,VLSFO,562.45,BUNKERWORLD_HISTORICAL
2020-02-17,SGP_SIN,MGO,722.08,BUNKERWORLD_HISTORICAL
2020-02-17,LKA_CMB,VLSFO,576.52,BUNKERWORLD_HISTORICAL
2020-02-17,LKA_CMB,MGO,740.13,BUNKERWORLD_HISTORICAL
2020-02-17,ARE_FUJ,VLSFO,556.83,BUNKERWORLD_HISTORICAL
2020-02-17,ARE_FUJ,MGO,714.86,BUNKERWORLD_HISTORICAL
2020-02-18,SGP_SIN,VLSFO,559.35,BUNKERWORLD_HISTORICAL
2020-02-18,SGP_SIN,MGO,713.61,BUNKERWORLD_HISTORICAL
2020-02-18,LKA_CMB,VLSFO,573.33,BUNKERWORLD_HISTORICAL
2020-02-18,LKA_CMB,MGO,731.45,BUNKERWORLD_HISTORICAL
2020-02-18,ARE_FUJ,VLSFO,553.76,BUNKERWORLD_HISTORICAL
2020-02-18,ARE_FUJ,MGO,706.48,BUNKERWORLD_HISTORICAL
2020-02-19,SGP_SIN,VLSFO,557.38,BUNKERWORLD_HISTORICAL
2020-02-19,SGP_SIN,MGO,699.82,BUNKERWORLD_HISTORICAL
2020-02-19,LKA_CMB,VLSFO,571.32,BUNKERWORLD_HISTORICAL
2020-02-19,LKA_CMB,MGO,717.32,BUNKERWORLD_HISTORICAL
2020-02-19,ARE_FUJ,VLSFO,551.81,BUNKERWORLD_HISTORICAL
2020-02-19,ARE_FUJ,MGO,692.83,BUNKERWORLD_HISTORICAL
2020-02-20,SGP_SIN,VLSFO,558.07,BUNKERWORLD_HISTORICAL
2020-02-20,SGP_SIN,MGO,704.58,BUNKERWORLD_HISTORICAL
2020-02-20,LKA_CMB,VLSFO,572.02,BUNKERWORLD_HISTORICAL
2020-02-20,LKA_CMB,MGO,722.19,BUNKERWORLD_HISTORICAL
2020-02-20,ARE_FUJ,VLSFO,552.49,BUNKERWORLD_HISTORICAL
2020-02-20,ARE_FUJ,MGO,697.53,BUNKERWORLD_HISTORICAL
2020-02-21,SGP_SIN,VLSFO,553.09,BUNKERWORLD_HISTORICAL
2020-02-21,SGP_SIN,MGO,725.09,BUNKERWORLD_HISTORICAL
2020-02-21,LKA_CMB,VLSFO,566.92,BUNKERWORLD_HISTORICAL
2020-02-21,LKA_CMB,MGO,743.22,BUNKERWORLD_HISTORICAL
2020-02-21,ARE_FUJ,VLSFO,547.56,BUNKERWORLD_HISTORICAL
2020-02-21,ARE_FUJ,MGO,717.84,BUNKERWORLD_HISTORICAL
2020-02-22,SGP_SIN,VLSFO,540.14,BUNKERWORLD_HISTORICAL
2020-02-22,SGP_SIN,MGO,700.71,BUNKERWORLD_HISTORICAL
2020-02-22,LKA_CMB,VLSFO,553.65,BUNKERWORLD_HISTORICAL
2020-02-22,LKA_CMB,MGO,718.23,BUNKERWORLD_HISTORICAL
2020-02-22,ARE_FUJ,VLSFO,534.74,BUNKERWORLD_HISTORICAL
2020-02-22,ARE_FUJ,MGO,693.71,BUNKERWORLD_HISTORICAL
2020-02-23,SGP_SIN,VLSFO,551.42,BUNKERWORLD_HISTORICAL
2020-02-23,SGP_SIN,MGO,697.04,BUNKERWORLD_HISTORICAL
2020-02-23,LKA_CMB,VLSFO,565.21,BUNKERWORLD_HISTORICAL
2020-02-23,LKA_CMB,MGO,714.47,BUNKERWORLD_HISTORICAL
2020-02-23,ARE_FUJ,VLSFO,545.91,BUNKERWORLD_HISTORICAL
2020-02-23,ARE_FUJ,MGO,690.07,BUNKERWORLD_HISTORICAL
2020-02-24,SGP_SIN,VLSFO,550.67,BUNKERWORLD_HISTORICAL
2020-02-24,SGP_SIN,MGO,708.39,BUNKERWORLD_HISTORICAL
2020-02-24,LKA_CMB,VLSFO,564.44,BUNKERWORLD_HISTORICAL
2020-02-24,LKA_CMB,MGO,726.1,BUNKERWORLD_HISTORICAL
2020-02-24,ARE_FUJ,VLSFO,545.16,BUNKERWORLD_HISTORICAL
2020-02-24,ARE_FUJ,MGO,701.3,BUNKERWORLD_HISTORICAL
2020-02-25,SGP_SIN,VLSFO,550.88,BUNKERWORLD_HISTORICAL
2020-02-25,SGP_SIN,MGO,704.51,BUNKERWORLD_HISTORICAL
2020-02-25,LKA_CMB,VLSFO,564.66,BUNKERWORLD_HISTORICAL
2020-02-25,LKA_CMB,MGO,722.13,BUNKERWORLD_HISTORICAL
2020-02-25,ARE_FUJ,VLSFO,545.37,BUNKERWORLD_HISTORICAL
2020-02-25,ARE_FUJ,MGO,697.47,BUNKERWORLD_HISTORICAL
2020-02-26,SGP_SIN,VLSFO,544.73,BUNKERWORLD_HISTORICAL
2020-02-26,SGP_SIN,MGO,697.51,BUNKERWORLD_HISTORICAL
2020-02-26,LKA_CMB,VLSFO,558.35,BUNKERWORLD_HISTORICAL
2020-02-26,LKA_CMB,MGO,714.95,BUNKERWORLD_HISTORICAL
2020-02-26,ARE_FUJ,VLSFO,539.28,BUNKERWORLD_HISTORICAL
2020-02-26,ARE_FUJ,MGO,690.54,BUNKERWORLD_HISTORICAL
2020-02-27,SGP_SIN,VLSFO,541.17,BUNKERWORLD_HISTORICAL
2020-02-27,SGP_SIN,MGO,710.95,BUNKERWORLD_HISTORICAL
2020-02-27,LKA_CMB,VLSFO,554.7,BUNKERWORLD_HISTORICAL
2020-02-27,LKA_CMB,MGO,728.72,BUNKERWORLD_HISTORICAL
2020-02-27,ARE_FUJ,VLSFO,535.76,BUNKERWORLD_HISTORICAL
2020-02-27,ARE_FUJ,MGO,703.84,BUNKERWORLD_HISTORICAL
2020-02-28,SGP_SIN,VLSFO,543.33,BUNKERWORLD_HISTORICAL
2020-02-28,SGP_SIN,MGO,686.84,BUNKERWORLD_HISTORICAL
2020-02-28,LKA_CMB,VLSFO,556.91,BUNKERWORLD_HISTORICAL
2020-02-28,LKA_CMB,MGO,704.01,BUNKERWORLD_HISTORICAL
2020-02-28,ARE_FUJ,VLSFO,537.89,BUNKERWORLD_HISTORICAL
2020-02-28,ARE_FUJ,MGO,679.97,BUNKERWORLD_HISTORICAL
2020-02-29,SGP_SIN,VLSFO,547.0,BUNKERWORLD_HISTORICAL
2020-02-29,SGP_SIN,MGO,697.96,BUNKERWORLD_HISTORICAL
2020-02-29,LKA_CMB,VLSFO,560.67,BUNKERWORLD_HISTORICAL
2020-02-29,LKA_CMB,MGO,715.41,BUNKERWORLD_HISTORICAL
2020-02-29,ARE_FUJ,VLSFO,541.53,BUNKERWORLD_HISTORICAL
2020-02-29,ARE_FUJ,MGO,690.98,BUNKERWORLD_HISTORICAL
2020-03-01,SGP_SIN,VLSFO,552.54,BUNKERWORLD_HISTORICAL
2020-03-01,SGP_SIN,MGO,697.62,BUNKERWORLD_HISTORICAL
2020-03-01,LKA_CMB,VLSFO,566.35,BUNKERWORLD_HISTORICAL
2020-03-01,LKA_CMB,MGO,715.06,BUNKERWORLD_HISTORICAL
2020-03-01,ARE_FUJ,VLSFO,547.01,BUNKERWORLD_HISTORICAL
2020-03-01,ARE_FUJ,MGO,690.65,BUNKERWORLD_HISTORICAL
2020-03-02,SGP_SIN,VLSFO,554.76,BUNKERWORLD_HISTORICAL
2020-03-02,SGP_SIN,MGO,689.77,BUNKERWORLD_HISTORICAL
2020-03-02,LKA_CMB,VLSFO,568.63,BUNKERWORLD_HISTORICAL
2020-03-02,LKA_CMB,MGO,707.01,BUNKERWORLD_HISTORICAL
2020-03-02,ARE_FUJ,VLSFO,549.21,BUNKERWORLD_HISTORICAL
2020-03-02,ARE_FUJ,MGO,682.87,BUNKERWORLD_HISTORICAL
2020-03-03,SGP_SIN,VLSFO,553.57,BUNKERWORLD_HISTORICAL
2020-03-03,SGP_SIN,MGO,709.27,BUNKERWORLD_HISTORICAL
2020-03-03,LKA_CMB,VLSFO,567.41,BUNKERWORLD_HISTORICAL
2020-03-03,LKA_CMB,MGO,727.0,BUNKERWORLD_HISTORICAL
2020-03-03,ARE_FUJ,VLSFO,548.03,BUNKERWORLD_HISTORICAL
2020-03-03,ARE_FUJ,MGO,702.18,BUNKERWORLD_HISTORICAL
2020-03-04,SGP_SIN,VLSFO,573.65,BUNKERWORLD_HISTORICAL
2020-03-04,SGP_SIN,MGO,734.18,BUNKERWORLD_HISTORICAL
2020-03-04,LKA_CMB,VLSFO,587.99,BUNKERWORLD_HISTORICAL
2020-03-04,LKA_CMB,MGO,752.54,BUNKERWORLD_HISTORICAL
2020-03-04,ARE_FUJ,VLSFO,567.92,BUNKERWORLD_HISTORICAL
2020-03-04,ARE_FUJ,MGO,726.84,BUNKERWORLD_HISTORICAL
2020-03-05,SGP_SIN,VLSFO,568.82,BUNKERWORLD_HISTORICAL
2020-03-05,SGP_SIN,MGO,711.63,BUNKERWORLD_HISTORICAL
2020-03-05,LKA_CMB,VLSFO,583.04,BUNKERWORLD_HISTORICAL
2020-03-05,LKA_CMB,MGO,729.42,BUNKERWORLD_HISTORICAL
2020-03-05,ARE_FUJ,VLSFO,563.13,BUNKERWORLD_HISTORICAL
2020-03-05,ARE_FUJ,MGO,704.51,BUNKERWORLD_HISTORICAL
2020-03-06,SGP_SIN,VLSFO,568.77,BUNKERWORLD_HISTORICAL
2020-03-06,SGP_SIN,MGO,712.5,BUNKERWORLD_HISTORICAL
2020-03-06,LKA_CMB,VLSFO,582.99,BUNKERWORLD_HISTORICAL
2020-03-06,LKA_CMB,MGO,730.31,BUNKERWORLD_HISTORICAL
2020-03-06,ARE_FUJ,VLSFO,563.08,BUNKERWORLD_HISTORICAL
2020-03-06,ARE_FUJ,MGO,705.38,BUNKERWORLD_HISTORICAL
2020-03-07,SGP_SIN,VLSFO,575.71,BUNKERWORLD_HISTORICAL
2020-03-07,SGP_SIN,MGO,733.31,BUNKERWORLD_HISTORICAL
2020-03-07,LKA_CMB,VLSFO,590.11,BUNKERWORLD_HISTORICAL
2020-03-07,LKA_CMB,MGO,751.64,BUNKERWORLD_HISTORICAL
2020-03-07,ARE_FUJ,VLSFO,569.96,BUNKERWORLD_HISTORICAL
2020-03-07,ARE_FUJ,MGO,725.97,BUNKERWORLD_HISTORICAL
2020-03-08,SGP_SIN,VLSFO,563.74,BUNKERWORLD_HISTORICAL
2020-03-08,SGP_SIN,MGO,726.43,BUNKERWORLD_HISTORICAL
2020-03-08,LKA_CMB,VLSFO,577.84,BUNKERWORLD_HISTORICAL
2020-03-08,LKA_CMB,MGO,744.59,BUNKERWORLD_HISTORICAL
2020-03-08,ARE_FUJ,VLSFO,558.11,BUNKERWORLD_HISTORICAL
2020-03-08,ARE_FUJ,MGO,719.16,BUNKERWORLD_HISTORICAL
2020-03-09,SGP_SIN,VLSFO,567.26,BUNKERWORLD_HISTORICAL
2020-03-09,SGP_SIN,MGO,729.55,BUNKERWORLD_HISTORICAL
2020-03-09,LKA_CMB,VLSFO,581.44,BUNKERWORLD_HISTORICAL
2020-03-09,LKA_CMB,MGO,747.79,BUNKERWORLD_HISTORICAL
2020-03-09,ARE_FUJ,VLSFO,561.59,BUNKERWORLD_HISTORICAL
2020-03-09,ARE_FUJ,MGO,722.25,BUNKERWORLD_HISTORICAL
2020-03-10,SGP_SIN,VLSFO,555.87,BUNKERWORLD_HISTORICAL
2020-03-10,SGP_SIN,MGO,715.81,BUNKERWORLD_HISTORICAL
2020-03-10,LKA_CMB,VLSFO,569.77,BUNKERWORLD_HISTORICAL
2020-03-10,LKA_CMB,MGO,733.71,BUNKERWORLD_HISTORICAL
2020-03-10,ARE_FUJ,VLSFO,550.32,BUNKERWORLD_HISTORICAL
2020-03-10,ARE_FUJ,MGO,708.65,BUNKERWORLD_HISTORICAL
2020-03-11,SGP_SIN,VLSFO,565.22,BUNKERWORLD_HISTORICAL
2020-03-11,SGP_SIN,MGO,708.25,BUNKERWORLD_HISTORICAL
2020-03-11,LKA_CMB,VLSFO,579.35,BUNKERWORLD_HISTORICAL
2020-03-11,LKA_CMB,MGO,725.96,BUNKERWORLD_HISTORICAL
2020-03-11,ARE_FUJ,VLSFO,559.56,BUNKERWORLD_HISTORICAL
2020-03-11,ARE_FUJ,MGO,701.17,BUNKERWORLD_HISTORICAL
2020-03-12,SGP_SIN,VLSFO,565.39,BUNKERWORLD_HISTORICAL
2020-03-12,SGP_SIN,MGO,718.31,BUNKERWORLD_HISTORICAL
2020-03-12,LKA_CMB,VLSFO,579.52,BUNKERWORLD_HISTORICAL
2020-03-12,LKA_CMB,MGO,736.26,BUNKERWORLD_HISTORICAL
2020-03-12,ARE_FUJ,VLSFO,559.73,BUNKERWORLD_HISTORICAL
2020-03-12,ARE_FUJ,MGO,711.12,BUNKERWORLD_HISTORICAL
2020-03-13,SGP_SIN,VLSFO,576.29,BUNKERWORLD_HISTORICAL
2020-03-13,SGP_SIN,MGO,736.32,BUNKERWORLD_HISTORICAL
2020-03-13,LKA_CMB,VLSFO,590.7,BUNKERWORLD_HISTORICAL
2020-03-13,LKA_CMB,MGO,754.73,BUNKERWORLD_HISTORICAL
2020-03-13,ARE_FUJ,VLSFO,570.53,BUNKERWORLD_HISTORICAL
2020-03-13,ARE_FUJ,MGO,728.96,BUNKERWORLD_HISTORICAL
2020-03-14,SGP_SIN,VLSFO,580.06,BUNKERWORLD_HISTORICAL
2020-03-14,SGP_SIN,MGO,749.98,BUNKERWORLD_HISTORICAL
2020-03-14,LKA_CMB,VLSFO,594.56,BUNKERWORLD_HISTORICAL
2020-03-14,LKA_CMB,MGO,768.73,BUNKERWORLD_HISTORICAL
2020-03-14,ARE_FUJ,VLSFO,574.26,BUNKERWORLD_HISTORICAL
2020-03-14,ARE_FUJ,MGO,742.48,BUNKERWORLD_HISTORICAL
2020-03-15,SGP_SIN,VLSFO,567.14,BUNKERWORLD_HISTORICAL
2020-03-15,SGP_SIN,MGO,713.2,BUNKERWORLD_HISTORICAL
2020-03-15,LKA_CMB,VLSFO,581.32,BUNKERWORLD_HISTORICAL
2020-03-15,LKA_CMB,MGO,731.03,BUNKERWORLD_HISTORICAL
2020-03-15,ARE_FUJ,VLSFO,561.47,BUNKERWORLD_HISTORICAL
2020-03-15,ARE_FUJ,MGO,706.07,BUNKERWORLD_HISTORICAL
2020-03-16,SGP_SIN,VLSFO,573.55,BUNKERWORLD_HISTORICAL
2020-03-16,SGP_SIN,MGO,742.24,BUNKERWORLD_HISTORICAL
2020-03-16,LKA_CMB,VLSFO,587.88,BUNKERWORLD_HISTORICAL
2020-03-16,LKA_CMB,MGO,760.8,BUNKERWORLD_HISTORICAL
2020-03-16,ARE_FUJ,VLSFO,567.81,BUNKERWORLD_HISTORICAL
2020-03-16,ARE_FUJ,MGO,734.82,BUNKERWORLD_HISTORICAL
2020-03-17,SGP_SIN,VLSFO,575.96,BUNKERWORLD_HISTORICAL
2020-03-17,SGP_SIN,MGO,732.81,BUNKERWORLD_HISTORICAL
2020-03-17,LKA_CMB,VLSFO,590.36,BUNKERWORLD_HISTORICAL
2020-03-17,LKA_CMB,MGO,751.13,BUNKERWORLD_HISTORICAL
2020-03-17,ARE_FUJ,VLSFO,570.2,BUNKERWORLD_HISTORICAL
2020-03-17,ARE_FUJ,MGO,725.48,BUNKERWORLD_HISTORICAL
2020-03-18,SGP_SIN,VLSFO,574.58,BUNKERWORLD_HISTORICAL
2020-03-18,SGP_SIN,MGO,725.01,BUNKERWORLD_HISTORICAL
2020-03-18,LKA_CMB,VLSFO,588.94,BUNKERWORLD_HISTORICAL
2020-03-18,LKA_CMB,MGO,743.14,BUNKERWORLD_HISTORICAL
2020-03-18,ARE_FUJ,VLSFO,568.83,BUNKERWORLD_HISTORICAL
2020-03-18,ARE_FUJ,MGO,717.76,BUNKERWORLD_HISTORICAL
2020-03-19,SGP_SIN,VLSFO,575.62,BUNKERWORLD_HISTORICAL
2020-03-19,SGP_SIN,MGO,734.64,BUNKERWORLD_HISTORICAL
2020-03-19,LKA_CMB,VLSFO,590.01,BUNKERWORLD_HISTORICAL
2020-03-19,LKA_CMB,MGO,753.01,BUNKERWORLD_HISTORICAL
2020-03-19,ARE_FUJ,VLSFO,569.86,BUNKERWORLD_HISTORICAL
2020-03-19,ARE_FUJ,MGO,727.3,BUNKERWORLD_HISTORICAL
2020-03-20,SGP_SIN,VLSFO,581.42,BUNKERWORLD_HISTORICAL
2020-03-20,SGP_SIN,MGO,748.44,BUNKERWORLD_HISTORICAL
2020-03-20,LKA_CMB,VLSFO,595.96,BUNKERWORLD_HISTORICAL
2020-03-20,LKA_CMB,MGO,767.15,BUNKERWORLD_HISTORICAL
2020-03-20,ARE_FUJ,VLSFO,575.61,BUNKERWORLD_HISTORICAL
2020-03-20,ARE_FUJ,MGO,740.95,BUNKERWORLD_HISTORICAL
2020-03-21,SGP_SIN,VLSFO,584.49,BUNKERWORLD_HISTORICAL
2020-03-21,SGP_SIN,MGO,762.08,BUNKERWORLD_HISTORICAL
2020-03-21,LKA_CMB,VLSFO,599.1,BUNKERWORLD_HISTORICAL
2020-03-21,LKA_CMB,MGO,781.13,BUNKERWORLD_HISTORICAL
2020-03-21,ARE_FUJ,VLSFO,578.65,BUNKERWORLD_HISTORICAL
2020-03-21,ARE_FUJ,MGO,754.46,BUNKERWORLD_HISTORICAL
2020-03-22,SGP_SIN,VLSFO,578.74,BUNKERWORLD_HISTORICAL
2020-03-22,SGP_SIN,MGO,730.09,BUNKERWORLD_HISTORICAL
2020-03-22,LKA_CMB,VLSFO,593.2,BUNKERWORLD_HISTORICAL
2020-03-22,LKA_CMB,MGO,748.35,BUNKERWORLD_HISTORICAL
2020-03-22,ARE_FUJ,VLSFO,572.95,BUNKERWORLD_HISTORICAL
2020-03-22,ARE_FUJ,MGO,722.79,BUNKERWORLD_HISTORICAL
2020-03-23,SGP_SIN,VLSFO,582.33,BUNKERWORLD_HISTORICAL
2020-03-23,SGP_SIN,MGO,742.37,BUNKERWORLD_HISTORICAL
2020-03-23,LKA_CMB,VLSFO,596.89,BUNKERWORLD_HISTORICAL
2020-03-23,LKA_CMB,MGO,760.93,BUNKERWORLD_HISTORICAL
2020-03-23,ARE_FUJ,VLSFO,576.51,BUNKERWORLD_HISTORICAL
2020-03-23,ARE_FUJ,MGO,734.95,BUNKERWORLD_HISTORICAL
2020-03-24,SGP_SIN,VLSFO,566.43,BUNKERWORLD_HISTORICAL
2020-03-24,SGP_SIN,MGO,730.63,BUNKERWORLD_HISTORICAL
2020-03-24,LKA_CMB,VLSFO,580.59,BUNKERWORLD_HISTORICAL
2020-03-24,LKA_CMB,MGO,748.89,BUNKERWORLD_HISTORICAL
2020-03-24,ARE_FUJ,VLSFO,560.77,BUNKERWORLD_HISTORICAL
2020-03-24,ARE_FUJ,MGO,723.32,BUNKERWORLD_HISTORICAL
2020-03-25,SGP_SIN,VLSFO,579.71,BUNKERWORLD_HISTORICAL
2020-03-25,SGP_SIN,MGO,736.85,BUNKERWORLD_HISTORICAL
2020-03-25,LKA_CMB,VLSFO,594.2,BUNKERWORLD_HISTORICAL
2020-03-25,LKA_CMB,MGO,755.28,BUNKERWORLD_HISTORICAL
2020-03-25,ARE_FUJ,VLSFO,573.91,BUNKERWORLD_HISTORICAL
2020-03-25,ARE_FUJ,MGO,729.49,BUNKERWORLD_HISTORICAL
2020-03-26,SGP_SIN,VLSFO,559.6,BUNKERWORLD_HISTORICAL
2020-03-26,SGP_SIN,MGO,712.87,BUNKERWORLD_HISTORICAL
2020-03-26,LKA_CMB,VLSFO,573.59,BUNKERWORLD_HISTORICAL
2020-03-26,LKA_CMB,MGO,730.69,BUNKERWORLD_HISTORICAL
2020-03-26,ARE_FUJ,VLSFO,554.0,BUNKERWORLD_HISTORICAL
2020-03-26,ARE_FUJ,MGO,705.74,BUNKERWORLD_HISTORICAL
2020-03-27,SGP_SIN,VLSFO,571.81,BUNKERWORLD_HISTORICAL
2020-03-27,SGP_SIN,MGO,742.78,BUNKERWORLD_HISTORICAL
2020-03-27,LKA_CMB,VLSFO,586.11,BUNKERWORLD_HISTORICAL
2020-03-27,LKA_CMB,MGO,761.34,BUNKERWORLD_HISTORICAL
2020-03-27,ARE_FUJ,VLSFO,566.09,BUNKERWORLD_HISTORICAL
2020-03-27,ARE_FUJ,MGO,735.35,BUNKERWORLD_HISTORICAL
2020-03-28,SGP_SIN,VLSFO,567.83,BUNKERWORLD_HISTORICAL
2020-03-28,SGP_SIN,MGO,720.04,BUNKERWORLD_HISTORICAL
2020-03-28,LKA_CMB,VLSFO,582.02,BUNKERWORLD_HISTORICAL
2020-03-28,LKA_CMB,MGO,738.04,BUNKERWORLD_HISTORICAL
2020-03-28,ARE_FUJ,VLSFO,562.15,BUNKERWORLD_HISTORICAL
2020-03-28,ARE_FUJ,MGO,712.84,BUNKERWORLD_HISTORICAL
2020-03-29,SGP_SIN,VLSFO,569.51,BUNKERWORLD_HISTORICAL
2020-03-29,SGP_SIN,MGO,738.13,BUNKERWORLD_HISTORICAL
2020-03-29,LKA_CMB,VLSFO,583.74,BUNKERWORLD_HISTORICAL
2020-03-29,LKA_CMB,MGO,756.58,BUNKERWORLD_HISTORICAL
2020-03-29,ARE_FUJ,VLSFO,563.81,BUNKERWORLD_HISTORICAL
2020-03-29,ARE_FUJ,MGO,730.74,BUNKERWORLD_HISTORICAL
2020-03-30,SGP_SIN,VLSFO,565.63,BUNKERWORLD_HISTORICAL
2020-03-30,SGP_SIN,MGO,713.19,BUNKERWORLD_HISTORICAL
2020-03-30,LKA_CMB,VLSFO,579.77,BUNKERWORLD_HISTORICAL
2020-03-30,LKA_CMB,MGO,731.02,BUNKERWORLD_HISTORICAL
2020-03-30,ARE_FUJ,VLSFO,559.97,BUNKERWORLD_HISTORICAL
2020-03-30,ARE_FUJ,MGO,706.06,BUNKERWORLD_HISTORICAL
2020-03-31,SGP_SIN,VLSFO,584.97,BUNKERWORLD_HISTORICAL
2020-03-31,SGP_SIN,MGO,745.48,BUNKERWORLD_HISTORICAL
2020-03-31,LKA_CMB,VLSFO,599.59,BUNKERWORLD_HISTORICAL
2020-03-31,LKA_CMB,MGO,764.11,BUNKERWORLD_HISTORICAL
2020-03-31,ARE_FUJ,VLSFO,579.12,BUNKERWORLD_HISTORICAL
2020-03-31,ARE_FUJ,MGO,738.02,BUNKERWORLD_HISTORICAL
2020-04-01,SGP_SIN,VLSFO,588.74,BUNKERWORLD_HISTORICAL
2020-04-01,SGP_SIN,MGO,752.61,BUNKERWORLD_HISTORICAL
2020-04-01,LKA_CMB,VLSFO,603.46,BUNKERWORLD_HISTORICAL
2020-04-01,LKA_CMB,MGO,771.43,BUNKERWORLD_HISTORICAL
2020-04-01,ARE_FUJ,VLSFO,582.86,BUNKERWORLD_HISTORICAL
2020-04-01,ARE_FUJ,MGO,745.09,BUNKERWORLD_HISTORICAL
2020-04-02,SGP_SIN,VLSFO,572.43,BUNKERWORLD_HISTORICAL
2020-04-02,SGP_SIN,MGO,741.09,BUNKERWORLD_HISTORICAL
2020-04-02,LKA_CMB,VLSFO,586.74,BUNKERWORLD_HISTORICAL
2020-04-02,LKA_CMB,MGO,759.61,BUNKERWORLD_HISTORICAL
2020-04-02,ARE_FUJ,VLSFO,566.7,BUNKERWORLD_HISTORICAL
2020-04-02,ARE_FUJ,MGO,733.68,BUNKERWORLD_HISTORICAL
2020-04-03,SGP_SIN,VLSFO,576.29,BUNKERWORLD_HISTORICAL
2020-04-03,SGP_SIN,MGO,752.61,BUNKERWORLD_HISTORICAL
2020-04-03,LKA_CMB,VLSFO,590.7,BUNKERWORLD_HISTORICAL
2020-04-03,LKA_CMB,MGO,771.42,BUNKERWORLD_HISTORICAL
2020-04-03,ARE_FUJ,VLSFO,570.53,BUNKERWORLD_HISTORICAL
2020-04-03,ARE_FUJ,MGO,745.08,BUNKERWORLD_HISTORICAL
2020-04-04,SGP_SIN,VLSFO,570.86,BUNKERWORLD_HISTORICAL
2020-04-04,SGP_SIN,MGO,736.37,BUNKERWORLD_HISTORICAL
2020-04-04,LKA_CMB,VLSFO,585.13,BUNKERWORLD_HISTORICAL
2020-04-04,LKA_CMB,MGO,754.78,BUNKERWORLD_HISTORICAL
2020-04-04,ARE_FUJ,VLSFO,565.15,BUNKERWORLD_HISTORICAL
2020-04-04,ARE_FUJ,MGO,729.01,BUNKERWORLD_HISTORICAL
2020-04-05,SGP_SIN,VLSFO,564.75,BUNKERWORLD_HISTORICAL
2020-04-05,SGP_SIN,MGO,718.32,BUNKERWORLD_HISTORICAL
2020-04-05,LKA_CMB,VLSFO,578.87,BUNKERWORLD_HISTORICAL
2020-04-05,LKA_CMB,MGO,736.27,BUNKERWORLD_HISTORICAL
2020-04-05,ARE_FUJ,VLSFO,559.1,BUNKERWORLD_HISTORICAL
2020-04-05,ARE_FUJ,MGO,711.13,BUNKERWORLD_HISTORICAL
2020-04-06,SGP_SIN,VLSFO,562.98,BUNKERWORLD_HISTORICAL
2020-04-06,SGP_SIN,MGO,717.65,BUNKERWORLD_HISTORICAL
2020-04-06,LKA_CMB,VLSFO,577.05,BUNKERWORLD_HISTORICAL
2020-04-06,LKA_CMB,MGO,735.59,BUNKERWORLD_HISTORICAL
2020-04-06,ARE_FUJ,VLSFO,557.35,BUNKERWORLD_HISTORICAL
2020-04-06,ARE_FUJ,MGO,710.47,BUNKERWORLD_HISTORICAL
2020-04-07,SGP_SIN,VLSFO,569.22,BUNKERWORLD_HISTORICAL
2020-04-07,SGP_SIN,MGO,709.31,BUNKERWORLD_HISTORICAL
2020-04-07,LKA_CMB,VLSFO,583.45,BUNKERWORLD_HISTORICAL
2020-04-07,LKA_CMB,MGO,727.05,BUNKERWORLD_HISTORICAL
2020-04-07,ARE_FUJ,VLSFO,563.53,BUNKERWORLD_HISTORICAL
2020-04-07,ARE_FUJ,MGO,702.22,BUNKERWORLD_HISTORICAL
2020-04-08,SGP_SIN,VLSFO,564.36,BUNKERWORLD_HISTORICAL
2020-04-08,SGP_SIN,MGO,721.05,BUNKERWORLD_HISTORICAL
2020-04-08,LKA_CMB,VLSFO,578.47,BUNKERWORLD_HISTORICAL
2020-04-08,LKA_CMB,MGO,739.07,BUNKERWORLD_HISTORICAL
2020-04-08,ARE_FUJ,VLSFO,558.72,BUNKERWORLD_HISTORICAL
2020-04-08,ARE_FUJ,MGO,713.84,BUNKERWORLD_HISTORICAL
2020-04-09,SGP_SIN,VLSFO,562.34,BUNKERWORLD_HISTORICAL
2020-04-09,SGP_SIN,MGO,732.34,BUNKERWORLD_HISTORICAL
2020-04-09,LKA_CMB,VLSFO,576.4,BUNKERWORLD_HISTORICAL
2020-04-09,LKA_CMB,MGO,750.64,BUNKERWORLD_HISTORICAL
2020-04-09,ARE_FUJ,VLSFO,556.72,BUNKERWORLD_HISTORICAL
2020-04-09,ARE_FUJ,MGO,725.01,BUNKERWORLD_HISTORICAL
2020-04-10,SGP_SIN,VLSFO,569.95,BUNKERWORLD_HISTORICAL
2020-04-10,SGP_SIN,MGO,733.18,BUNKERWORLD_HISTORICAL
2020-04-10,LKA_CMB,VLSFO,584.2,BUNKERWORLD_HISTORICAL
2020-04-10,LKA_CMB,MGO,751.51,BUNKERWORLD_HISTORICAL
2020-04-10,ARE_FUJ,VLSFO,564.25,BUNKERWORLD_HISTORICAL
2020-04-10,ARE_FUJ,MGO,725.85,BUNKERWORLD_HISTORICAL
2020-04-11,SGP_SIN,VLSFO,553.82,BUNKERWORLD_HISTORICAL
2020-04-11,SGP_SIN,MGO,713.24,BUNKERWORLD_HISTORICAL
2020-04-11,LKA_CMB,VLSFO,567.67,BUNKERWORLD_HISTORICAL
2020-04-11,LKA_CMB,MGO,731.07,BUNKERWORLD_HISTORICAL
2020-04-11,ARE_FUJ,VLSFO,548.29,BUNKERWORLD_HISTORICAL
2020-04-11,ARE_FUJ,MGO,706.1,BUNKERWORLD_HISTORICAL
2020-04-12,SGP_SIN,VLSFO,566.22,BUNKERWORLD_HISTORICAL
2020-04-12,SGP_SIN,MGO,739.03,BUNKERWORLD_HISTORICAL
2020-04-12,LKA_CMB,VLSFO,580.38,BUNKERWORLD_HISTORICAL
2020-04-12,LKA_CMB,MGO,757.51,BUNKERWORLD_HISTORICAL
2020-04-12,ARE_FUJ,VLSFO,560.56,BUNKERWORLD_HISTORICAL
2020-04-12,ARE_FUJ,MGO,731.64,BUNKERWORLD_HISTORICAL
2020-04-13,SGP_SIN,VLSFO,564.39,BUNKERWORLD_HISTORICAL
2020-04-13,SGP_SIN,MGO,741.31,BUNKERWORLD_HISTORICAL
2020-04-13,LKA_CMB,VLSFO,578.5,BUNKERWORLD_HISTORICAL
2020-04-13,LKA_CMB,MGO,759.84,BUNKERWORLD_HISTORICAL
2020-04-13,ARE_FUJ,VLSFO,558.75,BUNKERWORLD_HISTORICAL
2020-04-13,ARE_FUJ,MGO,733.89,BUNKERWORLD_HISTORICAL
2020-04-14,SGP_SIN,VLSFO,572.92,BUNKERWORLD_HISTORICAL
2020-04-14,SGP_SIN,MGO,740.25,BUNKERWORLD_HISTORICAL
2020-04-14,LKA_CMB,VLSFO,587.25,BUNKERWORLD_HISTORICAL
2020-04-14,LKA_CMB,MGO,758.76,BUNKERWORLD_HISTORICAL
2020-04-14,ARE_FUJ,VLSFO,567.2,BUNKERWORLD_HISTORICAL
2020-04-14,ARE_FUJ,MGO,732.85,BUNKERWORLD_HISTORICAL
2020-04-15,SGP_SIN,VLSFO,564.02,BUNKERWORLD_HISTORICAL
2020-04-15,SGP_SIN,MGO,732.4,BUNKERWORLD_HISTORICAL
2020-04-15,LKA_CMB,VLSFO,578.12,BUNKERWORLD_HISTORICAL
2020-04-15,LKA_CMB,MGO,750.71,BUNKERWORLD_HISTORICAL
2020-04-15,ARE_FUJ,VLSFO,558.38,BUNKERWORLD_HISTORICAL
2020-04-15,ARE_FUJ,MGO,725.08,BUNKERWORLD_HISTORICAL
2020-04-16,SGP_SIN,VLSFO,573.38,BUNKERWORLD_HISTORICAL
2020-04-16,SGP_SIN,MGO,718.29,BUNKERWORLD_HISTORICAL
2020-04-16,LKA_CMB,VLSFO,587.71,BUNKERWORLD_HISTORICAL
2020-04-16,LKA_CMB,MGO,736.24,BUNKERWORLD_HISTORICAL
2020-04-16,ARE_FUJ,VLSFO,567.64,BUNKERWORLD_HISTORICAL
2020-04-16,ARE_FUJ,MGO,711.1,BUNKERWORLD_HISTORICAL
2020-04-17,SGP_SIN,VLSFO,569.55,BUNKERWORLD_HISTORICAL
2020-04-17,SGP_SIN,MGO,734.51,BUNKERWORLD_HISTORICAL
2020-04-17,LKA_CMB,VLSFO,583.79,BUNKERWORLD_HISTORICAL
2020-04-17,LKA_CMB,MGO,752.87,BUNKERWORLD_HISTORICAL
2020-04-17,ARE_FUJ,VLSFO,563.86,BUNKERWORLD_HISTORICAL
2020-04-17,ARE_FUJ,MGO,727.17,BUNKERWORLD_HISTORICAL
2020-04-18,SGP_SIN,VLSFO,574.73,BUNKERWORLD_HISTORICAL
2020-04-18,SGP_SIN,MGO,737.14,BUNKERWORLD_HISTORICAL
2020-04-18,LKA_CMB,VLSFO,589.09,BUNKERWORLD_HISTORICAL
2020-04-18,LKA_CMB,MGO,755.56,BUNKERWORLD_HISTORICAL
2020-04-18,ARE_FUJ,VLSFO,568.98,BUNKERWORLD_HISTORICAL
2020-04-18,ARE_FUJ,MGO,729.76,BUNKERWORLD_HISTORICAL
2020-04-19,SGP_SIN,VLSFO,569.96,BUNKERWORLD_HISTORICAL
2020-04-19,SGP_SIN,MGO,722.66,BUNKERWORLD_HISTORICAL
2020-04-19,LKA_CMB,VLSFO,584.21,BUNKERWORLD_HISTORICAL
2020-04-19,LKA_CMB,MGO,740.72,BUNKERWORLD_HISTORICAL
2020-04-19,ARE_FUJ,VLSFO,564.27,BUNKERWORLD_HISTORICAL
2020-04-19,ARE_FUJ,MGO,715.43,BUNKERWORLD_HISTORICAL
2020-04-20,SGP_SIN,VLSFO,569.58,BUNKERWORLD_HISTORICAL
2020-04-20,SGP_SIN,MGO,737.79,BUNKERWORLD_HISTORICAL
2020-04-20,LKA_CMB,VLSFO,583.82,BUNKERWORLD_HISTORICAL
2020-04-20,LKA_CMB,MGO,756.23,BUNKERWORLD_HISTORICAL
2020-04-20,ARE_FUJ,VLSFO,563.89,BUNKERWORLD_HISTORICAL
2020-04-20,ARE_FUJ,MGO,730.41,BUNKERWORLD_HISTORICAL
2020-04-21,SGP_SIN,VLSFO,574.15,BUNKERWORLD_HISTORICAL
2020-04-21,SGP_SIN,MGO,740.15,BUNKERWORLD_HISTORICAL
2020-04-21,LKA_CMB,VLSFO,588.5,BUNKERWORLD_HISTORICAL
2020-04-21,LKA_CMB,MGO,758.65,BUNKERWORLD_HISTORICAL
2020-04-21,ARE_FUJ,VLSFO,568.41,BUNKERWORLD_HISTORICAL
2020-04-21,ARE_FUJ,MGO,732.75,BUNKERWORLD_HISTORICAL
2020-04-22,SGP_SIN,VLSFO,568.07,BUNKERWORLD_HISTORICAL
2020-04-22,SGP_SIN,MGO,721.48,BUNKERWORLD_HISTORICAL
2020-04-22,LKA_CMB,VLSFO,582.27,BUNKERWORLD_HISTORICAL
2020-04-22,LKA_CMB,MGO,739.52,BUNKERWORLD_HISTORICAL
2020-04-22,ARE_FUJ,VLSFO,562.39,BUNKERWORLD_HISTORICAL
2020-04-22,ARE_FUJ,MGO,714.27,BUNKERWORLD_HISTORICAL
2020-04-23,SGP_SIN,VLSFO,558.88,BUNKERWORLD_HISTORICAL
2020-04-23,SGP_SIN,MGO,710.24,BUNKERWORLD_HISTORICAL
2020-04-23,LKA_CMB,VLSFO,572.86,BUNKERWORLD_HISTORICAL
2020-04-23,LKA_CMB,MGO,728.0,BUNKERWORLD_HISTORICAL
2020-04-23,ARE_FUJ,VLSFO,553.3,BUNKERWORLD_HISTORICAL
2020-04-23,ARE_FUJ,MGO,703.14,BUNKERWORLD_HISTORICAL
2020-04-24,SGP_SIN,VLSFO,562.96,BUNKERWORLD_HISTORICAL
2020-04-24,SGP_SIN,MGO,729.92,BUNKERWORLD_HISTORICAL
2020-04-24,LKA_CMB,VLSFO,577.03,BUNKERWORLD_HISTORICAL
2020-04-24,LKA_CMB,MGO,748.16,BUNKERWORLD_HISTORICAL
2020-04-24,ARE_FUJ,VLSFO,557.33,BUNKERWORLD_HISTORICAL
2020-04-24,ARE_FUJ,MGO,722.62,BUNKERWORLD_HISTORICAL
2020-04-25,SGP_SIN,VLSFO,576.21,BUNKERWORLD_HISTORICAL
2020-04-25,SGP_SIN,MGO,745.07,BUNKERWORLD_HISTORICAL
2020-04-25,LKA_CMB,VLSFO,590.61,BUNKERWORLD_HISTORICAL
2020-04-25,LKA_CMB,MGO,763.7,BUNKERWORLD_HISTORICAL
2020-04-25,ARE_FUJ,VLSFO,570.44,BUNKERWORLD_HISTORICAL
2020-04-25,ARE_FUJ,MGO,737.62,BUNKERWORLD_HISTORICAL
2020-04-26,SGP_SIN,VLSFO,564.56,BUNKERWORLD_HISTORICAL
2020-04-26,SGP_SIN,MGO,708.73,BUNKERWORLD_HISTORICAL
2020-04-26,LKA_CMB,VLSFO,578.67,BUNKERWORLD_HISTORICAL
2020-04-26,LKA_CMB,MGO,726.45,BUNKERWORLD_HISTORICAL
2020-04-26,ARE_FUJ,VLSFO,558.91,BUNKERWORLD_HISTORICAL
2020-04-26,ARE_FUJ,MGO,701.64,BUNKERWORLD_HISTORICAL
2020-04-27,SGP_SIN,VLSFO,572.14,BUNKERWORLD_HISTORICAL
2020-04-27,SGP_SIN,MGO,738.81,BUNKERWORLD_HISTORICAL
2020-04-27,LKA_CMB,VLSFO,586.45,BUNKERWORLD_HISTORICAL
2020-04-27,LKA_CMB,MGO,757.28,BUNKERWORLD_HISTORICAL
2020-04-27,ARE_FUJ,VLSFO,566.42,BUNKERWORLD_HISTORICAL
2020-04-27,ARE_FUJ,MGO,731.42,BUNKERWORLD_HISTORICAL
2020-04-28,SGP_SIN,VLSFO,569.67,BUNKERWORLD_HISTORICAL
2020-04-28,SGP_SIN,MGO,721.71,BUNKERWORLD_HISTORICAL
2020-04-28,LKA_CMB,VLSFO,583.91,BUNKERWORLD_HISTORICAL
2020-04-28,LKA_CMB,MGO,739.75,BUNKERWORLD_HISTORICAL
2020-04-28,ARE_FUJ,VLSFO,563.97,BUNKERWORLD_HISTORICAL
2020-04-28,ARE_FUJ,MGO,714.49,BUNKERWORLD_HISTORICAL
2020-04-29,SGP_SIN,VLSFO,571.2,BUNKERWORLD_HISTORICAL
2020-04-29,SGP_SIN,MGO,735.57,BUNKERWORLD_HISTORICAL
2020-04-29,LKA_CMB,VLSFO,585.48,BUNKERWORLD_HISTORICAL
2020-04-29,LKA_CMB,MGO,753.96,BUNKERWORLD_HISTORICAL
2020-04-29,ARE_FUJ,VLSFO,565.49,BUNKERWORLD_HISTORICAL
2020-04-29,ARE_FUJ,MGO,728.22,BUNKERWORLD_HISTORICAL
2020-04-30,SGP_SIN,VLSFO,582.16,BUNKERWORLD_HISTORICAL
2020-04-30,SGP_SIN,MGO,733.75,BUNKERWORLD_HISTORICAL
2020-04-30,LKA_CMB,VLSFO,596.71,BUNKERWORLD_HISTORICAL
2020-04-30,LKA_CMB,MGO,752.09,BUNKERWORLD_HISTORICAL
2020-04-30,ARE_FUJ,VLSFO,576.34,BUNKERWORLD_HISTORICAL
2020-04-30,ARE_FUJ,MGO,726.41,BUNKERWORLD_HISTORICAL
2020-05-01,SGP_SIN,VLSFO,574.59,BUNKERWORLD_HISTORICAL
2020-05-01,SGP_SIN,MGO,735.73,BUNKERWORLD_HISTORICAL
2020-05-01,LKA_CMB,VLSFO,588.95,BUNKERWORLD_HISTORICAL
2020-05-01,LKA_CMB,MGO,754.12,BUNKERWORLD_HISTORICAL
2020-05-01,ARE_FUJ,VLSFO,568.84,BUNKERWORLD_HISTORICAL
2020-05-01,ARE_FUJ,MGO,728.37,BUNKERWORLD_HISTORICAL
2020-05-02,SGP_SIN,VLSFO,580.52,BUNKERWORLD_HISTORICAL
2020-05-02,SGP_SIN,MGO,747.53,BUNKERWORLD_HISTORICAL
2020-05-02,LKA_CMB,VLSFO,595.04,BUNKERWORLD_HISTORICAL
2020-05-02,LKA_CMB,MGO,766.22,BUNKERWORLD_HISTORICAL
2020-05-02,ARE_FUJ,VLSFO,574.72,BUNKERWORLD_HISTORICAL
2020-05-02,ARE_FUJ,MGO,740.06,BUNKERWORLD_HISTORICAL
2020-05-03,SGP_SIN,VLSFO,567.45,BUNKERWORLD_HISTORICAL
2020-05-03,SGP_SIN,MGO,724.88,BUNKERWORLD_HISTORICAL
2020-05-03,LKA_CMB,VLSFO,581.64,BUNKERWORLD_HISTORICAL
2020-05-03,LKA_CMB,MGO,743.01,BUNKERWORLD_HISTORICAL
2020-05-03,ARE_FUJ,VLSFO,561.78,BUNKERWORLD_HISTORICAL
2020-05-03,ARE_FUJ,MGO,717.64,BUNKERWORLD_HISTORICAL
2020-05-04,SGP_SIN,VLSFO,580.9,BUNKERWORLD_HISTORICAL
2020-05-04,SGP_SIN,MGO,754.5,BUNKERWORLD_HISTORICAL
2020-05-04,LKA_CMB,VLSFO,595.42,BUNKERWORLD_HISTORICAL
2020-05-04,LKA_CMB,MGO,773.36,BUNKERWORLD_HISTORICAL
2020-05-04,ARE_FUJ,VLSFO,575.09,BUNKERWORLD_HISTORICAL
2020-05-04,ARE_FUJ,MGO,746.95,BUNKERWORLD_HISTORICAL
2020-05-05,SGP_SIN,VLSFO,576.07,BUNKERWORLD_HISTORICAL
2020-05-05,SGP_SIN,MGO,727.69,BUNKERWORLD_HISTORICAL
2020-05-05,LKA_CMB,VLSFO,590.47,BUNKERWORLD_HISTORICAL
2020-05-05,LKA_CMB,MGO,745.88,BUNKERWORLD_HISTORICAL
2020-05-05,ARE_FUJ,VLSFO,570.31,BUNKERWORLD_HISTORICAL
2020-05-05,ARE_FUJ,MGO,720.41,BUNKERWORLD_HISTORICAL
2020-05-06,SGP_SIN,VLSFO,571.88,BUNKERWORLD_HISTORICAL
2020-05-06,SGP_SIN,MGO,731.3,BUNKERWORLD_HISTORICAL
2020-05-06,LKA_CMB,VLSFO,586.18,BUNKERWORLD_HISTORICAL
2020-05-06,LKA_CMB,MGO,749.58,BUNKERWORLD_HISTORICAL
2020-05-06,ARE_FUJ,VLSFO,566.16,BUNKERWORLD_HISTORICAL
2020-05-06,ARE_FUJ,MGO,723.99,BUNKERWORLD_HISTORICAL
2020-05-07,SGP_SIN,VLSFO,570.22,BUNKERWORLD_HISTORICAL
2020-05-07,SGP_SIN,MGO,741.94,BUNKERWORLD_HISTORICAL
2020-05-07,LKA_CMB,VLSFO,584.48,BUNKERWORLD_HISTORICAL
2020-05-07,LKA_CMB,MGO,760.48,BUNKERWORLD_HISTORICAL
2020-05-07,ARE_FUJ,VLSFO,564.52,BUNKERWORLD_HISTORICAL
2020-05-07,ARE_FUJ,MGO,734.52,BUNKERWORLD_HISTORICAL
2020-05-08,SGP_SIN,VLSFO,576.79,BUNKERWORLD_HISTORICAL
2020-05-08,SGP_SIN,MGO,736.25,BUNKERWORLD_HISTORICAL
2020-05-08,LKA_CMB,VLSFO,591.21,BUNKERWORLD_HISTORICAL
2020-05-08,LKA_CMB,MGO,754.65,BUNKERWORLD_HISTORICAL
2020-05-08,ARE_FUJ,VLSFO,571.03,BUNKERWORLD_HISTORICAL
2020-05-08,ARE_FUJ,MGO,728.89,BUNKERWORLD_HISTORICAL
2020-05-09,SGP_SIN,VLSFO,563.13,BUNKERWORLD_HISTORICAL
2020-05-09,SGP_SIN,MGO,724.56,BUNKERWORLD_HISTORICAL
2020-05-09,LKA_CMB,VLSFO,577.21,BUNKERWORLD_HISTORICAL
2020-05-09,LKA_CMB,MGO,742.67,BUNKERWORLD_HISTORICAL
2020-05-09,ARE_FUJ,VLSFO,557.5,BUNKERWORLD_HISTORICAL
2020-05-09,ARE_FUJ,MGO,717.31,BUNKERWORLD_HISTORICAL
2020-05-10,SGP_SIN,VLSFO,581.48,BUNKERWORLD_HISTORICAL
2020-05-10,SGP_SIN,MGO,739.8,BUNKERWORLD_HISTORICAL
2020-05-10,LKA_CMB,VLSFO,596.01,BUNKERWORLD_HISTORICAL
2020-05-10,LKA_CMB,MGO,758.29,BUNKERWORLD_HISTORICAL
2020-05-10,ARE_FUJ,VLSFO,575.66,BUNKERWORLD_HISTORICAL
2020-05-10,ARE_FUJ,MGO,732.4,BUNKERWORLD_HISTORICAL
2020-05-11,SGP_SIN,VLSFO,576.0,BUNKERWORLD_HISTORICAL
2020-05-11,SGP_SIN,MGO,738.27,BUNKERWORLD_HISTORICAL
2020-05-11,LKA_CMB,VLSFO,590.4,BUNKERWORLD_HISTORICAL
2020-05-11,LKA_CMB,MGO,756.73,BUNKERWORLD_HISTORICAL
2020-05-11,ARE_FUJ,VLSFO,570.24,BUNKERWORLD_HISTORICAL
2020-05-11,ARE_FUJ,MGO,730.89,BUNKERWORLD_HISTORICAL
2020-05-12,SGP_SIN,VLSFO,572.83,BUNKERWORLD_HISTORICAL
2020-05-12,SGP_SIN,MGO,714.72,BUNKERWORLD_HISTORICAL
2020-05-12,LKA_CMB,VLSFO,587.15,BUNKERWORLD_HISTORICAL
2020-05-12,LKA_CMB,MGO,732.59,BUNKERWORLD_HISTORICAL
2020-05-12,ARE_FUJ,VLSFO,567.1,BUNKERWORLD_HISTORICAL
2020-05-12,ARE_FUJ,MGO,707.58,BUNKERWORLD_HISTORICAL
2020-05-13,SGP_SIN,VLSFO,588.41,BUNKERWORLD_HISTORICAL
2020-05-13,SGP_SIN,MGO,756.95,BUNKERWORLD_HISTORICAL
2020-05-13,LKA_CMB,VLSFO,603.12,BUNKERWORLD_HISTORICAL
2020-05-13,LKA_CMB,MGO,775.87,BUNKERWORLD_HISTORICAL
2020-05-13,ARE_FUJ,VLSFO,582.53,BUNKERWORLD_HISTORICAL
2020-05-13,ARE_FUJ,MGO,749.38,BUNKERWORLD_HISTORICAL
2020-05-14,SGP_SIN,VLSFO,584.59,BUNKERWORLD_HISTORICAL
2020-05-14,SGP_SIN,MGO,737.84,BUNKERWORLD_HISTORICAL
2020-05-14,LKA_CMB,VLSFO,599.21,BUNKERWORLD_HISTORICAL
2020-05-14,LKA_CMB,MGO,756.28,BUNKERWORLD_HISTORICAL
2020-05-14,ARE_FUJ,VLSFO,578.75,BUNKERWORLD_HISTORICAL
2020-05-14,ARE_FUJ,MGO,730.46,BUNKERWORLD_HISTORICAL
2020-05-15,SGP_SIN,VLSFO,581.6,BUNKERWORLD_HISTORICAL
2020-05-15,SGP_SIN,MGO,748.49,BUNKERWORLD_HISTORICAL
2020-05-15,LKA_CMB,VLSFO,596.14,BUNKERWORLD_HISTORICAL
2020-05-15,LKA_CMB,MGO,767.2,BUNKERWORLD_HISTORICAL
2020-05-15,ARE_FUJ,VLSFO,575.78,BUNKERWORLD_HISTORICAL
2020-05-15,ARE_FUJ,MGO,741.01,BUNKERWORLD_HISTORICAL
2020-05-16,SGP_SIN,VLSFO,586.57,BUNKERWORLD_HISTORICAL
2020-05-16,SGP_SIN,MGO,745.05,BUNKERWORLD_HISTORICAL
2020-05-16,LKA_CMB,VLSFO,601.24,BUNKERWORLD_HISTORICAL
2020-05-16,LKA_CMB,MGO,763.67,BUNKERWORLD_HISTORICAL
2020-05-16,ARE_FUJ,VLSFO,580.71,BUNKERWORLD_HISTORICAL
2020-05-16,ARE_FUJ,MGO,737.6,BUNKERWORLD_HISTORICAL
2020-05-17,SGP_SIN,VLSFO,584.79,BUNKERWORLD_HISTORICAL
2020-05-17,SGP_SIN,MGO,743.36,BUNKERWORLD_HISTORICAL
2020-05-17,LKA_CMB,VLSFO,599.41,BUNKERWORLD_HISTORICAL
2020-05-17,LKA_CMB,MGO,761.94,BUNKERWORLD_HISTORICAL
2020-05-17,ARE_FUJ,VLSFO,578.94,BUNKERWORLD_HISTORICAL
2020-05-17,ARE_FUJ,MGO,735.92,BUNKERWORLD_HISTORICAL
2020-05-18,SGP_SIN,VLSFO,579.85,BUNKERWORLD_HISTORICAL
2020-05-18,SGP_SIN,MGO,740.71,BUNKERWORLD_HISTORICAL
2020-05-18,LKA_CMB,VLSFO,594.35,BUNKERWORLD_HISTORICAL
2020-05-18,LKA_CMB,MGO,759.23,BUNKERWORLD_HISTORICAL
2020-05-18,ARE_FUJ,VLSFO,574.05,BUNKERWORLD_HISTORICAL
2020-05-18,ARE_FUJ,MGO,733.3,BUNKERWORLD_HISTORICAL
2020-05-19,SGP_SIN,VLSFO,568.44,BUNKERWORLD_HISTORICAL
2020-05-19,SGP_SIN,MGO,730.08,BUNKERWORLD_HISTORICAL
2020-05-19,LKA_CMB,VLSFO,582.65,BUNKERWORLD_HISTORICAL
2020-05-19,LKA_CMB,MGO,748.33,BUNKERWORLD_HISTORICAL
2020-05-19,ARE_FUJ,VLSFO,562.75,BUNKERWORLD_HISTORICAL
2020-05-19,ARE_FUJ,MGO,722.78,BUNKERWORLD_HISTORICAL
2020-05-20,SGP_SIN,VLSFO,584.37,BUNKERWORLD_HISTORICAL
2020-05-20,SGP_SIN,MGO,749.97,BUNKERWORLD_HISTORICAL
2020-05-20,LKA_CMB,VLSFO,598.98,BUNKERWORLD_HISTORICAL
2020-05-20,LKA_CMB,MGO,768.72,BUNKERWORLD_HISTORICAL
2020-05-20,ARE_FUJ,VLSFO,578.52,BUNKERWORLD_HISTORICAL
2020-05-20,ARE_FUJ,MGO,742.47,BUNKERWORLD_HISTORICAL
2020-05-21,SGP_SIN,VLSFO,587.79,BUNKERWORLD_HISTORICAL
2020-05-21,SGP_SIN,MGO,769.06,BUNKERWORLD_HISTORICAL
2020-05-21,LKA_CMB,VLSFO,602.48,BUNKERWORLD_HISTORICAL
2020-05-21,LKA_CMB,MGO,788.29,BUNKERWORLD_HISTORICAL
2020-05-21,ARE_FUJ,VLSFO,581.91,BUNKERWORLD_HISTORICAL
2020-05-21,ARE_FUJ,MGO,761.37,BUNKERWORLD_HISTORICAL
2020-05-22,SGP_SIN,VLSFO,577.43,BUNKERWORLD_HISTORICAL
2020-05-22,SGP_SIN,MGO,732.78,BUNKERWORLD_HISTORICAL
2020-05-22,LKA_CMB,VLSFO,591.86,BUNKERWORLD_HISTORICAL
2020-05-22,LKA_CMB,MGO,751.09,BUNKERWORLD_HISTORICAL
2020-05-22,ARE_FUJ,VLSFO,571.65,BUNKERWORLD_HISTORICAL
2020-05-22,ARE_FUJ,MGO,725.45,BUNKERWORLD_HISTORICAL
2020-05-23,SGP_SIN,VLSFO,584.97,BUNKERWORLD_HISTORICAL
2020-05-23,SGP_SIN,MGO,748.45,BUNKERWORLD_HISTORICAL
2020-05-23,LKA_CMB,VLSFO,599.59,BUNKERWORLD_HISTORICAL
2020-05-23,LKA_CMB,MGO,767.16,BUNKERWORLD_HISTORICAL
2020-05-23,ARE_FUJ,VLSFO,579.12,BUNKERWORLD_HISTORICAL
2020-05-23,ARE_FUJ,MGO,740.97,BUNKERWORLD_HISTORICAL
2020-05-24,SGP_SIN,VLSFO,573.59,BUNKERWORLD_HISTORICAL
2020-05-24,SGP_SIN,MGO,734.09,BUNKERWORLD_HISTORICAL
2020-05-24,LKA_CMB,VLSFO,587.93,BUNKERWORLD_HISTORICAL
2020-05-24,LKA_CMB,MGO,752.44,BUNKERWORLD_HISTORICAL
2020-05-24,ARE_FUJ,VLSFO,567.85,BUNKERWORLD_HISTORICAL
2020-05-24,ARE_FUJ,MGO,726.75,BUNKERWORLD_HISTORICAL
2020-05-25,SGP_SIN,VLSFO,586.02,BUNKERWORLD_HISTORICAL
2020-05-25,SGP_SIN,MGO,736.9,BUNKERWORLD_HISTORICAL
2020-05-25,LKA_CMB,VLSFO,600.67,BUNKERWORLD_HISTORICAL
2020-05-25,LKA_CMB,MGO,755.32,BUNKERWORLD_HISTORICAL
2020-05-25,ARE_FUJ,VLSFO,580.16,BUNKERWORLD_HISTORICAL
2020-05-25,ARE_FUJ,MGO,729.53,BUNKERWORLD_HISTORICAL
2020-05-26,SGP_SIN,VLSFO,571.99,BUNKERWORLD_HISTORICAL
2020-05-26,SGP_SIN,MGO,754.06,BUNKERWORLD_HISTORICAL
2020-05-26,LKA_CMB,VLSFO,586.28,BUNKERWORLD_HISTORICAL
2020-05-26,LKA_CMB,MGO,772.91,BUNKERWORLD_HISTORICAL
2020-05-26,ARE_FUJ,VLSFO,566.27,BUNKERWORLD_HISTORICAL
2020-05-26,ARE_FUJ,MGO,746.52,BUNKERWORLD_HISTORICAL
2020-05-27,SGP_SIN,VLSFO,568.18,BUNKERWORLD_HISTORICAL
2020-05-27,SGP_SIN,MGO,744.54,BUNKERWORLD_HISTORICAL
2020-05-27,LKA_CMB,VLSFO,582.39,BUNKERWORLD_HISTORICAL
2020-05-27,LKA_CMB,MGO,763.15,BUNKERWORLD_HISTORICAL
2020-05-27,ARE_FUJ,VLSFO,562.5,BUNKERWORLD_HISTORICAL
2020-05-27,ARE_FUJ,MGO,737.09,BUNKERWORLD_HISTORICAL
2020-05-28,SGP_SIN,VLSFO,577.65,BUNKERWORLD_HISTORICAL
2020-05-28,SGP_SIN,MGO,740.78,BUNKERWORLD_HISTORICAL
2020-05-28,LKA_CMB,VLSFO,592.09,BUNKERWORLD_HISTORICAL
2020-05-28,LKA_CMB,MGO,759.3,BUNKERWORLD_HISTORICAL
2020-05-28,ARE_FUJ,VLSFO,571.87,BUNKERWORLD_HISTORICAL
2020-05-28,ARE_FUJ,MGO,733.38,BUNKERWORLD_HISTORICAL
2020-05-29,SGP_SIN,VLSFO,578.42,BUNKERWORLD_HISTORICAL
2020-05-29,SGP_SIN,MGO,731.49,BUNKERWORLD_HISTORICAL
2020-05-29,LKA_CMB,VLSFO,592.88,BUNKERWORLD_HISTORICAL
2020-05-29,LKA_CMB,MGO,749.78,BUNKERWORLD_HISTORICAL
2020-05-29,ARE_FUJ,VLSFO,572.64,BUNKERWORLD_HISTORICAL
2020-05-29,ARE_FUJ,MGO,724.18,BUNKERWORLD_HISTORICAL
2020-05-30,SGP_SIN,VLSFO,591.97,BUNKERWORLD_HISTORICAL
2020-05-30,SGP_SIN,MGO,760.76,BUNKERWORLD_HISTORICAL
2020-05-30,LKA_CMB,VLSFO,606.76,BUNKERWORLD_HISTORICAL
2020-05-30,LKA_CMB,MGO,779.78,BUNKERWORLD_HISTORICAL
2020-05-30,ARE_FUJ,VLSFO,586.05,BUNKERWORLD_HISTORICAL
2020-05-30,ARE_FUJ,MGO,753.15,BUNKERWORLD_HISTORICAL
2020-05-31,SGP_SIN,VLSFO,575.0,BUNKERWORLD_HISTORICAL
2020-05-31,SGP_SIN,MGO,726.46,BUNKERWORLD_HISTORICAL
2020-05-31,LKA_CMB,VLSFO,589.37,BUNKERWORLD_HISTORICAL
2020-05-31,LKA_CMB,MGO,744.63,BUNKERWORLD_HISTORICAL
2020-05-31,ARE_FUJ,VLSFO,569.25,BUNKERWORLD_HISTORICAL
2020-05-31,ARE_FUJ,MGO,719.2,BUNKERWORLD_HISTORICAL
2020-06-01,SGP_SIN,VLSFO,580.5,BUNKERWORLD_HISTORICAL
2020-06-01,SGP_SIN,MGO,726.76,BUNKERWORLD_HISTORICAL
2020-06-01,LKA_CMB,VLSFO,595.01,BUNKERWORLD_HISTORICAL
2020-06-01,LKA_CMB,MGO,744.93,BUNKERWORLD_HISTORICAL
2020-06-01,ARE_FUJ,VLSFO,574.69,BUNKERWORLD_HISTORICAL
2020-06-01,ARE_FUJ,MGO,719.49,BUNKERWORLD_HISTORICAL
2020-06-02,SGP_SIN,VLSFO,586.35,BUNKERWORLD_HISTORICAL
2020-06-02,SGP_SIN,MGO,748.72,BUNKERWORLD_HISTORICAL
2020-06-02,LKA_CMB,VLSFO,601.01,BUNKERWORLD_HISTORICAL
2020-06-02,LKA_CMB,MGO,767.44,BUNKERWORLD_HISTORICAL
2020-06-02,ARE_FUJ,VLSFO,580.49,BUNKERWORLD_HISTORICAL
2020-06-02,ARE_FUJ,MGO,741.23,BUNKERWORLD_HISTORICAL
2020-06-03,SGP_SIN,VLSFO,576.34,BUNKERWORLD_HISTORICAL
2020-06-03,SGP_SIN,MGO,738.77,BUNKERWORLD_HISTORICAL
2020-06-03,LKA_CMB,VLSFO,590.75,BUNKERWORLD_HISTORICAL
2020-06-03,LKA_CMB,MGO,757.24,BUNKERWORLD_HISTORICAL
2020-06-03,ARE_FUJ,VLSFO,570.57,BUNKERWORLD_HISTORICAL
2020-06-03,ARE_FUJ,MGO,731.38,BUNKERWORLD_HISTORICAL
2020-06-04,SGP_SIN,VLSFO,585.01,BUNKERWORLD_HISTORICAL
2020-06-04,SGP_SIN,MGO,748.01,BUNKERWORLD_HISTORICAL
2020-06-04,LKA_CMB,VLSFO,599.64,BUNKERWORLD_HISTORICAL
2020-06-04,LKA_CMB,MGO,766.71,BUNKERWORLD_HISTORICAL
2020-06-04,ARE_FUJ,VLSFO,579.16,BUNKERWORLD_HISTORICAL
2020-06-04,ARE_FUJ,MGO,740.53,BUNKERWORLD_HISTORICAL
2020-06-05,SGP_SIN,VLSFO,572.24,BUNKERWORLD_HISTORICAL
2020-06-05,SGP_SIN,MGO,725.2,BUNKERWORLD_HISTORICAL
2020-06-05,LKA_CMB,VLSFO,586.55,BUNKERWORLD_HISTORICAL
2020-06-05,LKA_CMB,MGO,743.33,BUNKERWORLD_HISTORICAL
2020-06-05,ARE_FUJ,VLSFO,566.52,BUNKERWORLD_HISTORICAL
2020-06-05,ARE_FUJ,MGO,717.95,BUNKERWORLD_HISTORICAL
2020-06-06,SGP_SIN,VLSFO,573.12,BUNKERWORLD_HISTORICAL
2020-06-06,SGP_SIN,MGO,736.93,BUNKERWORLD_HISTORICAL
2020-06-06,LKA_CMB,VLSFO,587.45,BUNKERWORLD_HISTORICAL
2020-06-06,LKA_CMB,MGO,755.36,BUNKERWORLD_HISTORICAL
2020-06-06,ARE_FUJ,VLSFO,567.39,BUNKERWORLD_HISTORICAL
2020-06-06,ARE_FUJ,MGO,729.56,BUNKERWORLD_HISTORICAL
2020-06-07,SGP_SIN,VLSFO,566.41,BUNKERWORLD_HISTORICAL
2020-06-07,SGP_SIN,MGO,721.61,BUNKERWORLD_HISTORICAL
2020-06-07,LKA_CMB,VLSFO,580.57,BUNKERWORLD_HISTORICAL
2020-06-07,LKA_CMB,MGO,739.65,BUNKERWORLD_HISTORICAL
2020-06-07,ARE_FUJ,VLSFO,560.75,BUNKERWORLD_HISTORICAL
2020-06-07,ARE_FUJ,MGO,714.39,BUNKERWORLD_HISTORICAL
2020-06-08,SGP_SIN,VLSFO,568.23,BUNKERWORLD_HISTORICAL
2020-06-08,SGP_SIN,MGO,734.28,BUNKERWORLD_HISTORICAL
2020-06-08,LKA_CMB,VLSFO,582.43,BUNKERWORLD_HISTORICAL
2020-06-08,LKA_CMB,MGO,752.64,BUNKERWORLD_HISTORICAL
2020-06-08,ARE_FUJ,VLSFO,562.54,BUNKERWORLD_HISTORICAL
2020-06-08,ARE_FUJ,MGO,726.94,BUNKERWORLD_HISTORICAL
2020-06-09,SGP_SIN,VLSFO,574.19,BUNKERWORLD_HISTORICAL
2020-06-09,SGP_SIN,MGO,738.95,BUNKERWORLD_HISTORICAL
2020-06-09,LKA_CMB,VLSFO,588.54,BUNKERWORLD_HISTORICAL
2020-06-09,LKA_CMB,MGO,757.43,BUNKERWORLD_HISTORICAL
2020-06-09,ARE_FUJ,VLSFO,568.45,BUNKERWORLD_HISTORICAL
2020-06-09,ARE_FUJ,MGO,731.57,BUNKERWORLD_HISTORICAL
2020-06-10,SGP_SIN,VLSFO,567.09,BUNKERWORLD_HISTORICAL
2020-06-10,SGP_SIN,MGO,743.32,BUNKERWORLD_HISTORICAL
2020-06-10,LKA_CMB,VLSFO,581.27,BUNKERWORLD_HISTORICAL
2020-06-10,LKA_CMB,MGO,761.9,BUNKERWORLD_HISTORICAL
2020-06-10,ARE_FUJ,VLSFO,561.42,BUNKERWORLD_HISTORICAL
2020-06-10,ARE_FUJ,MGO,735.89,BUNKERWORLD_HISTORICAL
2020-06-11,SGP_SIN,VLSFO,584.43,BUNKERWORLD_HISTORICAL
2020-06-11,SGP_SIN,MGO,746.33,BUNKERWORLD_HISTORICAL
2020-06-11,LKA_CMB,VLSFO,599.04,BUNKERWORLD_HISTORICAL
2020-06-11,LKA_CMB,MGO,764.99,BUNKERWORLD_HISTORICAL
2020-06-11,ARE_FUJ,VLSFO,578.59,BUNKERWORLD_HISTORICAL
2020-06-11,ARE_FUJ,MGO,738.87,BUNKERWORLD_HISTORICAL
2020-06-12,SGP_SIN,VLSFO,579.62,BUNKERWORLD_HISTORICAL
2020-06-12,SGP_SIN,MGO,741.61,BUNKERWORLD_HISTORICAL
2020-06-12,LKA_CMB,VLSFO,594.11,BUNKERWORLD_HISTORICAL
2020-06-12,LKA_CMB,MGO,760.15,BUNKERWORLD_HISTORICAL
2020-06-12,ARE_FUJ,VLSFO,573.82,BUNKERWORLD_HISTORICAL
2020-06-12,ARE_FUJ,MGO,734.19,BUNKERWORLD_HISTORICAL
2020-06-13,SGP_SIN,VLSFO,565.07,BUNKERWORLD_HISTORICAL
2020-06-13,SGP_SIN,MGO,727.65,BUNKERWORLD_HISTORICAL
2020-06-13,LKA_CMB,VLSFO,579.2,BUNKERWORLD_HISTORICAL
2020-06-13,LKA_CMB,MGO,745.84,BUNKERWORLD_HISTORICAL
2020-06-13,ARE_FUJ,VLSFO,559.42,BUNKERWORLD_HISTORICAL
2020-06-13,ARE_FUJ,MGO,720.37,BUNKERWORLD_HISTORICAL
2020-06-14,SGP_SIN,VLSFO,577.05,BUNKERWORLD_HISTORICAL
2020-06-14,SGP_SIN,MGO,743.35,BUNKERWORLD_HISTORICAL
2020-06-14,LKA_CMB,VLSFO,591.48,BUNKERWORLD_HISTORICAL
2020-06-14,LKA_CMB,MGO,761.93,BUNKERWORLD_HISTORICAL
2020-06-14,ARE_FUJ,VLSFO,571.28,BUNKERWORLD_HISTORICAL
2020-06-14,ARE_FUJ,MGO,735.91,BUNKERWORLD_HISTORICAL
2020-06-15,SGP_SIN,VLSFO,576.31,BUNKERWORLD_HISTORICAL
2020-06-15,SGP_SIN,MGO,741.5,BUNKERWORLD_HISTORICAL
2020-06-15,LKA_CMB,VLSFO,590.72,BUNKERWORLD_HISTORICAL
2020-06-15,LKA_CMB,MGO,760.04,BUNKERWORLD_HISTORICAL
2020-06-15,ARE_FUJ,VLSFO,570.55,BUNKERWORLD_HISTORICAL
2020-06-15,ARE_FUJ,MGO,734.08,BUNKERWORLD_HISTORICAL
2020-06-16,SGP_SIN,VLSFO,586.07,BUNKERWORLD_HISTORICAL
2020-06-16,SGP_SIN,MGO,751.17,BUNKERWORLD_HISTORICAL
2020-06-16,LKA_CMB,VLSFO,600.72,BUNKERWORLD_HISTORICAL
2020-06-16,LKA_CMB,MGO,769.94,BUNKERWORLD_HISTORICAL
2020-06-16,ARE_FUJ,VLSFO,580.21,BUNKERWORLD_HISTORICAL
2020-06-16,ARE_FUJ,MGO,743.65,BUNKERWORLD_HISTORICAL
2020-06-17,SGP_SIN,VLSFO,596.75,BUNKERWORLD_HISTORICAL
2020-06-17,SGP_SIN,MGO,766.93,BUNKERWORLD_HISTORICAL
2020-06-17,LKA_CMB,VLSFO,611.67,BUNKERWORLD_HISTORICAL
2020-06-17,LKA_CMB,MGO,786.1,BUNKERWORLD_HISTORICAL
2020-06-17,ARE_FUJ,VLSFO,590.78,BUNKERWORLD_HISTORICAL
2020-06-17,ARE_FUJ,MGO,759.26,BUNKERWORLD_HISTORICAL
2020-06-18,SGP_SIN,VLSFO,597.09,BUNKERWORLD_HISTORICAL
2020-06-18,SGP_SIN,MGO,755.2,BUNKERWORLD_HISTORICAL
2020-06-18,LKA_CMB,VLSFO,612.02,BUNKERWORLD_HISTORICAL
2020-06-18,LKA_CMB,MGO,774.08,BUNKERWORLD_HISTORICAL
2020-06-18,ARE_FUJ,VLSFO,591.12,BUNKERWORLD_HISTORICAL
2020-06-18,ARE_FUJ,MGO,747.64,BUNKERWORLD_HISTORICAL
2020-06-19,SGP_SIN,VLSFO,592.18,BUNKERWORLD_HISTORICAL
2020-06-19,SGP_SIN,MGO,764.02,BUNKERWORLD_HISTORICAL
2020-06-19,LKA_CMB,VLSFO,606.98,BUNKERWORLD_HISTORICAL
2020-06-19,LKA_CMB,MGO,783.12,BUNKERWORLD_HISTORICAL
2020-06-19,ARE_FUJ,VLSFO,586.25,BUNKERWORLD_HISTORICAL
2020-06-19,ARE_FUJ,MGO,756.38,BUNKERWORLD_HISTORICAL
2020-06-20,SGP_SIN,VLSFO,563.96,BUNKERWORLD_HISTORICAL
2020-06-20,SGP_SIN,MGO,733.43,BUNKERWORLD_HISTORICAL
2020-06-20,LKA_CMB,VLSFO,578.06,BUNKERWORLD_HISTORICAL
2020-06-20,LKA_CMB,MGO,751.76,BUNKERWORLD_HISTORICAL
2020-06-20,ARE_FUJ,VLSFO,558.32,BUNKERWORLD_HISTORICAL
2020-06-20,ARE_FUJ,MGO,726.09,BUNKERWORLD_HISTORICAL
2020-06-21,SGP_SIN,VLSFO,570.96,BUNKERWORLD_HISTORICAL
2020-06-21,SGP_SIN,MGO,737.88,BUNKERWORLD_HISTORICAL
2020-06-21,LKA_CMB,VLSFO,585.23,BUNKERWORLD_HISTORICAL
2020-06-21,LKA_CMB,MGO,756.33,BUNKERWORLD_HISTORICAL
2020-06-21,ARE_FUJ,VLSFO,565.25,BUNKERWORLD_HISTORICAL
2020-06-21,ARE_FUJ,MGO,730.5,BUNKERWORLD_HISTORICAL
2020-06-22,SGP_SIN,VLSFO,571.07,BUNKERWORLD_HISTORICAL
2020-06-22,SGP_SIN,MGO,741.62,BUNKERWORLD_HISTORICAL
2020-06-22,LKA_CMB,VLSFO,585.35,BUNKERWORLD_HISTORICAL
2020-06-22,LKA_CMB,MGO,760.17,BUNKERWORLD_HISTORICAL
2020-06-22,ARE_FUJ,VLSFO,565.36,BUNKERWORLD_HISTORICAL
2020-06-22,ARE_FUJ,MGO,734.21,BUNKERWORLD_HISTORICAL
2020-06-23,SGP_SIN,VLSFO,582.91,BUNKERWORLD_HISTORICAL
2020-06-23,SGP_SIN,MGO,737.67,BUNKERWORLD_HISTORICAL
2020-06-23,LKA_CMB,VLSFO,597.49,BUNKERWORLD_HISTORICAL
2020-06-23,LKA_CMB,MGO,756.11,BUNKERWORLD_HISTORICAL
2020-06-23,ARE_FUJ,VLSFO,577.09,BUNKERWORLD_HISTORICAL
2020-06-23,ARE_FUJ,MGO,730.3,BUNKERWORLD_HISTORICAL
2020-06-24,SGP_SIN,VLSFO,573.72,BUNKERWORLD_HISTORICAL
2020-06-24,SGP_SIN,MGO,735.93,BUNKERWORLD_HISTORICAL
2020-06-24,LKA_CMB,VLSFO,588.06,BUNKERWORLD_HISTORICAL
2020-06-24,LKA_CMB,MGO,754.33,BUNKERWORLD_HISTORICAL
2020-06-24,ARE_FUJ,VLSFO,567.98,BUNKERWORLD_HISTORICAL
2020-06-24,ARE_FUJ,MGO,728.58,BUNKERWORLD_HISTORICAL
2020-06-25,SGP_SIN,VLSFO,558.97,BUNKERWORLD_HISTORICAL
2020-06-25,SGP_SIN,MGO,715.07,BUNKERWORLD_HISTORICAL
2020-06-25,LKA_CMB,VLSFO,572.95,BUNKERWORLD_HISTORICAL
2020-06-25,LKA_CMB,MGO,732.95,BUNKERWORLD_HISTORICAL
2020-06-25,ARE_FUJ,VLSFO,553.38,BUNKERWORLD_HISTORICAL
2020-06-25,ARE_FUJ,MGO,707.92,BUNKERWORLD_HISTORICAL
2020-06-26,SGP_SIN,VLSFO,575.99,BUNKERWORLD_HISTORICAL
2020-06-26,SGP_SIN,MGO,730.16,BUNKERWORLD_HISTORICAL
2020-06-26,LKA_CMB,VLSFO,590.39,BUNKERWORLD_HISTORICAL
2020-06-26,LKA_CMB,MGO,748.42,BUNKERWORLD_HISTORICAL
2020-06-26,ARE_FUJ,VLSFO,570.23,BUNKERWORLD_HISTORICAL
2020-06-26,ARE_FUJ,MGO,722.86,BUNKERWORLD_HISTORICAL
2020-06-27,SGP_SIN,VLSFO,565.86,BUNKERWORLD_HISTORICAL
2020-06-27,SGP_SIN,MGO,723.36,BUNKERWORLD_HISTORICAL
2020-06-27,LKA_CMB,VLSFO,580.01,BUNKERWORLD_HISTORICAL
2020-06-27,LKA_CMB,MGO,741.44,BUNKERWORLD_HISTORICAL
2020-06-27,ARE_FUJ,VLSFO,560.2,BUNKERWORLD_HISTORICAL
2020-06-27,ARE_FUJ,MGO,716.13,BUNKERWORLD_HISTORICAL
2020-06-28,SGP_SIN,VLSFO,576.08,BUNKERWORLD_HISTORICAL
2020-06-28,SGP_SIN,MGO,740.16,BUNKERWORLD_HISTORICAL
2020-06-28,LKA_CMB,VLSFO,590.48,BUNKERWORLD_HISTORICAL
2020-06-28,LKA_CMB,MGO,758.67,BUNKERWORLD_HISTORICAL
2020-06-28,ARE_FUJ,VLSFO,570.31,BUNKERWORLD_HISTORICAL
2020-06-28,ARE_FUJ,MGO,732.76,BUNKERWORLD_HISTORICAL
2020-06-29,SGP_SIN,VLSFO,568.64,BUNKERWORLD_HISTORICAL
2020-06-29,SGP_SIN,MGO,737.9,BUNKERWORLD_HISTORICAL
2020-06-29,LKA_CMB,VLSFO,582.85,BUNKERWORLD_HISTORICAL
2020-06-29,LKA_CMB,MGO,756.35,BUNKERWORLD_HISTORICAL
2020-06-29,ARE_FUJ,VLSFO,562.95,BUNKERWORLD_HISTORICAL
2020-06-29,ARE_FUJ,MGO,730.52,BUNKERWORLD_HISTORICAL
2020-06-30,SGP_SIN,VLSFO,571.11,BUNKERWORLD_HISTORICAL
2020-06-30,SGP_SIN,MGO,738.29,BUNKERWORLD_HISTORICAL
2020-06-30,LKA_CMB,VLSFO,585.39,BUNKERWORLD_HISTORICAL
2020-06-30,LKA_CMB,MGO,756.75,BUNKERWORLD_HISTORICAL
2020-06-30,ARE_FUJ,VLSFO,565.4,BUNKERWORLD_HISTORICAL
2020-06-30,ARE_FUJ,MGO,730.91,BUNKERWORLD_HISTORICAL
2020-07-01,SGP_SIN,VLSFO,575.64,BUNKERWORLD_HISTORICAL
2020-07-01,SGP_SIN,MGO,730.34,BUNKERWORLD_HISTORICAL
2020-07-01,LKA_CMB,VLSFO,590.03,BUNKERWORLD_HISTORICAL
2020-07-01,LKA_CMB,MGO,748.6,BUNKERWORLD_HISTORICAL
2020-07-01,ARE_FUJ,VLSFO,569.88,BUNKERWORLD_HISTORICAL
2020-07-01,ARE_FUJ,MGO,723.03,BUNKERWORLD_HISTORICAL
2020-07-02,SGP_SIN,VLSFO,582.35,BUNKERWORLD_HISTORICAL
2020-07-02,SGP_SIN,MGO,751.23,BUNKERWORLD_HISTORICAL
2020-07-02,LKA_CMB,VLSFO,596.9,BUNKERWORLD_HISTORICAL
2020-07-02,LKA_CMB,MGO,770.01,BUNKERWORLD_HISTORICAL
2020-07-02,ARE_FUJ,VLSFO,576.52,BUNKERWORLD_HISTORICAL
2020-07-02,ARE_FUJ,MGO,743.72,BUNKERWORLD_HISTORICAL
2020-07-03,SGP_SIN,VLSFO,582.2,BUNKERWORLD_HISTORICAL
2020-07-03,SGP_SIN,MGO,724.1,BUNKERWORLD_HISTORICAL
2020-07-03,LKA_CMB,VLSFO,596.76,BUNKERWORLD_HISTORICAL
2020-07-03,LKA_CMB,MGO,742.2,BUNKERWORLD_HISTORICAL
2020-07-03,ARE_FUJ,VLSFO,576.38,BUNKERWORLD_HISTORICAL
2020-07-03,ARE_FUJ,MGO,716.86,BUNKERWORLD_HISTORICAL
2020-07-04,SGP_SIN,VLSFO,585.53,BUNKERWORLD_HISTORICAL
2020-07-04,SGP_SIN,MGO,752.83,BUNKERWORLD_HISTORICAL
2020-07-04,LKA_CMB,VLSFO,600.17,BUNKERWORLD_HISTORICAL
2020-07-04,LKA_CMB,MGO,771.65,BUNKERWORLD_HISTORICAL
2020-07-04,ARE_FUJ,VLSFO,579.67,BUNKERWORLD_HISTORICAL
2020-07-04,ARE_FUJ,MGO,745.3,BUNKERWORLD_HISTORICAL
2020-07-05,SGP_SIN,VLSFO,580.24,BUNKERWORLD_HISTORICAL
2020-07-05,SGP_SIN,MGO,749.59,BUNKERWORLD_HISTORICAL
2020-07-05,LKA_CMB,VLSFO,594.75,BUNKERWORLD_HISTORICAL
2020-07-05,LKA_CMB,MGO,768.33,BUNKERWORLD_HISTORICAL
2020-07-05,ARE_FUJ,VLSFO,574.44,BUNKERWORLD_HISTORICAL
2020-07-05,ARE_FUJ,MGO,742.1,BUNKERWORLD_HISTORICAL
2020-07-06,SGP_SIN,VLSFO,586.37,BUNKERWORLD_HISTORICAL
2020-07-06,SGP_SIN,MGO,747.49,BUNKERWORLD_HISTORICAL
2020-07-06,LKA_CMB,VLSFO,601.03,BUNKERWORLD_HISTORICAL
2020-07-06,LKA_CMB,MGO,766.18,BUNKERWORLD_HISTORICAL
2020-07-06,ARE_FUJ,VLSFO,580.51,BUNKERWORLD_HISTORICAL
2020-07-06,ARE_FUJ,MGO,740.02,BUNKERWORLD_HISTORICAL
2020-07-07,SGP_SIN,VLSFO,589.43,BUNKERWORLD_HISTORICAL
2020-07-07,SGP_SIN,MGO,758.07,BUNKERWORLD_HISTORICAL
2020-07-07,LKA_CMB,VLSFO,604.17,BUNKERWORLD_HISTORICAL
2020-07-07,LKA_CMB,MGO,777.03,BUNKERWORLD_HISTORICAL
2020-07-07,ARE_FUJ,VLSFO,583.54,BUNKERWORLD_HISTORICAL
2020-07-07,ARE_FUJ,MGO,750.49,BUNKERWORLD_HISTORICAL
2020-07-08,SGP_SIN,VLSFO,591.56,BUNKERWORLD_HISTORICAL
2020-07-08,SGP_SIN,MGO,749.63,BUNKERWORLD_HISTORICAL
2020-07-08,LKA_CMB,VLSFO,606.35,BUNKERWORLD_HISTORICAL
2020-07-08,LKA_CMB,MGO,768.37,BUNKERWORLD_HISTORICAL
2020-07-08,ARE_FUJ,VLSFO,585.64,BUNKERWORLD_HISTORICAL
2020-07-08,ARE_FUJ,MGO,742.13,BUNKERWORLD_HISTORICAL
2020-07-09,SGP_SIN,VLSFO,596.06,BUNKERWORLD_HISTORICAL
2020-07-09,SGP_SIN,MGO,761.19,BUNKERWORLD_HISTORICAL
2020-07-09,LKA_CMB,VLSFO,610.96,BUNKERWORLD_HISTORICAL
2020-07-09,LKA_CMB,MGO,780.22,BUNKERWORLD_HISTORICAL
2020-07-09,ARE_FUJ,VLSFO,590.1,BUNKERWORLD_HISTORICAL
2020-07-09,ARE_FUJ,MGO,753.58,BUNKERWORLD_HISTORICAL
2020-07-10,SGP_SIN,VLSFO,583.67,BUNKERWORLD_HISTORICAL
2020-07-10,SGP_SIN,MGO,745.71,BUNKERWORLD_HISTORICAL
2020-07-10,LKA_CMB,VLSFO,598.26,BUNKERWORLD_HISTORICAL
2020-07-10,LKA_CMB,MGO,764.36,BUNKERWORLD_HISTORICAL
2020-07-10,ARE_FUJ,VLSFO,577.83,BUNKERWORLD_HISTORICAL
2020-07-10,ARE_FUJ,MGO,738.26,BUNKERWORLD_HISTORICAL
2020-07-11,SGP_SIN,VLSFO,597.64,BUNKERWORLD_HISTORICAL
2020-07-11,SGP_SIN,MGO,762.51,BUNKERWORLD_HISTORICAL
2020-07-11,LKA_CMB,VLSFO,612.58,BUNKERWORLD_HISTORICAL
2020-07-11,LKA_CMB,MGO,781.57,BUNKERWORLD_HISTORICAL
2020-07-11,ARE_FUJ,VLSFO,591.66,BUNKERWORLD_HISTORICAL
2020-07-11,ARE_FUJ,MGO,754.89,BUNKERWORLD_HISTORICAL
2020-07-12,SGP_SIN,VLSFO,596.82,BUNKERWORLD_HISTORICAL
2020-07-12,SGP_SIN,MGO,781.55,BUNKERWORLD_HISTORICAL
2020-07-12,LKA_CMB,VLSFO,611.74,BUNKERWORLD_HISTORICAL
2020-07-12,LKA_CMB,MGO,801.09,BUNKERWORLD_HISTORICAL
2020-07-12,ARE_FUJ,VLSFO,590.85,BUNKERWORLD_HISTORICAL
2020-07-12,ARE_FUJ,MGO,773.74,BUNKERWORLD_HISTORICAL
2020-07-13,SGP_SIN,VLSFO,583.62,BUNKERWORLD_HISTORICAL
2020-07-13,SGP_SIN,MGO,756.51,BUNKERWORLD_HISTORICAL
2020-07-13,LKA_CMB,VLSFO,598.21,BUNKERWORLD_HISTORICAL
2020-07-13,LKA_CMB,MGO,775.43,BUNKERWORLD_HISTORICAL
2020-07-13,ARE_FUJ,VLSFO,577.78,BUNKERWORLD_HISTORICAL
2020-07-13,ARE_FUJ,MGO,748.95,BUNKERWORLD_HISTORICAL
2020-07-14,SGP_SIN,VLSFO,584.38,BUNKERWORLD_HISTORICAL
2020-07-14,SGP_SIN,MGO,763.61,BUNKERWORLD_HISTORICAL
2020-07-14,LKA_CMB,VLSFO,598.99,BUNKERWORLD_HISTORICAL
2020-07-14,LKA_CMB,MGO,782.7,BUNKERWORLD_HISTORICAL
2020-07-14,ARE_FUJ,VLSFO,578.54,BUNKERWORLD_HISTORICAL
2020-07-14,ARE_FUJ,MGO,755.97,BUNKERWORLD_HISTORICAL
2020-07-15,SGP_SIN,VLSFO,581.29,BUNKERWORLD_HISTORICAL
2020-07-15,SGP_SIN,MGO,749.13,BUNKERWORLD_HISTORICAL
2020-07-15,LKA_CMB,VLSFO,595.83,BUNKERWORLD_HISTORICAL
2020-07-15,LKA_CMB,MGO,767.86,BUNKERWORLD_HISTORICAL
2020-07-15,ARE_FUJ,VLSFO,575.48,BUNKERWORLD_HISTORICAL
2020-07-15,ARE_FUJ,MGO,741.64,BUNKERWORLD_HISTORICAL
2020-07-16,SGP_SIN,VLSFO,591.63,BUNKERWORLD_HISTORICAL
2020-07-16,SGP_SIN,MGO,754.39,BUNKERWORLD_HISTORICAL
2020-07-16,LKA_CMB,VLSFO,606.43,BUNKERWORLD_HISTORICAL
2020-07-16,LKA_CMB,MGO,773.25,BUNKERWORLD_HISTORICAL
2020-07-16,ARE_FUJ,VLSFO,585.72,BUNKERWORLD_HISTORICAL
2020-07-16,ARE_FUJ,MGO,746.85,BUNKERWORLD_HISTORICAL
2020-07-17,SGP_SIN,VLSFO,581.64,BUNKERWORLD_HISTORICAL
2020-07-17,SGP_SIN,MGO,747.28,BUNKERWORLD_HISTORICAL
2020-07-17,LKA_CMB,VLSFO,596.18,BUNKERWORLD_HISTORICAL
2020-07-17,LKA_CMB,MGO,765.96,BUNKERWORLD_HISTORICAL
2020-07-17,ARE_FUJ,VLSFO,575.82,BUNKERWORLD_HISTORICAL
2020-07-17,ARE_FUJ,MGO,739.81,BUNKERWORLD_HISTORICAL
2020-07-18,SGP_SIN,VLSFO,579.85,BUNKERWORLD_HISTORICAL
2020-07-18,SGP_SIN,MGO,746.87,BUNKERWORLD_HISTORICAL
2020-07-18,LKA_CMB,VLSFO,594.34,BUNKERWORLD_HISTORICAL
2020-07-18,LKA_CMB,MGO,765.54,BUNKERWORLD_HISTORICAL
2020-07-18,ARE_FUJ,VLSFO,574.05,BUNKERWORLD_HISTORICAL
2020-07-18,ARE_FUJ,MGO,739.4,BUNKERWORLD_HISTORICAL
2020-07-19,SGP_SIN,VLSFO,581.4,BUNKERWORLD_HISTORICAL
2020-07-19,SGP_SIN,MGO,746.4,BUNKERWORLD_HISTORICAL
2020-07-19,LKA_CMB,VLSFO,595.94,BUNKERWORLD_HISTORICAL
2020-07-19,LKA_CMB,MGO,765.06,BUNKERWORLD_HISTORICAL
2020-07-19,ARE_FUJ,VLSFO,575.59,BUNKERWORLD_HISTORICAL
2020-07-19,ARE_FUJ,MGO,738.94,BUNKERWORLD_HISTORICAL
2020-07-20,SGP_SIN,VLSFO,585.34,BUNKERWORLD_HISTORICAL
2020-07-20,SGP_SIN,MGO,747.92,BUNKERWORLD_HISTORICAL
2020-07-20,LKA_CMB,VLSFO,599.97,BUNKERWORLD_HISTORICAL
2020-07-20,LKA_CMB,MGO,766.62,BUNKERWORLD_HISTORICAL
2020-07-20,ARE_FUJ,VLSFO,579.49,BUNKERWORLD_HISTORICAL
2020-07-20,ARE_FUJ,MGO,740.44,BUNKERWORLD_HISTORICAL
2020-07-21,SGP_SIN,VLSFO,579.04,BUNKERWORLD_HISTORICAL
2020-07-21,SGP_SIN,MGO,739.89,BUNKERWORLD_HISTORICAL
2020-07-21,LKA_CMB,VLSFO,593.52,BUNKERWORLD_HISTORICAL
2020-07-21,LKA_CMB,MGO,758.39,BUNKERWORLD_HISTORICAL
2020-07-21,ARE_FUJ,VLSFO,573.25,BUNKERWORLD_HISTORICAL
2020-07-21,ARE_FUJ,MGO,732.49,BUNKERWORLD_HISTORICAL
2020-07-22,SGP_SIN,VLSFO,575.46,BUNKERWORLD_HISTORICAL
2020-07-22,SGP_SIN,MGO,741.23,BUNKERWORLD_HISTORICAL
2020-07-22,LKA_CMB,VLSFO,589.85,BUNKERWORLD_HISTORICAL
2020-07-22,LKA_CMB,MGO,759.76,BUNKERWORLD_HISTORICAL
2020-07-22,ARE_FUJ,VLSFO,569.71,BUNKERWORLD_HISTORICAL
2020-07-22,ARE_FUJ,MGO,733.82,BUNKERWORLD_HISTORICAL
2020-07-23,SGP_SIN,VLSFO,569.73,BUNKERWORLD_HISTORICAL
2020-07-23,SGP_SIN,MGO,712.15,BUNKERWORLD_HISTORICAL
2020-07-23,LKA_CMB,VLSFO,583.97,BUNKERWORLD_HISTORICAL
2020-07-23,LKA_CMB,MGO,729.95,BUNKERWORLD_HISTORICAL
2020-07-23,ARE_FUJ,VLSFO,564.03,BUNKERWORLD_HISTORICAL
2020-07-23,ARE_FUJ,MGO,705.03,BUNKERWORLD_HISTORICAL
2020-07-24,SGP_SIN,VLSFO,579.23,BUNKERWORLD_HISTORICAL
2020-07-24,SGP_SIN,MGO,734.54,BUNKERWORLD_HISTORICAL
2020-07-24,LKA_CMB,VLSFO,593.71,BUNKERWORLD_HISTORICAL
2020-07-24,LKA_CMB,MGO,752.9,BUNKERWORLD_HISTORICAL
2020-07-24,ARE_FUJ,VLSFO,573.44,BUNKERWORLD_HISTORICAL
2020-07-24,ARE_FUJ,MGO,727.19,BUNKERWORLD_HISTORICAL
2020-07-25,SGP_SIN,VLSFO,581.63,BUNKERWORLD_HISTORICAL
2020-07-25,SGP_SIN,MGO,744.12,BUNKERWORLD_HISTORICAL
2020-07-25,LKA_CMB,VLSFO,596.17,BUNKERWORLD_HISTORICAL
2020-07-25,LKA_CMB,MGO,762.72,BUNKERWORLD_HISTORICAL
2020-07-25,ARE_FUJ,VLSFO,575.82,BUNKERWORLD_HISTORICAL
2020-07-25,ARE_FUJ,MGO,736.68,BUNKERWORLD_HISTORICAL
2020-07-26,SGP_SIN,VLSFO,577.08,BUNKERWORLD_HISTORICAL
2020-07-26,SGP_SIN,MGO,751.94,BUNKERWORLD_HISTORICAL
2020-07-26,LKA_CMB,VLSFO,591.51,BUNKERWORLD_HISTORICAL
2020-07-26,LKA_CMB,MGO,770.74,BUNKERWORLD_HISTORICAL
2020-07-26,ARE_FUJ,VLSFO,571.31,BUNKERWORLD_HISTORICAL
2020-07-26,ARE_FUJ,MGO,744.42,BUNKERWORLD_HISTORICAL
2020-07-27,SGP_SIN,VLSFO,565.31,BUNKERWORLD_HISTORICAL
2020-07-27,SGP_SIN,MGO,737.79,BUNKERWORLD_HISTORICAL
2020-07-27,LKA_CMB,VLSFO,579.44,BUNKERWORLD_HISTORICAL
2020-07-27,LKA_CMB,MGO,756.24,BUNKERWORLD_HISTORICAL
2020-07-27,ARE_FUJ,VLSFO,559.66,BUNKERWORLD_HISTORICAL
2020-07-27,ARE_FUJ,MGO,730.41,BUNKERWORLD_HISTORICAL
2020-07-28,SGP_SIN,VLSFO,570.71,BUNKERWORLD_HISTORICAL
2020-07-28,SGP_SIN,MGO,733.32,BUNKERWORLD_HISTORICAL
2020-07-28,LKA_CMB,VLSFO,584.97,BUNKERWORLD_HISTORICAL
2020-07-28,LKA_CMB,MGO,751.65,BUNKERWORLD_HISTORICAL
2020-07-28,ARE_FUJ,VLSFO,565.0,BUNKERWORLD_HISTORICAL
2020-07-28,ARE_FUJ,MGO,725.99,BUNKERWORLD_HISTORICAL
2020-07-29,SGP_SIN,VLSFO,570.3,BUNKERWORLD_HISTORICAL
2020-07-29,SGP_SIN,MGO,721.8,BUNKERWORLD_HISTORICAL
2020-07-29,LKA_CMB,VLSFO,584.56,BUNKERWORLD_HISTORICAL
2020-07-29,LKA_CMB,MGO,739.85,BUNKERWORLD_HISTORICAL
2020-07-29,ARE_FUJ,VLSFO,564.6,BUNKERWORLD_HISTORICAL
2020-07-29,ARE_FUJ,MGO,714.59,BUNKERWORLD_HISTORICAL
2020-07-30,SGP_SIN,VLSFO,589.09,BUNKERWORLD_HISTORICAL
2020-07-30,SGP_SIN,MGO,763.56,BUNKERWORLD_HISTORICAL
2020-07-30,LKA_CMB,VLSFO,603.82,BUNKERWORLD_HISTORICAL
2020-07-30,LKA_CMB,MGO,782.65,BUNKERWORLD_HISTORICAL
2020-07-30,ARE_FUJ,VLSFO,583.2,BUNKERWORLD_HISTORICAL
2020-07-30,ARE_FUJ,MGO,755.93,BUNKERWORLD_HISTORICAL
2020-07-31,SGP_SIN,VLSFO,588.04,BUNKERWORLD_HISTORICAL
2020-07-31,SGP_SIN,MGO,753.48,BUNKERWORLD_HISTORICAL
2020-07-31,LKA_CMB,VLSFO,602.74,BUNKERWORLD_HISTORICAL
2020-07-31,LKA_CMB,MGO,772.31,BUNKERWORLD_HISTORICAL
2020-07-31,ARE_FUJ,VLSFO,582.16,BUNKERWORLD_HISTORICAL
2020-07-31,ARE_FUJ,MGO,745.94,BUNKERWORLD_HISTORICAL
2020-08-01,SGP_SIN,VLSFO,589.46,BUNKERWORLD_HISTORICAL
2020-08-01,SGP_SIN,MGO,760.07,BUNKERWORLD_HISTORICAL
2020-08-01,LKA_CMB,VLSFO,604.2,BUNKERWORLD_HISTORICAL
2020-08-01,LKA_CMB,MGO,779.08,BUNKERWORLD_HISTORICAL
2020-08-01,ARE_FUJ,VLSFO,583.57,BUNKERWORLD_HISTORICAL
2020-08-01,ARE_FUJ,MGO,752.47,BUNKERWORLD_HISTORICAL
2020-08-02,SGP_SIN,VLSFO,588.21,BUNKERWORLD_HISTORICAL
2020-08-02,SGP_SIN,MGO,772.23,BUNKERWORLD_HISTORICAL
2020-08-02,LKA_CMB,VLSFO,602.92,BUNKERWORLD_HISTORICAL
2020-08-02,LKA_CMB,MGO,791.53,BUNKERWORLD_HISTORICAL
2020-08-02,ARE_FUJ,VLSFO,582.33,BUNKERWORLD_HISTORICAL
2020-08-02,ARE_FUJ,MGO,764.51,BUNKERWORLD_HISTORICAL
2020-08-03,SGP_SIN,VLSFO,598.06,BUNKERWORLD_HISTORICAL
2020-08-03,SGP_SIN,MGO,792.16,BUNKERWORLD_HISTORICAL
2020-08-03,LKA_CMB,VLSFO,613.01,BUNKERWORLD_HISTORICAL
2020-08-03,LKA_CMB,MGO,811.97,BUNKERWORLD_HISTORICAL
2020-08-03,ARE_FUJ,VLSFO,592.08,BUNKERWORLD_HISTORICAL
2020-08-03,ARE_FUJ,MGO,784.24,BUNKERWORLD_HISTORICAL
2020-08-04,SGP_SIN,VLSFO,598.91,BUNKERWORLD_HISTORICAL
2020-08-04,SGP_SIN,MGO,763.51,BUNKERWORLD_HISTORICAL
2020-08-04,LKA_CMB,VLSFO,613.88,BUNKERWORLD_HISTORICAL
2020-08-04,LKA_CMB,MGO,782.59,BUNKERWORLD_HISTORICAL
2020-08-04,ARE_FUJ,VLSFO,592.92,BUNKERWORLD_HISTORICAL
2020-08-04,ARE_FUJ,MGO,755.87,BUNKERWORLD_HISTORICAL
2020-08-05,SGP_SIN,VLSFO,592.56,BUNKERWORLD_HISTORICAL
2020-08-05,SGP_SIN,MGO,756.0,BUNKERWORLD_HISTORICAL
2020-08-05,LKA_CMB,VLSFO,607.37,BUNKERWORLD_HISTORICAL
2020-08-05,LKA_CMB,MGO,774.9,BUNKERWORLD_HISTORICAL
2020-08-05,ARE_FUJ,VLSFO,586.63,BUNKERWORLD_HISTORICAL
2020-08-05,ARE_FUJ,MGO,748.44,BUNKERWORLD_HISTORICAL
2020-08-06,SGP_SIN,VLSFO,605.47,BUNKERWORLD_HISTORICAL
2020-08-06,SGP_SIN,MGO,777.66,BUNKERWORLD_HISTORICAL
2020-08-06,LKA_CMB,VLSFO,620.6,BUNKERWORLD_HISTORICAL
2020-08-06,LKA_CMB,MGO,797.1,BUNKERWORLD_HISTORICAL
2020-08-06,ARE_FUJ,VLSFO,599.41,BUNKERWORLD_HISTORICAL
2020-08-06,ARE_FUJ,MGO,769.88,BUNKERWORLD_HISTORICAL
2020-08-07,SGP_SIN,VLSFO,599.12,BUNKERWORLD_HISTORICAL
2020-08-07,SGP_SIN,MGO,774.86,BUNKERWORLD_HISTORICAL
2020-08-07,LKA_CMB,VLSFO,614.1,BUNKERWORLD_HISTORICAL
2020-08-07,LKA_CMB,MGO,794.23,BUNKERWORLD_HISTORICAL
2020-08-07,ARE_FUJ,VLSFO,593.13,BUNKERWORLD_HISTORICAL
2020-08-07,ARE_FUJ,MGO,767.11,BUNKERWORLD_HISTORICAL
2020-08-08,SGP_SIN,VLSFO,592.2,BUNKERWORLD_HISTORICAL
2020-08-08,SGP_SIN,MGO,757.82,BUNKERWORLD_HISTORICAL
2020-08-08,LKA_CMB,VLSFO,607.01,BUNKERWORLD_HISTORICAL
2020-08-08,LKA_CMB,MGO,776.76,BUNKERWORLD_HISTORICAL
2020-08-08,ARE_FUJ,VLSFO,586.28,BUNKERWORLD_HISTORICAL
2020-08-08,ARE_FUJ,MGO,750.24,BUNKERWORLD_HISTORICAL
2020-08-09,SGP_SIN,VLSFO,598.94,BUNKERWORLD_HISTORICAL
2020-08-09,SGP_SIN,MGO,771.65,BUNKERWORLD_HISTORICAL
2020-08-09,LKA_CMB,VLSFO,613.92,BUNKERWORLD_HISTORICAL
2020-08-09,LKA_CMB,MGO,790.95,BUNKERWORLD_HISTORICAL
2020-08-09,ARE_FUJ,VLSFO,592.96,BUNKERWORLD_HISTORICAL
2020-08-09,ARE_FUJ,MGO,763.94,BUNKERWORLD_HISTORICAL
2020-08-10,SGP_SIN,VLSFO,599.35,BUNKERWORLD_HISTORICAL
2020-08-10,SGP_SIN,MGO,761.64,BUNKERWORLD_HISTORICAL
2020-08-10,LKA_CMB,VLSFO,614.33,BUNKERWORLD_HISTORICAL
2020-08-10,LKA_CMB,MGO,780.69,BUNKERWORLD_HISTORICAL
2020-08-10,ARE_FUJ,VLSFO,593.35,BUNKERWORLD_HISTORICAL
2020-08-10,ARE_FUJ,MGO,754.03,BUNKERWORLD_HISTORICAL
2020-08-11,SGP_SIN,VLSFO,611.36,BUNKERWORLD_HISTORICAL
2020-08-11,SGP_SIN,MGO,786.11,BUNKERWORLD_HISTORICAL
2020-08-11,LKA_CMB,VLSFO,626.64,BUNKERWORLD_HISTORICAL
2020-08-11,LKA_CMB,MGO,805.77,BUNKERWORLD_HISTORICAL
2020-08-11,ARE_FUJ,VLSFO,605.24,BUNKERWORLD_HISTORICAL
2020-08-11,ARE_FUJ,MGO,778.25,BUNKERWORLD_HISTORICAL
2020-08-12,SGP_SIN,VLSFO,613.34,BUNKERWORLD_HISTORICAL
2020-08-12,SGP_SIN,MGO,793.66,BUNKERWORLD_HISTORICAL
2020-08-12,LKA_CMB,VLSFO,628.67,BUNKERWORLD_HISTORICAL
2020-08-12,LKA_CMB,MGO,813.51,BUNKERWORLD_HISTORICAL
2020-08-12,ARE_FUJ,VLSFO,607.2,BUNKERWORLD_HISTORICAL
2020-08-12,ARE_FUJ,MGO,785.73,BUNKERWORLD_HISTORICAL
2020-08-13,SGP_SIN,VLSFO,615.12,BUNKERWORLD_HISTORICAL
2020-08-13,SGP_SIN,MGO,789.25,BUNKERWORLD_HISTORICAL
2020-08-13,LKA_CMB,VLSFO,630.5,BUNKERWORLD_HISTORICAL
2020-08-13,LKA_CMB,MGO,808.98,BUNKERWORLD_HISTORICAL
2020-08-13,ARE_FUJ,VLSFO,608.97,BUNKERWORLD_HISTORICAL
2020-08-13,ARE_FUJ,MGO,781.35,BUNKERWORLD_HISTORICAL
2020-08-14,SGP_SIN,VLSFO,612.99,BUNKERWORLD_HISTORICAL
2020-08-14,SGP_SIN,MGO,789.17,BUNKERWORLD_HISTORICAL
2020-08-14,LKA_CMB,VLSFO,628.31,BUNKERWORLD_HISTORICAL
2020-08-14,LKA_CMB,MGO,808.89,BUNKERWORLD_HISTORICAL
2020-08-14,ARE_FUJ,VLSFO,606.86,BUNKERWORLD_HISTORICAL
2020-08-14,ARE_FUJ,MGO,781.27,BUNKERWORLD_HISTORICAL
2020-08-15,SGP_SIN,VLSFO,603.34,BUNKERWORLD_HISTORICAL
2020-08-15,SGP_SIN,MGO,759.82,BUNKERWORLD_HISTORICAL
2020-08-15,LKA_CMB,VLSFO,618.42,BUNKERWORLD_HISTORICAL
2020-08-15,LKA_CMB,MGO,778.81,BUNKERWORLD_HISTORICAL
2020-08-15,ARE_FUJ,VLSFO,597.31,BUNKERWORLD_HISTORICAL
2020-08-15,ARE_FUJ,MGO,752.22,BUNKERWORLD_HISTORICAL
2020-08-16,SGP_SIN,VLSFO,605.13,BUNKERWORLD_HISTORICAL
2020-08-16,SGP_SIN,MGO,772.42,BUNKERWORLD_HISTORICAL
2020-08-16,LKA_CMB,VLSFO,620.26,BUNKERWORLD_HISTORICAL
2020-08-16,LKA_CMB,MGO,791.73,BUNKERWORLD_HISTORICAL
2020-08-16,ARE_FUJ,VLSFO,599.08,BUNKERWORLD_HISTORICAL
2020-08-16,ARE_FUJ,MGO,764.69,BUNKERWORLD_HISTORICAL
2020-08-17,SGP_SIN,VLSFO,589.44,BUNKERWORLD_HISTORICAL
2020-08-17,SGP_SIN,MGO,742.49,BUNKERWORLD_HISTORICAL
2020-08-17,LKA_CMB,VLSFO,604.17,BUNKERWORLD_HISTORICAL
2020-08-17,LKA_CMB,MGO,761.05,BUNKERWORLD_HISTORICAL
2020-08-17,ARE_FUJ,VLSFO,583.54,BUNKERWORLD_HISTORICAL
2020-08-17,ARE_FUJ,MGO,735.06,BUNKERWORLD_HISTORICAL
2020-08-18,SGP_SIN,VLSFO,595.39,BUNKERWORLD_HISTORICAL
2020-08-18,SGP_SIN,MGO,764.72,BUNKERWORLD_HISTORICAL
2020-08-18,LKA_CMB,VLSFO,610.27,BUNKERWORLD_HISTORICAL
2020-08-18,LKA_CMB,MGO,783.84,BUNKERWORLD_HISTORICAL
2020-08-18,ARE_FUJ,VLSFO,589.44,BUNKERWORLD_HISTORICAL
2020-08-18,ARE_FUJ,MGO,757.08,BUNKERWORLD_HISTORICAL
2020-08-19,SGP_SIN,VLSFO,597.7,BUNKERWORLD_HISTORICAL
2020-08-19,SGP_SIN,MGO,772.82,BUNKERWORLD_HISTORICAL
2020-08-19,LKA_CMB,VLSFO,612.64,BUNKERWORLD_HISTORICAL
2020-08-19,LKA_CMB,MGO,792.14,BUNKERWORLD_HISTORICAL
2020-08-19,ARE_FUJ,VLSFO,591.72,BUNKERWORLD_HISTORICAL
2020-08-19,ARE_FUJ,MGO,765.09,BUNKERWORLD_HISTORICAL
2020-08-20,SGP_SIN,VLSFO,591.55,BUNKERWORLD_HISTORICAL
2020-08-20,SGP_SIN,MGO,756.65,BUNKERWORLD_HISTORICAL
2020-08-20,LKA_CMB,VLSFO,606.34,BUNKERWORLD_HISTORICAL
2020-08-20,LKA_CMB,MGO,775.56,BUNKERWORLD_HISTORICAL
2020-08-20,ARE_FUJ,VLSFO,585.64,BUNKERWORLD_HISTORICAL
2020-08-20,ARE_FUJ,MGO,749.08,BUNKERWORLD_HISTORICAL
2020-08-21,SGP_SIN,VLSFO,589.75,BUNKERWORLD_HISTORICAL
2020-08-21,SGP_SIN,MGO,759.64,BUNKERWORLD_HISTORICAL
2020-08-21,LKA_CMB,VLSFO,604.49,BUNKERWORLD_HISTORICAL
2020-08-21,LKA_CMB,MGO,778.63,BUNKERWORLD_HISTORICAL
2020-08-21,ARE_FUJ,VLSFO,583.85,BUNKERWORLD_HISTORICAL
2020-08-21,ARE_FUJ,MGO,752.05,BUNKERWORLD_HISTORICAL
2020-08-22,SGP_SIN,VLSFO,594.2,BUNKERWORLD_HISTORICAL
2020-08-22,SGP_SIN,MGO,767.11,BUNKERWORLD_HISTORICAL
2020-08-22,LKA_CMB,VLSFO,609.06,BUNKERWORLD_HISTORICAL
2020-08-22,LKA_CMB,MGO,786.29,BUNKERWORLD_HISTORICAL
2020-08-22,ARE_FUJ,VLSFO,588.26,BUNKERWORLD_HISTORICAL
2020-08-22,ARE_FUJ,MGO,759.44,BUNKERWORLD_HISTORICAL
2020-08-23,SGP_SIN,VLSFO,582.97,BUNKERWORLD_HISTORICAL
2020-08-23,SGP_SIN,MGO,742.21,BUNKERWORLD_HISTORICAL
2020-08-23,LKA_CMB,VLSFO,597.55,BUNKERWORLD_HISTORICAL
2020-08-23,LKA_CMB,MGO,760.77,BUNKERWORLD_HISTORICAL
2020-08-23,ARE_FUJ,VLSFO,577.14,BUNKERWORLD_HISTORICAL
2020-08-23,ARE_FUJ,MGO,734.79,BUNKERWORLD_HISTORICAL
2020-08-24,SGP_SIN,VLSFO,588.64,BUNKERWORLD_HISTORICAL
2020-08-24,SGP_SIN,MGO,747.0,BUNKERWORLD_HISTORICAL
2020-08-24,LKA_CMB,VLSFO,603.35,BUNKERWORLD_HISTORICAL
2020-08-24,LKA_CMB,MGO,765.68,BUNKERWORLD_HISTORICAL
2020-08-24,ARE_FUJ,VLSFO,582.75,BUNKERWORLD_HISTORICAL
2020-08-24,ARE_FUJ,MGO,739.53,BUNKERWORLD_HISTORICAL
2020-08-25,SGP_SIN,VLSFO,587.97,BUNKERWORLD_HISTORICAL
2020-08-25,SGP_SIN,MGO,749.88,BUNKERWORLD_HISTORICAL
2020-08-25,LKA_CMB,VLSFO,602.67,BUNKERWORLD_HISTORICAL
2020-08-25,LKA_CMB,MGO,768.62,BUNKERWORLD_HISTORICAL
2020-08-25,ARE_FUJ,VLSFO,582.09,BUNKERWORLD_HISTORICAL
2020-08-25,ARE_FUJ,MGO,742.38,BUNKERWORLD_HISTORICAL
2020-08-26,SGP_SIN,VLSFO,601.56,BUNKERWORLD_HISTORICAL
2020-08-26,SGP_SIN,MGO,752.73,BUNKERWORLD_HISTORICAL
2020-08-26,LKA_CMB,VLSFO,616.59,BUNKERWORLD_HISTORICAL
2020-08-26,LKA_CMB,MGO,771.55,BUNKERWORLD_HISTORICAL
2020-08-26,ARE_FUJ,VLSFO,595.54,BUNKERWORLD_HISTORICAL
2020-08-26,ARE_FUJ,MGO,745.21,BUNKERWORLD_HISTORICAL
2020-08-27,SGP_SIN,VLSFO,600.48,BUNKERWORLD_HISTORICAL
2020-08-27,SGP_SIN,MGO,765.02,BUNKERWORLD_HISTORICAL
2020-08-27,LKA_CMB,VLSFO,615.49,BUNKERWORLD_HISTORICAL
2020-08-27,LKA_CMB,MGO,784.14,BUNKERWORLD_HISTORICAL
2020-08-27,ARE_FUJ,VLSFO,594.47,BUNKERWORLD_HISTORICAL
2020-08-27,ARE_FUJ,MGO,757.37,BUNKERWORLD_HISTORICAL
2020-08-28,SGP_SIN,VLSFO,606.53,BUNKERWORLD_HISTORICAL
2020-08-28,SGP_SIN,MGO,778.57,BUNKERWORLD_HISTORICAL
2020-08-28,LKA_CMB,VLSFO,621.7,BUNKERWORLD_HISTORICAL
2020-08-28,LKA_CMB,MGO,798.04,BUNKERWORLD_HISTORICAL
2020-08-28,ARE_FUJ,VLSFO,600.47,BUNKERWORLD_HISTORICAL
2020-08-28,ARE_FUJ,MGO,770.79,BUNKERWORLD_HISTORICAL
2020-08-29,SGP_SIN,VLSFO,618.94,BUNKERWORLD_HISTORICAL
2020-08-29,SGP_SIN,MGO,801.35,BUNKERWORLD_HISTORICAL
2020-08-29,LKA_CMB,VLSFO,634.41,BUNKERWORLD_HISTORICAL
2020-08-29,LKA_CMB,MGO,821.38,BUNKERWORLD_HISTORICAL
2020-08-29,ARE_FUJ,VLSFO,612.75,BUNKERWORLD_HISTORICAL
2020-08-29,ARE_FUJ,MGO,793.33,BUNKERWORLD_HISTORICAL
2020-08-30,SGP_SIN,VLSFO,605.69,BUNKERWORLD_HISTORICAL
2020-08-30,SGP_SIN,MGO,768.66,BUNKERWORLD_HISTORICAL
2020-08-30,LKA_CMB,VLSFO,620.83,BUNKERWORLD_HISTORICAL
2020-08-30,LKA_CMB,MGO,787.88,BUNKERWORLD_HISTORICAL
2020-08-30,ARE_FUJ,VLSFO,599.64,BUNKERWORLD_HISTORICAL
2020-08-30,ARE_FUJ,MGO,760.98,BUNKERWORLD_HISTORICAL
2020-08-31,SGP_SIN,VLSFO,602.0,BUNKERWORLD_HISTORICAL
2020-08-31,SGP_SIN,MGO,774.46,BUNKERWORLD_HISTORICAL
2020-08-31,LKA_CMB,VLSFO,617.05,BUNKERWORLD_HISTORICAL
2020-08-31,LKA_CMB,MGO,793.83,BUNKERWORLD_HISTORICAL
2020-08-31,ARE_FUJ,VLSFO,595.98,BUNKERWORLD_HISTORICAL
2020-08-31,ARE_FUJ,MGO,766.72,BUNKERWORLD_HISTORICAL
2020-09-01,SGP_SIN,VLSFO,600.02,BUNKERWORLD_HISTORICAL
2020-09-01,SGP_SIN,MGO,762.95,BUNKERWORLD_HISTORICAL
2020-09-01,LKA_CMB,VLSFO,615.02,BUNKERWORLD_HISTORICAL
2020-09-01,LKA_CMB,MGO,782.02,BUNKERWORLD_HISTORICAL
2020-09-01,ARE_FUJ,VLSFO,594.02,BUNKERWORLD_HISTORICAL
2020-09-01,ARE_FUJ,MGO,755.32,BUNKERWORLD_HISTORICAL
2020-09-02,SGP_SIN,VLSFO,598.81,BUNKERWORLD_HISTORICAL
2020-09-02,SGP_SIN,MGO,753.04,BUNKERWORLD_HISTORICAL
2020-09-02,LKA_CMB,VLSFO,613.78,BUNKERWORLD_HISTORICAL
2020-09-02,LKA_CMB,MGO,771.87,BUNKERWORLD_HISTORICAL
2020-09-02,ARE_FUJ,VLSFO,592.82,BUNKERWORLD_HISTORICAL
2020-09-02,ARE_FUJ,MGO,745.51,BUNKERWORLD_HISTORICAL
2020-09-03,SGP_SIN,VLSFO,598.83,BUNKERWORLD_HISTORICAL
2020-09-03,SGP_SIN,MGO,769.71,BUNKERWORLD_HISTORICAL
2020-09-03,LKA_CMB,VLSFO,613.8,BUNKERWORLD_HISTORICAL
2020-09-03,LKA_CMB,MGO,788.96,BUNKERWORLD_HISTORICAL
2020-09-03,ARE_FUJ,VLSFO,592.84,BUNKERWORLD_HISTORICAL
2020-09-03,ARE_FUJ,MGO,762.02,BUNKERWORLD_HISTORICAL
2020-09-04,SGP_SIN,VLSFO,603.43,BUNKERWORLD_HISTORICAL
2020-09-04,SGP_SIN,MGO,769.56,BUNKERWORLD_HISTORICAL
2020-09-04,LKA_CMB,VLSFO,618.51,BUNKERWORLD_HISTORICAL
2020-09-04,LKA_CMB,MGO,788.8,BUNKERWORLD_HISTORICAL
2020-09-04,ARE_FUJ,VLSFO,597.39,BUNKERWORLD_HISTORICAL
2020-09-04,ARE_FUJ,MGO,761.86,BUNKERWORLD_HISTORICAL
2020-09-05,SGP_SIN,VLSFO,589.39,BUNKERWORLD_HISTORICAL
2020-09-05,SGP_SIN,MGO,764.93,BUNKERWORLD_HISTORICAL
2020-09-05,LKA_CMB,VLSFO,604.12,BUNKERWORLD_HISTORICAL
2020-09-05,LKA_CMB,MGO,784.06,BUNKERWORLD_HISTORICAL
2020-09-05,ARE_FUJ,VLSFO,583.49,BUNKERWORLD_HISTORICAL
2020-09-05,ARE_FUJ,MGO,757.28,BUNKERWORLD_HISTORICAL
2020-09-06,SGP_SIN,VLSFO,598.04,BUNKERWORLD_HISTORICAL
2020-09-06,SGP_SIN,MGO,777.92,BUNKERWORLD_HISTORICAL
2020-09-06,LKA_CMB,VLSFO,612.99,BUNKERWORLD_HISTORICAL
2020-09-06,LKA_CMB,MGO,797.36,BUNKERWORLD_HISTORICAL
2020-09-06,ARE_FUJ,VLSFO,592.06,BUNKERWORLD_HISTORICAL
2020-09-06,ARE_FUJ,MGO,770.14,BUNKERWORLD_HISTORICAL
2020-09-07,SGP_SIN,VLSFO,615.34,BUNKERWORLD_HISTORICAL
2020-09-07,SGP_SIN,MGO,786.73,BUNKERWORLD_HISTORICAL
2020-09-07,LKA_CMB,VLSFO,630.72,BUNKERWORLD_HISTORICAL
2020-09-07,LKA_CMB,MGO,806.39,BUNKERWORLD_HISTORICAL
2020-09-07,ARE_FUJ,VLSFO,609.18,BUNKERWORLD_HISTORICAL
2020-09-07,ARE_FUJ,MGO,778.86,BUNKERWORLD_HISTORICAL
2020-09-08,SGP_SIN,VLSFO,608.71,BUNKERWORLD_HISTORICAL
2020-09-08,SGP_SIN,MGO,780.28,BUNKERWORLD_HISTORICAL
2020-09-08,LKA_CMB,VLSFO,623.93,BUNKERWORLD_HISTORICAL
2020-09-08,LKA_CMB,MGO,799.79,BUNKERWORLD_HISTORICAL
2020-09-08,ARE_FUJ,VLSFO,602.63,BUNKERWORLD_HISTORICAL
2020-09-08,ARE_FUJ,MGO,772.48,BUNKERWORLD_HISTORICAL
2020-09-09,SGP_SIN,VLSFO,611.87,BUNKERWORLD_HISTORICAL
2020-09-09,SGP_SIN,MGO,772.15,BUNKERWORLD_HISTORICAL
2020-09-09,LKA_CMB,VLSFO,627.16,BUNKERWORLD_HISTORICAL
2020-09-09,LKA_CMB,MGO,791.45,BUNKERWORLD_HISTORICAL
2020-09-09,ARE_FUJ,VLSFO,605.75,BUNKERWORLD_HISTORICAL
2020-09-09,ARE_FUJ,MGO,764.43,BUNKERWORLD_HISTORICAL
2020-09-10,SGP_SIN,VLSFO,612.65,BUNKERWORLD_HISTORICAL
2020-09-10,SGP_SIN,MGO,781.65,BUNKERWORLD_HISTORICAL
2020-09-10,LKA_CMB,VLSFO,627.96,BUNKERWORLD_HISTORICAL
2020-09-10,LKA_CMB,MGO,801.19,BUNKERWORLD_HISTORICAL
2020-09-10,ARE_FUJ,VLSFO,606.52,BUNKERWORLD_HISTORICAL
2020-09-10,ARE_FUJ,MGO,773.83,BUNKERWORLD_HISTORICAL
2020-09-11,SGP_SIN,VLSFO,599.44,BUNKERWORLD_HISTORICAL
2020-09-11,SGP_SIN,MGO,773.45,BUNKERWORLD_HISTORICAL
2020-09-11,LKA_CMB,VLSFO,614.43,BUNKERWORLD_HISTORICAL
2020-09-11,LKA_CMB,MGO,792.79,BUNKERWORLD_HISTORICAL
2020-09-11,ARE_FUJ,VLSFO,593.45,BUNKERWORLD_HISTORICAL
2020-09-11,ARE_FUJ,MGO,765.72,BUNKERWORLD_HISTORICAL
2020-09-12,SGP_SIN,VLSFO,605.14,BUNKERWORLD_HISTORICAL
2020-09-12,SGP_SIN,MGO,771.84,BUNKERWORLD_HISTORICAL
2020-09-12,LKA_CMB,VLSFO,620.27,BUNKERWORLD_HISTORICAL
2020-09-12,LKA_CMB,MGO,791.14,BUNKERWORLD_HISTORICAL
2020-09-12,ARE_FUJ,VLSFO,599.09,BUNKERWORLD_HISTORICAL
2020-09-12,ARE_FUJ,MGO,764.12,BUNKERWORLD_HISTORICAL
2020-09-13,SGP_SIN,VLSFO,608.91,BUNKERWORLD_HISTORICAL
2020-09-13,SGP_SIN,MGO,780.04,BUNKERWORLD_HISTORICAL
2020-09-13,LKA_CMB,VLSFO,624.13,BUNKERWORLD_HISTORICAL
2020-09-13,LKA_CMB,MGO,799.54,BUNKERWORLD_HISTORICAL
2020-09-13,ARE_FUJ,VLSFO,602.82,BUNKERWORLD_HISTORICAL
2020-09-13,ARE_FUJ,MGO,772.24,BUNKERWORLD_HISTORICAL
2020-09-14,SGP_SIN,VLSFO,607.27,BUNKERWORLD_HISTORICAL
2020-09-14,SGP_SIN,MGO,781.8,BUNKERWORLD_HISTORICAL
2020-09-14,LKA_CMB,VLSFO,622.45,BUNKERWORLD_HISTORICAL
2020-09-14,LKA_CMB,MGO,801.35,BUNKERWORLD_HISTORICAL
2020-09-14,ARE_FUJ,VLSFO,601.19,BUNKERWORLD_HISTORICAL
2020-09-14,ARE_FUJ,MGO,773.98,BUNKERWORLD_HISTORICAL
2020-09-15,SGP_SIN,VLSFO,612.45,BUNKERWORLD_HISTORICAL
2020-09-15,SGP_SIN,MGO,794.29,BUNKERWORLD_HISTORICAL
2020-09-15,LKA_CMB,VLSFO,627.76,BUNKERWORLD_HISTORICAL
2020-09-15,LKA_CMB,MGO,814.15,BUNKERWORLD_HISTORICAL
2020-09-15,ARE_FUJ,VLSFO,606.33,BUNKERWORLD_HISTORICAL
2020-09-15,ARE_FUJ,MGO,786.35,BUNKERWORLD_HISTORICAL
2020-09-16,SGP_SIN,VLSFO,606.64,BUNKERWORLD_HISTORICAL
2020-09-16,SGP_SIN,MGO,765.26,BUNKERWORLD_HISTORICAL
2020-09-16,LKA_CMB,VLSFO,621.81,BUNKERWORLD_HISTORICAL
2020-09-16,LKA_CMB,MGO,784.39,BUNKERWORLD_HISTORICAL
2020-09-16,ARE_FUJ,VLSFO,600.58,BUNKERWORLD_HISTORICAL
2020-09-16,ARE_FUJ,MGO,757.61,BUNKERWORLD_HISTORICAL
2020-09-17,SGP_SIN,VLSFO,609.29,BUNKERWORLD_HISTORICAL
2020-09-17,SGP_SIN,MGO,788.3,BUNKERWORLD_HISTORICAL
2020-09-17,LKA_CMB,VLSFO,624.52,BUNKERWORLD_HISTORICAL
2020-09-17,LKA_CMB,MGO,808.0,BUNKERWORLD_HISTORICAL
2020-09-17,ARE_FUJ,VLSFO,603.2,BUNKERWORLD_HISTORICAL
2020-09-17,ARE_FUJ,MGO,780.41,BUNKERWORLD_HISTORICAL
2020-09-18,SGP_SIN,VLSFO,609.87,BUNKERWORLD_HISTORICAL
2020-09-18,SGP_SIN,MGO,787.96,BUNKERWORLD_HISTORICAL
2020-09-18,LKA_CMB,VLSFO,625.11,BUNKERWORLD_HISTORICAL
2020-09-18,LKA_CMB,MGO,807.65,BUNKERWORLD_HISTORICAL
2020-09-18,ARE_FUJ,VLSFO,603.77,BUNKERWORLD_HISTORICAL
2020-09-18,ARE_FUJ,MGO,780.08,BUNKERWORLD_HISTORICAL
2020-09-19,SGP_SIN,VLSFO,611.37,BUNKERWORLD_HISTORICAL
2020-09-19,SGP_SIN,MGO,783.63,BUNKERWORLD_HISTORICAL
2020-09-19,LKA_CMB,VLSFO,626.65,BUNKERWORLD_HISTORICAL
2020-09-19,LKA_CMB,MGO,803.22,BUNKERWORLD_HISTORICAL
2020-09-19,ARE_FUJ,VLSFO,605.25,BUNKERWORLD_HISTORICAL
2020-09-19,ARE_FUJ,MGO,775.79,BUNKERWORLD_HISTORICAL
2020-09-20,SGP_SIN,VLSFO,607.43,BUNKERWORLD_HISTORICAL
2020-09-20,SGP_SIN,MGO,775.04,BUNKERWORLD_HISTORICAL
2020-09-20,LKA_CMB,VLSFO,622.62,BUNKERWORLD_HISTORICAL
2020-09-20,LKA_CMB,MGO,794.41,BUNKERWORLD_HISTORICAL
2020-09-20,ARE_FUJ,VLSFO,601.36,BUNKERWORLD_HISTORICAL
2020-09-20,ARE_FUJ,MGO,767.29,BUNKERWORLD_HISTORICAL
2020-09-21,SGP_SIN,VLSFO,595.92,BUNKERWORLD_HISTORICAL
2020-09-21,SGP_SIN,MGO,749.92,BUNKERWORLD_HISTORICAL
2020-09-21,LKA_CMB,VLSFO,610.82,BUNKERWORLD_HISTORICAL
2020-09-21,LKA_CMB,MGO,768.67,BUNKERWORLD_HISTORICAL
2020-09-21,ARE_FUJ,VLSFO,589.96,BUNKERWORLD_HISTORICAL
2020-09-21,ARE_FUJ,MGO,742.42,BUNKERWORLD_HISTORICAL
2020-09-22,SGP_SIN,VLSFO,603.33,BUNKERWORLD_HISTORICAL
2020-09-22,SGP_SIN,MGO,773.67,BUNKERWORLD_HISTORICAL
2020-09-22,LKA_CMB,VLSFO,618.42,BUNKERWORLD_HISTORICAL
2020-09-22,LKA_CMB,MGO,793.01,BUNKERWORLD_HISTORICAL
2020-09-22,ARE_FUJ,VLSFO,597.3,BUNKERWORLD_HISTORICAL
2020-09-22,ARE_FUJ,MGO,765.93,BUNKERWORLD_HISTORICAL
2020-09-23,SGP_SIN,VLSFO,596.86,BUNKERWORLD_HISTORICAL
2020-09-23,SGP_SIN,MGO,752.81,BUNKERWORLD_HISTORICAL
2020-09-23,LKA_CMB,VLSFO,611.78,BUNKERWORLD_HISTORICAL
2020-09-23,LKA_CMB,MGO,771.63,BUNKERWORLD_HISTORICAL
2020-09-23,ARE_FUJ,VLSFO,590.89,BUNKERWORLD_HISTORICAL
2020-09-23,ARE_FUJ,MGO,745.28,BUNKERWORLD_HISTORICAL
2020-09-24,SGP_SIN,VLSFO,600.45,BUNKERWORLD_HISTORICAL
2020-09-24,SGP_SIN,MGO,770.04,BUNKERWORLD_HISTORICAL
2020-09-24,LKA_CMB,VLSFO,615.46,BUNKERWORLD_HISTORICAL
2020-09-24,LKA_CMB,MGO,789.29,BUNKERWORLD_HISTORICAL
2020-09-24,ARE_FUJ,VLSFO,594.44,BUNKERWORLD_HISTORICAL
2020-09-24,ARE_FUJ,MGO,762.34,BUNKERWORLD_HISTORICAL
2020-09-25,SGP_SIN,VLSFO,609.24,BUNKERWORLD_HISTORICAL
2020-09-25,SGP_SIN,MGO,790.75,BUNKERWORLD_HISTORICAL
2020-09-25,LKA_CMB,VLSFO,624.47,BUNKERWORLD_HISTORICAL
2020-09-25,LKA_CMB,MGO,810.52,BUNKERWORLD_HISTORICAL
2020-09-25,ARE_FUJ,VLSFO,603.15,BUNKERWORLD_HISTORICAL
2020-09-25,ARE_FUJ,MGO,782.85,BUNKERWORLD_HISTORICAL
2020-09-26,SGP_SIN,VLSFO,612.11,BUNKERWORLD_HISTORICAL
2020-09-26,SGP_SIN,MGO,779.57,BUNKERWORLD_HISTORICAL
2020-09-26,LKA_CMB,VLSFO,627.42,BUNKERWORLD_HISTORICAL
2020-09-26,LKA_CMB,MGO,799.06,BUNKERWORLD_HISTORICAL
2020-09-26,ARE_FUJ,VLSFO,605.99,BUNKERWORLD_HISTORICAL
2020-09-26,ARE_FUJ,MGO,771.78,BUNKERWORLD_HISTORICAL
2020-09-27,SGP_SIN,VLSFO,600.94,BUNKERWORLD_HISTORICAL
2020-09-27,SGP_SIN,MGO,777.9,BUNKERWORLD_HISTORICAL
2020-09-27,LKA_CMB,VLSFO,615.97,BUNKERWORLD_HISTORICAL
2020-09-27,LKA_CMB,MGO,797.35,BUNKERWORLD_HISTORICAL
2020-09-27,ARE_FUJ,VLSFO,594.94,BUNKERWORLD_HISTORICAL
2020-09-27,ARE_FUJ,MGO,770.12,BUNKERWORLD_HISTORICAL
2020-09-28,SGP_SIN,VLSFO,606.05,BUNKERWORLD_HISTORICAL
2020-09-28,SGP_SIN,MGO,770.63,BUNKERWORLD_HISTORICAL
2020-09-28,LKA_CMB,VLSFO,621.2,BUNKERWORLD_HISTORICAL
2020-09-28,LKA_CMB,MGO,789.9,BUNKERWORLD_HISTORICAL
2020-09-28,ARE_FUJ,VLSFO,599.99,BUNKERWORLD_HISTORICAL
2020-09-28,ARE_FUJ,MGO,762.92,BUNKERWORLD_HISTORICAL
2020-09-29,SGP_SIN,VLSFO,600.18,BUNKERWORLD_HISTORICAL
2020-09-29,SGP_SIN,MGO,770.81,BUNKERWORLD_HISTORICAL
2020-09-29,LKA_CMB,VLSFO,615.18,BUNKERWORLD_HISTORICAL
2020-09-29,LKA_CMB,MGO,790.08,BUNKERWORLD_HISTORICAL
2020-09-29,ARE_FUJ,VLSFO,594.18,BUNKERWORLD_HISTORICAL
2020-09-29,ARE_FUJ,MGO,763.1,BUNKERWORLD_HISTORICAL
2020-09-30,SGP_SIN,VLSFO,610.93,BUNKERWORLD_HISTORICAL
2020-09-30,SGP_SIN,MGO,783.54,BUNKERWORLD_HISTORICAL
2020-09-30,LKA_CMB,VLSFO,626.2,BUNKERWORLD_HISTORICAL
2020-09-30,LKA_CMB,MGO,803.13,BUNKERWORLD_HISTORICAL
2020-09-30,ARE_FUJ,VLSFO,604.82,BUNKERWORLD_HISTORICAL
2020-09-30,ARE_FUJ,MGO,775.71,BUNKERWORLD_HISTORICAL
2020-10-01,SGP_SIN,VLSFO,608.95,BUNKERWORLD_HISTORICAL
2020-10-01,SGP_SIN,MGO,784.46,BUNKERWORLD_HISTORICAL
2020-10-01,LKA_CMB,VLSFO,624.17,BUNKERWORLD_HISTORICAL
2020-10-01,LKA_CMB,MGO,804.07,BUNKERWORLD_HISTORICAL
2020-10-01,ARE_FUJ,VLSFO,602.86,BUNKERWORLD_HISTORICAL
2020-10-01,ARE_FUJ,MGO,776.61,BUNKERWORLD_HISTORICAL
2020-10-02,SGP_SIN,VLSFO,601.59,BUNKERWORLD_HISTORICAL
2020-10-02,SGP_SIN,MGO,782.42,BUNKERWORLD_HISTORICAL
2020-10-02,LKA_CMB,VLSFO,616.63,BUNKERWORLD_HISTORICAL
2020-10-02,LKA_CMB,MGO,801.98,BUNKERWORLD_HISTORICAL
2020-10-02,ARE_FUJ,VLSFO,595.58,BUNKERWORLD_HISTORICAL
2020-10-02,ARE_FUJ,MGO,774.59,BUNKERWORLD_HISTORICAL
2020-10-03,SGP_SIN,VLSFO,611.61,BUNKERWORLD_HISTORICAL
2020-10-03,SGP_SIN,MGO,774.04,BUNKERWORLD_HISTORICAL
2020-10-03,LKA_CMB,VLSFO,626.9,BUNKERWORLD_HISTORICAL
2020-10-03,LKA_CMB,MGO,793.39,BUNKERWORLD_HISTORICAL
2020-10-03,ARE_FUJ,VLSFO,605.49,BUNKERWORLD_HISTORICAL
2020-10-03,ARE_FUJ,MGO,766.3,BUNKERWORLD_HISTORICAL
2020-10-04,SGP_SIN,VLSFO,611.53,BUNKERWORLD_HISTORICAL
2020-10-04,SGP_SIN,MGO,790.53,BUNKERWORLD_HISTORICAL
2020-10-04,LKA_CMB,VLSFO,626.82,BUNKERWORLD_HISTORICAL
2020-10-04,LKA_CMB,MGO,810.29,BUNKERWORLD_HISTORICAL
2020-10-04,ARE_FUJ,VLSFO,605.42,BUNKERWORLD_HISTORICAL
2020-10-04,ARE_FUJ,MGO,782.62,BUNKERWORLD_HISTORICAL
2020-10-05,SGP_SIN,VLSFO,617.01,BUNKERWORLD_HISTORICAL
2020-10-05,SGP_SIN,MGO,798.08,BUNKERWORLD_HISTORICAL
2020-10-05,LKA_CMB,VLSFO,632.44,BUNKERWORLD_HISTORICAL
2020-10-05,LKA_CMB,MGO,818.03,BUNKERWORLD_HISTORICAL
2020-10-05,ARE_FUJ,VLSFO,610.84,BUNKERWORLD_HISTORICAL
2020-10-05,ARE_FUJ,MGO,790.1,BUNKERWORLD_HISTORICAL
2020-10-06,SGP_SIN,VLSFO,616.69,BUNKERWORLD_HISTORICAL
2020-10-06,SGP_SIN,MGO,800.96,BUNKERWORLD_HISTORICAL
2020-10-06,LKA_CMB,VLSFO,632.11,BUNKERWORLD_HISTORICAL
2020-10-06,LKA_CMB,MGO,820.98,BUNKERWORLD_HISTORICAL
2020-10-06,ARE_FUJ,VLSFO,610.53,BUNKERWORLD_HISTORICAL
2020-10-06,ARE_FUJ,MGO,792.95,BUNKERWORLD_HISTORICAL
2020-10-07,SGP_SIN,VLSFO,621.7,BUNKERWORLD_HISTORICAL
2020-10-07,SGP_SIN,MGO,796.31,BUNKERWORLD_HISTORICAL
2020-10-07,LKA_CMB,VLSFO,637.24,BUNKERWORLD_HISTORICAL
2020-10-07,LKA_CMB,MGO,816.22,BUNKERWORLD_HISTORICAL
2020-10-07,ARE_FUJ,VLSFO,615.48,BUNKERWORLD_HISTORICAL
2020-10-07,ARE_FUJ,MGO,788.35,BUNKERWORLD_HISTORICAL
2020-10-08,SGP_SIN,VLSFO,613.53,BUNKERWORLD_HISTORICAL
2020-10-08,SGP_SIN,MGO,775.21,BUNKERWORLD_HISTORICAL
2020-10-08,LKA_CMB,VLSFO,628.87,BUNKERWORLD_HISTORICAL
2020-10-08,LKA_CMB,MGO,794.59,BUNKERWORLD_HISTORICAL
2020-10-08,ARE_FUJ,VLSFO,607.39,BUNKERWORLD_HISTORICAL
2020-10-08,ARE_FUJ,MGO,767.46,BUNKERWORLD_HISTORICAL
2020-10-09,SGP_SIN,VLSFO,613.35,BUNKERWORLD_HISTORICAL
2020-10-09,SGP_SIN,MGO,781.32,BUNKERWORLD_HISTORICAL
2020-10-09,LKA_CMB,VLSFO,628.68,BUNKERWORLD_HISTORICAL
2020-10-09,LKA_CMB,MGO,800.85,BUNKERWORLD_HISTORICAL
2020-10-09,ARE_FUJ,VLSFO,607.21,BUNKERWORLD_HISTORICAL
2020-10-09,ARE_FUJ,MGO,773.5,BUNKERWORLD_HISTORICAL
2020-10-10,SGP_SIN,VLSFO,609.58,BUNKERWORLD_HISTORICAL
2020-10-10,SGP_SIN,MGO,782.45,BUNKERWORLD_HISTORICAL
2020-10-10,LKA_CMB,VLSFO,624.82,BUNKERWORLD_HISTORICAL
2020-10-10,LKA_CMB,MGO,802.01,BUNKERWORLD_HISTORICAL
2020-10-10,ARE_FUJ,VLSFO,603.48,BUNKERWORLD_HISTORICAL
2020-10-10,ARE_FUJ,MGO,774.62,BUNKERWORLD_HISTORICAL
2020-10-11,SGP_SIN,VLSFO,611.86,BUNKERWORLD_HISTORICAL
2020-10-11,SGP_SIN,MGO,795.28,BUNKERWORLD_HISTORICAL
2020-10-11,LKA_CMB,VLSFO,627.15,BUNKERWORLD_HISTORICAL
2020-10-11,LKA_CMB,MGO,815.16,BUNKERWORLD_HISTORICAL
2020-10-11,ARE_FUJ,VLSFO,605.74,BUNKERWORLD_HISTORICAL
2020-10-11,ARE_FUJ,MGO,787.33,BUNKERWORLD_HISTORICAL
2020-10-12,SGP_SIN,VLSFO,620.96,BUNKERWORLD_HISTORICAL
2020-10-12,SGP_SIN,MGO,808.67,BUNKERWORLD_HISTORICAL
2020-10-12,LKA_CMB,VLSFO,636.49,BUNKERWORLD_HISTORICAL
2020-10-12,LKA_CMB,MGO,828.89,BUNKERWORLD_HISTORICAL
2020-10-12,ARE_FUJ,VLSFO,614.75,BUNKERWORLD_HISTORICAL
2020-10-12,ARE_FUJ,MGO,800.58,BUNKERWORLD_HISTORICAL
2020-10-13,SGP_SIN,VLSFO,629.35,BUNKERWORLD_HISTORICAL
2020-10-13,SGP_SIN,MGO,813.49,BUNKERWORLD_HISTORICAL
2020-10-13,LKA_CMB,VLSFO,645.09,BUNKERWORLD_HISTORICAL
2020-10-13,LKA_CMB,MGO,833.83,BUNKERWORLD_HISTORICAL
2020-10-13,ARE_FUJ,VLSFO,623.06,BUNKERWORLD_HISTORICAL
2020-10-13,ARE_FUJ,MGO,805.35,BUNKERWORLD_HISTORICAL
2020-10-14,SGP_SIN,VLSFO,614.7,BUNKERWORLD_HISTORICAL
2020-10-14,SGP_SIN,MGO,794.24,BUNKERWORLD_HISTORICAL
2020-10-14,LKA_CMB,VLSFO,630.07,BUNKERWORLD_HISTORICAL
2020-10-14,LKA_CMB,MGO,814.09,BUNKERWORLD_HISTORICAL
2020-10-14,ARE_FUJ,VLSFO,608.55,BUNKERWORLD_HISTORICAL
2020-10-14,ARE_FUJ,MGO,786.3,BUNKERWORLD_HISTORICAL
2020-10-15,SGP_SIN,VLSFO,618.65,BUNKERWORLD_HISTORICAL
2020-10-15,SGP_SIN,MGO,792.24,BUNKERWORLD_HISTORICAL
2020-10-15,LKA_CMB,VLSFO,634.11,BUNKERWORLD_HISTORICAL
2020-10-15,LKA_CMB,MGO,812.05,BUNKERWORLD_HISTORICAL
2020-10-15,ARE_FUJ,VLSFO,612.46,BUNKERWORLD_HISTORICAL
2020-10-15,ARE_FUJ,MGO,784.32,BUNKERWORLD_HISTORICAL
2020-10-16,SGP_SIN,VLSFO,621.51,BUNKERWORLD_HISTORICAL
2020-10-16,SGP_SIN,MGO,794.73,BUNKERWORLD_HISTORICAL
2020-10-16,LKA_CMB,VLSFO,637.05,BUNKERWORLD_HISTORICAL
2020-10-16,LKA_CMB,MGO,814.6,BUNKERWORLD_HISTORICAL
2020-10-16,ARE_FUJ,VLSFO,615.3,BUNKERWORLD_HISTORICAL
2020-10-16,ARE_FUJ,MGO,786.78,BUNKERWORLD_HISTORICAL
2020-10-17,SGP_SIN,VLSFO,619.54,BUNKERWORLD_HISTORICAL
2020-10-17,SGP_SIN,MGO,784.51,BUNKERWORLD_HISTORICAL
2020-10-17,LKA_CMB,VLSFO,635.02,BUNKERWORLD_HISTORICAL
2020-10-17,LKA_CMB,MGO,804.13,BUNKERWORLD_HISTORICAL
2020-10-17,ARE_FUJ,VLSFO,613.34,BUNKERWORLD_HISTORICAL
2020-10-17,ARE_FUJ,MGO,776.67,BUNKERWORLD_HISTORICAL
2020-10-18,SGP_SIN,VLSFO,619.3,BUNKERWORLD_HISTORICAL
2020-10-18,SGP_SIN,MGO,809.13,BUNKERWORLD_HISTORICAL
2020-10-18,LKA_CMB,VLSFO,634.78,BUNKERWORLD_HISTORICAL
2020-10-18,LKA_CMB,MGO,829.36,BUNKERWORLD_HISTORICAL
2020-10-18,ARE_FUJ,VLSFO,613.11,BUNKERWORLD_HISTORICAL
2020-10-18,ARE_FUJ,MGO,801.04,BUNKERWORLD_HISTORICAL
2020-10-19,SGP_SIN,VLSFO,623.84,BUNKERWORLD_HISTORICAL
2020-10-19,SGP_SIN,MGO,799.26,BUNKERWORLD_HISTORICAL
2020-10-19,LKA_CMB,VLSFO,639.43,BUNKERWORLD_HISTORICAL
2020-10-19,LKA_CMB,MGO,819.24,BUNKERWORLD_HISTORICAL
2020-10-19,ARE_FUJ,VLSFO,617.6,BUNKERWORLD_HISTORICAL
2020-10-19,ARE_FUJ,MGO,791.27,BUNKERWORLD_HISTORICAL
2020-10-20,SGP_SIN,VLSFO,612.5,BUNKERWORLD_HISTORICAL
2020-10-20,SGP_SIN,MGO,778.92,BUNKERWORLD_HISTORICAL
2020-10-20,LKA_CMB,VLSFO,627.81,BUNKERWORLD_HISTORICAL
2020-10-20,LKA_CMB,MGO,798.39,BUNKERWORLD_HISTORICAL
2020-10-20,ARE_FUJ,VLSFO,606.37,BUNKERWORLD_HISTORICAL
2020-10-20,ARE_FUJ,MGO,771.13,BUNKERWORLD_HISTORICAL
2020-10-21,SGP_SIN,VLSFO,618.18,BUNKERWORLD_HISTORICAL
2020-10-21,SGP_SIN,MGO,790.65,BUNKERWORLD_HISTORICAL
2020-10-21,LKA_CMB,VLSFO,633.64,BUNKERWORLD_HISTORICAL
2020-10-21,LKA_CMB,MGO,810.41,BUNKERWORLD_HISTORICAL
2020-10-21,ARE_FUJ,VLSFO,612.0,BUNKERWORLD_HISTORICAL
2020-10-21,ARE_FUJ,MGO,782.74,BUNKERWORLD_HISTORICAL
2020-10-22,SGP_SIN,VLSFO,604.76,BUNKERWORLD_HISTORICAL
2020-10-22,SGP_SIN,MGO,764.21,BUNKERWORLD_HISTORICAL
2020-10-22,LKA_CMB,VLSFO,619.88,BUNKERWORLD_HISTORICAL
2020-10-22,LKA_CMB,MGO,783.32,BUNKERWORLD_HISTORICAL
2020-10-22,ARE_FUJ,VLSFO,598.71,BUNKERWORLD_HISTORICAL
2020-10-22,ARE_FUJ,MGO,756.57,BUNKERWORLD_HISTORICAL
2020-10-23,SGP_SIN,VLSFO,626.68,BUNKERWORLD_HISTORICAL
2020-10-23,SGP_SIN,MGO,804.62,BUNKERWORLD_HISTORICAL
2020-10-23,LKA_CMB,VLSFO,642.35,BUNKERWORLD_HISTORICAL
2020-10-23,LKA_CMB,MGO,824.74,BUNKERWORLD_HISTORICAL
2020-10-23,ARE_FUJ,VLSFO,620.41,BUNKERWORLD_HISTORICAL
2020-10-23,ARE_FUJ,MGO,796.58,BUNKERWORLD_HISTORICAL
2020-10-24,SGP_SIN,VLSFO,604.76,BUNKERWORLD_HISTORICAL
2020-10-24,SGP_SIN,MGO,771.01,BUNKERWORLD_HISTORICAL
2020-10-24,LKA_CMB,VLSFO,619.88,BUNKERWORLD_HISTORICAL
2020-10-24,LKA_CMB,MGO,790.28,BUNKERWORLD_HISTORICAL
2020-10-24,ARE_FUJ,VLSFO,598.72,BUNKERWORLD_HISTORICAL
2020-10-24,ARE_FUJ,MGO,763.3,BUNKERWORLD_HISTORICAL
2020-10-25,SGP_SIN,VLSFO,622.52,BUNKERWORLD_HISTORICAL
2020-10-25,SGP_SIN,MGO,792.22,BUNKERWORLD_HISTORICAL
2020-10-25,LKA_CMB,VLSFO,638.08,BUNKERWORLD_HISTORICAL
2020-10-25,LKA_CMB,MGO,812.02,BUNKERWORLD_HISTORICAL
2020-10-25,ARE_FUJ,VLSFO,616.29,BUNKERWORLD_HISTORICAL
2020-10-25,ARE_FUJ,MGO,784.3,BUNKERWORLD_HISTORICAL
2020-10-26,SGP_SIN,VLSFO,622.05,BUNKERWORLD_HISTORICAL
2020-10-26,SGP_SIN,MGO,792.82,BUNKERWORLD_HISTORICAL
2020-10-26,LKA_CMB,VLSFO,637.6,BUNKERWORLD_HISTORICAL
2020-10-26,LKA_CMB,MGO,812.64,BUNKERWORLD_HISTORICAL
2020-10-26,ARE_FUJ,VLSFO,615.83,BUNKERWORLD_HISTORICAL
2020-10-26,ARE_FUJ,MGO,784.89,BUNKERWORLD_HISTORICAL
2020-10-27,SGP_SIN,VLSFO,594.38,BUNKERWORLD_HISTORICAL
2020-10-27,SGP_SIN,MGO,748.86,BUNKERWORLD_HISTORICAL
2020-10-27,LKA_CMB,VLSFO,609.24,BUNKERWORLD_HISTORICAL
2020-10-27,LKA_CMB,MGO,767.58,BUNKERWORLD_HISTORICAL
2020-10-27,ARE_FUJ,VLSFO,588.44,BUNKERWORLD_HISTORICAL
2020-10-27,ARE_FUJ,MGO,741.37,BUNKERWORLD_HISTORICAL
2020-10-28,SGP_SIN,VLSFO,597.53,BUNKERWORLD_HISTORICAL
2020-10-28,SGP_SIN,MGO,767.2,BUNKERWORLD_HISTORICAL
2020-10-28,LKA_CMB,VLSFO,612.47,BUNKERWORLD_HISTORICAL
2020-10-28,LKA_CMB,MGO,786.38,BUNKERWORLD_HISTORICAL
2020-10-28,ARE_FUJ,VLSFO,591.56,BUNKERWORLD_HISTORICAL
2020-10-28,ARE_FUJ,MGO,759.53,BUNKERWORLD_HISTORICAL
2020-10-29,SGP_SIN,VLSFO,606.82,BUNKERWORLD_HISTORICAL
2020-10-29,SGP_SIN,MGO,777.17,BUNKERWORLD_HISTORICAL
2020-10-29,LKA_CMB,VLSFO,621.99,BUNKERWORLD_HISTORICAL
2020-10-29,LKA_CMB,MGO,796.6,BUNKERWORLD_HISTORICAL
2020-10-29,ARE_FUJ,VLSFO,600.75,BUNKERWORLD_HISTORICAL
2020-10-29,ARE_FUJ,MGO,769.4,BUNKERWORLD_HISTORICAL
2020-10-30,SGP_SIN,VLSFO,600.99,BUNKERWORLD_HISTORICAL
2020-10-30,SGP_SIN,MGO,771.11,BUNKERWORLD_HISTORICAL
2020-10-30,LKA_CMB,VLSFO,616.02,BUNKERWORLD_HISTORICAL
2020-10-30,LKA_CMB,MGO,790.38,BUNKERWORLD_HISTORICAL
2020-10-30,ARE_FUJ,VLSFO,594.98,BUNKERWORLD_HISTORICAL
2020-10-30,ARE_FUJ,MGO,763.39,BUNKERWORLD_HISTORICAL
2020-10-31,SGP_SIN,VLSFO,603.42,BUNKERWORLD_HISTORICAL
2020-10-31,SGP_SIN,MGO,778.64,BUNKERWORLD_HISTORICAL
2020-10-31,LKA_CMB,VLSFO,618.5,BUNKERWORLD_HISTORICAL
2020-10-31,LKA_CMB,MGO,798.1,BUNKERWORLD_HISTORICAL
2020-10-31,ARE_FUJ,VLSFO,597.38,BUNKERWORLD_HISTORICAL
2020-10-31,ARE_FUJ,MGO,770.85,BUNKERWORLD_HISTORICAL
2020-11-01,SGP_SIN,VLSFO,608.32,BUNKERWORLD_HISTORICAL
2020-11-01,SGP_SIN,MGO,790.1,BUNKERWORLD_HISTORICAL
2020-11-01,LKA_CMB,VLSFO,623.53,BUNKERWORLD_HISTORICAL
2020-11-01,LKA_CMB,MGO,809.85,BUNKERWORLD_HISTORICAL
2020-11-01,ARE_FUJ,VLSFO,602.24,BUNKERWORLD_HISTORICAL
2020-11-01,ARE_FUJ,MGO,782.2,BUNKERWORLD_HISTORICAL
2020-11-02,SGP_SIN,VLSFO,605.34,BUNKERWORLD_HISTORICAL
2020-11-02,SGP_SIN,MGO,760.78,BUNKERWORLD_HISTORICAL
2020-11-02,LKA_CMB,VLSFO,620.47,BUNKERWORLD_HISTORICAL
2020-11-02,LKA_CMB,MGO,779.8,BUNKERWORLD_HISTORICAL
2020-11-02,ARE_FUJ,VLSFO,599.29,BUNKERWORLD_HISTORICAL
2020-11-02,ARE_FUJ,MGO,753.17,BUNKERWORLD_HISTORICAL
2020-11-03,SGP_SIN,VLSFO,616.87,BUNKERWORLD_HISTORICAL
2020-11-03,SGP_SIN,MGO,790.24,BUNKERWORLD_HISTORICAL
2020-11-03,LKA_CMB,VLSFO,632.29,BUNKERWORLD_HISTORICAL
2020-11-03,LKA_CMB,MGO,810.0,BUNKERWORLD_HISTORICAL
2020-11-03,ARE_FUJ,VLSFO,610.7,BUNKERWORLD_HISTORICAL
2020-11-03,ARE_FUJ,MGO,782.34,BUNKERWORLD_HISTORICAL
2020-11-04,SGP_SIN,VLSFO,618.79,BUNKERWORLD_HISTORICAL
2020-11-04,SGP_SIN,MGO,784.66,BUNKERWORLD_HISTORICAL
2020-11-04,LKA_CMB,VLSFO,634.26,BUNKERWORLD_HISTORICAL
2020-11-04,LKA_CMB,MGO,804.27,BUNKERWORLD_HISTORICAL
2020-11-04,ARE_FUJ,VLSFO,612.6,BUNKERWORLD_HISTORICAL
2020-11-04,ARE_FUJ,MGO,776.81,BUNKERWORLD_HISTORICAL
2020-11-05,SGP_SIN,VLSFO,609.51,BUNKERWORLD_HISTORICAL
2020-11-05,SGP_SIN,MGO,776.78,BUNKERWORLD_HISTORICAL
2020-11-05,LKA_CMB,VLSFO,624.75,BUNKERWORLD_HISTORICAL
2020-11-05,LKA_CMB,MGO,796.2,BUNKERWORLD_HISTORICAL
2020-11-05,ARE_FUJ,VLSFO,603.41,BUNKERWORLD_HISTORICAL
2020-11-05,ARE_FUJ,MGO,769.01,BUNKERWORLD_HISTORICAL
2020-11-06,SGP_SIN,VLSFO,621.71,BUNKERWORLD_HISTORICAL
2020-11-06,SGP_SIN,MGO,807.21,BUNKERWORLD_HISTORICAL
2020-11-06,LKA_CMB,VLSFO,637.26,BUNKERWORLD_HISTORICAL
2020-11-06,LKA_CMB,MGO,827.39,BUNKERWORLD_HISTORICAL
2020-11-06,ARE_FUJ,VLSFO,615.5,BUNKERWORLD_HISTORICAL
2020-11-06,ARE_FUJ,MGO,799.13,BUNKERWORLD_HISTORICAL
2020-11-07,SGP_SIN,VLSFO,613.28,BUNKERWORLD_HISTORICAL
2020-11-07,SGP_SIN,MGO,793.15,BUNKERWORLD_HISTORICAL
2020-11-07,LKA_CMB,VLSFO,628.61,BUNKERWORLD_HISTORICAL
2020-11-07,LKA_CMB,MGO,812.98,BUNKERWORLD_HISTORICAL
2020-11-07,ARE_FUJ,VLSFO,607.15,BUNKERWORLD_HISTORICAL
2020-11-07,ARE_FUJ,MGO,785.22,BUNKERWORLD_HISTORICAL
2020-11-08,SGP_SIN,VLSFO,608.67,BUNKERWORLD_HISTORICAL
2020-11-08,SGP_SIN,MGO,786.08,BUNKERWORLD_HISTORICAL
2020-11-08,LKA_CMB,VLSFO,623.89,BUNKERWORLD_HISTORICAL
2020-11-08,LKA_CMB,MGO,805.73,BUNKERWORLD_HISTORICAL
2020-11-08,ARE_FUJ,VLSFO,602.58,BUNKERWORLD_HISTORICAL
2020-11-08,ARE_FUJ,MGO,778.22,BUNKERWORLD_HISTORICAL
2020-11-09,SGP_SIN,VLSFO,607.99,BUNKERWORLD_HISTORICAL
2020-11-09,SGP_SIN,MGO,764.6,BUNKERWORLD_HISTORICAL
2020-11-09,LKA_CMB,VLSFO,623.19,BUNKERWORLD_HISTORICAL
2020-11-09,LKA_CMB,MGO,783.72,BUNKERWORLD_HISTORICAL
2020-11-09,ARE_FUJ,VLSFO,601.91,BUNKERWORLD_HISTORICAL
2020-11-09,ARE_FUJ,MGO,756.95,BUNKERWORLD_HISTORICAL
2020-11-10,SGP_SIN,VLSFO,603.89,BUNKERWORLD_HISTORICAL
2020-11-10,SGP_SIN,MGO,777.84,BUNKERWORLD_HISTORICAL
2020-11-10,LKA_CMB,VLSFO,618.98,BUNKERWORLD_HISTORICAL
2020-11-10,LKA_CMB,MGO,797.29,BUNKERWORLD_HISTORICAL
2020-11-10,ARE_FUJ,VLSFO,597.85,BUNKERWORLD_HISTORICAL
2020-11-10,ARE_FUJ,MGO,770.06,BUNKERWORLD_HISTORICAL
2020-11-11,SGP_SIN,VLSFO,610.36,BUNKERWORLD_HISTORICAL
2020-11-11,SGP_SIN,MGO,796.25,BUNKERWORLD_HISTORICAL
2020-11-11,LKA_CMB,VLSFO,625.62,BUNKERWORLD_HISTORICAL
2020-11-11,LKA_CMB,MGO,816.16,BUNKERWORLD_HISTORICAL
2020-11-11,ARE_FUJ,VLSFO,604.26,BUNKERWORLD_HISTORICAL
2020-11-11,ARE_FUJ,MGO,788.29,BUNKERWORLD_HISTORICAL
2020-11-12,SGP_SIN,VLSFO,625.4,BUNKERWORLD_HISTORICAL
2020-11-12,SGP_SIN,MGO,790.06,BUNKERWORLD_HISTORICAL
2020-11-12,LKA_CMB,VLSFO,641.03,BUNKERWORLD_HISTORICAL
2020-11-12,LKA_CMB,MGO,809.81,BUNKERWORLD_HISTORICAL
2020-11-12,ARE_FUJ,VLSFO,619.14,BUNKERWORLD_HISTORICAL
2020-11-12,ARE_FUJ,MGO,782.16,BUNKERWORLD_HISTORICAL
2020-11-13,SGP_SIN,VLSFO,618.78,BUNKERWORLD_HISTORICAL
2020-11-13,SGP_SIN,MGO,796.92,BUNKERWORLD_HISTORICAL
2020-11-13,LKA_CMB,VLSFO,634.24,BUNKERWORLD_HISTORICAL
2020-11-13,LKA_CMB,MGO,816.84,BUNKERWORLD_HISTORICAL
2020-11-13,ARE_FUJ,VLSFO,612.59,BUNKERWORLD_HISTORICAL
2020-11-13,ARE_FUJ,MGO,788.95,BUNKERWORLD_HISTORICAL
2020-11-14,SGP_SIN,VLSFO,625.94,BUNKERWORLD_HISTORICAL
2020-11-14,SGP_SIN,MGO,791.77,BUNKERWORLD_HISTORICAL
2020-11-14,LKA_CMB,VLSFO,641.58,BUNKERWORLD_HISTORICAL
2020-11-14,LKA_CMB,MGO,811.56,BUNKERWORLD_HISTORICAL
2020-11-14,ARE_FUJ,VLSFO,619.68,BUNKERWORLD_HISTORICAL
2020-11-14,ARE_FUJ,MGO,783.85,BUNKERWORLD_HISTORICAL
2020-11-15,SGP_SIN,VLSFO,632.06,BUNKERWORLD_HISTORICAL
2020-11-15,SGP_SIN,MGO,809.78,BUNKERWORLD_HISTORICAL
2020-11-15,LKA_CMB,VLSFO,647.86,BUNKERWORLD_HISTORICAL
2020-11-15,LKA_CMB,MGO,830.02,BUNKERWORLD_HISTORICAL
2020-11-15,ARE_FUJ,VLSFO,625.74,BUNKERWORLD_HISTORICAL
2020-11-15,ARE_FUJ,MGO,801.68,BUNKERWORLD_HISTORICAL
2020-11-16,SGP_SIN,VLSFO,633.1,BUNKERWORLD_HISTORICAL
2020-11-16,SGP_SIN,MGO,808.22,BUNKERWORLD_HISTORICAL
2020-11-16,LKA_CMB,VLSFO,648.93,BUNKERWORLD_HISTORICAL
2020-11-16,LKA_CMB,MGO,828.43,BUNKERWORLD_HISTORICAL
2020-11-16,ARE_FUJ,VLSFO,626.77,BUNKERWORLD_HISTORICAL
2020-11-16,ARE_FUJ,MGO,800.14,BUNKERWORLD_HISTORICAL
2020-11-17,SGP_SIN,VLSFO,622.4,BUNKERWORLD_HISTORICAL
2020-11-17,SGP_SIN,MGO,788.15,BUNKERWORLD_HISTORICAL
2020-11-17,LKA_CMB,VLSFO,637.96,BUNKERWORLD_HISTORICAL
2020-11-17,LKA_CMB,MGO,807.85,BUNKERWORLD_HISTORICAL
2020-11-17,ARE_FUJ,VLSFO,616.17,BUNKERWORLD_HISTORICAL
2020-11-17,ARE_FUJ,MGO,780.27,BUNKERWORLD_HISTORICAL
2020-11-18,SGP_SIN,VLSFO,625.56,BUNKERWORLD_HISTORICAL
2020-11-18,SGP_SIN,MGO,802.84,BUNKERWORLD_HISTORICAL
2020-11-18,LKA_CMB,VLSFO,641.2,BUNKERWORLD_HISTORICAL
2020-11-18,LKA_CMB,MGO,822.91,BUNKERWORLD_HISTORICAL
2020-11-18,ARE_FUJ,VLSFO,619.31,BUNKERWORLD_HISTORICAL
2020-11-18,ARE_FUJ,MGO,794.81,BUNKERWORLD_HISTORICAL
2020-11-19,SGP_SIN,VLSFO,624.04,BUNKERWORLD_HISTORICAL
2020-11-19,SGP_SIN,MGO,820.77,BUNKERWORLD_HISTORICAL
2020-11-19,LKA_CMB,VLSFO,639.64,BUNKERWORLD_HISTORICAL
2020-11-19,LKA_CMB,MGO,841.29,BUNKERWORLD_HISTORICAL
2020-11-19,ARE_FUJ,VLSFO,617.8,BUNKERWORLD_HISTORICAL
2020-11-19,ARE_FUJ,MGO,812.56,BUNKERWORLD_HISTORICAL
2020-11-20,SGP_SIN,VLSFO,623.26,BUNKERWORLD_HISTORICAL
2020-11-20,SGP_SIN,MGO,785.07,BUNKERWORLD_HISTORICAL
2020-11-20,LKA_CMB,VLSFO,638.84,BUNKERWORLD_HISTORICAL
2020-11-20,LKA_CMB,MGO,804.7,BUNKERWORLD_HISTORICAL
2020-11-20,ARE_FUJ,VLSFO,617.03,BUNKERWORLD_HISTORICAL
2020-11-20,ARE_FUJ,MGO,777.22,BUNKERWORLD_HISTORICAL
2020-11-21,SGP_SIN,VLSFO,638.82,BUNKERWORLD_HISTORICAL
2020-11-21,SGP_SIN,MGO,804.84,BUNKERWORLD_HISTORICAL
2020-11-21,LKA_CMB,VLSFO,654.79,BUNKERWORLD_HISTORICAL
2020-11-21,LKA_CMB,MGO,824.96,BUNKERWORLD_HISTORICAL
2020-11-21,ARE_FUJ,VLSFO,632.43,BUNKERWORLD_HISTORICAL
2020-11-21,ARE_FUJ,MGO,796.79,BUNKERWORLD_HISTORICAL
2020-11-22,SGP_SIN,VLSFO,630.46,BUNKERWORLD_HISTORICAL
2020-11-22,SGP_SIN,MGO,825.18,BUNKERWORLD_HISTORICAL
2020-11-22,LKA_CMB,VLSFO,646.22,BUNKERWORLD_HISTORICAL
2020-11-22,LKA_CMB,MGO,845.81,BUNKERWORLD_HISTORICAL
2020-11-22,ARE_FUJ,VLSFO,624.16,BUNKERWORLD_HISTORICAL
2020-11-22,ARE_FUJ,MGO,816.93,BUNKERWORLD_HISTORICAL
2020-11-23,SGP_SIN,VLSFO,631.31,BUNKERWORLD_HISTORICAL
2020-11-23,SGP_SIN,MGO,809.67,BUNKERWORLD_HISTORICAL
2020-11-23,LKA_CMB,VLSFO,647.1,BUNKERWORLD_HISTORICAL
2020-11-23,LKA_CMB,MGO,829.92,BUNKERWORLD_HISTORICAL
2020-11-23,ARE_FUJ,VLSFO,625.0,BUNKERWORLD_HISTORICAL
2020-11-23,ARE_FUJ,MGO,801.58,BUNKERWORLD_HISTORICAL
2020-11-24,SGP_SIN,VLSFO,637.73,BUNKERWORLD_HISTORICAL
2020-11-24,SGP_SIN,MGO,824.05,BUNKERWORLD_HISTORICAL
2020-11-24,LKA_CMB,VLSFO,653.67,BUNKERWORLD_HISTORICAL
2020-11-24,LKA_CMB,MGO,844.65,BUNKERWORLD_HISTORICAL
2020-11-24,ARE_FUJ,VLSFO,631.35,BUNKERWORLD_HISTORICAL
2020-11-24,ARE_FUJ,MGO,815.81,BUNKERWORLD_HISTORICAL
2020-11-25,SGP_SIN,VLSFO,627.51,BUNKERWORLD_HISTORICAL
2020-11-25,SGP_SIN,MGO,806.99,BUNKERWORLD_HISTORICAL
2020-11-25,LKA_CMB,VLSFO,643.2,BUNKERWORLD_HISTORICAL
2020-11-25,LKA_CMB,MGO,827.17,BUNKERWORLD_HISTORICAL
2020-11-25,ARE_FUJ,VLSFO,621.23,BUNKERWORLD_HISTORICAL
2020-11-25,ARE_FUJ,MGO,798.92,BUNKERWORLD_HISTORICAL
2020-11-26,SGP_SIN,VLSFO,632.68,BUNKERWORLD_HISTORICAL
2020-11-26,SGP_SIN,MGO,791.54,BUNKERWORLD_HISTORICAL
2020-11-26,LKA_CMB,VLSFO,648.5,BUNKERWORLD_HISTORICAL
2020-11-26,LKA_CMB,MGO,811.32,BUNKERWORLD_HISTORICAL
2020-11-26,ARE_FUJ,VLSFO,626.35,BUNKERWORLD_HISTORICAL
2020-11-26,ARE_FUJ,MGO,783.62,BUNKERWORLD_HISTORICAL
2020-11-27,SGP_SIN,VLSFO,633.87,BUNKERWORLD_HISTORICAL
2020-11-27,SGP_SIN,MGO,811.59,BUNKERWORLD_HISTORICAL
2020-11-27,LKA_CMB,VLSFO,649.72,BUNKERWORLD_HISTORICAL
2020-11-27,LKA_CMB,MGO,831.88,BUNKERWORLD_HISTORICAL
2020-11-27,ARE_FUJ,VLSFO,627.54,BUNKERWORLD_HISTORICAL
2020-11-27,ARE_FUJ,MGO,803.48,BUNKERWORLD_HISTORICAL
2020-11-28,SGP_SIN,VLSFO,627.89,BUNKERWORLD_HISTORICAL
2020-11-28,SGP_SIN,MGO,793.22,BUNKERWORLD_HISTORICAL
2020-11-28,LKA_CMB,VLSFO,643.59,BUNKERWORLD_HISTORICAL
2020-11-28,LKA_CMB,MGO,813.05,BUNKERWORLD_HISTORICAL
2020-11-28,ARE_FUJ,VLSFO,621.61,BUNKERWORLD_HISTORICAL
2020-11-28,ARE_FUJ,MGO,785.29,BUNKERWORLD_HISTORICAL
2020-11-29,SGP_SIN,VLSFO,627.69,BUNKERWORLD_HISTORICAL
2020-11-29,SGP_SIN,MGO,808.84,BUNKERWORLD_HISTORICAL
2020-11-29,LKA_CMB,VLSFO,643.38,BUNKERWORLD_HISTORICAL
2020-11-29,LKA_CMB,MGO,829.06,BUNKERWORLD_HISTORICAL
2020-11-29,ARE_FUJ,VLSFO,621.41,BUNKERWORLD_HISTORICAL
2020-11-29,ARE_FUJ,MGO,800.75,BUNKERWORLD_HISTORICAL
2020-11-30,SGP_SIN,VLSFO,630.23,BUNKERWORLD_HISTORICAL
2020-11-30,SGP_SIN,MGO,806.45,BUNKERWORLD_HISTORICAL
2020-11-30,LKA_CMB,VLSFO,645.98,BUNKERWORLD_HISTORICAL
2020-11-30,LKA_CMB,MGO,826.61,BUNKERWORLD_HISTORICAL
2020-11-30,ARE_FUJ,VLSFO,623.93,BUNKERWORLD_HISTORICAL
2020-11-30,ARE_FUJ,MGO,798.39,BUNKERWORLD_HISTORICAL
2020-12-01,SGP_SIN,VLSFO,631.47,BUNKERWORLD_HISTORICAL
2020-12-01,SGP_SIN,MGO,814.61,BUNKERWORLD_HISTORICAL
2020-12-01,LKA_CMB,VLSFO,647.26,BUNKERWORLD_HISTORICAL
2020-12-01,LKA_CMB,MGO,834.97,BUNKERWORLD_HISTORICAL
2020-12-01,ARE_FUJ,VLSFO,625.16,BUNKERWORLD_HISTORICAL
2020-12-01,ARE_FUJ,MGO,806.46,BUNKERWORLD_HISTORICAL
2020-12-02,SGP_SIN,VLSFO,640.6,BUNKERWORLD_HISTORICAL
2020-12-02,SGP_SIN,MGO,825.15,BUNKERWORLD_HISTORICAL
2020-12-02,LKA_CMB,VLSFO,656.62,BUNKERWORLD_HISTORICAL
2020-12-02,LKA_CMB,MGO,845.78,BUNKERWORLD_HISTORICAL
2020-12-02,ARE_FUJ,VLSFO,634.19,BUNKERWORLD_HISTORICAL
2020-12-02,ARE_FUJ,MGO,816.9,BUNKERWORLD_HISTORICAL
2020-12-03,SGP_SIN,VLSFO,629.09,BUNKERWORLD_HISTORICAL
2020-12-03,SGP_SIN,MGO,815.81,BUNKERWORLD_HISTORICAL
2020-12-03,LKA_CMB,VLSFO,644.81,BUNKERWORLD_HISTORICAL
2020-12-03,LKA_CMB,MGO,836.21,BUNKERWORLD_HISTORICAL
2020-12-03,ARE_FUJ,VLSFO,622.8,BUNKERWORLD_HISTORICAL
2020-12-03,ARE_FUJ,MGO,807.66,BUNKERWORLD_HISTORICAL
2020-12-04,SGP_SIN,VLSFO,627.87,BUNKERWORLD_HISTORICAL
2020-12-04,SGP_SIN,MGO,801.46,BUNKERWORLD_HISTORICAL
2020-12-04,LKA_CMB,VLSFO,643.56,BUNKERWORLD_HISTORICAL
2020-12-04,LKA_CMB,MGO,821.49,BUNKERWORLD_HISTORICAL
2020-12-04,ARE_FUJ,VLSFO,621.59,BUNKERWORLD_HISTORICAL
2020-12-04,ARE_FUJ,MGO,793.44,BUNKERWORLD_HISTORICAL
2020-12-05,SGP_SIN,VLSFO,628.2,BUNKERWORLD_HISTORICAL
2020-12-05,SGP_SIN,MGO,802.47,BUNKERWORLD_HISTORICAL
2020-12-05,LKA_CMB,VLSFO,643.91,BUNKERWORLD_HISTORICAL
2020-12-05,LKA_CMB,MGO,822.53,BUNKERWORLD_HISTORICAL
2020-12-05,ARE_FUJ,VLSFO,621.92,BUNKERWORLD_HISTORICAL
2020-12-05,ARE_FUJ,MGO,794.44,BUNKERWORLD_HISTORICAL
2020-12-06,SGP_SIN,VLSFO,614.71,BUNKERWORLD_HISTORICAL
2020-12-06,SGP_SIN,MGO,788.71,BUNKERWORLD_HISTORICAL
2020-12-06,LKA_CMB,VLSFO,630.08,BUNKERWORLD_HISTORICAL
2020-12-06,LKA_CMB,MGO,808.43,BUNKERWORLD_HISTORICAL
2020-12-06,ARE_FUJ,VLSFO,608.56,BUNKERWORLD_HISTORICAL
2020-12-06,ARE_FUJ,MGO,780.82,BUNKERWORLD_HISTORICAL
2020-12-07,SGP_SIN,VLSFO,634.68,BUNKERWORLD_HISTORICAL
2020-12-07,SGP_SIN,MGO,808.85,BUNKERWORLD_HISTORICAL
2020-12-07,LKA_CMB,VLSFO,650.55,BUNKERWORLD_HISTORICAL
2020-12-07,LKA_CMB,MGO,829.08,BUNKERWORLD_HISTORICAL
2020-12-07,ARE_FUJ,VLSFO,628.34,BUNKERWORLD_HISTORICAL
2020-12-07,ARE_FUJ,MGO,800.77,BUNKERWORLD_HISTORICAL
2020-12-08,SGP_SIN,VLSFO,620.15,BUNKERWORLD_HISTORICAL
2020-12-08,SGP_SIN,MGO,789.71,BUNKERWORLD_HISTORICAL
2020-12-08,LKA_CMB,VLSFO,635.65,BUNKERWORLD_HISTORICAL
2020-12-08,LKA_CMB,MGO,809.45,BUNKERWORLD_HISTORICAL
2020-12-08,ARE_FUJ,VLSFO,613.95,BUNKERWORLD_HISTORICAL
2020-12-08,ARE_FUJ,MGO,781.81,BUNKERWORLD_HISTORICAL
2020-12-09,SGP_SIN,VLSFO,619.18,BUNKERWORLD_HISTORICAL
2020-12-09,SGP_SIN,MGO,797.42,BUNKERWORLD_HISTORICAL
2020-12-09,LKA_CMB,VLSFO,634.66,BUNKERWORLD_HISTORICAL
2020-12-09,LKA_CMB,MGO,817.35,BUNKERWORLD_HISTORICAL
2020-12-09,ARE_FUJ,VLSFO,612.99,BUNKERWORLD_HISTORICAL
2020-12-09,ARE_FUJ,MGO,789.44,BUNKERWORLD_HISTORICAL
2020-12-10,SGP_SIN,VLSFO,628.68,BUNKERWORLD_HISTORICAL
2020-12-10,SGP_SIN,MGO,806.5,BUNKERWORLD_HISTORICAL
2020-12-10,LKA_CMB,VLSFO,644.4,BUNKERWORLD_HISTORICAL
2020-12-10,LKA_CMB,MGO,826.66,BUNKERWORLD_HISTORICAL
2020-12-10,ARE_FUJ,VLSFO,622.4,BUNKERWORLD_HISTORICAL
2020-12-10,ARE_FUJ,MGO,798.43,BUNKERWORLD_HISTORICAL
2020-12-11,SGP_SIN,VLSFO,619.73,BUNKERWORLD_HISTORICAL
2020-12-11,SGP_SIN,MGO,787.0,BUNKERWORLD_HISTORICAL
2020-12-11,LKA_CMB,VLSFO,635.22,BUNKERWORLD_HISTORICAL
2020-12-11,LKA_CMB,MGO,806.68,BUNKERWORLD_HISTORICAL
2020-12-11,ARE_FUJ,VLSFO,613.53,BUNKERWORLD_HISTORICAL
2020-12-11,ARE_FUJ,MGO,779.13,BUNKERWORLD_HISTORICAL
2020-12-12,SGP_SIN,VLSFO,621.89,BUNKERWORLD_HISTORICAL
2020-12-12,SGP_SIN,MGO,801.17,BUNKERWORLD_HISTORICAL
2020-12-12,LKA_CMB,VLSFO,637.43,BUNKERWORLD_HISTORICAL
2020-12-12,LKA_CMB,MGO,821.2,BUNKERWORLD_HISTORICAL
2020-12-12,ARE_FUJ,VLSFO,615.67,BUNKERWORLD_HISTORICAL
2020-12-12,ARE_FUJ,MGO,793.16,BUNKERWORLD_HISTORICAL
2020-12-13,SGP_SIN,VLSFO,617.84,BUNKERWORLD_HISTORICAL
2020-12-13,SGP_SIN,MGO,788.15,BUNKERWORLD_HISTORICAL
2020-12-13,LKA_CMB,VLSFO,633.28,BUNKERWORLD_HISTORICAL
2020-12-13,LKA_CMB,MGO,807.85,BUNKERWORLD_HISTORICAL
2020-12-13,ARE_FUJ,VLSFO,611.66,BUNKERWORLD_HISTORICAL
2020-12-13,ARE_FUJ,MGO,780.27,BUNKERWORLD_HISTORICAL
2020-12-14,SGP_SIN,VLSFO,620.44,BUNKERWORLD_HISTORICAL
2020-12-14,SGP_SIN,MGO,798.63,BUNKERWORLD_HISTORICAL
2020-12-14,LKA_CMB,VLSFO,635.95,BUNKERWORLD_HISTORICAL
2020-12-14,LKA_CMB,MGO,818.6,BUNKERWORLD_HISTORICAL
2020-12-14,ARE_FUJ,VLSFO,614.23,BUNKERWORLD_HISTORICAL
2020-12-14,ARE_FUJ,MGO,790.65,BUNKERWORLD_HISTORICAL
2020-12-15,SGP_SIN,VLSFO,621.9,BUNKERWORLD_HISTORICAL
2020-12-15,SGP_SIN,MGO,786.17,BUNKERWORLD_HISTORICAL
2020-12-15,LKA_CMB,VLSFO,637.44,BUNKERWORLD_HISTORICAL
2020-12-15,LKA_CMB,MGO,805.83,BUNKERWORLD_HISTORICAL
2020-12-15,ARE_FUJ,VLSFO,615.68,BUNKERWORLD_HISTORICAL
2020-12-15,ARE_FUJ,MGO,778.31,BUNKERWORLD_HISTORICAL
2020-12-16,SGP_SIN,VLSFO,624.27,BUNKERWORLD_HISTORICAL
2020-12-16,SGP_SIN,MGO,804.06,BUNKERWORLD_HISTORICAL
2020-12-16,LKA_CMB,VLSFO,639.87,BUNKERWORLD_HISTORICAL
2020-12-16,LKA_CMB,MGO,824.16,BUNKERWORLD_HISTORICAL
2020-12-16,ARE_FUJ,VLSFO,618.02,BUNKERWORLD_HISTORICAL
2020-12-16,ARE_FUJ,MGO,796.02,BUNKERWORLD_HISTORICAL
2020-12-17,SGP_SIN,VLSFO,610.37,BUNKERWORLD_HISTORICAL
2020-12-17,SGP_SIN,MGO,760.29,BUNKERWORLD_HISTORICAL
2020-12-17,LKA_CMB,VLSFO,625.63,BUNKERWORLD_HISTORICAL
2020-12-17,LKA_CMB,MGO,779.3,BUNKERWORLD_HISTORICAL
2020-12-17,ARE_FUJ,VLSFO,604.27,BUNKERWORLD_HISTORICAL
2020-12-17,ARE_FUJ,MGO,752.69,BUNKERWORLD_HISTORICAL
2020-12-18,SGP_SIN,VLSFO,611.82,BUNKERWORLD_HISTORICAL
2020-12-18,SGP_SIN,MGO,780.79,BUNKERWORLD_HISTORICAL
2020-12-18,LKA_CMB,VLSFO,627.11,BUNKERWORLD_HISTORICAL
2020-12-18,LKA_CMB,MGO,800.31,BUNKERWORLD_HISTORICAL
2020-12-18,ARE_FUJ,VLSFO,605.7,BUNKERWORLD_HISTORICAL
2020-12-18,ARE_FUJ,MGO,772.98,BUNKERWORLD_HISTORICAL
2020-12-19,SGP_SIN,VLSFO,596.11,BUNKERWORLD_HISTORICAL
2020-12-19,SGP_SIN,MGO,772.87,BUNKERWORLD_HISTORICAL
2020-12-19,LKA_CMB,VLSFO,611.02,BUNKERWORLD_HISTORICAL
2020-12-19,LKA_CMB,MGO,792.19,BUNKERWORLD_HISTORICAL
2020-12-19,ARE_FUJ,VLSFO,590.15,BUNKERWORLD_HISTORICAL
2020-12-19,ARE_FUJ,MGO,765.14,BUNKERWORLD_HISTORICAL
2020-12-20,SGP_SIN,VLSFO,601.8,BUNKERWORLD_HISTORICAL
2020-12-20,SGP_SIN,MGO,758.43,BUNKERWORLD_HISTORICAL
2020-12-20,LKA_CMB,VLSFO,616.85,BUNKERWORLD_HISTORICAL
2020-12-20,LKA_CMB,MGO,777.39,BUNKERWORLD_HISTORICAL
2020-12-20,ARE_FUJ,VLSFO,595.78,BUNKERWORLD_HISTORICAL
2020-12-20,ARE_FUJ,MGO,750.84,BUNKERWORLD_HISTORICAL
2020-12-21,SGP_SIN,VLSFO,616.5,BUNKERWORLD_HISTORICAL
2020-12-21,SGP_SIN,MGO,791.36,BUNKERWORLD_HISTORICAL
2020-12-21,LKA_CMB,VLSFO,631.92,BUNKERWORLD_HISTORICAL
2020-12-21,LKA_CMB,MGO,811.14,BUNKERWORLD_HISTORICAL
2020-12-21,ARE_FUJ,VLSFO,610.34,BUNKERWORLD_HISTORICAL
2020-12-21,ARE_FUJ,MGO,783.45,BUNKERWORLD_HISTORICAL
2020-12-22,SGP_SIN,VLSFO,602.38,BUNKERWORLD_HISTORICAL
2020-12-22,SGP_SIN,MGO,762.33,BUNKERWORLD_HISTORICAL
2020-12-22,LKA_CMB,VLSFO,617.44,BUNKERWORLD_HISTORICAL
2020-12-22,LKA_CMB,MGO,781.39,BUNKERWORLD_HISTORICAL
2020-12-22,ARE_FUJ,VLSFO,596.36,BUNKERWORLD_HISTORICAL
2020-12-22,ARE_FUJ,MGO,754.71,BUNKERWORLD_HISTORICAL
2020-12-23,SGP_SIN,VLSFO,603.36,BUNKERWORLD_HISTORICAL
2020-12-23,SGP_SIN,MGO,768.99,BUNKERWORLD_HISTORICAL
2020-12-23,LKA_CMB,VLSFO,618.45,BUNKERWORLD_HISTORICAL
2020-12-23,LKA_CMB,MGO,788.22,BUNKERWORLD_HISTORICAL
2020-12-23,ARE_FUJ,VLSFO,597.33,BUNKERWORLD_HISTORICAL
2020-12-23,ARE_FUJ,MGO,761.3,BUNKERWORLD_HISTORICAL
2020-12-24,SGP_SIN,VLSFO,603.68,BUNKERWORLD_HISTORICAL
2020-12-24,SGP_SIN,MGO,784.1,BUNKERWORLD_HISTORICAL
2020-12-24,LKA_CMB,VLSFO,618.77,BUNKERWORLD_HISTORICAL
2020-12-24,LKA_CMB,MGO,803.7,BUNKERWORLD_HISTORICAL
2020-12-24,ARE_FUJ,VLSFO,597.64,BUNKERWORLD_HISTORICAL
2020-12-24,ARE_FUJ,MGO,776.26,BUNKERWORLD_HISTORICAL
2020-12-25,SGP_SIN,VLSFO,614.1,BUNKERWORLD_HISTORICAL
2020-12-25,SGP_SIN,MGO,781.76,BUNKERWORLD_HISTORICAL
2020-12-25,LKA_CMB,VLSFO,629.45,BUNKERWORLD_HISTORICAL
2020-12-25,LKA_CMB,MGO,801.3,BUNKERWORLD_HISTORICAL
2020-12-25,ARE_FUJ,VLSFO,607.96,BUNKERWORLD_HISTORICAL
2020-12-25,ARE_FUJ,MGO,773.94,BUNKERWORLD_HISTORICAL
2020-12-26,SGP_SIN,VLSFO,613.36,BUNKERWORLD_HISTORICAL
2020-12-26,SGP_SIN,MGO,771.67,BUNKERWORLD_HISTORICAL
2020-12-26,LKA_CMB,VLSFO,628.69,BUNKERWORLD_HISTORICAL
2020-12-26,LKA_CMB,MGO,790.96,BUNKERWORLD_HISTORICAL
2020-12-26,ARE_FUJ,VLSFO,607.22,BUNKERWORLD_HISTORICAL
2020-12-26,ARE_FUJ,MGO,763.95,BUNKERWORLD_HISTORICAL
2020-12-27,SGP_SIN,VLSFO,588.55,BUNKERWORLD_HISTORICAL
2020-12-27,SGP_SIN,MGO,753.4,BUNKERWORLD_HISTORICAL
2020-12-27,LKA_CMB,VLSFO,603.27,BUNKERWORLD_HISTORICAL
2020-12-27,LKA_CMB,MGO,772.23,BUNKERWORLD_HISTORICAL
2020-12-27,ARE_FUJ,VLSFO,582.67,BUNKERWORLD_HISTORICAL
2020-12-27,ARE_FUJ,MGO,745.86,BUNKERWORLD_HISTORICAL
2020-12-28,SGP_SIN,VLSFO,614.34,BUNKERWORLD_HISTORICAL
2020-12-28,SGP_SIN,MGO,790.74,BUNKERWORLD_HISTORICAL
2020-12-28,LKA_CMB,VLSFO,629.7,BUNKERWORLD_HISTORICAL
2020-12-28,LKA_CMB,MGO,810.51,BUNKERWORLD_HISTORICAL
2020-12-28,ARE_FUJ,VLSFO,608.2,BUNKERWORLD_HISTORICAL
2020-12-28,ARE_FUJ,MGO,782.83,BUNKERWORLD_HISTORICAL
2020-12-29,SGP_SIN,VLSFO,609.6,BUNKERWORLD_HISTORICAL
2020-12-29,SGP_SIN,MGO,776.4,BUNKERWORLD_HISTORICAL
2020-12-29,LKA_CMB,VLSFO,624.84,BUNKERWORLD_HISTORICAL
2020-12-29,LKA_CMB,MGO,795.81,BUNKERWORLD_HISTORICAL
2020-12-29,ARE_FUJ,VLSFO,603.5,BUNKERWORLD_HISTORICAL
2020-12-29,ARE_FUJ,MGO,768.64,BUNKERWORLD_HISTORICAL
2020-12-30,SGP_SIN,VLSFO,617.42,BUNKERWORLD_HISTORICAL
2020-12-30,SGP_SIN,MGO,787.54,BUNKERWORLD_HISTORICAL
2020-12-30,LKA_CMB,VLSFO,632.85,BUNKERWORLD_HISTORICAL
2020-12-30,LKA_CMB,MGO,807.23,BUNKERWORLD_HISTORICAL
2020-12-30,ARE_FUJ,VLSFO,611.24,BUNKERWORLD_HISTORICAL
2020-12-30,ARE_FUJ,MGO,779.67,BUNKERWORLD_HISTORICAL
2020-12-31,SGP_SIN,VLSFO,609.11,BUNKERWORLD_HISTORICAL
2020-12-31,SGP_SIN,MGO,793.94,BUNKERWORLD_HISTORICAL
2020-12-31,LKA_CMB,VLSFO,624.34,BUNKERWORLD_HISTORICAL
2020-12-31,LKA_CMB,MGO,813.79,BUNKERWORLD_HISTORICAL
2020-12-31,ARE_FUJ,VLSFO,603.02,BUNKERWORLD_HISTORICAL
2020-12-31,ARE_FUJ,MGO,786.0,BUNKERWORLD_HISTORICAL
2021-01-01,SGP_SIN,VLSFO,619.01,BUNKERWORLD_HISTORICAL
2021-01-01,SGP_SIN,MGO,779.52,BUNKERWORLD_HISTORICAL
2021-01-01,LKA_CMB,VLSFO,634.48,BUNKERWORLD_HISTORICAL
2021-01-01,LKA_CMB,MGO,799.01,BUNKERWORLD_HISTORICAL
2021-01-01,ARE_FUJ,VLSFO,612.82,BUNKERWORLD_HISTORICAL
2021-01-01,ARE_FUJ,MGO,771.72,BUNKERWORLD_HISTORICAL
2021-01-02,SGP_SIN,VLSFO,629.59,BUNKERWORLD_HISTORICAL
2021-01-02,SGP_SIN,MGO,804.29,BUNKERWORLD_HISTORICAL
2021-01-02,LKA_CMB,VLSFO,645.33,BUNKERWORLD_HISTORICAL
2021-01-02,LKA_CMB,MGO,824.4,BUNKERWORLD_HISTORICAL
2021-01-02,ARE_FUJ,VLSFO,623.3,BUNKERWORLD_HISTORICAL
2021-01-02,ARE_FUJ,MGO,796.25,BUNKERWORLD_HISTORICAL
2021-01-03,SGP_SIN,VLSFO,634.27,BUNKERWORLD_HISTORICAL
2021-01-03,SGP_SIN,MGO,815.46,BUNKERWORLD_HISTORICAL
2021-01-03,LKA_CMB,VLSFO,650.13,BUNKERWORLD_HISTORICAL
2021-01-03,LKA_CMB,MGO,835.84,BUNKERWORLD_HISTORICAL
2021-01-03,ARE_FUJ,VLSFO,627.93,BUNKERWORLD_HISTORICAL
2021-01-03,ARE_FUJ,MGO,807.3,BUNKERWORLD_HISTORICAL
2021-01-04,SGP_SIN,VLSFO,636.33,BUNKERWORLD_HISTORICAL
2021-01-04,SGP_SIN,MGO,809.61,BUNKERWORLD_HISTORICAL
2021-01-04,LKA_CMB,VLSFO,652.24,BUNKERWORLD_HISTORICAL
2021-01-04,LKA_CMB,MGO,829.85,BUNKERWORLD_HISTORICAL
2021-01-04,ARE_FUJ,VLSFO,629.97,BUNKERWORLD_HISTORICAL
2021-01-04,ARE_FUJ,MGO,801.51,BUNKERWORLD_HISTORICAL
2021-01-05,SGP_SIN,VLSFO,640.89,BUNKERWORLD_HISTORICAL
2021-01-05,SGP_SIN,MGO,828.15,BUNKERWORLD_HISTORICAL
2021-01-05,LKA_CMB,VLSFO,656.91,BUNKERWORLD_HISTORICAL
2021-01-05,LKA_CMB,MGO,848.85,BUNKERWORLD_HISTORICAL
2021-01-05,ARE_FUJ,VLSFO,634.48,BUNKERWORLD_HISTORICAL
2021-01-05,ARE_FUJ,MGO,819.87,BUNKERWORLD_HISTORICAL
2021-01-06,SGP_SIN,VLSFO,626.5,BUNKERWORLD_HISTORICAL
2021-01-06,SGP_SIN,MGO,805.18,BUNKERWORLD_HISTORICAL
2021-01-06,LKA_CMB,VLSFO,642.16,BUNKERWORLD_HISTORICAL
2021-01-06,LKA_CMB,MGO,825.31,BUNKERWORLD_HISTORICAL
2021-01-06,ARE_FUJ,VLSFO,620.23,BUNKERWORLD_HISTORICAL
2021-01-06,ARE_FUJ,MGO,797.13,BUNKERWORLD_HISTORICAL
2021-01-07,SGP_SIN,VLSFO,620.49,BUNKERWORLD_HISTORICAL
2021-01-07,SGP_SIN,MGO,793.68,BUNKERWORLD_HISTORICAL
2021-01-07,LKA_CMB,VLSFO,636.0,BUNKERWORLD_HISTORICAL
2021-01-07,LKA_CMB,MGO,813.52,BUNKERWORLD_HISTORICAL
2021-01-07,ARE_FUJ,VLSFO,614.28,BUNKERWORLD_HISTORICAL
2021-01-07,ARE_FUJ,MGO,785.74,BUNKERWORLD_HISTORICAL
2021-01-08,SGP_SIN,VLSFO,613.74,BUNKERWORLD_HISTORICAL
2021-01-08,SGP_SIN,MGO,788.09,BUNKERWORLD_HISTORICAL
2021-01-08,LKA_CMB,VLSFO,629.09,BUNKERWORLD_HISTORICAL
2021-01-08,LKA_CMB,MGO,807.8,BUNKERWORLD_HISTORICAL
2021-01-08,ARE_FUJ,VLSFO,607.61,BUNKERWORLD_HISTORICAL
2021-01-08,ARE_FUJ,MGO,780.21,BUNKERWORLD_HISTORICAL
2021-01-09,SGP_SIN,VLSFO,624.1,BUNKERWORLD_HISTORICAL
2021-01-09,SGP_SIN,MGO,796.73,BUNKERWORLD_HISTORICAL
2021-01-09,LKA_CMB,VLSFO,639.7,BUNKERWORLD_HISTORICAL
2021-01-09,LKA_CMB,MGO,816.65,BUNKERWORLD_HISTORICAL
2021-01-09,ARE_FUJ,VLSFO,617.86,BUNKERWORLD_HISTORICAL
2021-01-09,ARE_FUJ,MGO,788.76,BUNKERWORLD_HISTORICAL
2021-01-10,SGP_SIN,VLSFO,609.55,BUNKERWORLD_HISTORICAL
2021-01-10,SGP_SIN,MGO,785.72,BUNKERWORLD_HISTORICAL
2021-01-10,LKA_CMB,VLSFO,624.79,BUNKERWORLD_HISTORICAL
2021-01-10,LKA_CMB,MGO,805.36,BUNKERWORLD_HISTORICAL
2021-01-10,ARE_FUJ,VLSFO,603.45,BUNKERWORLD_HISTORICAL
2021-01-10,ARE_FUJ,MGO,777.86,BUNKERWORLD_HISTORICAL
2021-01-11,SGP_SIN,VLSFO,614.85,BUNKERWORLD_HISTORICAL
2021-01-11,SGP_SIN,MGO,779.37,BUNKERWORLD_HISTORICAL
2021-01-11,LKA_CMB,VLSFO,630.22,BUNKERWORLD_HISTORICAL
2021-01-11,LKA_CMB,MGO,798.86,BUNKERWORLD_HISTORICAL
2021-01-11,ARE_FUJ,VLSFO,608.7,BUNKERWORLD_HISTORICAL
2021-01-11,ARE_FUJ,MGO,771.58,BUNKERWORLD_HISTORICAL
2021-01-12,SGP_SIN,VLSFO,606.12,BUNKERWORLD_HISTORICAL
2021-01-12,SGP_SIN,MGO,782.67,BUNKERWORLD_HISTORICAL
2021-01-12,LKA_CMB,VLSFO,621.27,BUNKERWORLD_HISTORICAL
2021-01-12,LKA_CMB,MGO,802.24,BUNKERWORLD_HISTORICAL
2021-01-12,ARE_FUJ,VLSFO,600.06,BUNKERWORLD_HISTORICAL
2021-01-12,ARE_FUJ,MGO,774.84,BUNKERWORLD_HISTORICAL
2021-01-13,SGP_SIN,VLSFO,602.91,BUNKERWORLD_HISTORICAL
2021-01-13,SGP_SIN,MGO,761.83,BUNKERWORLD_HISTORICAL
2021-01-13,LKA_CMB,VLSFO,617.98,BUNKERWORLD_HISTORICAL
2021-01-13,LKA_CMB,MGO,780.87,BUNKERWORLD_HISTORICAL
2021-01-13,ARE_FUJ,VLSFO,596.88,BUNKERWORLD_HISTORICAL
2021-01-13,ARE_FUJ,MGO,754.21,BUNKERWORLD_HISTORICAL
2021-01-14,SGP_SIN,VLSFO,608.02,BUNKERWORLD_HISTORICAL
2021-01-14,SGP_SIN,MGO,792.88,BUNKERWORLD_HISTORICAL
2021-01-14,LKA_CMB,VLSFO,623.22,BUNKERWORLD_HISTORICAL
2021-01-14,LKA_CMB,MGO,812.7,BUNKERWORLD_HISTORICAL
2021-01-14,ARE_FUJ,VLSFO,601.94,BUNKERWORLD_HISTORICAL
2021-01-14,ARE_FUJ,MGO,784.95,BUNKERWORLD_HISTORICAL
2021-01-15,SGP_SIN,VLSFO,607.26,BUNKERWORLD_HISTORICAL
2021-01-15,SGP_SIN,MGO,788.01,BUNKERWORLD_HISTORICAL
2021-01-15,LKA_CMB,VLSFO,622.44,BUNKERWORLD_HISTORICAL
2021-01-15,LKA_CMB,MGO,807.71,BUNKERWORLD_HISTORICAL
2021-01-15,ARE_FUJ,VLSFO,601.18,BUNKERWORLD_HISTORICAL
2021-01-15,ARE_FUJ,MGO,780.13,BUNKERWORLD_HISTORICAL
2021-01-16,SGP_SIN,VLSFO,617.72,BUNKERWORLD_HISTORICAL
2021-01-16,SGP_SIN,MGO,786.22,BUNKERWORLD_HISTORICAL
2021-01-16,LKA_CMB,VLSFO,633.16,BUNKERWORLD_HISTORICAL
2021-01-16,LKA_CMB,MGO,805.88,BUNKERWORLD_HISTORICAL
2021-01-16,ARE_FUJ,VLSFO,611.54,BUNKERWORLD_HISTORICAL
2021-01-16,ARE_FUJ,MGO,778.36,BUNKERWORLD_HISTORICAL
2021-01-17,SGP_SIN,VLSFO,614.17,BUNKERWORLD_HISTORICAL
2021-01-17,SGP_SIN,MGO,772.2,BUNKERWORLD_HISTORICAL
2021-01-17,LKA_CMB,VLSFO,629.52,BUNKERWORLD_HISTORICAL
2021-01-17,LKA_CMB,MGO,791.5,BUNKERWORLD_HISTORICAL
2021-01-17,ARE_FUJ,VLSFO,608.03,BUNKERWORLD_HISTORICAL
2021-01-17,ARE_FUJ,MGO,764.48,BUNKERWORLD_HISTORICAL
2021-01-18,SGP_SIN,VLSFO,605.06,BUNKERWORLD_HISTORICAL
2021-01-18,SGP_SIN,MGO,762.65,BUNKERWORLD_HISTORICAL
2021-01-18,LKA_CMB,VLSFO,620.19,BUNKERWORLD_HISTORICAL
2021-01-18,LKA_CMB,MGO,781.72,BUNKERWORLD_HISTORICAL
2021-01-18,ARE_FUJ,VLSFO,599.01,BUNKERWORLD_HISTORICAL
2021-01-18,ARE_FUJ,MGO,755.03,BUNKERWORLD_HISTORICAL
2021-01-19,SGP_SIN,VLSFO,614.56,BUNKERWORLD_HISTORICAL
2021-01-19,SGP_SIN,MGO,787.86,BUNKERWORLD_HISTORICAL
2021-01-19,LKA_CMB,VLSFO,629.92,BUNKERWORLD_HISTORICAL
2021-01-19,LKA_CMB,MGO,807.56,BUNKERWORLD_HISTORICAL
2021-01-19,ARE_FUJ,VLSFO,608.41,BUNKERWORLD_HISTORICAL
2021-01-19,ARE_FUJ,MGO,779.98,BUNKERWORLD_HISTORICAL
2021-01-20,SGP_SIN,VLSFO,616.83,BUNKERWORLD_HISTORICAL
2021-01-20,SGP_SIN,MGO,791.75,BUNKERWORLD_HISTORICAL
2021-01-20,LKA_CMB,VLSFO,632.25,BUNKERWORLD_HISTORICAL
2021-01-20,LKA_CMB,MGO,811.54,BUNKERWORLD_HISTORICAL
2021-01-20,ARE_FUJ,VLSFO,610.66,BUNKERWORLD_HISTORICAL
2021-01-20,ARE_FUJ,MGO,783.83,BUNKERWORLD_HISTORICAL
2021-01-21,SGP_SIN,VLSFO,616.99,BUNKERWORLD_HISTORICAL
2021-01-21,SGP_SIN,MGO,794.94,BUNKERWORLD_HISTORICAL
2021-01-21,LKA_CMB,VLSFO,632.42,BUNKERWORLD_HISTORICAL
2021-01-21,LKA_CMB,MGO,814.82,BUNKERWORLD_HISTORICAL
2021-01-21,ARE_FUJ,VLSFO,610.82,BUNKERWORLD_HISTORICAL
2021-01-21,ARE_FUJ,MGO,786.99,BUNKERWORLD_HISTORICAL
2021-01-22,SGP_SIN,VLSFO,621.49,BUNKERWORLD_HISTORICAL
2021-01-22,SGP_SIN,MGO,788.81,BUNKERWORLD_HISTORICAL
2021-01-22,LKA_CMB,VLSFO,637.03,BUNKERWORLD_HISTORICAL
2021-01-22,LKA_CMB,MGO,808.53,BUNKERWORLD_HISTORICAL
2021-01-22,ARE_FUJ,VLSFO,615.28,BUNKERWORLD_HISTORICAL
2021-01-22,ARE_FUJ,MGO,780.92,BUNKERWORLD_HISTORICAL
2021-01-23,SGP_SIN,VLSFO,615.77,BUNKERWORLD_HISTORICAL
2021-01-23,SGP_SIN,MGO,783.37,BUNKERWORLD_HISTORICAL
2021-01-23,LKA_CMB,VLSFO,631.17,BUNKERWORLD_HISTORICAL
2021-01-23,LKA_CMB,MGO,802.96,BUNKERWORLD_HISTORICAL
2021-01-23,ARE_FUJ,VLSFO,609.61,BUNKERWORLD_HISTORICAL
2021-01-23,ARE_FUJ,MGO,775.54,BUNKERWORLD_HISTORICAL
2021-01-24,SGP_SIN,VLSFO,616.87,BUNKERWORLD_HISTORICAL
2021-01-24,SGP_SIN,MGO,794.5,BUNKERWORLD_HISTORICAL
2021-01-24,LKA_CMB,VLSFO,632.3,BUNKERWORLD_HISTORICAL
2021-01-24,LKA_CMB,MGO,814.36,BUNKERWORLD_HISTORICAL
2021-01-24,ARE_FUJ,VLSFO,610.71,BUNKERWORLD_HISTORICAL
2021-01-24,ARE_FUJ,MGO,786.55,BUNKERWORLD_HISTORICAL
2021-01-25,SGP_SIN,VLSFO,607.0,BUNKERWORLD_HISTORICAL
2021-01-25,SGP_SIN,MGO,773.35,BUNKERWORLD_HISTORICAL
2021-01-25,LKA_CMB,VLSFO,622.17,BUNKERWORLD_HISTORICAL
2021-01-25,LKA_CMB,MGO,792.68,BUNKERWORLD_HISTORICAL
2021-01-25,ARE_FUJ,VLSFO,600.93,BUNKERWORLD_HISTORICAL
2021-01-25,ARE_FUJ,MGO,765.62,BUNKERWORLD_HISTORICAL
2021-01-26,SGP_SIN,VLSFO,623.09,BUNKERWORLD_HISTORICAL
2021-01-26,SGP_SIN,MGO,791.72,BUNKERWORLD_HISTORICAL
2021-01-26,LKA_CMB,VLSFO,638.67,BUNKERWORLD_HISTORICAL
2021-01-26,LKA_CMB,MGO,811.51,BUNKERWORLD_HISTORICAL
2021-01-26,ARE_FUJ,VLSFO,616.86,BUNKERWORLD_HISTORICAL
2021-01-26,ARE_FUJ,MGO,783.8,BUNKERWORLD_HISTORICAL
2021-01-27,SGP_SIN,VLSFO,608.94,BUNKERWORLD_HISTORICAL
2021-01-27,SGP_SIN,MGO,777.72,BUNKERWORLD_HISTORICAL
2021-01-27,LKA_CMB,VLSFO,624.16,BUNKERWORLD_HISTORICAL
2021-01-27,LKA_CMB,MGO,797.16,BUNKERWORLD_HISTORICAL
2021-01-27,ARE_FUJ,VLSFO,602.85,BUNKERWORLD_HISTORICAL
2021-01-27,ARE_FUJ,MGO,769.94,BUNKERWORLD_HISTORICAL
2021-01-28,SGP_SIN,VLSFO,607.2,BUNKERWORLD_HISTORICAL
2021-01-28,SGP_SIN,MGO,784.46,BUNKERWORLD_HISTORICAL
2021-01-28,LKA_CMB,VLSFO,622.38,BUNKERWORLD_HISTORICAL
2021-01-28,LKA_CMB,MGO,804.07,BUNKERWORLD_HISTORICAL
2021-01-28,ARE_FUJ,VLSFO,601.12,BUNKERWORLD_HISTORICAL
2021-01-28,ARE_FUJ,MGO,776.62,BUNKERWORLD_HISTORICAL
2021-01-29,SGP_SIN,VLSFO,604.46,BUNKERWORLD_HISTORICAL
2021-01-29,SGP_SIN,MGO,777.21,BUNKERWORLD_HISTORICAL
2021-01-29,LKA_CMB,VLSFO,619.57,BUNKERWORLD_HISTORICAL
2021-01-29,LKA_CMB,MGO,796.64,BUNKERWORLD_HISTORICAL
2021-01-29,ARE_FUJ,VLSFO,598.41,BUNKERWORLD_HISTORICAL
2021-01-29,ARE_FUJ,MGO,769.44,BUNKERWORLD_HISTORICAL
2021-01-30,SGP_SIN,VLSFO,609.91,BUNKERWORLD_HISTORICAL
2021-01-30,SGP_SIN,MGO,788.57,BUNKERWORLD_HISTORICAL
2021-01-30,LKA_CMB,VLSFO,625.15,BUNKERWORLD_HISTORICAL
2021-01-30,LKA_CMB,MGO,808.29,BUNKERWORLD_HISTORICAL
2021-01-30,ARE_FUJ,VLSFO,603.81,BUNKERWORLD_HISTORICAL
2021-01-30,ARE_FUJ,MGO,780.69,BUNKERWORLD_HISTORICAL
2021-01-31,SGP_SIN,VLSFO,599.39,BUNKERWORLD_HISTORICAL
2021-01-31,SGP_SIN,MGO,770.55,BUNKERWORLD_HISTORICAL
2021-01-31,LKA_CMB,VLSFO,614.37,BUNKERWORLD_HISTORICAL
2021-01-31,LKA_CMB,MGO,789.81,BUNKERWORLD_HISTORICAL
2021-01-31,ARE_FUJ,VLSFO,593.39,BUNKERWORLD_HISTORICAL
2021-01-31,ARE_FUJ,MGO,762.84,BUNKERWORLD_HISTORICAL
2021-02-01,SGP_SIN,VLSFO,606.19,BUNKERWORLD_HISTORICAL
2021-02-01,SGP_SIN,MGO,782.62,BUNKERWORLD_HISTORICAL
2021-02-01,LKA_CMB,VLSFO,621.35,BUNKERWORLD_HISTORICAL
2021-02-01,LKA_CMB,MGO,802.18,BUNKERWORLD_HISTORICAL
2021-02-01,ARE_FUJ,VLSFO,600.13,BUNKERWORLD_HISTORICAL
2021-02-01,ARE_FUJ,MGO,774.79,BUNKERWORLD_HISTORICAL
2021-02-02,SGP_SIN,VLSFO,601.09,BUNKERWORLD_HISTORICAL
2021-02-02,SGP_SIN,MGO,767.16,BUNKERWORLD_HISTORICAL
2021-02-02,LKA_CMB,VLSFO,616.12,BUNKERWORLD_HISTORICAL
2021-02-02,LKA_CMB,MGO,786.34,BUNKERWORLD_HISTORICAL
2021-02-02,ARE_FUJ,VLSFO,595.08,BUNKERWORLD_HISTORICAL
2021-02-02,ARE_FUJ,MGO,759.49,BUNKERWORLD_HISTORICAL
2021-02-03,SGP_SIN,VLSFO,609.8,BUNKERWORLD_HISTORICAL
2021-02-03,SGP_SIN,MGO,779.84,BUNKERWORLD_HISTORICAL
2021-02-03,LKA_CMB,VLSFO,625.05,BUNKERWORLD_HISTORICAL
2021-02-03,LKA_CMB,MGO,799.34,BUNKERWORLD_HISTORICAL
2021-02-03,ARE_FUJ,VLSFO,603.7,BUNKERWORLD_HISTORICAL
2021-02-03,ARE_FUJ,MGO,772.04,BUNKERWORLD_HISTORICAL
2021-02-04,SGP_SIN,VLSFO,588.84,BUNKERWORLD_HISTORICAL
2021-02-04,SGP_SIN,MGO,745.05,BUNKERWORLD_HISTORICAL
2021-02-04,LKA_CMB,VLSFO,603.56,BUNKERWORLD_HISTORICAL
2021-02-04,LKA_CMB,MGO,763.68,BUNKERWORLD_HISTORICAL
2021-02-04,ARE_FUJ,VLSFO,582.95,BUNKERWORLD_HISTORICAL
2021-02-04,ARE_FUJ,MGO,737.6,BUNKERWORLD_HISTORICAL
2021-02-05,SGP_SIN,VLSFO,605.37,BUNKERWORLD_HISTORICAL
2021-02-05,SGP_SIN,MGO,779.32,BUNKERWORLD_HISTORICAL
2021-02-05,LKA_CMB,VLSFO,620.51,BUNKERWORLD_HISTORICAL
2021-02-05,LKA_CMB,MGO,798.8,BUNKERWORLD_HISTORICAL
2021-02-05,ARE_FUJ,VLSFO,599.32,BUNKERWORLD_HISTORICAL
2021-02-05,ARE_FUJ,MGO,771.53,BUNKERWORLD_HISTORICAL
2021-02-06,SGP_SIN,VLSFO,619.33,BUNKERWORLD_HISTORICAL
2021-02-06,SGP_SIN,MGO,797.48,BUNKERWORLD_HISTORICAL
2021-02-06,LKA_CMB,VLSFO,634.82,BUNKERWORLD_HISTORICAL
2021-02-06,LKA_CMB,MGO,817.41,BUNKERWORLD_HISTORICAL
2021-02-06,ARE_FUJ,VLSFO,613.14,BUNKERWORLD_HISTORICAL
2021-02-06,ARE_FUJ,MGO,789.5,BUNKERWORLD_HISTORICAL
2021-02-07,SGP_SIN,VLSFO,617.77,BUNKERWORLD_HISTORICAL
2021-02-07,SGP_SIN,MGO,785.5,BUNKERWORLD_HISTORICAL
2021-02-07,LKA_CMB,VLSFO,633.22,BUNKERWORLD_HISTORICAL
2021-02-07,LKA_CMB,MGO,805.14,BUNKERWORLD_HISTORICAL
2021-02-07,ARE_FUJ,VLSFO,611.6,BUNKERWORLD_HISTORICAL
2021-02-07,ARE_FUJ,MGO,777.64,BUNKERWORLD_HISTORICAL
2021-02-08,SGP_SIN,VLSFO,623.68,BUNKERWORLD_HISTORICAL
2021-02-08,SGP_SIN,MGO,796.13,BUNKERWORLD_HISTORICAL
2021-02-08,LKA_CMB,VLSFO,639.27,BUNKERWORLD_HISTORICAL
2021-02-08,LKA_CMB,MGO,816.04,BUNKERWORLD_HISTORICAL
2021-02-08,ARE_FUJ,VLSFO,617.44,BUNKERWORLD_HISTORICAL
2021-02-08,ARE_FUJ,MGO,788.17,BUNKERWORLD_HISTORICAL
2021-02-09,SGP_SIN,VLSFO,618.43,BUNKERWORLD_HISTORICAL
2021-02-09,SGP_SIN,MGO,789.95,BUNKERWORLD_HISTORICAL
2021-02-09,LKA_CMB,VLSFO,633.9,BUNKERWORLD_HISTORICAL
2021-02-09,LKA_CMB,MGO,809.7,BUNKERWORLD_HISTORICAL
2021-02-09,ARE_FUJ,VLSFO,612.25,BUNKERWORLD_HISTORICAL
2021-02-09,ARE_FUJ,MGO,782.05,BUNKERWORLD_HISTORICAL
2021-02-10,SGP_SIN,VLSFO,616.93,BUNKERWORLD_HISTORICAL
2021-02-10,SGP_SIN,MGO,781.27,BUNKERWORLD_HISTORICAL
2021-02-10,LKA_CMB,VLSFO,632.36,BUNKERWORLD_HISTORICAL
2021-02-10,LKA_CMB,MGO,800.8,BUNKERWORLD_HISTORICAL
2021-02-10,ARE_FUJ,VLSFO,610.76,BUNKERWORLD_HISTORICAL
2021-02-10,ARE_FUJ,MGO,773.46,BUNKERWORLD_HISTORICAL
2021-02-11,SGP_SIN,VLSFO,618.51,BUNKERWORLD_HISTORICAL
2021-02-11,SGP_SIN,MGO,796.83,BUNKERWORLD_HISTORICAL
2021-02-11,LKA_CMB,VLSFO,633.97,BUNKERWORLD_HISTORICAL
2021-02-11,LKA_CMB,MGO,816.75,BUNKERWORLD_HISTORICAL
2021-02-11,ARE_FUJ,VLSFO,612.32,BUNKERWORLD_HISTORICAL
2021-02-11,ARE_FUJ,MGO,788.86,BUNKERWORLD_HISTORICAL
2021-02-12,SGP_SIN,VLSFO,609.24,BUNKERWORLD_HISTORICAL
2021-02-12,SGP_SIN,MGO,789.64,BUNKERWORLD_HISTORICAL
2021-02-12,LKA_CMB,VLSFO,624.47,BUNKERWORLD_HISTORICAL
2021-02-12,LKA_CMB,MGO,809.38,BUNKERWORLD_HISTORICAL
2021-02-12,ARE_FUJ,VLSFO,603.14,BUNKERWORLD_HISTORICAL
2021-02-12,ARE_FUJ,MGO,781.74,BUNKERWORLD_HISTORICAL
2021-02-13,SGP_SIN,VLSFO,607.73,BUNKERWORLD_HISTORICAL
2021-02-13,SGP_SIN,MGO,770.42,BUNKERWORLD_HISTORICAL
2021-02-13,LKA_CMB,VLSFO,622.92,BUNKERWORLD_HISTORICAL
2021-02-13,LKA_CMB,MGO,789.68,BUNKERWORLD_HISTORICAL
2021-02-13,ARE_FUJ,VLSFO,601.65,BUNKERWORLD_HISTORICAL
2021-02-13,ARE_FUJ,MGO,762.72,BUNKERWORLD_HISTORICAL
2021-02-14,SGP_SIN,VLSFO,624.46,BUNKERWORLD_HISTORICAL
2021-02-14,SGP_SIN,MGO,810.03,BUNKERWORLD_HISTORICAL
2021-02-14,LKA_CMB,VLSFO,640.07,BUNKERWORLD_HISTORICAL
2021-02-14,LKA_CMB,MGO,830.28,BUNKERWORLD_HISTORICAL
2021-02-14,ARE_FUJ,VLSFO,618.21,BUNKERWORLD_HISTORICAL
2021-02-14,ARE_FUJ,MGO,801.93,BUNKERWORLD_HISTORICAL
2021-02-15,SGP_SIN,VLSFO,623.18,BUNKERWORLD_HISTORICAL
2021-02-15,SGP_SIN,MGO,803.49,BUNKERWORLD_HISTORICAL
2021-02-15,LKA_CMB,VLSFO,638.75,BUNKERWORLD_HISTORICAL
2021-02-15,LKA_CMB,MGO,823.58,BUNKERWORLD_HISTORICAL
2021-02-15,ARE_FUJ,VLSFO,616.94,BUNKERWORLD_HISTORICAL
2021-02-15,ARE_FUJ,MGO,795.46,BUNKERWORLD_HISTORICAL
2021-02-16,SGP_SIN,VLSFO,636.0,BUNKERWORLD_HISTORICAL
2021-02-16,SGP_SIN,MGO,825.85,BUNKERWORLD_HISTORICAL
2021-02-16,LKA_CMB,VLSFO,651.9,BUNKERWORLD_HISTORICAL
2021-02-16,LKA_CMB,MGO,846.49,BUNKERWORLD_HISTORICAL
2021-02-16,ARE_FUJ,VLSFO,629.64,BUNKERWORLD_HISTORICAL
2021-02-16,ARE_FUJ,MGO,817.59,BUNKERWORLD_HISTORICAL
2021-02-17,SGP_SIN,VLSFO,627.35,BUNKERWORLD_HISTORICAL
2021-02-17,SGP_SIN,MGO,791.63,BUNKERWORLD_HISTORICAL
2021-02-17,LKA_CMB,VLSFO,643.04,BUNKERWORLD_HISTORICAL
2021-02-17,LKA_CMB,MGO,811.42,BUNKERWORLD_HISTORICAL
2021-02-17,ARE_FUJ,VLSFO,621.08,BUNKERWORLD_HISTORICAL
2021-02-17,ARE_FUJ,MGO,783.72,BUNKERWORLD_HISTORICAL
2021-02-18,SGP_SIN,VLSFO,633.84,BUNKERWORLD_HISTORICAL
2021-02-18,SGP_SIN,MGO,799.13,BUNKERWORLD_HISTORICAL
2021-02-18,LKA_CMB,VLSFO,649.68,BUNKERWORLD_HISTORICAL
2021-02-18,LKA_CMB,MGO,819.1,BUNKERWORLD_HISTORICAL
2021-02-18,ARE_FUJ,VLSFO,627.5,BUNKERWORLD_HISTORICAL
2021-02-18,ARE_FUJ,MGO,791.13,BUNKERWORLD_HISTORICAL
2021-02-19,SGP_SIN,VLSFO,633.6,BUNKERWORLD_HISTORICAL
2021-02-19,SGP_SIN,MGO,815.66,BUNKERWORLD_HISTORICAL
2021-02-19,LKA_CMB,VLSFO,649.44,BUNKERWORLD_HISTORICAL
2021-02-19,LKA_CMB,MGO,836.05,BUNKERWORLD_HISTORICAL
2021-02-19,ARE_FUJ,VLSFO,627.27,BUNKERWORLD_HISTORICAL
2021-02-19,ARE_FUJ,MGO,807.5,BUNKERWORLD_HISTORICAL
2021-02-20,SGP_SIN,VLSFO,614.21,BUNKERWORLD_HISTORICAL
2021-02-20,SGP_SIN,MGO,789.29,BUNKERWORLD_HISTORICAL
2021-02-20,LKA_CMB,VLSFO,629.57,BUNKERWORLD_HISTORICAL
2021-02-20,LKA_CMB,MGO,809.02,BUNKERWORLD_HISTORICAL
2021-02-20,ARE_FUJ,VLSFO,608.07,BUNKERWORLD_HISTORICAL
2021-02-20,ARE_FUJ,MGO,781.39,BUNKERWORLD_HISTORICAL
2021-02-21,SGP_SIN,VLSFO,617.13,BUNKERWORLD_HISTORICAL
2021-02-21,SGP_SIN,MGO,788.36,BUNKERWORLD_HISTORICAL
2021-02-21,LKA_CMB,VLSFO,632.56,BUNKERWORLD_HISTORICAL
2021-02-21,LKA_CMB,MGO,808.07,BUNKERWORLD_HISTORICAL
2021-02-21,ARE_FUJ,VLSFO,610.96,BUNKERWORLD_HISTORICAL
2021-02-21,ARE_FUJ,MGO,780.48,BUNKERWORLD_HISTORICAL
2021-02-22,SGP_SIN,VLSFO,610.73,BUNKERWORLD_HISTORICAL
2021-02-22,SGP_SIN,MGO,783.45,BUNKERWORLD_HISTORICAL
2021-02-22,LKA_CMB,VLSFO,626.0,BUNKERWORLD_HISTORICAL
2021-02-22,LKA_CMB,MGO,803.04,BUNKERWORLD_HISTORICAL
2021-02-22,ARE_FUJ,VLSFO,604.62,BUNKERWORLD_HISTORICAL
2021-02-22,ARE_FUJ,MGO,775.62,BUNKERWORLD_HISTORICAL
2021-02-23,SGP_SIN,VLSFO,610.2,BUNKERWORLD_HISTORICAL
2021-02-23,SGP_SIN,MGO,790.46,BUNKERWORLD_HISTORICAL
2021-02-23,LKA_CMB,VLSFO,625.46,BUNKERWORLD_HISTORICAL
2021-02-23,LKA_CMB,MGO,810.22,BUNKERWORLD_HISTORICAL
2021-02-23,ARE_FUJ,VLSFO,604.1,BUNKERWORLD_HISTORICAL
2021-02-23,ARE_FUJ,MGO,782.55,BUNKERWORLD_HISTORICAL
2021-02-24,SGP_SIN,VLSFO,605.61,BUNKERWORLD_HISTORICAL
2021-02-24,SGP_SIN,MGO,773.98,BUNKERWORLD_HISTORICAL
2021-02-24,LKA_CMB,VLSFO,620.75,BUNKERWORLD_HISTORICAL
2021-02-24,LKA_CMB,MGO,793.33,BUNKERWORLD_HISTORICAL
2021-02-24,ARE_FUJ,VLSFO,599.56,BUNKERWORLD_HISTORICAL
2021-02-24,ARE_FUJ,MGO,766.24,BUNKERWORLD_HISTORICAL
2021-02-25,SGP_SIN,VLSFO,610.9,BUNKERWORLD_HISTORICAL
2021-02-25,SGP_SIN,MGO,779.41,BUNKERWORLD_HISTORICAL
2021-02-25,LKA_CMB,VLSFO,626.17,BUNKERWORLD_HISTORICAL
2021-02-25,LKA_CMB,MGO,798.9,BUNKERWORLD_HISTORICAL
2021-02-25,ARE_FUJ,VLSFO,604.79,BUNKERWORLD_HISTORICAL
2021-02-25,ARE_FUJ,MGO,771.62,BUNKERWORLD_HISTORICAL
2021-02-26,SGP_SIN,VLSFO,608.32,BUNKERWORLD_HISTORICAL
2021-02-26,SGP_SIN,MGO,776.24,BUNKERWORLD_HISTORICAL
2021-02-26,LKA_CMB,VLSFO,623.52,BUNKERWORLD_HISTORICAL
2021-02-26,LKA_CMB,MGO,795.64,BUNKERWORLD_HISTORICAL
2021-02-26,ARE_FUJ,VLSFO,602.23,BUNKERWORLD_HISTORICAL
2021-02-26,ARE_FUJ,MGO,768.48,BUNKERWORLD_HISTORICAL
2021-02-27,SGP_SIN,VLSFO,616.43,BUNKERWORLD_HISTORICAL
2021-02-27,SGP_SIN,MGO,778.72,BUNKERWORLD_HISTORICAL
2021-02-27,LKA_CMB,VLSFO,631.84,BUNKERWORLD_HISTORICAL
2021-02-27,LKA_CMB,MGO,798.19,BUNKERWORLD_HISTORICAL
2021-02-27,ARE_FUJ,VLSFO,610.27,BUNKERWORLD_HISTORICAL
2021-02-27,ARE_FUJ,MGO,770.94,BUNKERWORLD_HISTORICAL
2021-02-28,SGP_SIN,VLSFO,613.91,BUNKERWORLD_HISTORICAL
2021-02-28,SGP_SIN,MGO,779.04,BUNKERWORLD_HISTORICAL
2021-02-28,LKA_CMB,VLSFO,629.26,BUNKERWORLD_HISTORICAL
2021-02-28,LKA_CMB,MGO,798.52,BUNKERWORLD_HISTORICAL
2021-02-28,ARE_FUJ,VLSFO,607.77,BUNKERWORLD_HISTORICAL
2021-02-28,ARE_FUJ,MGO,771.25,BUNKERWORLD_HISTORICAL
2021-03-01,SGP_SIN,VLSFO,607.47,BUNKERWORLD_HISTORICAL
2021-03-01,SGP_SIN,MGO,780.04,BUNKERWORLD_HISTORICAL
2021-03-01,LKA_CMB,VLSFO,622.66,BUNKERWORLD_HISTORICAL
2021-03-01,LKA_CMB,MGO,799.55,BUNKERWORLD_HISTORICAL
2021-03-01,ARE_FUJ,VLSFO,601.39,BUNKERWORLD_HISTORICAL
2021-03-01,ARE_FUJ,MGO,772.24,BUNKERWORLD_HISTORICAL
2021-03-02,SGP_SIN,VLSFO,610.79,BUNKERWORLD_HISTORICAL
2021-03-02,SGP_SIN,MGO,783.28,BUNKERWORLD_HISTORICAL
2021-03-02,LKA_CMB,VLSFO,626.06,BUNKERWORLD_HISTORICAL
2021-03-02,LKA_CMB,MGO,802.86,BUNKERWORLD_HISTORICAL
2021-03-02,ARE_FUJ,VLSFO,604.68,BUNKERWORLD_HISTORICAL
2021-03-02,ARE_FUJ,MGO,775.44,BUNKERWORLD_HISTORICAL
2021-03-03,SGP_SIN,VLSFO,614.51,BUNKERWORLD_HISTORICAL
2021-03-03,SGP_SIN,MGO,788.67,BUNKERWORLD_HISTORICAL
2021-03-03,LKA_CMB,VLSFO,629.88,BUNKERWORLD_HISTORICAL
2021-03-03,LKA_CMB,MGO,808.39,BUNKERWORLD_HISTORICAL
2021-03-03,ARE_FUJ,VLSFO,608.37,BUNKERWORLD_HISTORICAL
2021-03-03,ARE_FUJ,MGO,780.78,BUNKERWORLD_HISTORICAL
2021-03-04,SGP_SIN,VLSFO,611.27,BUNKERWORLD_HISTORICAL
2021-03-04,SGP_SIN,MGO,785.4,BUNKERWORLD_HISTORICAL
2021-03-04,LKA_CMB,VLSFO,626.55,BUNKERWORLD_HISTORICAL
2021-03-04,LKA_CMB,MGO,805.03,BUNKERWORLD_HISTORICAL
2021-03-04,ARE_FUJ,VLSFO,605.16,BUNKERWORLD_HISTORICAL
2021-03-04,ARE_FUJ,MGO,777.54,BUNKERWORLD_HISTORICAL
2021-03-05,SGP_SIN,VLSFO,619.09,BUNKERWORLD_HISTORICAL
2021-03-05,SGP_SIN,MGO,789.64,BUNKERWORLD_HISTORICAL
2021-03-05,LKA_CMB,VLSFO,634.56,BUNKERWORLD_HISTORICAL
2021-03-05,LKA_CMB,MGO,809.38,BUNKERWORLD_HISTORICAL
2021-03-05,ARE_FUJ,VLSFO,612.89,BUNKERWORLD_HISTORICAL
2021-03-05,ARE_FUJ,MGO,781.74,BUNKERWORLD_HISTORICAL
2021-03-06,SGP_SIN,VLSFO,620.07,BUNKERWORLD_HISTORICAL
2021-03-06,SGP_SIN,MGO,794.47,BUNKERWORLD_HISTORICAL
2021-03-06,LKA_CMB,VLSFO,635.57,BUNKERWORLD_HISTORICAL
2021-03-06,LKA_CMB,MGO,814.33,BUNKERWORLD_HISTORICAL
2021-03-06,ARE_FUJ,VLSFO,613.87,BUNKERWORLD_HISTORICAL
2021-03-06,ARE_FUJ,MGO,786.53,BUNKERWORLD_HISTORICAL
2021-03-07,SGP_SIN,VLSFO,610.48,BUNKERWORLD_HISTORICAL
2021-03-07,SGP_SIN,MGO,791.09,BUNKERWORLD_HISTORICAL
2021-03-07,LKA_CMB,VLSFO,625.74,BUNKERWORLD_HISTORICAL
2021-03-07,LKA_CMB,MGO,810.87,BUNKERWORLD_HISTORICAL
2021-03-07,ARE_FUJ,VLSFO,604.38,BUNKERWORLD_HISTORICAL
2021-03-07,ARE_FUJ,MGO,783.18,BUNKERWORLD_HISTORICAL
2021-03-08,SGP_SIN,VLSFO,620.83,BUNKERWORLD_HISTORICAL
2021-03-08,SGP_SIN,MGO,802.01,BUNKERWORLD_HISTORICAL
2021-03-08,LKA_CMB,VLSFO,636.35,BUNKERWORLD_HISTORICAL
2021-03-08,LKA_CMB,MGO,822.06,BUNKERWORLD_HISTORICAL
2021-03-08,ARE_FUJ,VLSFO,614.62,BUNKERWORLD_HISTORICAL
2021-03-08,ARE_FUJ,MGO,793.99,BUNKERWORLD_HISTORICAL
2021-03-09,SGP_SIN,VLSFO,627.04,BUNKERWORLD_HISTORICAL
2021-03-09,SGP_SIN,MGO,792.06,BUNKERWORLD_HISTORICAL
2021-03-09,LKA_CMB,VLSFO,642.71,BUNKERWORLD_HISTORICAL
2021-03-09,LKA_CMB,MGO,811.86,BUNKERWORLD_HISTORICAL
2021-03-09,ARE_FUJ,VLSFO,620.76,BUNKERWORLD_HISTORICAL
2021-03-09,ARE_FUJ,MGO,784.14,BUNKERWORLD_HISTORICAL
2021-03-10,SGP_SIN,VLSFO,628.75,BUNKERWORLD_HISTORICAL
2021-03-10,SGP_SIN,MGO,809.24,BUNKERWORLD_HISTORICAL
2021-03-10,LKA_CMB,VLSFO,644.47,BUNKERWORLD_HISTORICAL
2021-03-10,LKA_CMB,MGO,829.48,BUNKERWORLD_HISTORICAL
2021-03-10,ARE_FUJ,VLSFO,622.46,BUNKERWORLD_HISTORICAL
2021-03-10,ARE_FUJ,MGO,801.15,BUNKERWORLD_HISTORICAL
2021-03-11,SGP_SIN,VLSFO,627.7,BUNKERWORLD_HISTORICAL
2021-03-11,SGP_SIN,MGO,805.7,BUNKERWORLD_HISTORICAL
2021-03-11,LKA_CMB,VLSFO,643.39,BUNKERWORLD_HISTORICAL
2021-03-11,LKA_CMB,MGO,825.85,BUNKERWORLD_HISTORICAL
2021-03-11,ARE_FUJ,VLSFO,621.42,BUNKERWORLD_HISTORICAL
2021-03-11,ARE_FUJ,MGO,797.65,BUNKERWORLD_HISTORICAL
2021-03-12,SGP_SIN,VLSFO,622.98,BUNKERWORLD_HISTORICAL
2021-03-12,SGP_SIN,MGO,812.39,BUNKERWORLD_HISTORICAL
2021-03-12,LKA_CMB,VLSFO,638.55,BUNKERWORLD_HISTORICAL
2021-03-12,LKA_CMB,MGO,832.7,BUNKERWORLD_HISTORICAL
2021-03-12,ARE_FUJ,VLSFO,616.75,BUNKERWORLD_HISTORICAL
2021-03-12,ARE_FUJ,MGO,804.26,BUNKERWORLD_HISTORICAL
2021-03-13,SGP_SIN,VLSFO,624.84,BUNKERWORLD_HISTORICAL
2021-03-13,SGP_SIN,MGO,807.12,BUNKERWORLD_HISTORICAL
2021-03-13,LKA_CMB,VLSFO,640.46,BUNKERWORLD_HISTORICAL
2021-03-13,LKA_CMB,MGO,827.3,BUNKERWORLD_HISTORICAL
2021-03-13,ARE_FUJ,VLSFO,618.59,BUNKERWORLD_HISTORICAL
2021-03-13,ARE_FUJ,MGO,799.05,BUNKERWORLD_HISTORICAL
2021-03-14,SGP_SIN,VLSFO,629.89,BUNKERWORLD_HISTORICAL
2021-03-14,SGP_SIN,MGO,814.87,BUNKERWORLD_HISTORICAL
2021-03-14,LKA_CMB,VLSFO,645.64,BUNKERWORLD_HISTORICAL
2021-03-14,LKA_CMB,MGO,835.25,BUNKERWORLD_HISTORICAL
2021-03-14,ARE_FUJ,VLSFO,623.59,BUNKERWORLD_HISTORICAL
2021-03-14,ARE_FUJ,MGO,806.73,BUNKERWORLD_HISTORICAL
2021-03-15,SGP_SIN,VLSFO,621.0,BUNKERWORLD_HISTORICAL
2021-03-15,SGP_SIN,MGO,802.12,BUNKERWORLD_HISTORICAL
2021-03-15,LKA_CMB,VLSFO,636.53,BUNKERWORLD_HISTORICAL
2021-03-15,LKA_CMB,MGO,822.18,BUNKERWORLD_HISTORICAL
2021-03-15,ARE_FUJ,VLSFO,614.79,BUNKERWORLD_HISTORICAL
2021-03-15,ARE_FUJ,MGO,794.1,BUNKERWORLD_HISTORICAL
2021-03-16,SGP_SIN,VLSFO,621.09,BUNKERWORLD_HISTORICAL
2021-03-16,SGP_SIN,MGO,779.36,BUNKERWORLD_HISTORICAL
2021-03-16,LKA_CMB,VLSFO,636.62,BUNKERWORLD_HISTORICAL
2021-03-16,LKA_CMB,MGO,798.85,BUNKERWORLD_HISTORICAL
2021-03-16,ARE_FUJ,VLSFO,614.88,BUNKERWORLD_HISTORICAL
2021-03-16,ARE_FUJ,MGO,771.57,BUNKERWORLD_HISTORICAL
2021-03-17,SGP_SIN,VLSFO,620.54,BUNKERWORLD_HISTORICAL
2021-03-17,SGP_SIN,MGO,787.43,BUNKERWORLD_HISTORICAL
2021-03-17,LKA_CMB,VLSFO,636.06,BUNKERWORLD_HISTORICAL
2021-03-17,LKA_CMB,MGO,807.12,BUNKERWORLD_HISTORICAL
2021-03-17,ARE_FUJ,VLSFO,614.34,BUNKERWORLD_HISTORICAL
2021-03-17,ARE_FUJ,MGO,779.56,BUNKERWORLD_HISTORICAL
2021-03-18,SGP_SIN,VLSFO,622.27,BUNKERWORLD_HISTORICAL
2021-03-18,SGP_SIN,MGO,786.69,BUNKERWORLD_HISTORICAL
2021-03-18,LKA_CMB,VLSFO,637.82,BUNKERWORLD_HISTORICAL
2021-03-18,LKA_CMB,MGO,806.36,BUNKERWORLD_HISTORICAL
2021-03-18,ARE_FUJ,VLSFO,616.04,BUNKERWORLD_HISTORICAL
2021-03-18,ARE_FUJ,MGO,778.83,BUNKERWORLD_HISTORICAL
2021-03-19,SGP_SIN,VLSFO,623.76,BUNKERWORLD_HISTORICAL
2021-03-19,SGP_SIN,MGO,799.97,BUNKERWORLD_HISTORICAL
2021-03-19,LKA_CMB,VLSFO,639.36,BUNKERWORLD_HISTORICAL
2021-03-19,LKA_CMB,MGO,819.97,BUNKERWORLD_HISTORICAL
2021-03-19,ARE_FUJ,VLSFO,617.53,BUNKERWORLD_HISTORICAL
2021-03-19,ARE_FUJ,MGO,791.97,BUNKERWORLD_HISTORICAL
2021-03-20,SGP_SIN,VLSFO,617.56,BUNKERWORLD_HISTORICAL
2021-03-20,SGP_SIN,MGO,792.39,BUNKERWORLD_HISTORICAL
2021-03-20,LKA_CMB,VLSFO,633.0,BUNKERWORLD_HISTORICAL
2021-03-20,LKA_CMB,MGO,812.2,BUNKERWORLD_HISTORICAL
2021-03-20,ARE_FUJ,VLSFO,611.38,BUNKERWORLD_HISTORICAL
2021-03-20,ARE_FUJ,MGO,784.47,BUNKERWORLD_HISTORICAL
2021-03-21,SGP_SIN,VLSFO,618.48,BUNKERWORLD_HISTORICAL
2021-03-21,SGP_SIN,MGO,798.14,BUNKERWORLD_HISTORICAL
2021-03-21,LKA_CMB,VLSFO,633.94,BUNKERWORLD_HISTORICAL
2021-03-21,LKA_CMB,MGO,818.09,BUNKERWORLD_HISTORICAL
2021-03-21,ARE_FUJ,VLSFO,612.29,BUNKERWORLD_HISTORICAL
2021-03-21,ARE_FUJ,MGO,790.16,BUNKERWORLD_HISTORICAL
2021-03-22,SGP_SIN,VLSFO,612.93,BUNKERWORLD_HISTORICAL
2021-03-22,SGP_SIN,MGO,783.85,BUNKERWORLD_HISTORICAL
2021-03-22,LKA_CMB,VLSFO,628.26,BUNKERWORLD_HISTORICAL
2021-03-22,LKA_CMB,MGO,803.45,BUNKERWORLD_HISTORICAL
2021-03-22,ARE_FUJ,VLSFO,606.81,BUNKERWORLD_HISTORICAL
2021-03-22,ARE_FUJ,MGO,776.01,BUNKERWORLD_HISTORICAL
2021-03-23,SGP_SIN,VLSFO,615.28,BUNKERWORLD_HISTORICAL
2021-03-23,SGP_SIN,MGO,792.18,BUNKERWORLD_HISTORICAL
2021-03-23,LKA_CMB,VLSFO,630.66,BUNKERWORLD_HISTORICAL
2021-03-23,LKA_CMB,MGO,811.99,BUNKERWORLD_HISTORICAL
2021-03-23,ARE_FUJ,VLSFO,609.13,BUNKERWORLD_HISTORICAL
2021-03-23,ARE_FUJ,MGO,784.26,BUNKERWORLD_HISTORICAL
2021-03-24,SGP_SIN,VLSFO,604.67,BUNKERWORLD_HISTORICAL
2021-03-24,SGP_SIN,MGO,766.21,BUNKERWORLD_HISTORICAL
2021-03-24,LKA_CMB,VLSFO,619.79,BUNKERWORLD_HISTORICAL
2021-03-24,LKA_CMB,MGO,785.37,BUNKERWORLD_HISTORICAL
2021-03-24,ARE_FUJ,VLSFO,598.62,BUNKERWORLD_HISTORICAL
2021-03-24,ARE_FUJ,MGO,758.55,BUNKERWORLD_HISTORICAL
2021-03-25,SGP_SIN,VLSFO,600.96,BUNKERWORLD_HISTORICAL
2021-03-25,SGP_SIN,MGO,770.61,BUNKERWORLD_HISTORICAL
2021-03-25,LKA_CMB,VLSFO,615.98,BUNKERWORLD_HISTORICAL
2021-03-25,LKA_CMB,MGO,789.87,BUNKERWORLD_HISTORICAL
2021-03-25,ARE_FUJ,VLSFO,594.95,BUNKERWORLD_HISTORICAL
2021-03-25,ARE_FUJ,MGO,762.9,BUNKERWORLD_HISTORICAL
2021-03-26,SGP_SIN,VLSFO,600.67,BUNKERWORLD_HISTORICAL
2021-03-26,SGP_SIN,MGO,777.82,BUNKERWORLD_HISTORICAL
2021-03-26,LKA_CMB,VLSFO,615.69,BUNKERWORLD_HISTORICAL
2021-03-26,LKA_CMB,MGO,797.27,BUNKERWORLD_HISTORICAL
2021-03-26,ARE_FUJ,VLSFO,594.67,BUNKERWORLD_HISTORICAL
2021-03-26,ARE_FUJ,MGO,770.05,BUNKERWORLD_HISTORICAL
2021-03-27,SGP_SIN,VLSFO,602.9,BUNKERWORLD_HISTORICAL
2021-03-27,SGP_SIN,MGO,780.18,BUNKERWORLD_HISTORICAL
2021-03-27,LKA_CMB,VLSFO,617.97,BUNKERWORLD_HISTORICAL
2021-03-27,LKA_CMB,MGO,799.69,BUNKERWORLD_HISTORICAL
2021-03-27,ARE_FUJ,VLSFO,596.87,BUNKERWORLD_HISTORICAL
2021-03-27,ARE_FUJ,MGO,772.38,BUNKERWORLD_HISTORICAL
2021-03-28,SGP_SIN,VLSFO,598.05,BUNKERWORLD_HISTORICAL
2021-03-28,SGP_SIN,MGO,770.9,BUNKERWORLD_HISTORICAL
2021-03-28,LKA_CMB,VLSFO,613.0,BUNKERWORLD_HISTORICAL
2021-03-28,LKA_CMB,MGO,790.18,BUNKERWORLD_HISTORICAL
2021-03-28,ARE_FUJ,VLSFO,592.07,BUNKERWORLD_HISTORICAL
2021-03-28,ARE_FUJ,MGO,763.19,BUNKERWORLD_HISTORICAL
2021-03-29,SGP_SIN,VLSFO,600.8,BUNKERWORLD_HISTORICAL
2021-03-29,SGP_SIN,MGO,774.98,BUNKERWORLD_HISTORICAL
2021-03-29,LKA_CMB,VLSFO,615.82,BUNKERWORLD_HISTORICAL
2021-03-29,LKA_CMB,MGO,794.36,BUNKERWORLD_HISTORICAL
2021-03-29,ARE_FUJ,VLSFO,594.79,BUNKERWORLD_HISTORICAL
2021-03-29,ARE_FUJ,MGO,767.23,BUNKERWORLD_HISTORICAL
2021-03-30,SGP_SIN,VLSFO,608.67,BUNKERWORLD_HISTORICAL
2021-03-30,SGP_SIN,MGO,784.98,BUNKERWORLD_HISTORICAL
2021-03-30,LKA_CMB,VLSFO,623.89,BUNKERWORLD_HISTORICAL
2021-03-30,LKA_CMB,MGO,804.61,BUNKERWORLD_HISTORICAL
2021-03-30,ARE_FUJ,VLSFO,602.59,BUNKERWORLD_HISTORICAL
2021-03-30,ARE_FUJ,MGO,777.13,BUNKERWORLD_HISTORICAL
2021-03-31,SGP_SIN,VLSFO,614.22,BUNKERWORLD_HISTORICAL
2021-03-31,SGP_SIN,MGO,780.63,BUNKERWORLD_HISTORICAL
2021-03-31,LKA_CMB,VLSFO,629.57,BUNKERWORLD_HISTORICAL
2021-03-31,LKA_CMB,MGO,800.15,BUNKERWORLD_HISTORICAL
2021-03-31,ARE_FUJ,VLSFO,608.08,BUNKERWORLD_HISTORICAL
2021-03-31,ARE_FUJ,MGO,772.82,BUNKERWORLD_HISTORICAL
2021-04-01,SGP_SIN,VLSFO,625.02,BUNKERWORLD_HISTORICAL
2021-04-01,SGP_SIN,MGO,798.83,BUNKERWORLD_HISTORICAL
2021-04-01,LKA_CMB,VLSFO,640.64,BUNKERWORLD_HISTORICAL
2021-04-01,LKA_CMB,MGO,818.81,BUNKERWORLD_HISTORICAL
2021-04-01,ARE_FUJ,VLSFO,618.77,BUNKERWORLD_HISTORICAL
2021-04-01,ARE_FUJ,MGO,790.85,BUNKERWORLD_HISTORICAL
2021-04-02,SGP_SIN,VLSFO,621.35,BUNKERWORLD_HISTORICAL
2021-04-02,SGP_SIN,MGO,799.76,BUNKERWORLD_HISTORICAL
2021-04-02,LKA_CMB,VLSFO,636.89,BUNKERWORLD_HISTORICAL
2021-04-02,LKA_CMB,MGO,819.75,BUNKERWORLD_HISTORICAL
2021-04-02,ARE_FUJ,VLSFO,615.14,BUNKERWORLD_HISTORICAL
2021-04-02,ARE_FUJ,MGO,791.76,BUNKERWORLD_HISTORICAL
2021-04-03,SGP_SIN,VLSFO,618.31,BUNKERWORLD_HISTORICAL
2021-04-03,SGP_SIN,MGO,779.14,BUNKERWORLD_HISTORICAL
2021-04-03,LKA_CMB,VLSFO,633.77,BUNKERWORLD_HISTORICAL
2021-04-03,LKA_CMB,MGO,798.62,BUNKERWORLD_HISTORICAL
2021-04-03,ARE_FUJ,VLSFO,612.12,BUNKERWORLD_HISTORICAL
2021-04-03,ARE_FUJ,MGO,771.35,BUNKERWORLD_HISTORICAL
2021-04-04,SGP_SIN,VLSFO,625.25,BUNKERWORLD_HISTORICAL
2021-04-04,SGP_SIN,MGO,799.68,BUNKERWORLD_HISTORICAL
2021-04-04,LKA_CMB,VLSFO,640.89,BUNKERWORLD_HISTORICAL
2021-04-04,LKA_CMB,MGO,819.67,BUNKERWORLD_HISTORICAL
2021-04-04,ARE_FUJ,VLSFO,619.0,BUNKERWORLD_HISTORICAL
2021-04-04,ARE_FUJ,MGO,791.68,BUNKERWORLD_HISTORICAL
2021-04-05,SGP_SIN,VLSFO,630.09,BUNKERWORLD_HISTORICAL
2021-04-05,SGP_SIN,MGO,797.81,BUNKERWORLD_HISTORICAL
2021-04-05,LKA_CMB,VLSFO,645.85,BUNKERWORLD_HISTORICAL
2021-04-05,LKA_CMB,MGO,817.75,BUNKERWORLD_HISTORICAL
2021-04-05,ARE_FUJ,VLSFO,623.79,BUNKERWORLD_HISTORICAL
2021-04-05,ARE_FUJ,MGO,789.83,BUNKERWORLD_HISTORICAL
2021-04-06,SGP_SIN,VLSFO,617.55,BUNKERWORLD_HISTORICAL
2021-04-06,SGP_SIN,MGO,792.75,BUNKERWORLD_HISTORICAL
2021-04-06,LKA_CMB,VLSFO,632.99,BUNKERWORLD_HISTORICAL
2021-04-06,LKA_CMB,MGO,812.57,BUNKERWORLD_HISTORICAL
2021-04-06,ARE_FUJ,VLSFO,611.38,BUNKERWORLD_HISTORICAL
2021-04-06,ARE_FUJ,MGO,784.83,BUNKERWORLD_HISTORICAL
2021-04-07,SGP_SIN,VLSFO,625.8,BUNKERWORLD_HISTORICAL
2021-04-07,SGP_SIN,MGO,794.66,BUNKERWORLD_HISTORICAL
2021-04-07,LKA_CMB,VLSFO,641.45,BUNKERWORLD_HISTORICAL
2021-04-07,LKA_CMB,MGO,814.52,BUNKERWORLD_HISTORICAL
2021-04-07,ARE_FUJ,VLSFO,619.55,BUNKERWORLD_HISTORICAL
2021-04-07,ARE_FUJ,MGO,786.71,BUNKERWORLD_HISTORICAL
2021-04-08,SGP_SIN,VLSFO,614.87,BUNKERWORLD_HISTORICAL
2021-04-08,SGP_SIN,MGO,782.7,BUNKERWORLD_HISTORICAL
2021-04-08,LKA_CMB,VLSFO,630.24,BUNKERWORLD_HISTORICAL
2021-04-08,LKA_CMB,MGO,802.26,BUNKERWORLD_HISTORICAL
2021-04-08,ARE_FUJ,VLSFO,608.72,BUNKERWORLD_HISTORICAL
2021-04-08,ARE_FUJ,MGO,774.87,BUNKERWORLD_HISTORICAL
2021-04-09,SGP_SIN,VLSFO,626.13,BUNKERWORLD_HISTORICAL
2021-04-09,SGP_SIN,MGO,804.08,BUNKERWORLD_HISTORICAL
2021-04-09,LKA_CMB,VLSFO,641.79,BUNKERWORLD_HISTORICAL
2021-04-09,LKA_CMB,MGO,824.19,BUNKERWORLD_HISTORICAL
2021-04-09,ARE_FUJ,VLSFO,619.87,BUNKERWORLD_HISTORICAL
2021-04-09,ARE_FUJ,MGO,796.04,BUNKERWORLD_HISTORICAL
2021-04-10,SGP_SIN,VLSFO,623.79,BUNKERWORLD_HISTORICAL
2021-04-10,SGP_SIN,MGO,810.27,BUNKERWORLD_HISTORICAL
2021-04-10,LKA_CMB,VLSFO,639.38,BUNKERWORLD_HISTORICAL
2021-04-10,LKA_CMB,MGO,830.53,BUNKERWORLD_HISTORICAL
2021-04-10,ARE_FUJ,VLSFO,617.55,BUNKERWORLD_HISTORICAL
2021-04-10,ARE_FUJ,MGO,802.17,BUNKERWORLD_HISTORICAL
2021-04-11,SGP_SIN,VLSFO,629.8,BUNKERWORLD_HISTORICAL
2021-04-11,SGP_SIN,MGO,808.35,BUNKERWORLD_HISTORICAL
2021-04-11,LKA_CMB,VLSFO,645.54,BUNKERWORLD_HISTORICAL
2021-04-11,LKA_CMB,MGO,828.56,BUNKERWORLD_HISTORICAL
2021-04-11,ARE_FUJ,VLSFO,623.5,BUNKERWORLD_HISTORICAL
2021-04-11,ARE_FUJ,MGO,800.27,BUNKERWORLD_HISTORICAL
2021-04-12,SGP_SIN,VLSFO,619.38,BUNKERWORLD_HISTORICAL
2021-04-12,SGP_SIN,MGO,775.51,BUNKERWORLD_HISTORICAL
2021-04-12,LKA_CMB,VLSFO,634.87,BUNKERWORLD_HISTORICAL
2021-04-12,LKA_CMB,MGO,794.9,BUNKERWORLD_HISTORICAL
2021-04-12,ARE_FUJ,VLSFO,613.19,BUNKERWORLD_HISTORICAL
2021-04-12,ARE_FUJ,MGO,767.75,BUNKERWORLD_HISTORICAL
2021-04-13,SGP_SIN,VLSFO,614.36,BUNKERWORLD_HISTORICAL
2021-04-13,SGP_SIN,MGO,791.66,BUNKERWORLD_HISTORICAL
2021-04-13,LKA_CMB,VLSFO,629.72,BUNKERWORLD_HISTORICAL
2021-04-13,LKA_CMB,MGO,811.45,BUNKERWORLD_HISTORICAL
2021-04-13,ARE_FUJ,VLSFO,608.22,BUNKERWORLD_HISTORICAL
2021-04-13,ARE_FUJ,MGO,783.74,BUNKERWORLD_HISTORICAL
2021-04-14,SGP_SIN,VLSFO,624.42,BUNKERWORLD_HISTORICAL
2021-04-14,SGP_SIN,MGO,788.08,BUNKERWORLD_HISTORICAL
2021-04-14,LKA_CMB,VLSFO,640.03,BUNKERWORLD_HISTORICAL
2021-04-14,LKA_CMB,MGO,807.78,BUNKERWORLD_HISTORICAL
2021-04-14,ARE_FUJ,VLSFO,618.18,BUNKERWORLD_HISTORICAL
2021-04-14,ARE_FUJ,MGO,780.2,BUNKERWORLD_HISTORICAL
2021-04-15,SGP_SIN,VLSFO,610.9,BUNKERWORLD_HISTORICAL
2021-04-15,SGP_SIN,MGO,776.07,BUNKERWORLD_HISTORICAL
2021-04-15,LKA_CMB,VLSFO,626.17,BUNKERWORLD_HISTORICAL
2021-04-15,LKA_CMB,MGO,795.47,BUNKERWORLD_HISTORICAL
2021-04-15,ARE_FUJ,VLSFO,604.79,BUNKERWORLD_HISTORICAL
2021-04-15,ARE_FUJ,MGO,768.31,BUNKERWORLD_HISTORICAL
2021-04-16,SGP_SIN,VLSFO,607.39,BUNKERWORLD_HISTORICAL
2021-04-16,SGP_SIN,MGO,780.35,BUNKERWORLD_HISTORICAL
2021-04-16,LKA_CMB,VLSFO,622.58,BUNKERWORLD_HISTORICAL
2021-04-16,LKA_CMB,MGO,799.86,BUNKERWORLD_HISTORICAL
2021-04-16,ARE_FUJ,VLSFO,601.32,BUNKERWORLD_HISTORICAL
2021-04-16,ARE_FUJ,MGO,772.55,BUNKERWORLD_HISTORICAL
2021-04-17,SGP_SIN,VLSFO,613.61,BUNKERWORLD_HISTORICAL
2021-04-17,SGP_SIN,MGO,785.57,BUNKERWORLD_HISTORICAL
2021-04-17,LKA_CMB,VLSFO,628.95,BUNKERWORLD_HISTORICAL
2021-04-17,LKA_CMB,MGO,805.21,BUNKERWORLD_HISTORICAL
2021-04-17,ARE_FUJ,VLSFO,607.47,BUNKERWORLD_HISTORICAL
2021-04-17,ARE_FUJ,MGO,777.72,BUNKERWORLD_HISTORICAL
2021-04-18,SGP_SIN,VLSFO,617.1,BUNKERWORLD_HISTORICAL
2021-04-18,SGP_SIN,MGO,788.74,BUNKERWORLD_HISTORICAL
2021-04-18,LKA_CMB,VLSFO,632.53,BUNKERWORLD_HISTORICAL
2021-04-18,LKA_CMB,MGO,808.46,BUNKERWORLD_HISTORICAL
2021-04-18,ARE_FUJ,VLSFO,610.93,BUNKERWORLD_HISTORICAL
2021-04-18,ARE_FUJ,MGO,780.86,BUNKERWORLD_HISTORICAL
2021-04-19,SGP_SIN,VLSFO,604.89,BUNKERWORLD_HISTORICAL
2021-04-19,SGP_SIN,MGO,775.43,BUNKERWORLD_HISTORICAL
2021-04-19,LKA_CMB,VLSFO,620.01,BUNKERWORLD_HISTORICAL
2021-04-19,LKA_CMB,MGO,794.82,BUNKERWORLD_HISTORICAL
2021-04-19,ARE_FUJ,VLSFO,598.84,BUNKERWORLD_HISTORICAL
2021-04-19,ARE_FUJ,MGO,767.68,BUNKERWORLD_HISTORICAL
2021-04-20,SGP_SIN,VLSFO,611.78,BUNKERWORLD_HISTORICAL
2021-04-20,SGP_SIN,MGO,782.87,BUNKERWORLD_HISTORICAL
2021-04-20,LKA_CMB,VLSFO,627.08,BUNKERWORLD_HISTORICAL
2021-04-20,LKA_CMB,MGO,802.44,BUNKERWORLD_HISTORICAL
2021-04-20,ARE_FUJ,VLSFO,605.66,BUNKERWORLD_HISTORICAL
2021-04-20,ARE_FUJ,MGO,775.04,BUNKERWORLD_HISTORICAL
2021-04-21,SGP_SIN,VLSFO,635.91,BUNKERWORLD_HISTORICAL
2021-04-21,SGP_SIN,MGO,821.01,BUNKERWORLD_HISTORICAL
2021-04-21,LKA_CMB,VLSFO,651.81,BUNKERWORLD_HISTORICAL
2021-04-21,LKA_CMB,MGO,841.53,BUNKERWORLD_HISTORICAL
2021-04-21,ARE_FUJ,VLSFO,629.55,BUNKERWORLD_HISTORICAL
2021-04-21,ARE_FUJ,MGO,812.8,BUNKERWORLD_HISTORICAL
2021-04-22,SGP_SIN,VLSFO,622.01,BUNKERWORLD_HISTORICAL
2021-04-22,SGP_SIN,MGO,797.73,BUNKERWORLD_HISTORICAL
2021-04-22,LKA_CMB,VLSFO,637.56,BUNKERWORLD_HISTORICAL
2021-04-22,LKA_CMB,MGO,817.67,BUNKERWORLD_HISTORICAL
2021-04-22,ARE_FUJ,VLSFO,615.79,BUNKERWORLD_HISTORICAL
2021-04-22,ARE_FUJ,MGO,789.75,BUNKERWORLD_HISTORICAL
2021-04-23,SGP_SIN,VLSFO,623.54,BUNKERWORLD_HISTORICAL
2021-04-23,SGP_SIN,MGO,816.61,BUNKERWORLD_HISTORICAL
2021-04-23,LKA_CMB,VLSFO,639.13,BUNKERWORLD_HISTORICAL
2021-04-23,LKA_CMB,MGO,837.03,BUNKERWORLD_HISTORICAL
2021-04-23,ARE_FUJ,VLSFO,617.31,BUNKERWORLD_HISTORICAL
2021-04-23,ARE_FUJ,MGO,808.44,BUNKERWORLD_HISTORICAL
2021-04-24,SGP_SIN,VLSFO,621.81,BUNKERWORLD_HISTORICAL
2021-04-24,SGP_SIN,MGO,791.43,BUNKERWORLD_HISTORICAL
2021-04-24,LKA_CMB,VLSFO,637.36,BUNKERWORLD_HISTORICAL
2021-04-24,LKA_CMB,MGO,811.21,BUNKERWORLD_HISTORICAL
2021-04-24,ARE_FUJ,VLSFO,615.6,BUNKERWORLD_HISTORICAL
2021-04-24,ARE_FUJ,MGO,783.51,BUNKERWORLD_HISTORICAL
2021-04-25,SGP_SIN,VLSFO,617.73,BUNKERWORLD_HISTORICAL
2021-04-25,SGP_SIN,MGO,776.54,BUNKERWORLD_HISTORICAL
2021-04-25,LKA_CMB,VLSFO,633.17,BUNKERWORLD_HISTORICAL
2021-04-25,LKA_CMB,MGO,795.95,BUNKERWORLD_HISTORICAL
2021-04-25,ARE_FUJ,VLSFO,611.55,BUNKERWORLD_HISTORICAL
2021-04-25,ARE_FUJ,MGO,768.78,BUNKERWORLD_HISTORICAL
2021-04-26,SGP_SIN,VLSFO,621.26,BUNKERWORLD_HISTORICAL
2021-04-26,SGP_SIN,MGO,796.66,BUNKERWORLD_HISTORICAL
2021-04-26,LKA_CMB,VLSFO,636.79,BUNKERWORLD_HISTORICAL
2021-04-26,LKA_CMB,MGO,816.57,BUNKERWORLD_HISTORICAL
2021-04-26,ARE_FUJ,VLSFO,615.04,BUNKERWORLD_HISTORICAL
2021-04-26,ARE_FUJ,MGO,788.69,BUNKERWORLD_HISTORICAL
2021-04-27,SGP_SIN,VLSFO,616.79,BUNKERWORLD_HISTORICAL
2021-04-27,SGP_SIN,MGO,794.87,BUNKERWORLD_HISTORICAL
2021-04-27,LKA_CMB,VLSFO,632.21,BUNKERWORLD_HISTORICAL
2021-04-27,LKA_CMB,MGO,814.74,BUNKERWORLD_HISTORICAL
2021-04-27,ARE_FUJ,VLSFO,610.62,BUNKERWORLD_HISTORICAL
2021-04-27,ARE_FUJ,MGO,786.92,BUNKERWORLD_HISTORICAL
2021-04-28,SGP_SIN,VLSFO,629.15,BUNKERWORLD_HISTORICAL
2021-04-28,SGP_SIN,MGO,801.63,BUNKERWORLD_HISTORICAL
2021-04-28,LKA_CMB,VLSFO,644.88,BUNKERWORLD_HISTORICAL
2021-04-28,LKA_CMB,MGO,821.67,BUNKERWORLD_HISTORICAL
2021-04-28,ARE_FUJ,VLSFO,622.86,BUNKERWORLD_HISTORICAL
2021-04-28,ARE_FUJ,MGO,793.61,BUNKERWORLD_HISTORICAL
2021-04-29,SGP_SIN,VLSFO,617.6,BUNKERWORLD_HISTORICAL
2021-04-29,SGP_SIN,MGO,800.11,BUNKERWORLD_HISTORICAL
2021-04-29,LKA_CMB,VLSFO,633.04,BUNKERWORLD_HISTORICAL
2021-04-29,LKA_CMB,MGO,820.12,BUNKERWORLD_HISTORICAL
2021-04-29,ARE_FUJ,VLSFO,611.43,BUNKERWORLD_HISTORICAL
2021-04-29,ARE_FUJ,MGO,792.11,BUNKERWORLD_HISTORICAL
2021-04-30,SGP_SIN,VLSFO,613.12,BUNKERWORLD_HISTORICAL
2021-04-30,SGP_SIN,MGO,794.03,BUNKERWORLD_HISTORICAL
2021-04-30,LKA_CMB,VLSFO,628.45,BUNKERWORLD_HISTORICAL
2021-04-30,LKA_CMB,MGO,813.88,BUNKERWORLD_HISTORICAL
2021-04-30,ARE_FUJ,VLSFO,606.99,BUNKERWORLD_HISTORICAL
2021-04-30,ARE_FUJ,MGO,786.09,BUNKERWORLD_HISTORICAL
2021-05-01,SGP_SIN,VLSFO,606.14,BUNKERWORLD_HISTORICAL
2021-05-01,SGP_SIN,MGO,761.77,BUNKERWORLD_HISTORICAL
2021-05-01,LKA_CMB,VLSFO,621.29,BUNKERWORLD_HISTORICAL
2021-05-01,LKA_CMB,MGO,780.81,BUNKERWORLD_HISTORICAL
2021-05-01,ARE_FUJ,VLSFO,600.08,BUNKERWORLD_HISTORICAL
2021-05-01,ARE_FUJ,MGO,754.15,BUNKERWORLD_HISTORICAL
2021-05-02,SGP_SIN,VLSFO,622.91,BUNKERWORLD_HISTORICAL
2021-05-02,SGP_SIN,MGO,805.83,BUNKERWORLD_HISTORICAL
2021-05-02,LKA_CMB,VLSFO,638.48,BUNKERWORLD_HISTORICAL
2021-05-02,LKA_CMB,MGO,825.97,BUNKERWORLD_HISTORICAL
2021-05-02,ARE_FUJ,VLSFO,616.68,BUNKERWORLD_HISTORICAL
2021-05-02,ARE_FUJ,MGO,797.77,BUNKERWORLD_HISTORICAL
2021-05-03,SGP_SIN,VLSFO,624.61,BUNKERWORLD_HISTORICAL
2021-05-03,SGP_SIN,MGO,782.14,BUNKERWORLD_HISTORICAL
2021-05-03,LKA_CMB,VLSFO,640.23,BUNKERWORLD_HISTORICAL
2021-05-03,LKA_CMB,MGO,801.69,BUNKERWORLD_HISTORICAL
2021-05-03,ARE_FUJ,VLSFO,618.37,BUNKERWORLD_HISTORICAL
2021-05-03,ARE_FUJ,MGO,774.32,BUNKERWORLD_HISTORICAL
2021-05-04,SGP_SIN,VLSFO,616.88,BUNKERWORLD_HISTORICAL
2021-05-04,SGP_SIN,MGO,789.8,BUNKERWORLD_HISTORICAL
2021-05-04,LKA_CMB,VLSFO,632.3,BUNKERWORLD_HISTORICAL
2021-05-04,LKA_CMB,MGO,809.54,BUNKERWORLD_HISTORICAL
2021-05-04,ARE_FUJ,VLSFO,610.71,BUNKERWORLD_HISTORICAL
2021-05-04,ARE_FUJ,MGO,781.9,BUNKERWORLD_HISTORICAL
2021-05-05,SGP_SIN,VLSFO,605.28,BUNKERWORLD_HISTORICAL
2021-05-05,SGP_SIN,MGO,779.67,BUNKERWORLD_HISTORICAL
2021-05-05,LKA_CMB,VLSFO,620.41,BUNKERWORLD_HISTORICAL
2021-05-05,LKA_CMB,MGO,799.16,BUNKERWORLD_HISTORICAL
2021-05-05,ARE_FUJ,VLSFO,599.22,BUNKERWORLD_HISTORICAL
2021-05-05,ARE_FUJ,MGO,771.87,BUNKERWORLD_HISTORICAL
2021-05-06,SGP_SIN,VLSFO,603.04,BUNKERWORLD_HISTORICAL
2021-05-06,SGP_SIN,MGO,759.94,BUNKERWORLD_HISTORICAL
2021-05-06,LKA_CMB,VLSFO,618.12,BUNKERWORLD_HISTORICAL
2021-05-06,LKA_CMB,MGO,778.94,BUNKERWORLD_HISTORICAL
2021-05-06,ARE_FUJ,VLSFO,597.01,BUNKERWORLD_HISTORICAL
2021-05-06,ARE_FUJ,MGO,752.34,BUNKERWORLD_HISTORICAL
2021-05-07,SGP_SIN,VLSFO,603.52,BUNKERWORLD_HISTORICAL
2021-05-07,SGP_SIN,MGO,770.6,BUNKERWORLD_HISTORICAL
2021-05-07,LKA_CMB,VLSFO,618.61,BUNKERWORLD_HISTORICAL
2021-05-07,LKA_CMB,MGO,789.86,BUNKERWORLD_HISTORICAL
2021-05-07,ARE_FUJ,VLSFO,597.49,BUNKERWORLD_HISTORICAL
2021-05-07,ARE_FUJ,MGO,762.89,BUNKERWORLD_HISTORICAL
2021-05-08,SGP_SIN,VLSFO,613.22,BUNKERWORLD_HISTORICAL
2021-05-08,SGP_SIN,MGO,776.91,BUNKERWORLD_HISTORICAL
2021-05-08,LKA_CMB,VLSFO,628.55,BUNKERWORLD_HISTORICAL
2021-05-08,LKA_CMB,MGO,796.33,BUNKERWORLD_HISTORICAL
2021-05-08,ARE_FUJ,VLSFO,607.08,BUNKERWORLD_HISTORICAL
2021-05-08,ARE_FUJ,MGO,769.14,BUNKERWORLD_HISTORICAL
2021-05-09,SGP_SIN,VLSFO,611.47,BUNKERWORLD_HISTORICAL
2021-05-09,SGP_SIN,MGO,792.34,BUNKERWORLD_HISTORICAL
2021-05-09,LKA_CMB,VLSFO,626.76,BUNKERWORLD_HISTORICAL
2021-05-09,LKA_CMB,MGO,812.15,BUNKERWORLD_HISTORICAL
2021-05-09,ARE_FUJ,VLSFO,605.36,BUNKERWORLD_HISTORICAL
2021-05-09,ARE_FUJ,MGO,784.42,BUNKERWORLD_HISTORICAL
2021-05-10,SGP_SIN,VLSFO,615.35,BUNKERWORLD_HISTORICAL
2021-05-10,SGP_SIN,MGO,789.81,BUNKERWORLD_HISTORICAL
2021-05-10,LKA_CMB,VLSFO,630.73,BUNKERWORLD_HISTORICAL
2021-05-10,LKA_CMB,MGO,809.55,BUNKERWORLD_HISTORICAL
2021-05-10,ARE_FUJ,VLSFO,609.19,BUNKERWORLD_HISTORICAL
2021-05-10,ARE_FUJ,MGO,781.91,BUNKERWORLD_HISTORICAL
2021-05-11,SGP_SIN,VLSFO,621.41,BUNKERWORLD_HISTORICAL
2021-05-11,SGP_SIN,MGO,797.5,BUNKERWORLD_HISTORICAL
2021-05-11,LKA_CMB,VLSFO,636.95,BUNKERWORLD_HISTORICAL
2021-05-11,LKA_CMB,MGO,817.44,BUNKERWORLD_HISTORICAL
2021-05-11,ARE_FUJ,VLSFO,615.2,BUNKERWORLD_HISTORICAL
2021-05-11,ARE_FUJ,MGO,789.53,BUNKERWORLD_HISTORICAL
2021-05-12,SGP_SIN,VLSFO,603.17,BUNKERWORLD_HISTORICAL
2021-05-12,SGP_SIN,MGO,770.25,BUNKERWORLD_HISTORICAL
2021-05-12,LKA_CMB,VLSFO,618.25,BUNKERWORLD_HISTORICAL
2021-05-12,LKA_CMB,MGO,789.51,BUNKERWORLD_HISTORICAL
2021-05-12,ARE_FUJ,VLSFO,597.14,BUNKERWORLD_HISTORICAL
2021-05-12,ARE_FUJ,MGO,762.55,BUNKERWORLD_HISTORICAL
2021-05-13,SGP_SIN,VLSFO,619.3,BUNKERWORLD_HISTORICAL
2021-05-13,SGP_SIN,MGO,808.83,BUNKERWORLD_HISTORICAL
2021-05-13,LKA_CMB,VLSFO,634.79,BUNKERWORLD_HISTORICAL
2021-05-13,LKA_CMB,MGO,829.05,BUNKERWORLD_HISTORICAL
2021-05-13,ARE_FUJ,VLSFO,613.11,BUNKERWORLD_HISTORICAL
2021-05-13,ARE_FUJ,MGO,800.74,BUNKERWORLD_HISTORICAL
2021-05-14,SGP_SIN,VLSFO,635.8,BUNKERWORLD_HISTORICAL
2021-05-14,SGP_SIN,MGO,806.54,BUNKERWORLD_HISTORICAL
2021-05-14,LKA_CMB,VLSFO,651.7,BUNKERWORLD_HISTORICAL
2021-05-14,LKA_CMB,MGO,826.7,BUNKERWORLD_HISTORICAL
2021-05-14,ARE_FUJ,VLSFO,629.44,BUNKERWORLD_HISTORICAL
2021-05-14,ARE_FUJ,MGO,798.47,BUNKERWORLD_HISTORICAL
2021-05-15,SGP_SIN,VLSFO,630.31,BUNKERWORLD_HISTORICAL
2021-05-15,SGP_SIN,MGO,805.59,BUNKERWORLD_HISTORICAL
2021-05-15,LKA_CMB,VLSFO,646.07,BUNKERWORLD_HISTORICAL
2021-05-15,LKA_CMB,MGO,825.73,BUNKERWORLD_HISTORICAL
2021-05-15,ARE_FUJ,VLSFO,624.01,BUNKERWORLD_HISTORICAL
2021-05-15,ARE_FUJ,MGO,797.53,BUNKERWORLD_HISTORICAL
2021-05-16,SGP_SIN,VLSFO,646.98,BUNKERWORLD_HISTORICAL
2021-05-16,SGP_SIN,MGO,824.1,BUNKERWORLD_HISTORICAL
2021-05-16,LKA_CMB,VLSFO,663.16,BUNKERWORLD_HISTORICAL
2021-05-16,LKA_CMB,MGO,844.7,BUNKERWORLD_HISTORICAL
2021-05-16,ARE_FUJ,VLSFO,640.51,BUNKERWORLD_HISTORICAL
2021-05-16,ARE_FUJ,MGO,815.86,BUNKERWORLD_HISTORICAL
2021-05-17,SGP_SIN,VLSFO,621.25,BUNKERWORLD_HISTORICAL
2021-05-17,SGP_SIN,MGO,786.75,BUNKERWORLD_HISTORICAL
2021-05-17,LKA_CMB,VLSFO,636.78,BUNKERWORLD_HISTORICAL
2021-05-17,LKA_CMB,MGO,806.42,BUNKERWORLD_HISTORICAL
2021-05-17,ARE_FUJ,VLSFO,615.03,BUNKERWORLD_HISTORICAL
2021-05-17,ARE_FUJ,MGO,778.89,BUNKERWORLD_HISTORICAL
2021-05-18,SGP_SIN,VLSFO,628.31,BUNKERWORLD_HISTORICAL
2021-05-18,SGP_SIN,MGO,795.69,BUNKERWORLD_HISTORICAL
2021-05-18,LKA_CMB,VLSFO,644.02,BUNKERWORLD_HISTORICAL
2021-05-18,LKA_CMB,MGO,815.58,BUNKERWORLD_HISTORICAL
2021-05-18,ARE_FUJ,VLSFO,622.03,BUNKERWORLD_HISTORICAL
2021-05-18,ARE_FUJ,MGO,787.73,BUNKERWORLD_HISTORICAL
2021-05-19,SGP_SIN,VLSFO,634.53,BUNKERWORLD_HISTORICAL
2021-05-19,SGP_SIN,MGO,815.44,BUNKERWORLD_HISTORICAL
2021-05-19,LKA_CMB,VLSFO,650.39,BUNKERWORLD_HISTORICAL
2021-05-19,LKA_CMB,MGO,835.83,BUNKERWORLD_HISTORICAL
2021-05-19,ARE_FUJ,VLSFO,628.18,BUNKERWORLD_HISTORICAL
2021-05-19,ARE_FUJ,MGO,807.29,BUNKERWORLD_HISTORICAL
2021-05-20,SGP_SIN,VLSFO,636.57,BUNKERWORLD_HISTORICAL
2021-05-20,SGP_SIN,MGO,808.15,BUNKERWORLD_HISTORICAL
2021-05-20,LKA_CMB,VLSFO,652.49,BUNKERWORLD_HISTORICAL
2021-05-20,LKA_CMB,MGO,828.36,BUNKERWORLD_HISTORICAL
2021-05-20,ARE_FUJ,VLSFO,630.21,BUNKERWORLD_HISTORICAL
2021-05-20,ARE_FUJ,MGO,800.07,BUNKERWORLD_HISTORICAL
2021-05-21,SGP_SIN,VLSFO,626.33,BUNKERWORLD_HISTORICAL
2021-05-21,SGP_SIN,MGO,816.4,BUNKERWORLD_HISTORICAL
2021-05-21,LKA_CMB,VLSFO,641.98,BUNKERWORLD_HISTORICAL
2021-05-21,LKA_CMB,MGO,836.81,BUNKERWORLD_HISTORICAL
2021-05-21,ARE_FUJ,VLSFO,620.06,BUNKERWORLD_HISTORICAL
2021-05-21,ARE_FUJ,MGO,808.24,BUNKERWORLD_HISTORICAL
2021-05-22,SGP_SIN,VLSFO,624.91,BUNKERWORLD_HISTORICAL
2021-05-22,SGP_SIN,MGO,814.71,BUNKERWORLD_HISTORICAL
2021-05-22,LKA_CMB,VLSFO,640.53,BUNKERWORLD_HISTORICAL
2021-05-22,LKA_CMB,MGO,835.08,BUNKERWORLD_HISTORICAL
2021-05-22,ARE_FUJ,VLSFO,618.66,BUNKERWORLD_HISTORICAL
2021-05-22,ARE_FUJ,MGO,806.57,BUNKERWORLD_HISTORICAL
2021-05-23,SGP_SIN,VLSFO,618.01,BUNKERWORLD_HISTORICAL
2021-05-23,SGP_SIN,MGO,785.18,BUNKERWORLD_HISTORICAL
2021-05-23,LKA_CMB,VLSFO,633.46,BUNKERWORLD_HISTORICAL
2021-05-23,LKA_CMB,MGO,804.81,BUNKERWORLD_HISTORICAL
2021-05-23,ARE_FUJ,VLSFO,611.83,BUNKERWORLD_HISTORICAL
2021-05-23,ARE_FUJ,MGO,777.33,BUNKERWORLD_HISTORICAL
2021-05-24,SGP_SIN,VLSFO,624.56,BUNKERWORLD_HISTORICAL
2021-05-24,SGP_SIN,MGO,794.53,BUNKERWORLD_HISTORICAL
2021-05-24,LKA_CMB,VLSFO,640.18,BUNKERWORLD_HISTORICAL
2021-05-24,LKA_CMB,MGO,814.39,BUNKERWORLD_HISTORICAL
2021-05-24,ARE_FUJ,VLSFO,618.32,BUNKERWORLD_HISTORICAL
2021-05-24,ARE_FUJ,MGO,786.58,BUNKERWORLD_HISTORICAL
2021-05-25,SGP_SIN,VLSFO,626.61,BUNKERWORLD_HISTORICAL
2021-05-25,SGP_SIN,MGO,788.51,BUNKERWORLD_HISTORICAL
2021-05-25,LKA_CMB,VLSFO,642.28,BUNKERWORLD_HISTORICAL
2021-05-25,LKA_CMB,MGO,808.22,BUNKERWORLD_HISTORICAL
2021-05-25,ARE_FUJ,VLSFO,620.35,BUNKERWORLD_HISTORICAL
2021-05-25,ARE_FUJ,MGO,780.62,BUNKERWORLD_HISTORICAL
2021-05-26,SGP_SIN,VLSFO,624.3,BUNKERWORLD_HISTORICAL
2021-05-26,SGP_SIN,MGO,796.05,BUNKERWORLD_HISTORICAL
2021-05-26,LKA_CMB,VLSFO,639.9,BUNKERWORLD_HISTORICAL
2021-05-26,LKA_CMB,MGO,815.95,BUNKERWORLD_HISTORICAL
2021-05-26,ARE_FUJ,VLSFO,618.05,BUNKERWORLD_HISTORICAL
2021-05-26,ARE_FUJ,MGO,788.09,BUNKERWORLD_HISTORICAL
2021-05-27,SGP_SIN,VLSFO,622.77,BUNKERWORLD_HISTORICAL
2021-05-27,SGP_SIN,MGO,805.66,BUNKERWORLD_HISTORICAL
2021-05-27,LKA_CMB,VLSFO,638.34,BUNKERWORLD_HISTORICAL
2021-05-27,LKA_CMB,MGO,825.8,BUNKERWORLD_HISTORICAL
2021-05-27,ARE_FUJ,VLSFO,616.54,BUNKERWORLD_HISTORICAL
2021-05-27,ARE_FUJ,MGO,797.6,BUNKERWORLD_HISTORICAL
2021-05-28,SGP_SIN,VLSFO,615.06,BUNKERWORLD_HISTORICAL
2021-05-28,SGP_SIN,MGO,790.34,BUNKERWORLD_HISTORICAL
2021-05-28,LKA_CMB,VLSFO,630.44,BUNKERWORLD_HISTORICAL
2021-05-28,LKA_CMB,MGO,810.1,BUNKERWORLD_HISTORICAL
2021-05-28,ARE_FUJ,VLSFO,608.91,BUNKERWORLD_HISTORICAL
2021-05-28,ARE_FUJ,MGO,782.44,BUNKERWORLD_HISTORICAL
2021-05-29,SGP_SIN,VLSFO,617.95,BUNKERWORLD_HISTORICAL
2021-05-29,SGP_SIN,MGO,797.56,BUNKERWORLD_HISTORICAL
2021-05-29,LKA_CMB,VLSFO,633.4,BUNKERWORLD_HISTORICAL
2021-05-29,LKA_CMB,MGO,817.49,BUNKERWORLD_HISTORICAL
2021-05-29,ARE_FUJ,VLSFO,611.77,BUNKERWORLD_HISTORICAL
2021-05-29,ARE_FUJ,MGO,789.58,BUNKERWORLD_HISTORICAL
2021-05-30,SGP_SIN,VLSFO,604.39,BUNKERWORLD_HISTORICAL
2021-05-30,SGP_SIN,MGO,774.04,BUNKERWORLD_HISTORICAL
2021-05-30,LKA_CMB,VLSFO,619.5,BUNKERWORLD_HISTORICAL
2021-05-30,LKA_CMB,MGO,793.39,BUNKERWORLD_HISTORICAL
2021-05-30,ARE_FUJ,VLSFO,598.35,BUNKERWORLD_HISTORICAL
2021-05-30,ARE_FUJ,MGO,766.3,BUNKERWORLD_HISTORICAL
2021-05-31,SGP_SIN,VLSFO,618.67,BUNKERWORLD_HISTORICAL
2021-05-31,SGP_SIN,MGO,787.4,BUNKERWORLD_HISTORICAL
2021-05-31,LKA_CMB,VLSFO,634.14,BUNKERWORLD_HISTORICAL
2021-05-31,LKA_CMB,MGO,807.09,BUNKERWORLD_HISTORICAL
2021-05-31,ARE_FUJ,VLSFO,612.48,BUNKERWORLD_HISTORICAL
2021-05-31,ARE_FUJ,MGO,779.53,BUNKERWORLD_HISTORICAL
2021-06-01,SGP_SIN,VLSFO,610.97,BUNKERWORLD_HISTORICAL
2021-06-01,SGP_SIN,MGO,775.29,BUNKERWORLD_HISTORICAL
2021-06-01,LKA_CMB,VLSFO,626.24,BUNKERWORLD_HISTORICAL
2021-06-01,LKA_CMB,MGO,794.67,BUNKERWORLD_HISTORICAL
2021-06-01,ARE_FUJ,VLSFO,604.86,BUNKERWORLD_HISTORICAL
2021-06-01,ARE_FUJ,MGO,767.54,BUNKERWORLD_HISTORICAL
2021-06-02,SGP_SIN,VLSFO,605.79,BUNKERWORLD_HISTORICAL
2021-06-02,SGP_SIN,MGO,778.74,BUNKERWORLD_HISTORICAL
2021-06-02,LKA_CMB,VLSFO,620.93,BUNKERWORLD_HISTORICAL
2021-06-02,LKA_CMB,MGO,798.21,BUNKERWORLD_HISTORICAL
2021-06-02,ARE_FUJ,VLSFO,599.73,BUNKERWORLD_HISTORICAL
2021-06-02,ARE_FUJ,MGO,770.95,BUNKERWORLD_HISTORICAL
2021-06-03,SGP_SIN,VLSFO,599.92,BUNKERWORLD_HISTORICAL
2021-06-03,SGP_SIN,MGO,764.55,BUNKERWORLD_HISTORICAL
2021-06-03,LKA_CMB,VLSFO,614.91,BUNKERWORLD_HISTORICAL
2021-06-03,LKA_CMB,MGO,783.66,BUNKERWORLD_HISTORICAL
2021-06-03,ARE_FUJ,VLSFO,593.92,BUNKERWORLD_HISTORICAL
2021-06-03,ARE_FUJ,MGO,756.9,BUNKERWORLD_HISTORICAL
2021-06-04,SGP_SIN,VLSFO,601.29,BUNKERWORLD_HISTORICAL
2021-06-04,SGP_SIN,MGO,772.68,BUNKERWORLD_HISTORICAL
2021-06-04,LKA_CMB,VLSFO,616.32,BUNKERWORLD_HISTORICAL
2021-06-04,LKA_CMB,MGO,792.0,BUNKERWORLD_HISTORICAL
2021-06-04,ARE_FUJ,VLSFO,595.27,BUNKERWORLD_HISTORICAL
2021-06-04,ARE_FUJ,MGO,764.95,BUNKERWORLD_HISTORICAL
2021-06-05,SGP_SIN,VLSFO,606.67,BUNKERWORLD_HISTORICAL
2021-06-05,SGP_SIN,MGO,766.66,BUNKERWORLD_HISTORICAL
2021-06-05,LKA_CMB,VLSFO,621.83,BUNKERWORLD_HISTORICAL
2021-06-05,LKA_CMB,MGO,785.83,BUNKERWORLD_HISTORICAL
2021-06-05,ARE_FUJ,VLSFO,600.6,BUNKERWORLD_HISTORICAL
2021-06-05,ARE_FUJ,MGO,758.99,BUNKERWORLD_HISTORICAL
2021-06-06,SGP_SIN,VLSFO,599.41,BUNKERWORLD_HISTORICAL
2021-06-06,SGP_SIN,MGO,774.94,BUNKERWORLD_HISTORICAL
2021-06-06,LKA_CMB,VLSFO,614.39,BUNKERWORLD_HISTORICAL
2021-06-06,LKA_CMB,MGO,794.31,BUNKERWORLD_HISTORICAL
2021-06-06,ARE_FUJ,VLSFO,593.41,BUNKERWORLD_HISTORICAL
2021-06-06,ARE_FUJ,MGO,767.19,BUNKERWORLD_HISTORICAL
2021-06-07,SGP_SIN,VLSFO,610.31,BUNKERWORLD_HISTORICAL
2021-06-07,SGP_SIN,MGO,784.07,BUNKERWORLD_HISTORICAL
2021-06-07,LKA_CMB,VLSFO,625.57,BUNKERWORLD_HISTORICAL
2021-06-07,LKA_CMB,MGO,803.67,BUNKERWORLD_HISTORICAL
2021-06-07,ARE_FUJ,VLSFO,604.21,BUNKERWORLD_HISTORICAL
2021-06-07,ARE_FUJ,MGO,776.23,BUNKERWORLD_HISTORICAL
2021-06-08,SGP_SIN,VLSFO,609.44,BUNKERWORLD_HISTORICAL
2021-06-08,SGP_SIN,MGO,784.57,BUNKERWORLD_HISTORICAL
2021-06-08,LKA_CMB,VLSFO,624.67,BUNKERWORLD_HISTORICAL
2021-06-08,LKA_CMB,MGO,804.18,BUNKERWORLD_HISTORICAL
2021-06-08,ARE_FUJ,VLSFO,603.34,BUNKERWORLD_HISTORICAL
2021-06-08,ARE_FUJ,MGO,776.72,BUNKERWORLD_HISTORICAL
2021-06-09,SGP_SIN,VLSFO,601.32,BUNKERWORLD_HISTORICAL
2021-06-09,SGP_SIN,MGO,763.83,BUNKERWORLD_HISTORICAL
2021-06-09,LKA_CMB,VLSFO,616.35,BUNKERWORLD_HISTORICAL
2021-06-09,LKA_CMB,MGO,782.92,BUNKERWORLD_HISTORICAL
2021-06-09,ARE_FUJ,VLSFO,595.3,BUNKERWORLD_HISTORICAL
2021-06-09,ARE_FUJ,MGO,756.19,BUNKERWORLD_HISTORICAL
2021-06-10,SGP_SIN,VLSFO,606.54,BUNKERWORLD_HISTORICAL
2021-06-10,SGP_SIN,MGO,775.64,BUNKERWORLD_HISTORICAL
2021-06-10,LKA_CMB,VLSFO,621.7,BUNKERWORLD_HISTORICAL
2021-06-10,LKA_CMB,MGO,795.03,BUNKERWORLD_HISTORICAL
2021-06-10,ARE_FUJ,VLSFO,600.47,BUNKERWORLD_HISTORICAL
2021-06-10,ARE_FUJ,MGO,767.88,BUNKERWORLD_HISTORICAL
2021-06-11,SGP_SIN,VLSFO,604.96,BUNKERWORLD_HISTORICAL
2021-06-11,SGP_SIN,MGO,775.21,BUNKERWORLD_HISTORICAL
2021-06-11,LKA_CMB,VLSFO,620.08,BUNKERWORLD_HISTORICAL
2021-06-11,LKA_CMB,MGO,794.59,BUNKERWORLD_HISTORICAL
2021-06-11,ARE_FUJ,VLSFO,598.91,BUNKERWORLD_HISTORICAL
2021-06-11,ARE_FUJ,MGO,767.46,BUNKERWORLD_HISTORICAL
2021-06-12,SGP_SIN,VLSFO,606.06,BUNKERWORLD_HISTORICAL
2021-06-12,SGP_SIN,MGO,777.63,BUNKERWORLD_HISTORICAL
2021-06-12,LKA_CMB,VLSFO,621.21,BUNKERWORLD_HISTORICAL
2021-06-12,LKA_CMB,MGO,797.07,BUNKERWORLD_HISTORICAL
2021-06-12,ARE_FUJ,VLSFO,600.0,BUNKERWORLD_HISTORICAL
2021-06-12,ARE_FUJ,MGO,769.85,BUNKERWORLD_HISTORICAL
2021-06-13,SGP_SIN,VLSFO,602.26,BUNKERWORLD_HISTORICAL
2021-06-13,SGP_SIN,MGO,771.86,BUNKERWORLD_HISTORICAL
2021-06-13,LKA_CMB,VLSFO,617.32,BUNKERWORLD_HISTORICAL
2021-06-13,LKA_CMB,MGO,791.15,BUNKERWORLD_HISTORICAL
2021-06-13,ARE_FUJ,VLSFO,596.24,BUNKERWORLD_HISTORICAL
2021-06-13,ARE_FUJ,MGO,764.14,BUNKERWORLD_HISTORICAL
2021-06-14,SGP_SIN,VLSFO,607.8,BUNKERWORLD_HISTORICAL
2021-06-14,SGP_SIN,MGO,780.18,BUNKERWORLD_HISTORICAL
2021-06-14,LKA_CMB,VLSFO,622.99,BUNKERWORLD_HISTORICAL
2021-06-14,LKA_CMB,MGO,799.69,BUNKERWORLD_HISTORICAL
2021-06-14,ARE_FUJ,VLSFO,601.72,BUNKERWORLD_HISTORICAL
2021-06-14,ARE_FUJ,MGO,772.38,BUNKERWORLD_HISTORICAL
2021-06-15,SGP_SIN,VLSFO,607.89,BUNKERWORLD_HISTORICAL
2021-06-15,SGP_SIN,MGO,773.1,BUNKERWORLD_HISTORICAL
2021-06-15,LKA_CMB,VLSFO,623.08,BUNKERWORLD_HISTORICAL
2021-06-15,LKA_CMB,MGO,792.43,BUNKERWORLD_HISTORICAL
2021-06-15,ARE_FUJ,VLSFO,601.81,BUNKERWORLD_HISTORICAL
2021-06-15,ARE_FUJ,MGO,765.37,BUNKERWORLD_HISTORICAL
2021-06-16,SGP_SIN,VLSFO,594.9,BUNKERWORLD_HISTORICAL
2021-06-16,SGP_SIN,MGO,763.62,BUNKERWORLD_HISTORICAL
2021-06-16,LKA_CMB,VLSFO,609.77,BUNKERWORLD_HISTORICAL
2021-06-16,LKA_CMB,MGO,782.71,BUNKERWORLD_HISTORICAL
2021-06-16,ARE_FUJ,VLSFO,588.95,BUNKERWORLD_HISTORICAL
2021-06-16,ARE_FUJ,MGO,755.99,BUNKERWORLD_HISTORICAL
2021-06-17,SGP_SIN,VLSFO,604.31,BUNKERWORLD_HISTORICAL
2021-06-17,SGP_SIN,MGO,779.65,BUNKERWORLD_HISTORICAL
2021-06-17,LKA_CMB,VLSFO,619.42,BUNKERWORLD_HISTORICAL
2021-06-17,LKA_CMB,MGO,799.14,BUNKERWORLD_HISTORICAL
2021-06-17,ARE_FUJ,VLSFO,598.27,BUNKERWORLD_HISTORICAL
2021-06-17,ARE_FUJ,MGO,771.85,BUNKERWORLD_HISTORICAL
2021-06-18,SGP_SIN,VLSFO,584.7,BUNKERWORLD_HISTORICAL
2021-06-18,SGP_SIN,MGO,744.43,BUNKERWORLD_HISTORICAL
2021-06-18,LKA_CMB,VLSFO,599.32,BUNKERWORLD_HISTORICAL
2021-06-18,LKA_CMB,MGO,763.05,BUNKERWORLD_HISTORICAL
2021-06-18,ARE_FUJ,VLSFO,578.86,BUNKERWORLD_HISTORICAL
2021-06-18,ARE_FUJ,MGO,736.99,BUNKERWORLD_HISTORICAL
2021-06-19,SGP_SIN,VLSFO,600.17,BUNKERWORLD_HISTORICAL
2021-06-19,SGP_SIN,MGO,768.87,BUNKERWORLD_HISTORICAL
2021-06-19,LKA_CMB,VLSFO,615.18,BUNKERWORLD_HISTORICAL
2021-06-19,LKA_CMB,MGO,788.09,BUNKERWORLD_HISTORICAL
2021-06-19,ARE_FUJ,VLSFO,594.17,BUNKERWORLD_HISTORICAL
2021-06-19,ARE_FUJ,MGO,761.18,BUNKERWORLD_HISTORICAL
2021-06-20,SGP_SIN,VLSFO,599.64,BUNKERWORLD_HISTORICAL
2021-06-20,SGP_SIN,MGO,774.59,BUNKERWORLD_HISTORICAL
2021-06-20,LKA_CMB,VLSFO,614.63,BUNKERWORLD_HISTORICAL
2021-06-20,LKA_CMB,MGO,793.95,BUNKERWORLD_HISTORICAL
2021-06-20,ARE_FUJ,VLSFO,593.65,BUNKERWORLD_HISTORICAL
2021-06-20,ARE_FUJ,MGO,766.84,BUNKERWORLD_HISTORICAL
2021-06-21,SGP_SIN,VLSFO,603.56,BUNKERWORLD_HISTORICAL
2021-06-21,SGP_SIN,MGO,772.68,BUNKERWORLD_HISTORICAL
2021-06-21,LKA_CMB,VLSFO,618.65,BUNKERWORLD_HISTORICAL
2021-06-21,LKA_CMB,MGO,792.0,BUNKERWORLD_HISTORICAL
2021-06-21,ARE_FUJ,VLSFO,597.52,BUNKERWORLD_HISTORICAL
2021-06-21,ARE_FUJ,MGO,764.96,BUNKERWORLD_HISTORICAL
2021-06-22,SGP_SIN,VLSFO,605.69,BUNKERWORLD_HISTORICAL
2021-06-22,SGP_SIN,MGO,773.41,BUNKERWORLD_HISTORICAL
2021-06-22,LKA_CMB,VLSFO,620.83,BUNKERWORLD_HISTORICAL
2021-06-22,LKA_CMB,MGO,792.75,BUNKERWORLD_HISTORICAL
2021-06-22,ARE_FUJ,VLSFO,599.63,BUNKERWORLD_HISTORICAL
2021-06-22,ARE_FUJ,MGO,765.68,BUNKERWORLD_HISTORICAL
2021-06-23,SGP_SIN,VLSFO,605.7,BUNKERWORLD_HISTORICAL
2021-06-23,SGP_SIN,MGO,782.8,BUNKERWORLD_HISTORICAL
2021-06-23,LKA_CMB,VLSFO,620.85,BUNKERWORLD_HISTORICAL
2021-06-23,LKA_CMB,MGO,802.37,BUNKERWORLD_HISTORICAL
2021-06-23,ARE_FUJ,VLSFO,599.65,BUNKERWORLD_HISTORICAL
2021-06-23,ARE_FUJ,MGO,774.97,BUNKERWORLD_HISTORICAL
2021-06-24,SGP_SIN,VLSFO,604.24,BUNKERWORLD_HISTORICAL
2021-06-24,SGP_SIN,MGO,756.68,BUNKERWORLD_HISTORICAL
2021-06-24,LKA_CMB,VLSFO,619.35,BUNKERWORLD_HISTORICAL
2021-06-24,LKA_CMB,MGO,775.6,BUNKERWORLD_HISTORICAL
2021-06-24,ARE_FUJ,VLSFO,598.2,BUNKERWORLD_HISTORICAL
2021-06-24,ARE_FUJ,MGO,749.12,BUNKERWORLD_HISTORICAL
2021-06-25,SGP_SIN,VLSFO,610.54,BUNKERWORLD_HISTORICAL
2021-06-25,SGP_SIN,MGO,777.04,BUNKERWORLD_HISTORICAL
2021-06-25,LKA_CMB,VLSFO,625.8,BUNKERWORLD_HISTORICAL
2021-06-25,LKA_CMB,MGO,796.47,BUNKERWORLD_HISTORICAL
2021-06-25,ARE_FUJ,VLSFO,604.43,BUNKERWORLD_HISTORICAL
2021-06-25,ARE_FUJ,MGO,769.27,BUNKERWORLD_HISTORICAL
2021-06-26,SGP_SIN,VLSFO,607.44,BUNKERWORLD_HISTORICAL
2021-06-26,SGP_SIN,MGO,774.64,BUNKERWORLD_HISTORICAL
2021-06-26,LKA_CMB,VLSFO,622.63,BUNKERWORLD_HISTORICAL
2021-06-26,LKA_CMB,MGO,794.0,BUNKERWORLD_HISTORICAL
2021-06-26,ARE_FUJ,VLSFO,601.36,BUNKERWORLD_HISTORICAL
2021-06-26,ARE_FUJ,MGO,766.89,BUNKERWORLD_HISTORICAL
2021-06-27,SGP_SIN,VLSFO,611.28,BUNKERWORLD_HISTORICAL
2021-06-27,SGP_SIN,MGO,788.4,BUNKERWORLD_HISTORICAL
2021-06-27,LKA_CMB,VLSFO,626.56,BUNKERWORLD_HISTORICAL
2021-06-27,LKA_CMB,MGO,808.11,BUNKERWORLD_HISTORICAL
2021-06-27,ARE_FUJ,VLSFO,605.16,BUNKERWORLD_HISTORICAL
2021-06-27,ARE_FUJ,MGO,780.52,BUNKERWORLD_HISTORICAL
2021-06-28,SGP_SIN,VLSFO,606.38,BUNKERWORLD_HISTORICAL
2021-06-28,SGP_SIN,MGO,762.45,BUNKERWORLD_HISTORICAL
2021-06-28,LKA_CMB,VLSFO,621.53,BUNKERWORLD_HISTORICAL
2021-06-28,LKA_CMB,MGO,781.52,BUNKERWORLD_HISTORICAL
2021-06-28,ARE_FUJ,VLSFO,600.31,BUNKERWORLD_HISTORICAL
2021-06-28,ARE_FUJ,MGO,754.83,BUNKERWORLD_HISTORICAL
2021-06-29,SGP_SIN,VLSFO,608.46,BUNKERWORLD_HISTORICAL
2021-06-29,SGP_SIN,MGO,768.46,BUNKERWORLD_HISTORICAL
2021-06-29,LKA_CMB,VLSFO,623.68,BUNKERWORLD_HISTORICAL
2021-06-29,LKA_CMB,MGO,787.67,BUNKERWORLD_HISTORICAL
2021-06-29,ARE_FUJ,VLSFO,602.38,BUNKERWORLD_HISTORICAL
2021-06-29,ARE_FUJ,MGO,760.77,BUNKERWORLD_HISTORICAL
2021-06-30,SGP_SIN,VLSFO,610.32,BUNKERWORLD_HISTORICAL
2021-06-30,SGP_SIN,MGO,781.88,BUNKERWORLD_HISTORICAL
2021-06-30,LKA_CMB,VLSFO,625.58,BUNKERWORLD_HISTORICAL
2021-06-30,LKA_CMB,MGO,801.43,BUNKERWORLD_HISTORICAL
2021-06-30,ARE_FUJ,VLSFO,604.21,BUNKERWORLD_HISTORICAL
2021-06-30,ARE_FUJ,MGO,774.06,BUNKERWORLD_HISTORICAL
2021-07-01,SGP_SIN,VLSFO,599.38,BUNKERWORLD_HISTORICAL
2021-07-01,SGP_SIN,MGO,766.99,BUNKERWORLD_HISTORICAL
2021-07-01,LKA_CMB,VLSFO,614.36,BUNKERWORLD_HISTORICAL
2021-07-01,LKA_CMB,MGO,786.17,BUNKERWORLD_HISTORICAL
2021-07-01,ARE_FUJ,VLSFO,593.38,BUNKERWORLD_HISTORICAL
2021-07-01,ARE_FUJ,MGO,759.32,BUNKERWORLD_HISTORICAL
2021-07-02,SGP_SIN,VLSFO,616.65,BUNKERWORLD_HISTORICAL
2021-07-02,SGP_SIN,MGO,784.85,BUNKERWORLD_HISTORICAL
2021-07-02,LKA_CMB,VLSFO,632.07,BUNKERWORLD_HISTORICAL
2021-07-02,LKA_CMB,MGO,804.47,BUNKERWORLD_HISTORICAL
2021-07-02,ARE_FUJ,VLSFO,610.48,BUNKERWORLD_HISTORICAL
2021-07-02,ARE_FUJ,MGO,777.0,BUNKERWORLD_HISTORICAL
2021-07-03,SGP_SIN,VLSFO,621.59,BUNKERWORLD_HISTORICAL
2021-07-03,SGP_SIN,MGO,791.99,BUNKERWORLD_HISTORICAL
2021-07-03,LKA_CMB,VLSFO,637.13,BUNKERWORLD_HISTORICAL
2021-07-03,LKA_CMB,MGO,811.79,BUNKERWORLD_HISTORICAL
2021-07-03,ARE_FUJ,VLSFO,615.38,BUNKERWORLD_HISTORICAL
2021-07-03,ARE_FUJ,MGO,784.07,BUNKERWORLD_HISTORICAL
2021-07-04,SGP_SIN,VLSFO,614.35,BUNKERWORLD_HISTORICAL
2021-07-04,SGP_SIN,MGO,776.88,BUNKERWORLD_HISTORICAL
2021-07-04,LKA_CMB,VLSFO,629.71,BUNKERWORLD_HISTORICAL
2021-07-04,LKA_CMB,MGO,796.3,BUNKERWORLD_HISTORICAL
2021-07-04,ARE_FUJ,VLSFO,608.21,BUNKERWORLD_HISTORICAL
2021-07-04,ARE_FUJ,MGO,769.11,BUNKERWORLD_HISTORICAL
2021-07-05,SGP_SIN,VLSFO,612.57,BUNKERWORLD_HISTORICAL
2021-07-05,SGP_SIN,MGO,795.2,BUNKERWORLD_HISTORICAL
2021-07-05,LKA_CMB,VLSFO,627.88,BUNKERWORLD_HISTORICAL
2021-07-05,LKA_CMB,MGO,815.08,BUNKERWORLD_HISTORICAL
2021-07-05,ARE_FUJ,VLSFO,606.44,BUNKERWORLD_HISTORICAL
2021-07-05,ARE_FUJ,MGO,787.24,BUNKERWORLD_HISTORICAL
2021-07-06,SGP_SIN,VLSFO,607.8,BUNKERWORLD_HISTORICAL
2021-07-06,SGP_SIN,MGO,786.35,BUNKERWORLD_HISTORICAL
2021-07-06,LKA_CMB,VLSFO,622.99,BUNKERWORLD_HISTORICAL
2021-07-06,LKA_CMB,MGO,806.01,BUNKERWORLD_HISTORICAL
2021-07-06,ARE_FUJ,VLSFO,601.72,BUNKERWORLD_HISTORICAL
2021-07-06,ARE_FUJ,MGO,778.48,BUNKERWORLD_HISTORICAL
2021-07-07,SGP_SIN,VLSFO,614.18,BUNKERWORLD_HISTORICAL
2021-07-07,SGP_SIN,MGO,772.24,BUNKERWORLD_HISTORICAL
2021-07-07,LKA_CMB,VLSFO,629.53,BUNKERWORLD_HISTORICAL
2021-07-07,LKA_CMB,MGO,791.55,BUNKERWORLD_HISTORICAL
2021-07-07,ARE_FUJ,VLSFO,608.04,BUNKERWORLD_HISTORICAL
2021-07-07,ARE_FUJ,MGO,764.52,BUNKERWORLD_HISTORICAL
2021-07-08,SGP_SIN,VLSFO,610.54,BUNKERWORLD_HISTORICAL
2021-07-08,SGP_SIN,MGO,790.93,BUNKERWORLD_HISTORICAL
2021-07-08,LKA_CMB,VLSFO,625.81,BUNKERWORLD_HISTORICAL
2021-07-08,LKA_CMB,MGO,810.7,BUNKERWORLD_HISTORICAL
2021-07-08,ARE_FUJ,VLSFO,604.44,BUNKERWORLD_HISTORICAL
2021-07-08,ARE_FUJ,MGO,783.02,BUNKERWORLD_HISTORICAL
2021-07-09,SGP_SIN,VLSFO,605.97,BUNKERWORLD_HISTORICAL
2021-07-09,SGP_SIN,MGO,771.73,BUNKERWORLD_HISTORICAL
2021-07-09,LKA_CMB,VLSFO,621.12,BUNKERWORLD_HISTORICAL
2021-07-09,LKA_CMB,MGO,791.03,BUNKERWORLD_HISTORICAL
2021-07-09,ARE_FUJ,VLSFO,599.91,BUNKERWORLD_HISTORICAL
2021-07-09,ARE_FUJ,MGO,764.01,BUNKERWORLD_HISTORICAL
2021-07-10,SGP_SIN,VLSFO,617.63,BUNKERWORLD_HISTORICAL
2021-07-10,SGP_SIN,MGO,784.93,BUNKERWORLD_HISTORICAL
2021-07-10,LKA_CMB,VLSFO,633.08,BUNKERWORLD_HISTORICAL
2021-07-10,LKA_CMB,MGO,804.55,BUNKERWORLD_HISTORICAL
2021-07-10,ARE_FUJ,VLSFO,611.46,BUNKERWORLD_HISTORICAL
2021-07-10,ARE_FUJ,MGO,777.08,BUNKERWORLD_HISTORICAL
2021-07-11,SGP_SIN,VLSFO,600.47,BUNKERWORLD_HISTORICAL
2021-07-11,SGP_SIN,MGO,775.14,BUNKERWORLD_HISTORICAL
2021-07-11,LKA_CMB,VLSFO,615.48,BUNKERWORLD_HISTORICAL
2021-07-11,LKA_CMB,MGO,794.52,BUNKERWORLD_HISTORICAL
2021-07-11,ARE_FUJ,VLSFO,594.46,BUNKERWORLD_HISTORICAL
2021-07-11,ARE_FUJ,MGO,767.39,BUNKERWORLD_HISTORICAL
2021-07-12,SGP_SIN,VLSFO,605.18,BUNKERWORLD_HISTORICAL
2021-07-12,SGP_SIN,MGO,769.74,BUNKERWORLD_HISTORICAL
2021-07-12,LKA_CMB,VLSFO,620.31,BUNKERWORLD_HISTORICAL
2021-07-12,LKA_CMB,MGO,788.99,BUNKERWORLD_HISTORICAL
2021-07-12,ARE_FUJ,VLSFO,599.13,BUNKERWORLD_HISTORICAL
2021-07-12,ARE_FUJ,MGO,762.05,BUNKERWORLD_HISTORICAL
2021-07-13,SGP_SIN,VLSFO,610.46,BUNKERWORLD_HISTORICAL
2021-07-13,SGP_SIN,MGO,794.53,BUNKERWORLD_HISTORICAL
2021-07-13,LKA_CMB,VLSFO,625.73,BUNKERWORLD_HISTORICAL
2021-07-13,LKA_CMB,MGO,814.39,BUNKERWORLD_HISTORICAL
2021-07-13,ARE_FUJ,VLSFO,604.36,BUNKERWORLD_HISTORICAL
2021-07-13,ARE_FUJ,MGO,786.58,BUNKERWORLD_HISTORICAL
2021-07-14,SGP_SIN,VLSFO,611.7,BUNKERWORLD_HISTORICAL
2021-07-14,SGP_SIN,MGO,788.16,BUNKERWORLD_HISTORICAL
2021-07-14,LKA_CMB,VLSFO,626.99,BUNKERWORLD_HISTORICAL
2021-07-14,LKA_CMB,MGO,807.87,BUNKERWORLD_HISTORICAL
2021-07-14,ARE_FUJ,VLSFO,605.58,BUNKERWORLD_HISTORICAL
2021-07-14,ARE_FUJ,MGO,780.28,BUNKERWORLD_HISTORICAL
2021-07-15,SGP_SIN,VLSFO,600.55,BUNKERWORLD_HISTORICAL
2021-07-15,SGP_SIN,MGO,756.88,BUNKERWORLD_HISTORICAL
2021-07-15,LKA_CMB,VLSFO,615.56,BUNKERWORLD_HISTORICAL
2021-07-15,LKA_CMB,MGO,775.8,BUNKERWORLD_HISTORICAL
2021-07-15,ARE_FUJ,VLSFO,594.54,BUNKERWORLD_HISTORICAL
2021-07-15,ARE_FUJ,MGO,749.31,BUNKERWORLD_HISTORICAL
2021-07-16,SGP_SIN,VLSFO,615.81,BUNKERWORLD_HISTORICAL
2021-07-16,SGP_SIN,MGO,794.63,BUNKERWORLD_HISTORICAL
2021-07-16,LKA_CMB,VLSFO,631.21,BUNKERWORLD_HISTORICAL
2021-07-16,LKA_CMB,MGO,814.5,BUNKERWORLD_HISTORICAL
2021-07-16,ARE_FUJ,VLSFO,609.65,BUNKERWORLD_HISTORICAL
2021-07-16,ARE_FUJ,MGO,786.69,BUNKERWORLD_HISTORICAL
2021-07-17,SGP_SIN,VLSFO,590.99,BUNKERWORLD_HISTORICAL
2021-07-17,SGP_SIN,MGO,754.11,BUNKERWORLD_HISTORICAL
2021-07-17,LKA_CMB,VLSFO,605.77,BUNKERWORLD_HISTORICAL
2021-07-17,LKA_CMB,MGO,772.97,BUNKERWORLD_HISTORICAL
2021-07-17,ARE_FUJ,VLSFO,585.08,BUNKERWORLD_HISTORICAL
2021-07-17,ARE_FUJ,MGO,746.57,BUNKERWORLD_HISTORICAL
2021-07-18,SGP_SIN,VLSFO,621.42,BUNKERWORLD_HISTORICAL
2021-07-18,SGP_SIN,MGO,786.34,BUNKERWORLD_HISTORICAL
2021-07-18,LKA_CMB,VLSFO,636.95,BUNKERWORLD_HISTORICAL
2021-07-18,LKA_CMB,MGO,806.0,BUNKERWORLD_HISTORICAL
2021-07-18,ARE_FUJ,VLSFO,615.2,BUNKERWORLD_HISTORICAL
2021-07-18,ARE_FUJ,MGO,778.47,BUNKERWORLD_HISTORICAL
2021-07-19,SGP_SIN,VLSFO,605.95,BUNKERWORLD_HISTORICAL
2021-07-19,SGP_SIN,MGO,774.14,BUNKERWORLD_HISTORICAL
2021-07-19,LKA_CMB,VLSFO,621.1,BUNKERWORLD_HISTORICAL
2021-07-19,LKA_CMB,MGO,793.49,BUNKERWORLD_HISTORICAL
2021-07-19,ARE_FUJ,VLSFO,599.9,BUNKERWORLD_HISTORICAL
2021-07-19,ARE_FUJ,MGO,766.4,BUNKERWORLD_HISTORICAL
2021-07-20,SGP_SIN,VLSFO,609.71,BUNKERWORLD_HISTORICAL
2021-07-20,SGP_SIN,MGO,773.32,BUNKERWORLD_HISTORICAL
2021-07-20,LKA_CMB,VLSFO,624.95,BUNKERWORLD_HISTORICAL
2021-07-20,LKA_CMB,MGO,792.65,BUNKERWORLD_HISTORICAL
2021-07-20,ARE_FUJ,VLSFO,603.61,BUNKERWORLD_HISTORICAL
2021-07-20,ARE_FUJ,MGO,765.58,BUNKERWORLD_HISTORICAL
2021-07-21,SGP_SIN,VLSFO,605.39,BUNKERWORLD_HISTORICAL
2021-07-21,SGP_SIN,MGO,769.85,BUNKERWORLD_HISTORICAL
2021-07-21,LKA_CMB,VLSFO,620.52,BUNKERWORLD_HISTORICAL
2021-07-21,LKA_CMB,MGO,789.09,BUNKERWORLD_HISTORICAL
2021-07-21,ARE_FUJ,VLSFO,599.34,BUNKERWORLD_HISTORICAL
2021-07-21,ARE_FUJ,MGO,762.15,BUNKERWORLD_HISTORICAL
2021-07-22,SGP_SIN,VLSFO,598.17,BUNKERWORLD_HISTORICAL
2021-07-22,SGP_SIN,MGO,771.9,BUNKERWORLD_HISTORICAL
2021-07-22,LKA_CMB,VLSFO,613.12,BUNKERWORLD_HISTORICAL
2021-07-22,LKA_CMB,MGO,791.2,BUNKERWORLD_HISTORICAL
2021-07-22,ARE_FUJ,VLSFO,592.19,BUNKERWORLD_HISTORICAL
2021-07-22,ARE_FUJ,MGO,764.18,BUNKERWORLD_HISTORICAL
2021-07-23,SGP_SIN,VLSFO,604.06,BUNKERWORLD_HISTORICAL
2021-07-23,SGP_SIN,MGO,769.02,BUNKERWORLD_HISTORICAL
2021-07-23,LKA_CMB,VLSFO,619.16,BUNKERWORLD_HISTORICAL
2021-07-23,LKA_CMB,MGO,788.25,BUNKERWORLD_HISTORICAL
2021-07-23,ARE_FUJ,VLSFO,598.02,BUNKERWORLD_HISTORICAL
2021-07-23,ARE_FUJ,MGO,761.33,BUNKERWORLD_HISTORICAL
2021-07-24,SGP_SIN,VLSFO,595.02,BUNKERWORLD_HISTORICAL
2021-07-24,SGP_SIN,MGO,750.95,BUNKERWORLD_HISTORICAL
2021-07-24,LKA_CMB,VLSFO,609.89,BUNKERWORLD_HISTORICAL
2021-07-24,LKA_CMB,MGO,769.72,BUNKERWORLD_HISTORICAL
2021-07-24,ARE_FUJ,VLSFO,589.07,BUNKERWORLD_HISTORICAL
2021-07-24,ARE_FUJ,MGO,743.44,BUNKERWORLD_HISTORICAL
2021-07-25,SGP_SIN,VLSFO,589.82,BUNKERWORLD_HISTORICAL
2021-07-25,SGP_SIN,MGO,747.58,BUNKERWORLD_HISTORICAL
2021-07-25,LKA_CMB,VLSFO,604.57,BUNKERWORLD_HISTORICAL
2021-07-25,LKA_CMB,MGO,766.27,BUNKERWORLD_HISTORICAL
2021-07-25,ARE_FUJ,VLSFO,583.92,BUNKERWORLD_HISTORICAL
2021-07-25,ARE_FUJ,MGO,740.11,BUNKERWORLD_HISTORICAL
2021-07-26,SGP_SIN,VLSFO,591.81,BUNKERWORLD_HISTORICAL
2021-07-26,SGP_SIN,MGO,752.83,BUNKERWORLD_HISTORICAL
2021-07-26,LKA_CMB,VLSFO,606.61,BUNKERWORLD_HISTORICAL
2021-07-26,LKA_CMB,MGO,771.65,BUNKERWORLD_HISTORICAL
2021-07-26,ARE_FUJ,VLSFO,585.89,BUNKERWORLD_HISTORICAL
2021-07-26,ARE_FUJ,MGO,745.3,BUNKERWORLD_HISTORICAL
2021-07-27,SGP_SIN,VLSFO,588.56,BUNKERWORLD_HISTORICAL
2021-07-27,SGP_SIN,MGO,739.49,BUNKERWORLD_HISTORICAL
2021-07-27,LKA_CMB,VLSFO,603.27,BUNKERWORLD_HISTORICAL
2021-07-27,LKA_CMB,MGO,757.97,BUNKERWORLD_HISTORICAL
2021-07-27,ARE_FUJ,VLSFO,582.67,BUNKERWORLD_HISTORICAL
2021-07-27,ARE_FUJ,MGO,732.09,BUNKERWORLD_HISTORICAL
2021-07-28,SGP_SIN,VLSFO,606.61,BUNKERWORLD_HISTORICAL
2021-07-28,SGP_SIN,MGO,765.72,BUNKERWORLD_HISTORICAL
2021-07-28,LKA_CMB,VLSFO,621.77,BUNKERWORLD_HISTORICAL
2021-07-28,LKA_CMB,MGO,784.86,BUNKERWORLD_HISTORICAL
2021-07-28,ARE_FUJ,VLSFO,600.54,BUNKERWORLD_HISTORICAL
2021-07-28,ARE_FUJ,MGO,758.06,BUNKERWORLD_HISTORICAL
2021-07-29,SGP_SIN,VLSFO,586.63,BUNKERWORLD_HISTORICAL
2021-07-29,SGP_SIN,MGO,744.43,BUNKERWORLD_HISTORICAL
2021-07-29,LKA_CMB,VLSFO,601.3,BUNKERWORLD_HISTORICAL
2021-07-29,LKA_CMB,MGO,763.04,BUNKERWORLD_HISTORICAL
2021-07-29,ARE_FUJ,VLSFO,580.77,BUNKERWORLD_HISTORICAL
2021-07-29,ARE_FUJ,MGO,736.98,BUNKERWORLD_HISTORICAL
2021-07-30,SGP_SIN,VLSFO,590.37,BUNKERWORLD_HISTORICAL
2021-07-30,SGP_SIN,MGO,750.01,BUNKERWORLD_HISTORICAL
2021-07-30,LKA_CMB,VLSFO,605.13,BUNKERWORLD_HISTORICAL
2021-07-30,LKA_CMB,MGO,768.76,BUNKERWORLD_HISTORICAL
2021-07-30,ARE_FUJ,VLSFO,584.46,BUNKERWORLD_HISTORICAL
2021-07-30,ARE_FUJ,MGO,742.51,BUNKERWORLD_HISTORICAL
2021-07-31,SGP_SIN,VLSFO,582.89,BUNKERWORLD_HISTORICAL
2021-07-31,SGP_SIN,MGO,748.52,BUNKERWORLD_HISTORICAL
2021-07-31,LKA_CMB,VLSFO,597.46,BUNKERWORLD_HISTORICAL
2021-07-31,LKA_CMB,MGO,767.23,BUNKERWORLD_HISTORICAL
2021-07-31,ARE_FUJ,VLSFO,577.06,BUNKERWORLD_HISTORICAL
2021-07-31,ARE_FUJ,MGO,741.04,BUNKERWORLD_HISTORICAL
2021-08-01,SGP_SIN,VLSFO,590.39,BUNKERWORLD_HISTORICAL
2021-08-01,SGP_SIN,MGO,753.76,BUNKERWORLD_HISTORICAL
2021-08-01,LKA_CMB,VLSFO,605.15,BUNKERWORLD_HISTORICAL
2021-08-01,LKA_CMB,MGO,772.6,BUNKERWORLD_HISTORICAL
2021-08-01,ARE_FUJ,VLSFO,584.48,BUNKERWORLD_HISTORICAL
2021-08-01,ARE_FUJ,MGO,746.22,BUNKERWORLD_HISTORICAL
2021-08-02,SGP_SIN,VLSFO,578.35,BUNKERWORLD_HISTORICAL
2021-08-02,SGP_SIN,MGO,752.23,BUNKERWORLD_HISTORICAL
2021-08-02,LKA_CMB,VLSFO,592.81,BUNKERWORLD_HISTORICAL
2021-08-02,LKA_CMB,MGO,771.03,BUNKERWORLD_HISTORICAL
2021-08-02,ARE_FUJ,VLSFO,572.56,BUNKERWORLD_HISTORICAL
2021-08-02,ARE_FUJ,MGO,744.71,BUNKERWORLD_HISTORICAL
2021-08-03,SGP_SIN,VLSFO,579.68,BUNKERWORLD_HISTORICAL
2021-08-03,SGP_SIN,MGO,744.75,BUNKERWORLD_HISTORICAL
2021-08-03,LKA_CMB,VLSFO,594.17,BUNKERWORLD_HISTORICAL
2021-08-03,LKA_CMB,MGO,763.37,BUNKERWORLD_HISTORICAL
2021-08-03,ARE_FUJ,VLSFO,573.88,BUNKERWORLD_HISTORICAL
2021-08-03,ARE_FUJ,MGO,737.3,BUNKERWORLD_HISTORICAL
2021-08-04,SGP_SIN,VLSFO,572.72,BUNKERWORLD_HISTORICAL
2021-08-04,SGP_SIN,MGO,727.97,BUNKERWORLD_HISTORICAL
2021-08-04,LKA_CMB,VLSFO,587.03,BUNKERWORLD_HISTORICAL
2021-08-04,LKA_CMB,MGO,746.16,BUNKERWORLD_HISTORICAL
2021-08-04,ARE_FUJ,VLSFO,566.99,BUNKERWORLD_HISTORICAL
2021-08-04,ARE_FUJ,MGO,720.69,BUNKERWORLD_HISTORICAL
2021-08-05,SGP_SIN,VLSFO,600.35,BUNKERWORLD_HISTORICAL
2021-08-05,SGP_SIN,MGO,760.83,BUNKERWORLD_HISTORICAL
2021-08-05,LKA_CMB,VLSFO,615.36,BUNKERWORLD_HISTORICAL
2021-08-05,LKA_CMB,MGO,779.85,BUNKERWORLD_HISTORICAL
2021-08-05,ARE_FUJ,VLSFO,594.35,BUNKERWORLD_HISTORICAL
2021-08-05,ARE_FUJ,MGO,753.22,BUNKERWORLD_HISTORICAL
2021-08-06,SGP_SIN,VLSFO,584.49,BUNKERWORLD_HISTORICAL
2021-08-06,SGP_SIN,MGO,748.82,BUNKERWORLD_HISTORICAL
2021-08-06,LKA_CMB,VLSFO,599.1,BUNKERWORLD_HISTORICAL
2021-08-06,LKA_CMB,MGO,767.55,BUNKERWORLD_HISTORICAL
2021-08-06,ARE_FUJ,VLSFO,578.64,BUNKERWORLD_HISTORICAL
2021-08-06,ARE_FUJ,MGO,741.34,BUNKERWORLD_HISTORICAL
2021-08-07,SGP_SIN,VLSFO,586.94,BUNKERWORLD_HISTORICAL
2021-08-07,SGP_SIN,MGO,747.54,BUNKERWORLD_HISTORICAL
2021-08-07,LKA_CMB,VLSFO,601.61,BUNKERWORLD_HISTORICAL
2021-08-07,LKA_CMB,MGO,766.23,BUNKERWORLD_HISTORICAL
2021-08-07,ARE_FUJ,VLSFO,581.07,BUNKERWORLD_HISTORICAL
2021-08-07,ARE_FUJ,MGO,740.06,BUNKERWORLD_HISTORICAL
2021-08-08,SGP_SIN,VLSFO,582.07,BUNKERWORLD_HISTORICAL
2021-08-08,SGP_SIN,MGO,732.18,BUNKERWORLD_HISTORICAL
2021-08-08,LKA_CMB,VLSFO,596.62,BUNKERWORLD_HISTORICAL
2021-08-08,LKA_CMB,MGO,750.49,BUNKERWORLD_HISTORICAL
2021-08-08,ARE_FUJ,VLSFO,576.25,BUNKERWORLD_HISTORICAL
2021-08-08,ARE_FUJ,MGO,724.86,BUNKERWORLD_HISTORICAL
2021-08-09,SGP_SIN,VLSFO,593.36,BUNKERWORLD_HISTORICAL
2021-08-09,SGP_SIN,MGO,754.53,BUNKERWORLD_HISTORICAL
2021-08-09,LKA_CMB,VLSFO,608.19,BUNKERWORLD_HISTORICAL
2021-08-09,LKA_CMB,MGO,773.4,BUNKERWORLD_HISTORICAL
2021-08-09,ARE_FUJ,VLSFO,587.43,BUNKERWORLD_HISTORICAL
2021-08-09,ARE_FUJ,MGO,746.99,BUNKERWORLD_HISTORICAL
2021-08-10,SGP_SIN,VLSFO,585.34,BUNKERWORLD_HISTORICAL
2021-08-10,SGP_SIN,MGO,750.88,BUNKERWORLD_HISTORICAL
2021-08-10,LKA_CMB,VLSFO,599.97,BUNKERWORLD_HISTORICAL
2021-08-10,LKA_CMB,MGO,769.65,BUNKERWORLD_HISTORICAL
2021-08-10,ARE_FUJ,VLSFO,579.48,BUNKERWORLD_HISTORICAL
2021-08-10,ARE_FUJ,MGO,743.37,BUNKERWORLD_HISTORICAL
2021-08-11,SGP_SIN,VLSFO,590.62,BUNKERWORLD_HISTORICAL
2021-08-11,SGP_SIN,MGO,769.29,BUNKERWORLD_HISTORICAL
2021-08-11,LKA_CMB,VLSFO,605.38,BUNKERWORLD_HISTORICAL
2021-08-11,LKA_CMB,MGO,788.53,BUNKERWORLD_HISTORICAL
2021-08-11,ARE_FUJ,VLSFO,584.71,BUNKERWORLD_HISTORICAL
2021-08-11,ARE_FUJ,MGO,761.6,BUNKERWORLD_HISTORICAL
2021-08-12,SGP_SIN,VLSFO,579.67,BUNKERWORLD_HISTORICAL
2021-08-12,SGP_SIN,MGO,758.76,BUNKERWORLD_HISTORICAL
2021-08-12,LKA_CMB,VLSFO,594.16,BUNKERWORLD_HISTORICAL
2021-08-12,LKA_CMB,MGO,777.73,BUNKERWORLD_HISTORICAL
2021-08-12,ARE_FUJ,VLSFO,573.87,BUNKERWORLD_HISTORICAL
2021-08-12,ARE_FUJ,MGO,751.18,BUNKERWORLD_HISTORICAL
2021-08-13,SGP_SIN,VLSFO,584.72,BUNKERWORLD_HISTORICAL
2021-08-13,SGP_SIN,MGO,756.09,BUNKERWORLD_HISTORICAL
2021-08-13,LKA_CMB,VLSFO,599.33,BUNKERWORLD_HISTORICAL
2021-08-13,LKA_CMB,MGO,774.99,BUNKERWORLD_HISTORICAL
2021-08-13,ARE_FUJ,VLSFO,578.87,BUNKERWORLD_HISTORICAL
2021-08-13,ARE_FUJ,MGO,748.53,BUNKERWORLD_HISTORICAL
2021-08-14,SGP_SIN,VLSFO,582.41,BUNKERWORLD_HISTORICAL
2021-08-14,SGP_SIN,MGO,729.27,BUNKERWORLD_HISTORICAL
2021-08-14,LKA_CMB,VLSFO,596.97,BUNKERWORLD_HISTORICAL
2021-08-14,LKA_CMB,MGO,747.5,BUNKERWORLD_HISTORICAL
2021-08-14,ARE_FUJ,VLSFO,576.59,BUNKERWORLD_HISTORICAL
2021-08-14,ARE_FUJ,MGO,721.97,BUNKERWORLD_HISTORICAL
2021-08-15,SGP_SIN,VLSFO,590.28,BUNKERWORLD_HISTORICAL
2021-08-15,SGP_SIN,MGO,755.17,BUNKERWORLD_HISTORICAL
2021-08-15,LKA_CMB,VLSFO,605.04,BUNKERWORLD_HISTORICAL
2021-08-15,LKA_CMB,MGO,774.04,BUNKERWORLD_HISTORICAL
2021-08-15,ARE_FUJ,VLSFO,584.38,BUNKERWORLD_HISTORICAL
2021-08-15,ARE_FUJ,MGO,747.61,BUNKERWORLD_HISTORICAL
2021-08-16,SGP_SIN,VLSFO,595.17,BUNKERWORLD_HISTORICAL
2021-08-16,SGP_SIN,MGO,751.48,BUNKERWORLD_HISTORICAL
2021-08-16,LKA_CMB,VLSFO,610.05,BUNKERWORLD_HISTORICAL
2021-08-16,LKA_CMB,MGO,770.27,BUNKERWORLD_HISTORICAL
2021-08-16,ARE_FUJ,VLSFO,589.22,BUNKERWORLD_HISTORICAL
2021-08-16,ARE_FUJ,MGO,743.97,BUNKERWORLD_HISTORICAL
2021-08-17,SGP_SIN,VLSFO,587.41,BUNKERWORLD_HISTORICAL
2021-08-17,SGP_SIN,MGO,748.75,BUNKERWORLD_HISTORICAL
2021-08-17,LKA_CMB,VLSFO,602.09,BUNKERWORLD_HISTORICAL
2021-08-17,LKA_CMB,MGO,767.47,BUNKERWORLD_HISTORICAL
2021-08-17,ARE_FUJ,VLSFO,581.53,BUNKERWORLD_HISTORICAL
2021-08-17,ARE_FUJ,MGO,741.26,BUNKERWORLD_HISTORICAL
2021-08-18,SGP_SIN,VLSFO,586.8,BUNKERWORLD_HISTORICAL
2021-08-18,SGP_SIN,MGO,761.04,BUNKERWORLD_HISTORICAL
2021-08-18,LKA_CMB,VLSFO,601.47,BUNKERWORLD_HISTORICAL
2021-08-18,LKA_CMB,MGO,780.07,BUNKERWORLD_HISTORICAL
2021-08-18,ARE_FUJ,VLSFO,580.93,BUNKERWORLD_HISTORICAL
2021-08-18,ARE_FUJ,MGO,753.43,BUNKERWORLD_HISTORICAL
2021-08-19,SGP_SIN,VLSFO,585.76,BUNKERWORLD_HISTORICAL
2021-08-19,SGP_SIN,MGO,746.13,BUNKERWORLD_HISTORICAL
2021-08-19,LKA_CMB,VLSFO,600.41,BUNKERWORLD_HISTORICAL
2021-08-19,LKA_CMB,MGO,764.78,BUNKERWORLD_HISTORICAL
2021-08-19,ARE_FUJ,VLSFO,579.91,BUNKERWORLD_HISTORICAL
2021-08-19,ARE_FUJ,MGO,738.67,BUNKERWORLD_HISTORICAL
2021-08-20,SGP_SIN,VLSFO,601.15,BUNKERWORLD_HISTORICAL
2021-08-20,SGP_SIN,MGO,761.46,BUNKERWORLD_HISTORICAL
2021-08-20,LKA_CMB,VLSFO,616.18,BUNKERWORLD_HISTORICAL
2021-08-20,LKA_CMB,MGO,780.5,BUNKERWORLD_HISTORICAL
2021-08-20,ARE_FUJ,VLSFO,595.14,BUNKERWORLD_HISTORICAL
2021-08-20,ARE_FUJ,MGO,753.84,BUNKERWORLD_HISTORICAL
2021-08-21,SGP_SIN,VLSFO,597.12,BUNKERWORLD_HISTORICAL
2021-08-21,SGP_SIN,MGO,751.06,BUNKERWORLD_HISTORICAL
2021-08-21,LKA_CMB,VLSFO,612.05,BUNKERWORLD_HISTORICAL
2021-08-21,LKA_CMB,MGO,769.84,BUNKERWORLD_HISTORICAL
2021-08-21,ARE_FUJ,VLSFO,591.15,BUNKERWORLD_HISTORICAL
2021-08-21,ARE_FUJ,MGO,743.55,BUNKERWORLD_HISTORICAL
2021-08-22,SGP_SIN,VLSFO,586.28,BUNKERWORLD_HISTORICAL
2021-08-22,SGP_SIN,MGO,761.07,BUNKERWORLD_HISTORICAL
2021-08-22,LKA_CMB,VLSFO,600.93,BUNKERWORLD_HISTORICAL
2021-08-22,LKA_CMB,MGO,780.09,BUNKERWORLD_HISTORICAL
2021-08-22,ARE_FUJ,VLSFO,580.41,BUNKERWORLD_HISTORICAL
2021-08-22,ARE_FUJ,MGO,753.45,BUNKERWORLD_HISTORICAL
2021-08-23,SGP_SIN,VLSFO,604.85,BUNKERWORLD_HISTORICAL
2021-08-23,SGP_SIN,MGO,774.89,BUNKERWORLD_HISTORICAL
2021-08-23,LKA_CMB,VLSFO,619.97,BUNKERWORLD_HISTORICAL
2021-08-23,LKA_CMB,MGO,794.26,BUNKERWORLD_HISTORICAL
2021-08-23,ARE_FUJ,VLSFO,598.8,BUNKERWORLD_HISTORICAL
2021-08-23,ARE_FUJ,MGO,767.14,BUNKERWORLD_HISTORICAL
2021-08-24,SGP_SIN,VLSFO,608.43,BUNKERWORLD_HISTORICAL
2021-08-24,SGP_SIN,MGO,784.19,BUNKERWORLD_HISTORICAL
2021-08-24,LKA_CMB,VLSFO,623.64,BUNKERWORLD_HISTORICAL
2021-08-24,LKA_CMB,MGO,803.8,BUNKERWORLD_HISTORICAL
2021-08-24,ARE_FUJ,VLSFO,602.34,BUNKERWORLD_HISTORICAL
2021-08-24,ARE_FUJ,MGO,776.35,BUNKERWORLD_HISTORICAL
2021-08-25,SGP_SIN,VLSFO,587.92,BUNKERWORLD_HISTORICAL
2021-08-25,SGP_SIN,MGO,758.79,BUNKERWORLD_HISTORICAL
2021-08-25,LKA_CMB,VLSFO,602.62,BUNKERWORLD_HISTORICAL
2021-08-25,LKA_CMB,MGO,777.76,BUNKERWORLD_HISTORICAL
2021-08-25,ARE_FUJ,VLSFO,582.04,BUNKERWORLD_HISTORICAL
2021-08-25,ARE_FUJ,MGO,751.2,BUNKERWORLD_HISTORICAL
2021-08-26,SGP_SIN,VLSFO,614.63,BUNKERWORLD_HISTORICAL
2021-08-26,SGP_SIN,MGO,778.33,BUNKERWORLD_HISTORICAL
2021-08-26,LKA_CMB,VLSFO,630.0,BUNKERWORLD_HISTORICAL
2021-08-26,LKA_CMB,MGO,797.79,BUNKERWORLD_HISTORICAL
2021-08-26,ARE_FUJ,VLSFO,608.49,BUNKERWORLD_HISTORICAL
2021-08-26,ARE_FUJ,MGO,770.55,BUNKERWORLD_HISTORICAL
2021-08-27,SGP_SIN,VLSFO,590.07,BUNKERWORLD_HISTORICAL
2021-08-27,SGP_SIN,MGO,751.59,BUNKERWORLD_HISTORICAL
2021-08-27,LKA_CMB,VLSFO,604.82,BUNKERWORLD_HISTORICAL
2021-08-27,LKA_CMB,MGO,770.38,BUNKERWORLD_HISTORICAL
2021-08-27,ARE_FUJ,VLSFO,584.17,BUNKERWORLD_HISTORICAL
2021-08-27,ARE_FUJ,MGO,744.08,BUNKERWORLD_HISTORICAL
2021-08-28,SGP_SIN,VLSFO,590.95,BUNKERWORLD_HISTORICAL
2021-08-28,SGP_SIN,MGO,768.22,BUNKERWORLD_HISTORICAL
2021-08-28,LKA_CMB,VLSFO,605.72,BUNKERWORLD_HISTORICAL
2021-08-28,LKA_CMB,MGO,787.42,BUNKERWORLD_HISTORICAL
2021-08-28,ARE_FUJ,VLSFO,585.04,BUNKERWORLD_HISTORICAL
2021-08-28,ARE_FUJ,MGO,760.54,BUNKERWORLD_HISTORICAL
2021-08-29,SGP_SIN,VLSFO,604.8,BUNKERWORLD_HISTORICAL
2021-08-29,SGP_SIN,MGO,784.97,BUNKERWORLD_HISTORICAL
2021-08-29,LKA_CMB,VLSFO,619.92,BUNKERWORLD_HISTORICAL
2021-08-29,LKA_CMB,MGO,804.6,BUNKERWORLD_HISTORICAL
2021-08-29,ARE_FUJ,VLSFO,598.75,BUNKERWORLD_HISTORICAL
2021-08-29,ARE_FUJ,MGO,777.12,BUNKERWORLD_HISTORICAL
2021-08-30,SGP_SIN,VLSFO,579.24,BUNKERWORLD_HISTORICAL
2021-08-30,SGP_SIN,MGO,742.83,BUNKERWORLD_HISTORICAL
2021-08-30,LKA_CMB,VLSFO,593.72,BUNKERWORLD_HISTORICAL
2021-08-30,LKA_CMB,MGO,761.4,BUNKERWORLD_HISTORICAL
2021-08-30,ARE_FUJ,VLSFO,573.45,BUNKERWORLD_HISTORICAL
2021-08-30,ARE_FUJ,MGO,735.4,BUNKERWORLD_HISTORICAL
2021-08-31,SGP_SIN,VLSFO,597.27,BUNKERWORLD_HISTORICAL
2021-08-31,SGP_SIN,MGO,775.67,BUNKERWORLD_HISTORICAL
2021-08-31,LKA_CMB,VLSFO,612.2,BUNKERWORLD_HISTORICAL
2021-08-31,LKA_CMB,MGO,795.07,BUNKERWORLD_HISTORICAL
2021-08-31,ARE_FUJ,VLSFO,591.3,BUNKERWORLD_HISTORICAL
2021-08-31,ARE_FUJ,MGO,767.92,BUNKERWORLD_HISTORICAL
2021-09-01,SGP_SIN,VLSFO,592.75,BUNKERWORLD_HISTORICAL
2021-09-01,SGP_SIN,MGO,767.36,BUNKERWORLD_HISTORICAL
2021-09-01,LKA_CMB,VLSFO,607.57,BUNKERWORLD_HISTORICAL
2021-09-01,LKA_CMB,MGO,786.55,BUNKERWORLD_HISTORICAL
2021-09-01,ARE_FUJ,VLSFO,586.82,BUNKERWORLD_HISTORICAL
2021-09-01,ARE_FUJ,MGO,759.69,BUNKERWORLD_HISTORICAL
2021-09-02,SGP_SIN,VLSFO,590.87,BUNKERWORLD_HISTORICAL
2021-09-02,SGP_SIN,MGO,770.42,BUNKERWORLD_HISTORICAL
2021-09-02,LKA_CMB,VLSFO,605.64,BUNKERWORLD_HISTORICAL
2021-09-02,LKA_CMB,MGO,789.68,BUNKERWORLD_HISTORICAL
2021-09-02,ARE_FUJ,VLSFO,584.96,BUNKERWORLD_HISTORICAL
2021-09-02,ARE_FUJ,MGO,762.71,BUNKERWORLD_HISTORICAL
2021-09-03,SGP_SIN,VLSFO,593.21,BUNKERWORLD_HISTORICAL
2021-09-03,SGP_SIN,MGO,763.62,BUNKERWORLD_HISTORICAL
2021-09-03,LKA_CMB,VLSFO,608.04,BUNKERWORLD_HISTORICAL
2021-09-03,LKA_CMB,MGO,782.72,BUNKERWORLD_HISTORICAL
2021-09-03,ARE_FUJ,VLSFO,587.28,BUNKERWORLD_HISTORICAL
2021-09-03,ARE_FUJ,MGO,755.99,BUNKERWORLD_HISTORICAL
2021-09-04,SGP_SIN,VLSFO,586.97,BUNKERWORLD_HISTORICAL
2021-09-04,SGP_SIN,MGO,740.34,BUNKERWORLD_HISTORICAL
2021-09-04,LKA_CMB,VLSFO,601.64,BUNKERWORLD_HISTORICAL
2021-09-04,LKA_CMB,MGO,758.85,BUNKERWORLD_HISTORICAL
2021-09-04,ARE_FUJ,VLSFO,581.1,BUNKERWORLD_HISTORICAL
2021-09-04,ARE_FUJ,MGO,732.94,BUNKERWORLD_HISTORICAL
2021-09-05,SGP_SIN,VLSFO,571.86,BUNKERWORLD_HISTORICAL
2021-09-05,SGP_SIN,MGO,728.61,BUNKERWORLD_HISTORICAL
2021-09-05,LKA_CMB,VLSFO,586.16,BUNKERWORLD_HISTORICAL
2021-09-05,LKA_CMB,MGO,746.83,BUNKERWORLD_HISTORICAL
2021-09-05,ARE_FUJ,VLSFO,566.14,BUNKERWORLD_HISTORICAL
2021-09-05,ARE_FUJ,MGO,721.33,BUNKERWORLD_HISTORICAL
2021-09-06,SGP_SIN,VLSFO,580.31,BUNKERWORLD_HISTORICAL
2021-09-06,SGP_SIN,MGO,755.51,BUNKERWORLD_HISTORICAL
2021-09-06,LKA_CMB,VLSFO,594.82,BUNKERWORLD_HISTORICAL
2021-09-06,LKA_CMB,MGO,774.4,BUNKERWORLD_HISTORICAL
2021-09-06,ARE_FUJ,VLSFO,574.51,BUNKERWORLD_HISTORICAL
2021-09-06,ARE_FUJ,MGO,747.96,BUNKERWORLD_HISTORICAL
2021-09-07,SGP_SIN,VLSFO,575.57,BUNKERWORLD_HISTORICAL
2021-09-07,SGP_SIN,MGO,735.4,BUNKERWORLD_HISTORICAL
2021-09-07,LKA_CMB,VLSFO,589.96,BUNKERWORLD_HISTORICAL
2021-09-07,LKA_CMB,MGO,753.79,BUNKERWORLD_HISTORICAL
2021-09-07,ARE_FUJ,VLSFO,569.81,BUNKERWORLD_HISTORICAL
2021-09-07,ARE_FUJ,MGO,728.05,BUNKERWORLD_HISTORICAL
2021-09-08,SGP_SIN,VLSFO,572.12,BUNKERWORLD_HISTORICAL
2021-09-08,SGP_SIN,MGO,725.0,BUNKERWORLD_HISTORICAL
2021-09-08,LKA_CMB,VLSFO,586.43,BUNKERWORLD_HISTORICAL
2021-09-08,LKA_CMB,MGO,743.12,BUNKERWORLD_HISTORICAL
2021-09-08,ARE_FUJ,VLSFO,566.4,BUNKERWORLD_HISTORICAL
2021-09-08,ARE_FUJ,MGO,717.75,BUNKERWORLD_HISTORICAL
2021-09-09,SGP_SIN,VLSFO,562.49,BUNKERWORLD_HISTORICAL
2021-09-09,SGP_SIN,MGO,714.87,BUNKERWORLD_HISTORICAL
2021-09-09,LKA_CMB,VLSFO,576.56,BUNKERWORLD_HISTORICAL
2021-09-09,LKA_CMB,MGO,732.75,BUNKERWORLD_HISTORICAL
2021-09-09,ARE_FUJ,VLSFO,556.87,BUNKERWORLD_HISTORICAL
2021-09-09,ARE_FUJ,MGO,707.73,BUNKERWORLD_HISTORICAL
2021-09-10,SGP_SIN,VLSFO,573.45,BUNKERWORLD_HISTORICAL
2021-09-10,SGP_SIN,MGO,726.28,BUNKERWORLD_HISTORICAL
2021-09-10,LKA_CMB,VLSFO,587.79,BUNKERWORLD_HISTORICAL
2021-09-10,LKA_CMB,MGO,744.44,BUNKERWORLD_HISTORICAL
2021-09-10,ARE_FUJ,VLSFO,567.72,BUNKERWORLD_HISTORICAL
2021-09-10,ARE_FUJ,MGO,719.02,BUNKERWORLD_HISTORICAL
2021-09-11,SGP_SIN,VLSFO,559.56,BUNKERWORLD_HISTORICAL
2021-09-11,SGP_SIN,MGO,718.03,BUNKERWORLD_HISTORICAL
2021-09-11,LKA_CMB,VLSFO,573.55,BUNKERWORLD_HISTORICAL
2021-09-11,LKA_CMB,MGO,735.99,BUNKERWORLD_HISTORICAL
2021-09-11,ARE_FUJ,VLSFO,553.97,BUNKERWORLD_HISTORICAL
2021-09-11,ARE_FUJ,MGO,710.85,BUNKERWORLD_HISTORICAL
2021-09-12,SGP_SIN,VLSFO,574.54,BUNKERWORLD_HISTORICAL
2021-09-12,SGP_SIN,MGO,724.5,BUNKERWORLD_HISTORICAL
2021-09-12,LKA_CMB,VLSFO,588.9,BUNKERWORLD_HISTORICAL
2021-09-12,LKA_CMB,MGO,742.62,BUNKERWORLD_HISTORICAL
2021-09-12,ARE_FUJ,VLSFO,568.79,BUNKERWORLD_HISTORICAL
2021-09-12,ARE_FUJ,MGO,717.26,BUNKERWORLD_HISTORICAL
2021-09-13,SGP_SIN,VLSFO,582.37,BUNKERWORLD_HISTORICAL
2021-09-13,SGP_SIN,MGO,750.71,BUNKERWORLD_HISTORICAL
2021-09-13,LKA_CMB,VLSFO,596.93,BUNKERWORLD_HISTORICAL
2021-09-13,LKA_CMB,MGO,769.47,BUNKERWORLD_HISTORICAL
2021-09-13,ARE_FUJ,VLSFO,576.55,BUNKERWORLD_HISTORICAL
2021-09-13,ARE_FUJ,MGO,743.2,BUNKERWORLD_HISTORICAL
2021-09-14,SGP_SIN,VLSFO,567.29,BUNKERWORLD_HISTORICAL
2021-09-14,SGP_SIN,MGO,723.61,BUNKERWORLD_HISTORICAL
2021-09-14,LKA_CMB,VLSFO,581.47,BUNKERWORLD_HISTORICAL
2021-09-14,LKA_CMB,MGO,741.7,BUNKERWORLD_HISTORICAL
2021-09-14,ARE_FUJ,VLSFO,561.62,BUNKERWORLD_HISTORICAL
2021-09-14,ARE_FUJ,MGO,716.38,BUNKERWORLD_HISTORICAL
2021-09-15,SGP_SIN,VLSFO,577.35,BUNKERWORLD_HISTORICAL
2021-09-15,SGP_SIN,MGO,730.04,BUNKERWORLD_HISTORICAL
2021-09-15,LKA_CMB,VLSFO,591.79,BUNKERWORLD_HISTORICAL
2021-09-15,LKA_CMB,MGO,748.29,BUNKERWORLD_HISTORICAL
2021-09-15,ARE_FUJ,VLSFO,571.58,BUNKERWORLD_HISTORICAL
2021-09-15,ARE_FUJ,MGO,722.74,BUNKERWORLD_HISTORICAL
2021-09-16,SGP_SIN,VLSFO,589.41,BUNKERWORLD_HISTORICAL
2021-09-16,SGP_SIN,MGO,761.15,BUNKERWORLD_HISTORICAL
2021-09-16,LKA_CMB,VLSFO,604.15,BUNKERWORLD_HISTORICAL
2021-09-16,LKA_CMB,MGO,780.18,BUNKERWORLD_HISTORICAL
2021-09-16,ARE_FUJ,VLSFO,583.52,BUNKERWORLD_HISTORICAL
2021-09-16,ARE_FUJ,MGO,753.54,BUNKERWORLD_HISTORICAL
2021-09-17,SGP_SIN,VLSFO,566.24,BUNKERWORLD_HISTORICAL
2021-09-17,SGP_SIN,MGO,719.22,BUNKERWORLD_HISTORICAL
2021-09-17,LKA_CMB,VLSFO,580.4,BUNKERWORLD_HISTORICAL
2021-09-17,LKA_CMB,MGO,737.2,BUNKERWORLD_HISTORICAL
2021-09-17,ARE_FUJ,VLSFO,560.58,BUNKERWORLD_HISTORICAL
2021-09-17,ARE_FUJ,MGO,712.03,BUNKERWORLD_HISTORICAL
2021-09-18,SGP_SIN,VLSFO,586.48,BUNKERWORLD_HISTORICAL
2021-09-18,SGP_SIN,MGO,756.58,BUNKERWORLD_HISTORICAL
2021-09-18,LKA_CMB,VLSFO,601.15,BUNKERWORLD_HISTORICAL
2021-09-18,LKA_CMB,MGO,775.49,BUNKERWORLD_HISTORICAL
2021-09-18,ARE_FUJ,VLSFO,580.62,BUNKERWORLD_HISTORICAL
2021-09-18,ARE_FUJ,MGO,749.01,BUNKERWORLD_HISTORICAL
2021-09-19,SGP_SIN,VLSFO,566.16,BUNKERWORLD_HISTORICAL
2021-09-19,SGP_SIN,MGO,729.95,BUNKERWORLD_HISTORICAL
2021-09-19,LKA_CMB,VLSFO,580.32,BUNKERWORLD_HISTORICAL
2021-09-19,LKA_CMB,MGO,748.2,BUNKERWORLD_HISTORICAL
2021-09-19,ARE_FUJ,VLSFO,560.5,BUNKERWORLD_HISTORICAL
2021-09-19,ARE_FUJ,MGO,722.65,BUNKERWORLD_HISTORICAL
2021-09-20,SGP_SIN,VLSFO,564.78,BUNKERWORLD_HISTORICAL
2021-09-20,SGP_SIN,MGO,731.84,BUNKERWORLD_HISTORICAL
2021-09-20,LKA_CMB,VLSFO,578.9,BUNKERWORLD_HISTORICAL
2021-09-20,LKA_CMB,MGO,750.14,BUNKERWORLD_HISTORICAL
2021-09-20,ARE_FUJ,VLSFO,559.13,BUNKERWORLD_HISTORICAL
2021-09-20,ARE_FUJ,MGO,724.53,BUNKERWORLD_HISTORICAL
2021-09-21,SGP_SIN,VLSFO,555.71,BUNKERWORLD_HISTORICAL
2021-09-21,SGP_SIN,MGO,716.57,BUNKERWORLD_HISTORICAL
2021-09-21,LKA_CMB,VLSFO,569.6,BUNKERWORLD_HISTORICAL
2021-09-21,LKA_CMB,MGO,734.48,BUNKERWORLD_HISTORICAL
2021-09-21,ARE_FUJ,VLSFO,550.15,BUNKERWORLD_HISTORICAL
2021-09-21,ARE_FUJ,MGO,709.4,BUNKERWORLD_HISTORICAL
2021-09-22,SGP_SIN,VLSFO,571.11,BUNKERWORLD_HISTORICAL
2021-09-22,SGP_SIN,MGO,741.11,BUNKERWORLD_HISTORICAL
2021-09-22,LKA_CMB,VLSFO,585.39,BUNKERWORLD_HISTORICAL
2021-09-22,LKA_CMB,MGO,759.63,BUNKERWORLD_HISTORICAL
2021-09-22,ARE_FUJ,VLSFO,565.4,BUNKERWORLD_HISTORICAL
2021-09-22,ARE_FUJ,MGO,733.7,BUNKERWORLD_HISTORICAL
2021-09-23,SGP_SIN,VLSFO,560.55,BUNKERWORLD_HISTORICAL
2021-09-23,SGP_SIN,MGO,721.36,BUNKERWORLD_HISTORICAL
2021-09-23,LKA_CMB,VLSFO,574.57,BUNKERWORLD_HISTORICAL
2021-09-23,LKA_CMB,MGO,739.4,BUNKERWORLD_HISTORICAL
2021-09-23,ARE_FUJ,VLSFO,554.95,BUNKERWORLD_HISTORICAL
2021-09-23,ARE_FUJ,MGO,714.15,BUNKERWORLD_HISTORICAL
2021-09-24,SGP_SIN,VLSFO,545.08,BUNKERWORLD_HISTORICAL
2021-09-24,SGP_SIN,MGO,700.59,BUNKERWORLD_HISTORICAL
2021-09-24,LKA_CMB,VLSFO,558.71,BUNKERWORLD_HISTORICAL
2021-09-24,LKA_CMB,MGO,718.1,BUNKERWORLD_HISTORICAL
2021-09-24,ARE_FUJ,VLSFO,539.63,BUNKERWORLD_HISTORICAL
2021-09-24,ARE_FUJ,MGO,693.58,BUNKERWORLD_HISTORICAL
2021-09-25,SGP_SIN,VLSFO,544.92,BUNKERWORLD_HISTORICAL
2021-09-25,SGP_SIN,MGO,690.97,BUNKERWORLD_HISTORICAL
2021-09-25,LKA_CMB,VLSFO,558.55,BUNKERWORLD_HISTORICAL
2021-09-25,LKA_CMB,MGO,708.24,BUNKERWORLD_HISTORICAL
2021-09-25,ARE_FUJ,VLSFO,539.47,BUNKERWORLD_HISTORICAL
2021-09-25,ARE_FUJ,MGO,684.06,BUNKERWORLD_HISTORICAL
2021-09-26,SGP_SIN,VLSFO,538.06,BUNKERWORLD_HISTORICAL
2021-09-26,SGP_SIN,MGO,680.71,BUNKERWORLD_HISTORICAL
2021-09-26,LKA_CMB,VLSFO,551.51,BUNKERWORLD_HISTORICAL
2021-09-26,LKA_CMB,MGO,697.73,BUNKERWORLD_HISTORICAL
2021-09-26,ARE_FUJ,VLSFO,532.68,BUNKERWORLD_HISTORICAL
2021-09-26,ARE_FUJ,MGO,673.9,BUNKERWORLD_HISTORICAL
2021-09-27,SGP_SIN,VLSFO,554.89,BUNKERWORLD_HISTORICAL
2021-09-27,SGP_SIN,MGO,710.94,BUNKERWORLD_HISTORICAL
2021-09-27,LKA_CMB,VLSFO,568.76,BUNKERWORLD_HISTORICAL
2021-09-27,LKA_CMB,MGO,728.72,BUNKERWORLD_HISTORICAL
2021-09-27,ARE_FUJ,VLSFO,549.34,BUNKERWORLD_HISTORICAL
2021-09-27,ARE_FUJ,MGO,703.83,BUNKERWORLD_HISTORICAL
2021-09-28,SGP_SIN,VLSFO,555.36,BUNKERWORLD_HISTORICAL
2021-09-28,SGP_SIN,MGO,706.63,BUNKERWORLD_HISTORICAL
2021-09-28,LKA_CMB,VLSFO,569.25,BUNKERWORLD_HISTORICAL
2021-09-28,LKA_CMB,MGO,724.3,BUNKERWORLD_HISTORICAL
2021-09-28,ARE_FUJ,VLSFO,549.81,BUNKERWORLD_HISTORICAL
2021-09-28,ARE_FUJ,MGO,699.56,BUNKERWORLD_HISTORICAL
2021-09-29,SGP_SIN,VLSFO,540.09,BUNKERWORLD_HISTORICAL
2021-09-29,SGP_SIN,MGO,700.41,BUNKERWORLD_HISTORICAL
2021-09-29,LKA_CMB,VLSFO,553.59,BUNKERWORLD_HISTORICAL
2021-09-29,LKA_CMB,MGO,717.92,BUNKERWORLD_HISTORICAL
2021-09-29,ARE_FUJ,VLSFO,534.69,BUNKERWORLD_HISTORICAL
2021-09-29,ARE_FUJ,MGO,693.41,BUNKERWORLD_HISTORICAL
2021-09-30,SGP_SIN,VLSFO,550.91,BUNKERWORLD_HISTORICAL
2021-09-30,SGP_SIN,MGO,692.21,BUNKERWORLD_HISTORICAL
2021-09-30,LKA_CMB,VLSFO,564.68,BUNKERWORLD_HISTORICAL
2021-09-30,LKA_CMB,MGO,709.51,BUNKERWORLD_HISTORICAL
2021-09-30,ARE_FUJ,VLSFO,545.4,BUNKERWORLD_HISTORICAL
2021-09-30,ARE_FUJ,MGO,685.28,BUNKERWORLD_HISTORICAL
2021-10-01,SGP_SIN,VLSFO,560.05,BUNKERWORLD_HISTORICAL
2021-10-01,SGP_SIN,MGO,724.04,BUNKERWORLD_HISTORICAL
2021-10-01,LKA_CMB,VLSFO,574.05,BUNKERWORLD_HISTORICAL
2021-10-01,LKA_CMB,MGO,742.14,BUNKERWORLD_HISTORICAL
2021-10-01,ARE_FUJ,VLSFO,554.45,BUNKERWORLD_HISTORICAL
2021-10-01,ARE_FUJ,MGO,716.8,BUNKERWORLD_HISTORICAL
2021-10-02,SGP_SIN,VLSFO,557.74,BUNKERWORLD_HISTORICAL
2021-10-02,SGP_SIN,MGO,703.41,BUNKERWORLD_HISTORICAL
2021-10-02,LKA_CMB,VLSFO,571.69,BUNKERWORLD_HISTORICAL
2021-10-02,LKA_CMB,MGO,720.99,BUNKERWORLD_HISTORICAL
2021-10-02,ARE_FUJ,VLSFO,552.17,BUNKERWORLD_HISTORICAL
2021-10-02,ARE_FUJ,MGO,696.37,BUNKERWORLD_HISTORICAL
2021-10-03,SGP_SIN,VLSFO,545.28,BUNKERWORLD_HISTORICAL
2021-10-03,SGP_SIN,MGO,683.53,BUNKERWORLD_HISTORICAL
2021-10-03,LKA_CMB,VLSFO,558.92,BUNKERWORLD_HISTORICAL
2021-10-03,LKA_CMB,MGO,700.62,BUNKERWORLD_HISTORICAL
2021-10-03,ARE_FUJ,VLSFO,539.83,BUNKERWORLD_HISTORICAL
2021-10-03,ARE_FUJ,MGO,676.69,BUNKERWORLD_HISTORICAL
2021-10-04,SGP_SIN,VLSFO,557.05,BUNKERWORLD_HISTORICAL
2021-10-04,SGP_SIN,MGO,716.58,BUNKERWORLD_HISTORICAL
2021-10-04,LKA_CMB,VLSFO,570.98,BUNKERWORLD_HISTORICAL
2021-10-04,LKA_CMB,MGO,734.49,BUNKERWORLD_HISTORICAL
2021-10-04,ARE_FUJ,VLSFO,551.48,BUNKERWORLD_HISTORICAL
2021-10-04,ARE_FUJ,MGO,709.41,BUNKERWORLD_HISTORICAL
2021-10-05,SGP_SIN,VLSFO,563.62,BUNKERWORLD_HISTORICAL
2021-10-05,SGP_SIN,MGO,710.52,BUNKERWORLD_HISTORICAL
2021-10-05,LKA_CMB,VLSFO,577.72,BUNKERWORLD_HISTORICAL
2021-10-05,LKA_CMB,MGO,728.28,BUNKERWORLD_HISTORICAL
2021-10-05,ARE_FUJ,VLSFO,557.99,BUNKERWORLD_HISTORICAL
2021-10-05,ARE_FUJ,MGO,703.42,BUNKERWORLD_HISTORICAL
2021-10-06,SGP_SIN,VLSFO,564.29,BUNKERWORLD_HISTORICAL
2021-10-06,SGP_SIN,MGO,710.69,BUNKERWORLD_HISTORICAL
2021-10-06,LKA_CMB,VLSFO,578.4,BUNKERWORLD_HISTORICAL
2021-10-06,LKA_CMB,MGO,728.45,BUNKERWORLD_HISTORICAL
2021-10-06,ARE_FUJ,VLSFO,558.65,BUNKERWORLD_HISTORICAL
2021-10-06,ARE_FUJ,MGO,703.58,BUNKERWORLD_HISTORICAL
2021-10-07,SGP_SIN,VLSFO,556.38,BUNKERWORLD_HISTORICAL
2021-10-07,SGP_SIN,MGO,702.9,BUNKERWORLD_HISTORICAL
2021-10-07,LKA_CMB,VLSFO,570.29,BUNKERWORLD_HISTORICAL
2021-10-07,LKA_CMB,MGO,720.47,BUNKERWORLD_HISTORICAL
2021-10-07,ARE_FUJ,VLSFO,550.81,BUNKERWORLD_HISTORICAL
2021-10-07,ARE_FUJ,MGO,695.87,BUNKERWORLD_HISTORICAL
2021-10-08,SGP_SIN,VLSFO,550.47,BUNKERWORLD_HISTORICAL
2021-10-08,SGP_SIN,MGO,689.06,BUNKERWORLD_HISTORICAL
2021-10-08,LKA_CMB,VLSFO,564.23,BUNKERWORLD_HISTORICAL
2021-10-08,LKA_CMB,MGO,706.29,BUNKERWORLD_HISTORICAL
2021-10-08,ARE_FUJ,VLSFO,544.97,BUNKERWORLD_HISTORICAL
2021-10-08,ARE_FUJ,MGO,682.17,BUNKERWORLD_HISTORICAL
2021-10-09,SGP_SIN,VLSFO,560.87,BUNKERWORLD_HISTORICAL
2021-10-09,SGP_SIN,MGO,727.02,BUNKERWORLD_HISTORICAL
2021-10-09,LKA_CMB,VLSFO,574.89,BUNKERWORLD_HISTORICAL
2021-10-09,LKA_CMB,MGO,745.19,BUNKERWORLD_HISTORICAL
2021-10-09,ARE_FUJ,VLSFO,555.26,BUNKERWORLD_HISTORICAL
2021-10-09,ARE_FUJ,MGO,719.75,BUNKERWORLD_HISTORICAL
2021-10-10,SGP_SIN,VLSFO,564.94,BUNKERWORLD_HISTORICAL
2021-10-10,SGP_SIN,MGO,744.17,BUNKERWORLD_HISTORICAL
2021-10-10,LKA_CMB,VLSFO,579.06,BUNKERWORLD_HISTORICAL
2021-10-10,LKA_CMB,MGO,762.78,BUNKERWORLD_HISTORICAL
2021-10-10,ARE_FUJ,VLSFO,559.29,BUNKERWORLD_HISTORICAL
2021-10-10,ARE_FUJ,MGO,736.73,BUNKERWORLD_HISTORICAL
2021-10-11,SGP_SIN,VLSFO,561.8,BUNKERWORLD_HISTORICAL
2021-10-11,SGP_SIN,MGO,721.51,BUNKERWORLD_HISTORICAL
2021-10-11,LKA_CMB,VLSFO,575.84,BUNKERWORLD_HISTORICAL
2021-10-11,LKA_CMB,MGO,739.54,BUNKERWORLD_HISTORICAL
2021-10-11,ARE_FUJ,VLSFO,556.18,BUNKERWORLD_HISTORICAL
2021-10-11,ARE_FUJ,MGO,714.29,BUNKERWORLD_HISTORICAL
2021-10-12,SGP_SIN,VLSFO,555.05,BUNKERWORLD_HISTORICAL
2021-10-12,SGP_SIN,MGO,715.87,BUNKERWORLD_HISTORICAL
2021-10-12,LKA_CMB,VLSFO,568.93,BUNKERWORLD_HISTORICAL
2021-10-12,LKA_CMB,MGO,733.77,BUNKERWORLD_HISTORICAL
2021-10-12,ARE_FUJ,VLSFO,549.5,BUNKERWORLD_HISTORICAL
2021-10-12,ARE_FUJ,MGO,708.72,BUNKERWORLD_HISTORICAL
2021-10-13,SGP_SIN,VLSFO,571.73,BUNKERWORLD_HISTORICAL
2021-10-13,SGP_SIN,MGO,745.41,BUNKERWORLD_HISTORICAL
2021-10-13,LKA_CMB,VLSFO,586.02,BUNKERWORLD_HISTORICAL
2021-10-13,LKA_CMB,MGO,764.05,BUNKERWORLD_HISTORICAL
2021-10-13,ARE_FUJ,VLSFO,566.01,BUNKERWORLD_HISTORICAL
2021-10-13,ARE_FUJ,MGO,737.96,BUNKERWORLD_HISTORICAL
2021-10-14,SGP_SIN,VLSFO,563.11,BUNKERWORLD_HISTORICAL
2021-10-14,SGP_SIN,MGO,717.31,BUNKERWORLD_HISTORICAL
2021-10-14,LKA_CMB,VLSFO,577.19,BUNKERWORLD_HISTORICAL
2021-10-14,LKA_CMB,MGO,735.25,BUNKERWORLD_HISTORICAL
2021-10-14,ARE_FUJ,VLSFO,557.48,BUNKERWORLD_HISTORICAL
2021-10-14,ARE_FUJ,MGO,710.14,BUNKERWORLD_HISTORICAL
2021-10-15,SGP_SIN,VLSFO,563.53,BUNKERWORLD_HISTORICAL
2021-10-15,SGP_SIN,MGO,722.26,BUNKERWORLD_HISTORICAL
2021-10-15,LKA_CMB,VLSFO,577.62,BUNKERWORLD_HISTORICAL
2021-10-15,LKA_CMB,MGO,740.32,BUNKERWORLD_HISTORICAL
2021-10-15,ARE_FUJ,VLSFO,557.9,BUNKERWORLD_HISTORICAL
2021-10-15,ARE_FUJ,MGO,715.04,BUNKERWORLD_HISTORICAL
2021-10-16,SGP_SIN,VLSFO,583.63,BUNKERWORLD_HISTORICAL
2021-10-16,SGP_SIN,MGO,762.21,BUNKERWORLD_HISTORICAL
2021-10-16,LKA_CMB,VLSFO,598.22,BUNKERWORLD_HISTORICAL
2021-10-16,LKA_CMB,MGO,781.27,BUNKERWORLD_HISTORICAL
2021-10-16,ARE_FUJ,VLSFO,577.79,BUNKERWORLD_HISTORICAL
2021-10-16,ARE_FUJ,MGO,754.59,BUNKERWORLD_HISTORICAL
2021-10-17,SGP_SIN,VLSFO,577.24,BUNKERWORLD_HISTORICAL
2021-10-17,SGP_SIN,MGO,737.69,BUNKERWORLD_HISTORICAL
2021-10-17,LKA_CMB,VLSFO,591.67,BUNKERWORLD_HISTORICAL
2021-10-17,LKA_CMB,MGO,756.14,BUNKERWORLD_HISTORICAL
2021-10-17,ARE_FUJ,VLSFO,571.46,BUNKERWORLD_HISTORICAL
2021-10-17,ARE_FUJ,MGO,730.32,BUNKERWORLD_HISTORICAL
2021-10-18,SGP_SIN,VLSFO,576.03,BUNKERWORLD_HISTORICAL
2021-10-18,SGP_SIN,MGO,737.76,BUNKERWORLD_HISTORICAL
2021-10-18,LKA_CMB,VLSFO,590.43,BUNKERWORLD_HISTORICAL
2021-10-18,LKA_CMB,MGO,756.2,BUNKERWORLD_HISTORICAL
2021-10-18,ARE_FUJ,VLSFO,570.27,BUNKERWORLD_HISTORICAL
2021-10-18,ARE_FUJ,MGO,730.38,BUNKERWORLD_HISTORICAL
2021-10-19,SGP_SIN,VLSFO,568.44,BUNKERWORLD_HISTORICAL
2021-10-19,SGP_SIN,MGO,735.46,BUNKERWORLD_HISTORICAL
2021-10-19,LKA_CMB,VLSFO,582.65,BUNKERWORLD_HISTORICAL
2021-10-19,LKA_CMB,MGO,753.85,BUNKERWORLD_HISTORICAL
2021-10-19,ARE_FUJ,VLSFO,562.76,BUNKERWORLD_HISTORICAL
2021-10-19,ARE_FUJ,MGO,728.1,BUNKERWORLD_HISTORICAL
2021-10-20,SGP_SIN,VLSFO,578.78,BUNKERWORLD_HISTORICAL
2021-10-20,SGP_SIN,MGO,732.36,BUNKERWORLD_HISTORICAL
2021-10-20,LKA_CMB,VLSFO,593.25,BUNKERWORLD_HISTORICAL
2021-10-20,LKA_CMB,MGO,750.67,BUNKERWORLD_HISTORICAL
2021-10-20,ARE_FUJ,VLSFO,573.0,BUNKERWORLD_HISTORICAL
2021-10-20,ARE_FUJ,MGO,725.03,BUNKERWORLD_HISTORICAL
2021-10-21,SGP_SIN,VLSFO,578.46,BUNKERWORLD_HISTORICAL
2021-10-21,SGP_SIN,MGO,740.66,BUNKERWORLD_HISTORICAL
2021-10-21,LKA_CMB,VLSFO,592.92,BUNKERWORLD_HISTORICAL
2021-10-21,LKA_CMB,MGO,759.18,BUNKERWORLD_HISTORICAL
2021-10-21,ARE_FUJ,VLSFO,572.67,BUNKERWORLD_HISTORICAL
2021-10-21,ARE_FUJ,MGO,733.26,BUNKERWORLD_HISTORICAL
2021-10-22,SGP_SIN,VLSFO,591.26,BUNKERWORLD_HISTORICAL
2021-10-22,SGP_SIN,MGO,756.29,BUNKERWORLD_HISTORICAL
2021-10-22,LKA_CMB,VLSFO,606.04,BUNKERWORLD_HISTORICAL
2021-10-22,LKA_CMB,MGO,775.2,BUNKERWORLD_HISTORICAL
2021-10-22,ARE_FUJ,VLSFO,585.35,BUNKERWORLD_HISTORICAL
2021-10-22,ARE_FUJ,MGO,748.73,BUNKERWORLD_HISTORICAL
2021-10-23,SGP_SIN,VLSFO,582.41,BUNKERWORLD_HISTORICAL
2021-10-23,SGP_SIN,MGO,758.01,BUNKERWORLD_HISTORICAL
2021-10-23,LKA_CMB,VLSFO,596.97,BUNKERWORLD_HISTORICAL
2021-10-23,LKA_CMB,MGO,776.96,BUNKERWORLD_HISTORICAL
2021-10-23,ARE_FUJ,VLSFO,576.59,BUNKERWORLD_HISTORICAL
2021-10-23,ARE_FUJ,MGO,750.43,BUNKERWORLD_HISTORICAL
2021-10-24,SGP_SIN,VLSFO,577.56,BUNKERWORLD_HISTORICAL
2021-10-24,SGP_SIN,MGO,747.49,BUNKERWORLD_HISTORICAL
2021-10-24,LKA_CMB,VLSFO,592.0,BUNKERWORLD_HISTORICAL
2021-10-24,LKA_CMB,MGO,766.17,BUNKERWORLD_HISTORICAL
2021-10-24,ARE_FUJ,VLSFO,571.78,BUNKERWORLD_HISTORICAL
2021-10-24,ARE_FUJ,MGO,740.01,BUNKERWORLD_HISTORICAL
2021-10-25,SGP_SIN,VLSFO,565.52,BUNKERWORLD_HISTORICAL
2021-10-25,SGP_SIN,MGO,724.57,BUNKERWORLD_HISTORICAL
2021-10-25,LKA_CMB,VLSFO,579.66,BUNKERWORLD_HISTORICAL
2021-10-25,LKA_CMB,MGO,742.68,BUNKERWORLD_HISTORICAL
2021-10-25,ARE_FUJ,VLSFO,559.87,BUNKERWORLD_HISTORICAL
2021-10-25,ARE_FUJ,MGO,717.32,BUNKERWORLD_HISTORICAL
2021-10-26,SGP_SIN,VLSFO,576.17,BUNKERWORLD_HISTORICAL
2021-10-26,SGP_SIN,MGO,727.19,BUNKERWORLD_HISTORICAL
2021-10-26,LKA_CMB,VLSFO,590.58,BUNKERWORLD_HISTORICAL
2021-10-26,LKA_CMB,MGO,745.37,BUNKERWORLD_HISTORICAL
2021-10-26,ARE_FUJ,VLSFO,570.41,BUNKERWORLD_HISTORICAL
2021-10-26,ARE_FUJ,MGO,719.92,BUNKERWORLD_HISTORICAL
2021-10-27,SGP_SIN,VLSFO,575.25,BUNKERWORLD_HISTORICAL
2021-10-27,SGP_SIN,MGO,741.74,BUNKERWORLD_HISTORICAL
2021-10-27,LKA_CMB,VLSFO,589.63,BUNKERWORLD_HISTORICAL
2021-10-27,LKA_CMB,MGO,760.28,BUNKERWORLD_HISTORICAL
2021-10-27,ARE_FUJ,VLSFO,569.5,BUNKERWORLD_HISTORICAL
2021-10-27,ARE_FUJ,MGO,734.32,BUNKERWORLD_HISTORICAL
2021-10-28,SGP_SIN,VLSFO,576.72,BUNKERWORLD_HISTORICAL
2021-10-28,SGP_SIN,MGO,734.5,BUNKERWORLD_HISTORICAL
2021-10-28,LKA_CMB,VLSFO,591.14,BUNKERWORLD_HISTORICAL
2021-10-28,LKA_CMB,MGO,752.86,BUNKERWORLD_HISTORICAL
2021-10-28,ARE_FUJ,VLSFO,570.95,BUNKERWORLD_HISTORICAL
2021-10-28,ARE_FUJ,MGO,727.15,BUNKERWORLD_HISTORICAL
2021-10-29,SGP_SIN,VLSFO,586.27,BUNKERWORLD_HISTORICAL
2021-10-29,SGP_SIN,MGO,762.84,BUNKERWORLD_HISTORICAL
2021-10-29,LKA_CMB,VLSFO,600.92,BUNKERWORLD_HISTORICAL
2021-10-29,LKA_CMB,MGO,781.91,BUNKERWORLD_HISTORICAL
2021-10-29,ARE_FUJ,VLSFO,580.41,BUNKERWORLD_HISTORICAL
2021-10-29,ARE_FUJ,MGO,755.21,BUNKERWORLD_HISTORICAL
2021-10-30,SGP_SIN,VLSFO,582.62,BUNKERWORLD_HISTORICAL
2021-10-30,SGP_SIN,MGO,754.03,BUNKERWORLD_HISTORICAL
2021-10-30,LKA_CMB,VLSFO,597.19,BUNKERWORLD_HISTORICAL
2021-10-30,LKA_CMB,MGO,772.88,BUNKERWORLD_HISTORICAL
2021-10-30,ARE_FUJ,VLSFO,576.8,BUNKERWORLD_HISTORICAL
2021-10-30,ARE_FUJ,MGO,746.49,BUNKERWORLD_HISTORICAL
2021-10-31,SGP_SIN,VLSFO,581.62,BUNKERWORLD_HISTORICAL
2021-10-31,SGP_SIN,MGO,743.77,BUNKERWORLD_HISTORICAL
2021-10-31,LKA_CMB,VLSFO,596.16,BUNKERWORLD_HISTORICAL
2021-10-31,LKA_CMB,MGO,762.36,BUNKERWORLD_HISTORICAL
2021-10-31,ARE_FUJ,VLSFO,575.8,BUNKERWORLD_HISTORICAL
2021-10-31,ARE_FUJ,MGO,736.33,BUNKERWORLD_HISTORICAL
2021-11-01,SGP_SIN,VLSFO,593.57,BUNKERWORLD_HISTORICAL
2021-11-01,SGP_SIN,MGO,761.98,BUNKERWORLD_HISTORICAL
2021-11-01,LKA_CMB,VLSFO,608.41,BUNKERWORLD_HISTORICAL
2021-11-01,LKA_CMB,MGO,781.03,BUNKERWORLD_HISTORICAL
2021-11-01,ARE_FUJ,VLSFO,587.63,BUNKERWORLD_HISTORICAL
2021-11-01,ARE_FUJ,MGO,754.36,BUNKERWORLD_HISTORICAL
2021-11-02,SGP_SIN,VLSFO,582.27,BUNKERWORLD_HISTORICAL
2021-11-02,SGP_SIN,MGO,734.82,BUNKERWORLD_HISTORICAL
2021-11-02,LKA_CMB,VLSFO,596.83,BUNKERWORLD_HISTORICAL
2021-11-02,LKA_CMB,MGO,753.19,BUNKERWORLD_HISTORICAL
2021-11-02,ARE_FUJ,VLSFO,576.45,BUNKERWORLD_HISTORICAL
2021-11-02,ARE_FUJ,MGO,727.47,BUNKERWORLD_HISTORICAL
2021-11-03,SGP_SIN,VLSFO,569.21,BUNKERWORLD_HISTORICAL
2021-11-03,SGP_SIN,MGO,743.66,BUNKERWORLD_HISTORICAL
2021-11-03,LKA_CMB,VLSFO,583.44,BUNKERWORLD_HISTORICAL
2021-11-03,LKA_CMB,MGO,762.25,BUNKERWORLD_HISTORICAL
2021-11-03,ARE_FUJ,VLSFO,563.52,BUNKERWORLD_HISTORICAL
2021-11-03,ARE_FUJ,MGO,736.23,BUNKERWORLD_HISTORICAL
2021-11-04,SGP_SIN,VLSFO,572.74,BUNKERWORLD_HISTORICAL
2021-11-04,SGP_SIN,MGO,733.21,BUNKERWORLD_HISTORICAL
2021-11-04,LKA_CMB,VLSFO,587.06,BUNKERWORLD_HISTORICAL
2021-11-04,LKA_CMB,MGO,751.54,BUNKERWORLD_HISTORICAL
2021-11-04,ARE_FUJ,VLSFO,567.02,BUNKERWORLD_HISTORICAL
2021-11-04,ARE_FUJ,MGO,725.87,BUNKERWORLD_HISTORICAL
2021-11-05,SGP_SIN,VLSFO,559.97,BUNKERWORLD_HISTORICAL
2021-11-05,SGP_SIN,MGO,712.68,BUNKERWORLD_HISTORICAL
2021-11-05,LKA_CMB,VLSFO,573.97,BUNKERWORLD_HISTORICAL
2021-11-05,LKA_CMB,MGO,730.49,BUNKERWORLD_HISTORICAL
2021-11-05,ARE_FUJ,VLSFO,554.37,BUNKERWORLD_HISTORICAL
2021-11-05,ARE_FUJ,MGO,705.55,BUNKERWORLD_HISTORICAL
2021-11-06,SGP_SIN,VLSFO,571.09,BUNKERWORLD_HISTORICAL
2021-11-06,SGP_SIN,MGO,731.02,BUNKERWORLD_HISTORICAL
2021-11-06,LKA_CMB,VLSFO,585.37,BUNKERWORLD_HISTORICAL
2021-11-06,LKA_CMB,MGO,749.3,BUNKERWORLD_HISTORICAL
2021-11-06,ARE_FUJ,VLSFO,565.38,BUNKERWORLD_HISTORICAL
2021-11-06,ARE_FUJ,MGO,723.71,BUNKERWORLD_HISTORICAL
2021-11-07,SGP_SIN,VLSFO,571.21,BUNKERWORLD_HISTORICAL
2021-11-07,SGP_SIN,MGO,730.03,BUNKERWORLD_HISTORICAL
2021-11-07,LKA_CMB,VLSFO,585.49,BUNKERWORLD_HISTORICAL
2021-11-07,LKA_CMB,MGO,748.28,BUNKERWORLD_HISTORICAL
2021-11-07,ARE_FUJ,VLSFO,565.5,BUNKERWORLD_HISTORICAL
2021-11-07,ARE_FUJ,MGO,722.73,BUNKERWORLD_HISTORICAL
2021-11-08,SGP_SIN,VLSFO,557.52,BUNKERWORLD_HISTORICAL
2021-11-08,SGP_SIN,MGO,701.85,BUNKERWORLD_HISTORICAL
2021-11-08,LKA_CMB,VLSFO,571.46,BUNKERWORLD_HISTORICAL
2021-11-08,LKA_CMB,MGO,719.4,BUNKERWORLD_HISTORICAL
2021-11-08,ARE_FUJ,VLSFO,551.95,BUNKERWORLD_HISTORICAL
2021-11-08,ARE_FUJ,MGO,694.84,BUNKERWORLD_HISTORICAL
2021-11-09,SGP_SIN,VLSFO,581.37,BUNKERWORLD_HISTORICAL
2021-11-09,SGP_SIN,MGO,742.26,BUNKERWORLD_HISTORICAL
2021-11-09,LKA_CMB,VLSFO,595.91,BUNKERWORLD_HISTORICAL
2021-11-09,LKA_CMB,MGO,760.82,BUNKERWORLD_HISTORICAL
2021-11-09,ARE_FUJ,VLSFO,575.56,BUNKERWORLD_HISTORICAL
2021-11-09,ARE_FUJ,MGO,734.84,BUNKERWORLD_HISTORICAL
2021-11-10,SGP_SIN,VLSFO,583.64,BUNKERWORLD_HISTORICAL
2021-11-10,SGP_SIN,MGO,748.29,BUNKERWORLD_HISTORICAL
2021-11-10,LKA_CMB,VLSFO,598.23,BUNKERWORLD_HISTORICAL
2021-11-10,LKA_CMB,MGO,767.0,BUNKERWORLD_HISTORICAL
2021-11-10,ARE_FUJ,VLSFO,577.8,BUNKERWORLD_HISTORICAL
2021-11-10,ARE_FUJ,MGO,740.81,BUNKERWORLD_HISTORICAL
2021-11-11,SGP_SIN,VLSFO,586.77,BUNKERWORLD_HISTORICAL
2021-11-11,SGP_SIN,MGO,769.22,BUNKERWORLD_HISTORICAL
2021-11-11,LKA_CMB,VLSFO,601.43,BUNKERWORLD_HISTORICAL
2021-11-11,LKA_CMB,MGO,788.45,BUNKERWORLD_HISTORICAL
2021-11-11,ARE_FUJ,VLSFO,580.9,BUNKERWORLD_HISTORICAL
2021-11-11,ARE_FUJ,MGO,761.53,BUNKERWORLD_HISTORICAL
2021-11-12,SGP_SIN,VLSFO,572.64,BUNKERWORLD_HISTORICAL
2021-11-12,SGP_SIN,MGO,734.58,BUNKERWORLD_HISTORICAL
2021-11-12,LKA_CMB,VLSFO,586.95,BUNKERWORLD_HISTORICAL
2021-11-12,LKA_CMB,MGO,752.95,BUNKERWORLD_HISTORICAL
2021-11-12,ARE_FUJ,VLSFO,566.91,BUNKERWORLD_HISTORICAL
2021-11-12,ARE_FUJ,MGO,727.24,BUNKERWORLD_HISTORICAL
2021-11-13,SGP_SIN,VLSFO,572.52,BUNKERWORLD_HISTORICAL
2021-11-13,SGP_SIN,MGO,719.19,BUNKERWORLD_HISTORICAL
2021-11-13,LKA_CMB,VLSFO,586.83,BUNKERWORLD_HISTORICAL
2021-11-13,LKA_CMB,MGO,737.17,BUNKERWORLD_HISTORICAL
2021-11-13,ARE_FUJ,VLSFO,566.8,BUNKERWORLD_HISTORICAL
2021-11-13,ARE_FUJ,MGO,712.0,BUNKERWORLD_HISTORICAL
2021-11-14,SGP_SIN,VLSFO,584.16,BUNKERWORLD_HISTORICAL
2021-11-14,SGP_SIN,MGO,765.61,BUNKERWORLD_HISTORICAL
2021-11-14,LKA_CMB,VLSFO,598.76,BUNKERWORLD_HISTORICAL
2021-11-14,LKA_CMB,MGO,784.76,BUNKERWORLD_HISTORICAL
2021-11-14,ARE_FUJ,VLSFO,578.32,BUNKERWORLD_HISTORICAL
2021-11-14,ARE_FUJ,MGO,757.96,BUNKERWORLD_HISTORICAL
2021-11-15,SGP_SIN,VLSFO,582.31,BUNKERWORLD_HISTORICAL
2021-11-15,SGP_SIN,MGO,748.3,BUNKERWORLD_HISTORICAL
2021-11-15,LKA_CMB,VLSFO,596.87,BUNKERWORLD_HISTORICAL
2021-11-15,LKA_CMB,MGO,767.0,BUNKERWORLD_HISTORICAL
2021-11-15,ARE_FUJ,VLSFO,576.49,BUNKERWORLD_HISTORICAL
2021-11-15,ARE_FUJ,MGO,740.81,BUNKERWORLD_HISTORICAL
2021-11-16,SGP_SIN,VLSFO,579.01,BUNKERWORLD_HISTORICAL
2021-11-16,SGP_SIN,MGO,741.27,BUNKERWORLD_HISTORICAL
2021-11-16,LKA_CMB,VLSFO,593.49,BUNKERWORLD_HISTORICAL
2021-11-16,LKA_CMB,MGO,759.8,BUNKERWORLD_HISTORICAL
2021-11-16,ARE_FUJ,VLSFO,573.22,BUNKERWORLD_HISTORICAL
2021-11-16,ARE_FUJ,MGO,733.86,BUNKERWORLD_HISTORICAL
2021-11-17,SGP_SIN,VLSFO,585.59,BUNKERWORLD_HISTORICAL
2021-11-17,SGP_SIN,MGO,745.45,BUNKERWORLD_HISTORICAL
2021-11-17,LKA_CMB,VLSFO,600.23,BUNKERWORLD_HISTORICAL
2021-11-17,LKA_CMB,MGO,764.09,BUNKERWORLD_HISTORICAL
2021-11-17,ARE_FUJ,VLSFO,579.73,BUNKERWORLD_HISTORICAL
2021-11-17,ARE_FUJ,MGO,738.0,BUNKERWORLD_HISTORICAL
2021-11-18,SGP_SIN,VLSFO,583.75,BUNKERWORLD_HISTORICAL
2021-11-18,SGP_SIN,MGO,746.36,BUNKERWORLD_HISTORICAL
2021-11-18,LKA_CMB,VLSFO,598.35,BUNKERWORLD_HISTORICAL
2021-11-18,LKA_CMB,MGO,765.02,BUNKERWORLD_HISTORICAL
2021-11-18,ARE_FUJ,VLSFO,577.92,BUNKERWORLD_HISTORICAL
2021-11-18,ARE_FUJ,MGO,738.9,BUNKERWORLD_HISTORICAL
2021-11-19,SGP_SIN,VLSFO,582.49,BUNKERWORLD_HISTORICAL
2021-11-19,SGP_SIN,MGO,735.7,BUNKERWORLD_HISTORICAL
2021-11-19,LKA_CMB,VLSFO,597.05,BUNKERWORLD_HISTORICAL
2021-11-19,LKA_CMB,MGO,754.09,BUNKERWORLD_HISTORICAL
2021-11-19,ARE_FUJ,VLSFO,576.66,BUNKERWORLD_HISTORICAL
2021-11-19,ARE_FUJ,MGO,728.34,BUNKERWORLD_HISTORICAL
2021-11-20,SGP_SIN,VLSFO,573.88,BUNKERWORLD_HISTORICAL
2021-11-20,SGP_SIN,MGO,729.24,BUNKERWORLD_HISTORICAL
2021-11-20,LKA_CMB,VLSFO,588.22,BUNKERWORLD_HISTORICAL
2021-11-20,LKA_CMB,MGO,747.48,BUNKERWORLD_HISTORICAL
2021-11-20,ARE_FUJ,VLSFO,568.14,BUNKERWORLD_HISTORICAL
2021-11-20,ARE_FUJ,MGO,721.95,BUNKERWORLD_HISTORICAL
2021-11-21,SGP_SIN,VLSFO,570.65,BUNKERWORLD_HISTORICAL
2021-11-21,SGP_SIN,MGO,730.14,BUNKERWORLD_HISTORICAL
2021-11-21,LKA_CMB,VLSFO,584.91,BUNKERWORLD_HISTORICAL
2021-11-21,LKA_CMB,MGO,748.39,BUNKERWORLD_HISTORICAL
2021-11-21,ARE_FUJ,VLSFO,564.94,BUNKERWORLD_HISTORICAL
2021-11-21,ARE_FUJ,MGO,722.84,BUNKERWORLD_HISTORICAL
2021-11-22,SGP_SIN,VLSFO,566.12,BUNKERWORLD_HISTORICAL
2021-11-22,SGP_SIN,MGO,733.08,BUNKERWORLD_HISTORICAL
2021-11-22,LKA_CMB,VLSFO,580.27,BUNKERWORLD_HISTORICAL
2021-11-22,LKA_CMB,MGO,751.41,BUNKERWORLD_HISTORICAL
2021-11-22,ARE_FUJ,VLSFO,560.46,BUNKERWORLD_HISTORICAL
2021-11-22,ARE_FUJ,MGO,725.75,BUNKERWORLD_HISTORICAL
2021-11-23,SGP_SIN,VLSFO,564.7,BUNKERWORLD_HISTORICAL
2021-11-23,SGP_SIN,MGO,726.23,BUNKERWORLD_HISTORICAL
2021-11-23,LKA_CMB,VLSFO,578.82,BUNKERWORLD_HISTORICAL
2021-11-23,LKA_CMB,MGO,744.39,BUNKERWORLD_HISTORICAL
2021-11-23,ARE_FUJ,VLSFO,559.06,BUNKERWORLD_HISTORICAL
2021-11-23,ARE_FUJ,MGO,718.97,BUNKERWORLD_HISTORICAL
2021-11-24,SGP_SIN,VLSFO,561.72,BUNKERWORLD_HISTORICAL
2021-11-24,SGP_SIN,MGO,727.29,BUNKERWORLD_HISTORICAL
2021-11-24,LKA_CMB,VLSFO,575.76,BUNKERWORLD_HISTORICAL
2021-11-24,LKA_CMB,MGO,745.48,BUNKERWORLD_HISTORICAL
2021-11-24,ARE_FUJ,VLSFO,556.1,BUNKERWORLD_HISTORICAL
2021-11-24,ARE_FUJ,MGO,720.02,BUNKERWORLD_HISTORICAL
2021-11-25,SGP_SIN,VLSFO,568.68,BUNKERWORLD_HISTORICAL
2021-11-25,SGP_SIN,MGO,725.1,BUNKERWORLD_HISTORICAL
2021-11-25,LKA_CMB,VLSFO,582.9,BUNKERWORLD_HISTORICAL
2021-11-25,LKA_CMB,MGO,743.23,BUNKERWORLD_HISTORICAL
2021-11-25,ARE_FUJ,VLSFO,563.0,BUNKERWORLD_HISTORICAL
2021-11-25,ARE_FUJ,MGO,717.85,BUNKERWORLD_HISTORICAL
2021-11-26,SGP_SIN,VLSFO,559.31,BUNKERWORLD_HISTORICAL
2021-11-26,SGP_SIN,MGO,727.4,BUNKERWORLD_HISTORICAL
2021-11-26,LKA_CMB,VLSFO,573.29,BUNKERWORLD_HISTORICAL
2021-11-26,LKA_CMB,MGO,745.59,BUNKERWORLD_HISTORICAL
2021-11-26,ARE_FUJ,VLSFO,553.71,BUNKERWORLD_HISTORICAL
2021-11-26,ARE_FUJ,MGO,720.13,BUNKERWORLD_HISTORICAL
2021-11-27,SGP_SIN,VLSFO,572.91,BUNKERWORLD_HISTORICAL
2021-11-27,SGP_SIN,MGO,727.53,BUNKERWORLD_HISTORICAL
2021-11-27,LKA_CMB,VLSFO,587.23,BUNKERWORLD_HISTORICAL
2021-11-27,LKA_CMB,MGO,745.71,BUNKERWORLD_HISTORICAL
2021-11-27,ARE_FUJ,VLSFO,567.18,BUNKERWORLD_HISTORICAL
2021-11-27,ARE_FUJ,MGO,720.25,BUNKERWORLD_HISTORICAL
2021-11-28,SGP_SIN,VLSFO,561.01,BUNKERWORLD_HISTORICAL
2021-11-28,SGP_SIN,MGO,705.88,BUNKERWORLD_HISTORICAL
2021-11-28,LKA_CMB,VLSFO,575.03,BUNKERWORLD_HISTORICAL
2021-11-28,LKA_CMB,MGO,723.53,BUNKERWORLD_HISTORICAL
2021-11-28,ARE_FUJ,VLSFO,555.4,BUNKERWORLD_HISTORICAL
2021-11-28,ARE_FUJ,MGO,698.82,BUNKERWORLD_HISTORICAL
2021-11-29,SGP_SIN,VLSFO,553.16,BUNKERWORLD_HISTORICAL
2021-11-29,SGP_SIN,MGO,697.2,BUNKERWORLD_HISTORICAL
2021-11-29,LKA_CMB,VLSFO,566.99,BUNKERWORLD_HISTORICAL
2021-11-29,LKA_CMB,MGO,714.63,BUNKERWORLD_HISTORICAL
2021-11-29,ARE_FUJ,VLSFO,547.63,BUNKERWORLD_HISTORICAL
2021-11-29,ARE_FUJ,MGO,690.23,BUNKERWORLD_HISTORICAL
2021-11-30,SGP_SIN,VLSFO,554.14,BUNKERWORLD_HISTORICAL
2021-11-30,SGP_SIN,MGO,729.04,BUNKERWORLD_HISTORICAL
2021-11-30,LKA_CMB,VLSFO,567.99,BUNKERWORLD_HISTORICAL
2021-11-30,LKA_CMB,MGO,747.26,BUNKERWORLD_HISTORICAL
2021-11-30,ARE_FUJ,VLSFO,548.6,BUNKERWORLD_HISTORICAL
2021-11-30,ARE_FUJ,MGO,721.75,BUNKERWORLD_HISTORICAL
2021-12-01,SGP_SIN,VLSFO,565.34,BUNKERWORLD_HISTORICAL
2021-12-01,SGP_SIN,MGO,732.2,BUNKERWORLD_HISTORICAL
2021-12-01,LKA_CMB,VLSFO,579.48,BUNKERWORLD_HISTORICAL
2021-12-01,LKA_CMB,MGO,750.5,BUNKERWORLD_HISTORICAL
2021-12-01,ARE_FUJ,VLSFO,559.69,BUNKERWORLD_HISTORICAL
2021-12-01,ARE_FUJ,MGO,724.88,BUNKERWORLD_HISTORICAL
2021-12-02,SGP_SIN,VLSFO,550.68,BUNKERWORLD_HISTORICAL
2021-12-02,SGP_SIN,MGO,700.51,BUNKERWORLD_HISTORICAL
2021-12-02,LKA_CMB,VLSFO,564.45,BUNKERWORLD_HISTORICAL
2021-12-02,LKA_CMB,MGO,718.02,BUNKERWORLD_HISTORICAL
2021-12-02,ARE_FUJ,VLSFO,545.17,BUNKERWORLD_HISTORICAL
2021-12-02,ARE_FUJ,MGO,693.5,BUNKERWORLD_HISTORICAL
2021-12-03,SGP_SIN,VLSFO,552.07,BUNKERWORLD_HISTORICAL
2021-12-03,SGP_SIN,MGO,700.14,BUNKERWORLD_HISTORICAL
2021-12-03,LKA_CMB,VLSFO,565.87,BUNKERWORLD_HISTORICAL
2021-12-03,LKA_CMB,MGO,717.65,BUNKERWORLD_HISTORICAL
2021-12-03,ARE_FUJ,VLSFO,546.55,BUNKERWORLD_HISTORICAL
2021-12-03,ARE_FUJ,MGO,693.14,BUNKERWORLD_HISTORICAL
2021-12-04,SGP_SIN,VLSFO,559.22,BUNKERWORLD_HISTORICAL
2021-12-04,SGP_SIN,MGO,715.53,BUNKERWORLD_HISTORICAL
2021-12-04,LKA_CMB,VLSFO,573.2,BUNKERWORLD_HISTORICAL
2021-12-04,LKA_CMB,MGO,733.42,BUNKERWORLD_HISTORICAL
2021-12-04,ARE_FUJ,VLSFO,553.62,BUNKERWORLD_HISTORICAL
2021-12-04,ARE_FUJ,MGO,708.38,BUNKERWORLD_HISTORICAL
2021-12-05,SGP_SIN,VLSFO,547.9,BUNKERWORLD_HISTORICAL
2021-12-05,SGP_SIN,MGO,713.88,BUNKERWORLD_HISTORICAL
2021-12-05,LKA_CMB,VLSFO,561.6,BUNKERWORLD_HISTORICAL
2021-12-05,LKA_CMB,MGO,731.73,BUNKERWORLD_HISTORICAL
2021-12-05,ARE_FUJ,VLSFO,542.42,BUNKERWORLD_HISTORICAL
2021-12-05,ARE_FUJ,MGO,706.74,BUNKERWORLD_HISTORICAL
2021-12-06,SGP_SIN,VLSFO,545.87,BUNKERWORLD_HISTORICAL
2021-12-06,SGP_SIN,MGO,701.96,BUNKERWORLD_HISTORICAL
2021-12-06,LKA_CMB,VLSFO,559.51,BUNKERWORLD_HISTORICAL
2021-12-06,LKA_CMB,MGO,719.51,BUNKERWORLD_HISTORICAL
2021-12-06,ARE_FUJ,VLSFO,540.41,BUNKERWORLD_HISTORICAL
2021-12-06,ARE_FUJ,MGO,694.94,BUNKERWORLD_HISTORICAL
2021-12-07,SGP_SIN,VLSFO,532.33,BUNKERWORLD_HISTORICAL
2021-12-07,SGP_SIN,MGO,680.0,BUNKERWORLD_HISTORICAL
2021-12-07,LKA_CMB,VLSFO,545.63,BUNKERWORLD_HISTORICAL
2021-12-07,LKA_CMB,MGO,697.0,BUNKERWORLD_HISTORICAL
2021-12-07,ARE_FUJ,VLSFO,527.0,BUNKERWORLD_HISTORICAL
2021-12-07,ARE_FUJ,MGO,673.2,BUNKERWORLD_HISTORICAL
2021-12-08,SGP_SIN,VLSFO,536.09,BUNKERWORLD_HISTORICAL
2021-12-08,SGP_SIN,MGO,680.0,BUNKERWORLD_HISTORICAL
2021-12-08,LKA_CMB,VLSFO,549.49,BUNKERWORLD_HISTORICAL
2021-12-08,LKA_CMB,MGO,697.0,BUNKERWORLD_HISTORICAL
2021-12-08,ARE_FUJ,VLSFO,530.73,BUNKERWORLD_HISTORICAL
2021-12-08,ARE_FUJ,MGO,673.2,BUNKERWORLD_HISTORICAL
2021-12-09,SGP_SIN,VLSFO,534.82,BUNKERWORLD_HISTORICAL
2021-12-09,SGP_SIN,MGO,680.0,BUNKERWORLD_HISTORICAL
2021-12-09,LKA_CMB,VLSFO,548.19,BUNKERWORLD_HISTORICAL
2021-12-09,LKA_CMB,MGO,697.0,BUNKERWORLD_HISTORICAL
2021-12-09,ARE_FUJ,VLSFO,529.47,BUNKERWORLD_HISTORICAL
2021-12-09,ARE_FUJ,MGO,673.2,BUNKERWORLD_HISTORICAL
2021-12-10,SGP_SIN,VLSFO,528.11,BUNKERWORLD_HISTORICAL
2021-12-10,SGP_SIN,MGO,680.0,BUNKERWORLD_HISTORICAL
2021-12-10,LKA_CMB,VLSFO,541.31,BUNKERWORLD_HISTORICAL
2021-12-10,LKA_CMB,MGO,697.0,BUNKERWORLD_HISTORICAL
2021-12-10,ARE_FUJ,VLSFO,522.83,BUNKERWORLD_HISTORICAL
2021-12-10,ARE_FUJ,MGO,673.2,BUNKERWORLD_HISTORICAL
2021-12-11,SGP_SIN,VLSFO,522.2,BUNKERWORLD_HISTORICAL
2021-12-11,SGP_SIN,MGO,680.0,BUNKERWORLD_HISTORICAL
2021-12-11,LKA_CMB,VLSFO,535.25,BUNKERWORLD_HISTORICAL
2021-12-11,LKA_CMB,MGO,697.0,BUNKERWORLD_HISTORICAL
2021-12-11,ARE_FUJ,VLSFO,516.98,BUNKERWORLD_HISTORICAL
2021-12-11,ARE_FUJ,MGO,673.2,BUNKERWORLD_HISTORICAL
2021-12-12,SGP_SIN,VLSFO,551.29,BUNKERWORLD_HISTORICAL
2021-12-12,SGP_SIN,MGO,693.73,BUNKERWORLD_HISTORICAL
2021-12-12,LKA_CMB,VLSFO,565.07,BUNKERWORLD_HISTORICAL
2021-12-12,LKA_CMB,MGO,711.08,BUNKERWORLD_HISTORICAL
2021-12-12,ARE_FUJ,VLSFO,545.78,BUNKERWORLD_HISTORICAL
2021-12-12,ARE_FUJ,MGO,686.8,BUNKERWORLD_HISTORICAL
2021-12-13,SGP_SIN,VLSFO,539.89,BUNKERWORLD_HISTORICAL
2021-12-13,SGP_SIN,MGO,704.79,BUNKERWORLD_HISTORICAL
2021-12-13,LKA_CMB,VLSFO,553.39,BUNKERWORLD_HISTORICAL
2021-12-13,LKA_CMB,MGO,722.41,BUNKERWORLD_HISTORICAL
2021-12-13,ARE_FUJ,VLSFO,534.5,BUNKERWORLD_HISTORICAL
2021-12-13,ARE_FUJ,MGO,697.74,BUNKERWORLD_HISTORICAL
2021-12-14,SGP_SIN,VLSFO,548.25,BUNKERWORLD_HISTORICAL
2021-12-14,SGP_SIN,MGO,695.75,BUNKERWORLD_HISTORICAL
2021-12-14,LKA_CMB,VLSFO,561.96,BUNKERWORLD_HISTORICAL
2021-12-14,LKA_CMB,MGO,713.15,BUNKERWORLD_HISTORICAL
2021-12-14,ARE_FUJ,VLSFO,542.77,BUNKERWORLD_HISTORICAL
2021-12-14,ARE_FUJ,MGO,688.79,BUNKERWORLD_HISTORICAL
2021-12-15,SGP_SIN,VLSFO,531.81,BUNKERWORLD_HISTORICAL
2021-12-15,SGP_SIN,MGO,680.57,BUNKERWORLD_HISTORICAL
2021-12-15,LKA_CMB,VLSFO,545.11,BUNKERWORLD_HISTORICAL
2021-12-15,LKA_CMB,MGO,697.59,BUNKERWORLD_HISTORICAL
2021-12-15,ARE_FUJ,VLSFO,526.5,BUNKERWORLD_HISTORICAL
2021-12-15,ARE_FUJ,MGO,673.77,BUNKERWORLD_HISTORICAL
2021-12-16,SGP_SIN,VLSFO,545.27,BUNKERWORLD_HISTORICAL
2021-12-16,SGP_SIN,MGO,691.27,BUNKERWORLD_HISTORICAL
2021-12-16,LKA_CMB,VLSFO,558.91,BUNKERWORLD_HISTORICAL
2021-12-16,LKA_CMB,MGO,708.55,BUNKERWORLD_HISTORICAL
2021-12-16,ARE_FUJ,VLSFO,539.82,BUNKERWORLD_HISTORICAL
2021-12-16,ARE_FUJ,MGO,684.36,BUNKERWORLD_HISTORICAL
2021-12-17,SGP_SIN,VLSFO,547.82,BUNKERWORLD_HISTORICAL
2021-12-17,SGP_SIN,MGO,689.91,BUNKERWORLD_HISTORICAL
2021-12-17,LKA_CMB,VLSFO,561.52,BUNKERWORLD_HISTORICAL
2021-12-17,LKA_CMB,MGO,707.16,BUNKERWORLD_HISTORICAL
2021-12-17,ARE_FUJ,VLSFO,542.35,BUNKERWORLD_HISTORICAL
2021-12-17,ARE_FUJ,MGO,683.01,BUNKERWORLD_HISTORICAL
2021-12-18,SGP_SIN,VLSFO,549.56,BUNKERWORLD_HISTORICAL
2021-12-18,SGP_SIN,MGO,700.51,BUNKERWORLD_HISTORICAL
2021-12-18,LKA_CMB,VLSFO,563.3,BUNKERWORLD_HISTORICAL
2021-12-18,LKA_CMB,MGO,718.03,BUNKERWORLD_HISTORICAL
2021-12-18,ARE_FUJ,VLSFO,544.07,BUNKERWORLD_HISTORICAL
2021-12-18,ARE_FUJ,MGO,693.51,BUNKERWORLD_HISTORICAL
2021-12-19,SGP_SIN,VLSFO,535.41,BUNKERWORLD_HISTORICAL
2021-12-19,SGP_SIN,MGO,680.0,BUNKERWORLD_HISTORICAL
2021-12-19,LKA_CMB,VLSFO,548.8,BUNKERWORLD_HISTORICAL
2021-12-19,LKA_CMB,MGO,697.0,BUNKERWORLD_HISTORICAL
2021-12-19,ARE_FUJ,VLSFO,530.06,BUNKERWORLD_HISTORICAL
2021-12-19,ARE_FUJ,MGO,673.2,BUNKERWORLD_HISTORICAL
2021-12-20,SGP_SIN,VLSFO,527.74,BUNKERWORLD_HISTORICAL
2021-12-20,SGP_SIN,MGO,684.98,BUNKERWORLD_HISTORICAL
2021-12-20,LKA_CMB,VLSFO,540.93,BUNKERWORLD_HISTORICAL
2021-12-20,LKA_CMB,MGO,702.11,BUNKERWORLD_HISTORICAL
2021-12-20,ARE_FUJ,VLSFO,522.46,BUNKERWORLD_HISTORICAL
2021-12-20,ARE_FUJ,MGO,678.13,BUNKERWORLD_HISTORICAL
2021-12-21,SGP_SIN,VLSFO,547.83,BUNKERWORLD_HISTORICAL
2021-12-21,SGP_SIN,MGO,692.27,BUNKERWORLD_HISTORICAL
2021-12-21,LKA_CMB,VLSFO,561.52,BUNKERWORLD_HISTORICAL
2021-12-21,LKA_CMB,MGO,709.57,BUNKERWORLD_HISTORICAL
2021-12-21,ARE_FUJ,VLSFO,542.35,BUNKERWORLD_HISTORICAL
2021-12-21,ARE_FUJ,MGO,685.34,BUNKERWORLD_HISTORICAL
2021-12-22,SGP_SIN,VLSFO,554.91,BUNKERWORLD_HISTORICAL
2021-12-22,SGP_SIN,MGO,714.15,BUNKERWORLD_HISTORICAL
2021-12-22,LKA_CMB,VLSFO,568.78,BUNKERWORLD_HISTORICAL
2021-12-22,LKA_CMB,MGO,732.0,BUNKERWORLD_HISTORICAL
2021-12-22,ARE_FUJ,VLSFO,549.36,BUNKERWORLD_HISTORICAL
2021-12-22,ARE_FUJ,MGO,707.01,BUNKERWORLD_HISTORICAL
2021-12-23,SGP_SIN,VLSFO,548.43,BUNKERWORLD_HISTORICAL
2021-12-23,SGP_SIN,MGO,700.41,BUNKERWORLD_HISTORICAL
2021-12-23,LKA_CMB,VLSFO,562.14,BUNKERWORLD_HISTORICAL
2021-12-23,LKA_CMB,MGO,717.92,BUNKERWORLD_HISTORICAL
2021-12-23,ARE_FUJ,VLSFO,542.94,BUNKERWORLD_HISTORICAL
2021-12-23,ARE_FUJ,MGO,693.41,BUNKERWORLD_HISTORICAL
2021-12-24,SGP_SIN,VLSFO,553.13,BUNKERWORLD_HISTORICAL
2021-12-24,SGP_SIN,MGO,695.77,BUNKERWORLD_HISTORICAL
2021-12-24,LKA_CMB,VLSFO,566.96,BUNKERWORLD_HISTORICAL
2021-12-24,LKA_CMB,MGO,713.16,BUNKERWORLD_HISTORICAL
2021-12-24,ARE_FUJ,VLSFO,547.6,BUNKERWORLD_HISTORICAL
2021-12-24,ARE_FUJ,MGO,688.81,BUNKERWORLD_HISTORICAL
2021-12-25,SGP_SIN,VLSFO,553.19,BUNKERWORLD_HISTORICAL
2021-12-25,SGP_SIN,MGO,710.47,BUNKERWORLD_HISTORICAL
2021-12-25,LKA_CMB,VLSFO,567.02,BUNKERWORLD_HISTORICAL
2021-12-25,LKA_CMB,MGO,728.24,BUNKERWORLD_HISTORICAL
2021-12-25,ARE_FUJ,VLSFO,547.66,BUNKERWORLD_HISTORICAL
2021-12-25,ARE_FUJ,MGO,703.37,BUNKERWORLD_HISTORICAL
2021-12-26,SGP_SIN,VLSFO,544.34,BUNKERWORLD_HISTORICAL
2021-12-26,SGP_SIN,MGO,696.75,BUNKERWORLD_HISTORICAL
2021-12-26,LKA_CMB,VLSFO,557.95,BUNKERWORLD_HISTORICAL
2021-12-26,LKA_CMB,MGO,714.17,BUNKERWORLD_HISTORICAL
2021-12-26,ARE_FUJ,VLSFO,538.9,BUNKERWORLD_HISTORICAL
2021-12-26,ARE_FUJ,MGO,689.79,BUNKERWORLD_HISTORICAL
2021-12-27,SGP_SIN,VLSFO,540.84,BUNKERWORLD_HISTORICAL
2021-12-27,SGP_SIN,MGO,696.08,BUNKERWORLD_HISTORICAL
2021-12-27,LKA_CMB,VLSFO,554.36,BUNKERWORLD_HISTORICAL
2021-12-27,LKA_CMB,MGO,713.48,BUNKERWORLD_HISTORICAL
2021-12-27,ARE_FUJ,VLSFO,535.43,BUNKERWORLD_HISTORICAL
2021-12-27,ARE_FUJ,MGO,689.12,BUNKERWORLD_HISTORICAL
2021-12-28,SGP_SIN,VLSFO,556.07,BUNKERWORLD_HISTORICAL
2021-12-28,SGP_SIN,MGO,725.39,BUNKERWORLD_HISTORICAL
2021-12-28,LKA_CMB,VLSFO,569.97,BUNKERWORLD_HISTORICAL
2021-12-28,LKA_CMB,MGO,743.52,BUNKERWORLD_HISTORICAL
2021-12-28,ARE_FUJ,VLSFO,550.5,BUNKERWORLD_HISTORICAL
2021-12-28,ARE_FUJ,MGO,718.14,BUNKERWORLD_HISTORICAL
2021-12-29,SGP_SIN,VLSFO,558.69,BUNKERWORLD_HISTORICAL
2021-12-29,SGP_SIN,MGO,730.13,BUNKERWORLD_HISTORICAL
2021-12-29,LKA_CMB,VLSFO,572.66,BUNKERWORLD_HISTORICAL
2021-12-29,LKA_CMB,MGO,748.39,BUNKERWORLD_HISTORICAL
2021-12-29,ARE_FUJ,VLSFO,553.11,BUNKERWORLD_HISTORICAL
2021-12-29,ARE_FUJ,MGO,722.83,BUNKERWORLD_HISTORICAL
2021-12-30,SGP_SIN,VLSFO,550.01,BUNKERWORLD_HISTORICAL
2021-12-30,SGP_SIN,MGO,689.24,BUNKERWORLD_HISTORICAL
2021-12-30,LKA_CMB,VLSFO,563.76,BUNKERWORLD_HISTORICAL
2021-12-30,LKA_CMB,MGO,706.47,BUNKERWORLD_HISTORICAL
2021-12-30,ARE_FUJ,VLSFO,544.51,BUNKERWORLD_HISTORICAL
2021-12-30,ARE_FUJ,MGO,682.35,BUNKERWORLD_HISTORICAL
2021-12-31,SGP_SIN,VLSFO,548.71,BUNKERWORLD_HISTORICAL
2021-12-31,SGP_SIN,MGO,700.72,BUNKERWORLD_HISTORICAL
2021-12-31,LKA_CMB,VLSFO,562.43,BUNKERWORLD_HISTORICAL
2021-12-31,LKA_CMB,MGO,718.24,BUNKERWORLD_HISTORICAL
2021-12-31,ARE_FUJ,VLSFO,543.22,BUNKERWORLD_HISTORICAL
2021-12-31,ARE_FUJ,MGO,693.72,BUNKERWORLD_HISTORICAL
2022-01-01,SGP_SIN,VLSFO,553.92,BUNKERWORLD_HISTORICAL
2022-01-01,SGP_SIN,MGO,717.12,BUNKERWORLD_HISTORICAL
2022-01-01,LKA_CMB,VLSFO,567.77,BUNKERWORLD_HISTORICAL
2022-01-01,LKA_CMB,MGO,735.05,BUNKERWORLD_HISTORICAL
2022-01-01,ARE_FUJ,VLSFO,548.38,BUNKERWORLD_HISTORICAL
2022-01-01,ARE_FUJ,MGO,709.95,BUNKERWORLD_HISTORICAL
2022-01-02,SGP_SIN,VLSFO,549.04,BUNKERWORLD_HISTORICAL
2022-01-02,SGP_SIN,MGO,711.48,BUNKERWORLD_HISTORICAL
2022-01-02,LKA_CMB,VLSFO,562.77,BUNKERWORLD_HISTORICAL
2022-01-02,LKA_CMB,MGO,729.27,BUNKERWORLD_HISTORICAL
2022-01-02,ARE_FUJ,VLSFO,543.55,BUNKERWORLD_HISTORICAL
2022-01-02,ARE_FUJ,MGO,704.36,BUNKERWORLD_HISTORICAL
2022-01-03,SGP_SIN,VLSFO,541.72,BUNKERWORLD_HISTORICAL
2022-01-03,SGP_SIN,MGO,693.38,BUNKERWORLD_HISTORICAL
2022-01-03,LKA_CMB,VLSFO,555.26,BUNKERWORLD_HISTORICAL
2022-01-03,LKA_CMB,MGO,710.72,BUNKERWORLD_HISTORICAL
2022-01-03,ARE_FUJ,VLSFO,536.3,BUNKERWORLD_HISTORICAL
2022-01-03,ARE_FUJ,MGO,686.45,BUNKERWORLD_HISTORICAL
2022-01-04,SGP_SIN,VLSFO,543.11,BUNKERWORLD_HISTORICAL
2022-01-04,SGP_SIN,MGO,686.99,BUNKERWORLD_HISTORICAL
2022-01-04,LKA_CMB,VLSFO,556.69,BUNKERWORLD_HISTORICAL
2022-01-04,LKA_CMB,MGO,704.17,BUNKERWORLD_HISTORICAL
2022-01-04,ARE_FUJ,VLSFO,537.68,BUNKERWORLD_HISTORICAL
2022-01-04,ARE_FUJ,MGO,680.12,BUNKERWORLD_HISTORICAL
2022-01-05,SGP_SIN,VLSFO,540.99,BUNKERWORLD_HISTORICAL
2022-01-05,SGP_SIN,MGO,704.57,BUNKERWORLD_HISTORICAL
2022-01-05,LKA_CMB,VLSFO,554.52,BUNKERWORLD_HISTORICAL
2022-01-05,LKA_CMB,MGO,722.19,BUNKERWORLD_HISTORICAL
2022-01-05,ARE_FUJ,VLSFO,535.58,BUNKERWORLD_HISTORICAL
2022-01-05,ARE_FUJ,MGO,697.53,BUNKERWORLD_HISTORICAL
2022-01-06,SGP_SIN,VLSFO,539.59,BUNKERWORLD_HISTORICAL
2022-01-06,SGP_SIN,MGO,696.13,BUNKERWORLD_HISTORICAL
2022-01-06,LKA_CMB,VLSFO,553.08,BUNKERWORLD_HISTORICAL
2022-01-06,LKA_CMB,MGO,713.53,BUNKERWORLD_HISTORICAL
2022-01-06,ARE_FUJ,VLSFO,534.2,BUNKERWORLD_HISTORICAL
2022-01-06,ARE_FUJ,MGO,689.16,BUNKERWORLD_HISTORICAL
2022-01-07,SGP_SIN,VLSFO,551.37,BUNKERWORLD_HISTORICAL
2022-01-07,SGP_SIN,MGO,694.01,BUNKERWORLD_HISTORICAL
2022-01-07,LKA_CMB,VLSFO,565.16,BUNKERWORLD_HISTORICAL
2022-01-07,LKA_CMB,MGO,711.36,BUNKERWORLD_HISTORICAL
2022-01-07,ARE_FUJ,VLSFO,545.86,BUNKERWORLD_HISTORICAL
2022-01-07,ARE_FUJ,MGO,687.07,BUNKERWORLD_HISTORICAL
2022-01-08,SGP_SIN,VLSFO,542.73,BUNKERWORLD_HISTORICAL
2022-01-08,SGP_SIN,MGO,708.57,BUNKERWORLD_HISTORICAL
2022-01-08,LKA_CMB,VLSFO,556.29,BUNKERWORLD_HISTORICAL
2022-01-08,LKA_CMB,MGO,726.28,BUNKERWORLD_HISTORICAL
2022-01-08,ARE_FUJ,VLSFO,537.3,BUNKERWORLD_HISTORICAL
2022-01-08,ARE_FUJ,MGO,701.48,BUNKERWORLD_HISTORICAL
2022-01-09,SGP_SIN,VLSFO,554.4,BUNKERWORLD_HISTORICAL
2022-01-09,SGP_SIN,MGO,705.48,BUNKERWORLD_HISTORICAL
2022-01-09,LKA_CMB,VLSFO,568.26,BUNKERWORLD_HISTORICAL
2022-01-09,LKA_CMB,MGO,723.12,BUNKERWORLD_HISTORICAL
2022-01-09,ARE_FUJ,VLSFO,548.85,BUNKERWORLD_HISTORICAL
2022-01-09,ARE_FUJ,MGO,698.42,BUNKERWORLD_HISTORICAL
2022-01-10,SGP_SIN,VLSFO,558.73,BUNKERWORLD_HISTORICAL
2022-01-10,SGP_SIN,MGO,718.77,BUNKERWORLD_HISTORICAL
2022-01-10,LKA_CMB,VLSFO,572.7,BUNKERWORLD_HISTORICAL
2022-01-10,LKA_CMB,MGO,736.74,BUNKERWORLD_HISTORICAL
2022-01-10,ARE_FUJ,VLSFO,553.14,BUNKERWORLD_HISTORICAL
2022-01-10,ARE_FUJ,MGO,711.58,BUNKERWORLD_HISTORICAL
2022-01-11,SGP_SIN,VLSFO,552.42,BUNKERWORLD_HISTORICAL
2022-01-11,SGP_SIN,MGO,699.14,BUNKERWORLD_HISTORICAL
2022-01-11,LKA_CMB,VLSFO,566.23,BUNKERWORLD_HISTORICAL
2022-01-11,LKA_CMB,MGO,716.61,BUNKERWORLD_HISTORICAL
2022-01-11,ARE_FUJ,VLSFO,546.9,BUNKERWORLD_HISTORICAL
2022-01-11,ARE_FUJ,MGO,692.14,BUNKERWORLD_HISTORICAL
2022-01-12,SGP_SIN,VLSFO,546.49,BUNKERWORLD_HISTORICAL
2022-01-12,SGP_SIN,MGO,692.28,BUNKERWORLD_HISTORICAL
2022-01-12,LKA_CMB,VLSFO,560.15,BUNKERWORLD_HISTORICAL
2022-01-12,LKA_CMB,MGO,709.59,BUNKERWORLD_HISTORICAL
2022-01-12,ARE_FUJ,VLSFO,541.02,BUNKERWORLD_HISTORICAL
2022-01-12,ARE_FUJ,MGO,685.36,BUNKERWORLD_HISTORICAL
2022-01-13,SGP_SIN,VLSFO,553.52,BUNKERWORLD_HISTORICAL
2022-01-13,SGP_SIN,MGO,696.81,BUNKERWORLD_HISTORICAL
2022-01-13,LKA_CMB,VLSFO,567.36,BUNKERWORLD_HISTORICAL
2022-01-13,LKA_CMB,MGO,714.23,BUNKERWORLD_HISTORICAL
2022-01-13,ARE_FUJ,VLSFO,547.99,BUNKERWORLD_HISTORICAL
2022-01-13,ARE_FUJ,MGO,689.84,BUNKERWORLD_HISTORICAL
2022-01-14,SGP_SIN,VLSFO,552.8,BUNKERWORLD_HISTORICAL
2022-01-14,SGP_SIN,MGO,716.4,BUNKERWORLD_HISTORICAL
2022-01-14,LKA_CMB,VLSFO,566.62,BUNKERWORLD_HISTORICAL
2022-01-14,LKA_CMB,MGO,734.31,BUNKERWORLD_HISTORICAL
2022-01-14,ARE_FUJ,VLSFO,547.27,BUNKERWORLD_HISTORICAL
2022-01-14,ARE_FUJ,MGO,709.24,BUNKERWORLD_HISTORICAL
2022-01-15,SGP_SIN,VLSFO,544.96,BUNKERWORLD_HISTORICAL
2022-01-15,SGP_SIN,MGO,700.46,BUNKERWORLD_HISTORICAL
2022-01-15,LKA_CMB,VLSFO,558.58,BUNKERWORLD_HISTORICAL
2022-01-15,LKA_CMB,MGO,717.97,BUNKERWORLD_HISTORICAL
2022-01-15,ARE_FUJ,VLSFO,539.51,BUNKERWORLD_HISTORICAL
2022-01-15,ARE_FUJ,MGO,693.45,BUNKERWORLD_HISTORICAL
2022-01-16,SGP_SIN,VLSFO,540.17,BUNKERWORLD_HISTORICAL
2022-01-16,SGP_SIN,MGO,680.1,BUNKERWORLD_HISTORICAL
2022-01-16,LKA_CMB,VLSFO,553.68,BUNKERWORLD_HISTORICAL
2022-01-16,LKA_CMB,MGO,697.1,BUNKERWORLD_HISTORICAL
2022-01-16,ARE_FUJ,VLSFO,534.77,BUNKERWORLD_HISTORICAL
2022-01-16,ARE_FUJ,MGO,673.29,BUNKERWORLD_HISTORICAL
2022-01-17,SGP_SIN,VLSFO,544.94,BUNKERWORLD_HISTORICAL
2022-01-17,SGP_SIN,MGO,684.88,BUNKERWORLD_HISTORICAL
2022-01-17,LKA_CMB,VLSFO,558.57,BUNKERWORLD_HISTORICAL
2022-01-17,LKA_CMB,MGO,702.01,BUNKERWORLD_HISTORICAL
2022-01-17,ARE_FUJ,VLSFO,539.49,BUNKERWORLD_HISTORICAL
2022-01-17,ARE_FUJ,MGO,678.04,BUNKERWORLD_HISTORICAL
2022-01-18,SGP_SIN,VLSFO,545.27,BUNKERWORLD_HISTORICAL
2022-01-18,SGP_SIN,MGO,712.01,BUNKERWORLD_HISTORICAL
2022-01-18,LKA_CMB,VLSFO,558.91,BUNKERWORLD_HISTORICAL
2022-01-18,LKA_CMB,MGO,729.81,BUNKERWORLD_HISTORICAL
2022-01-18,ARE_FUJ,VLSFO,539.82,BUNKERWORLD_HISTORICAL
2022-01-18,ARE_FUJ,MGO,704.89,BUNKERWORLD_HISTORICAL
2022-01-19,SGP_SIN,VLSFO,539.35,BUNKERWORLD_HISTORICAL
2022-01-19,SGP_SIN,MGO,686.11,BUNKERWORLD_HISTORICAL
2022-01-19,LKA_CMB,VLSFO,552.84,BUNKERWORLD_HISTORICAL
2022-01-19,LKA_CMB,MGO,703.26,BUNKERWORLD_HISTORICAL
2022-01-19,ARE_FUJ,VLSFO,533.96,BUNKERWORLD_HISTORICAL
2022-01-19,ARE_FUJ,MGO,679.25,BUNKERWORLD_HISTORICAL
2022-01-20,SGP_SIN,VLSFO,537.16,BUNKERWORLD_HISTORICAL
2022-01-20,SGP_SIN,MGO,680.0,BUNKERWORLD_HISTORICAL
2022-01-20,LKA_CMB,VLSFO,550.59,BUNKERWORLD_HISTORICAL
2022-01-20,LKA_CMB,MGO,697.0,BUNKERWORLD_HISTORICAL
2022-01-20,ARE_FUJ,VLSFO,531.79,BUNKERWORLD_HISTORICAL
2022-01-20,ARE_FUJ,MGO,673.2,BUNKERWORLD_HISTORICAL
2022-01-21,SGP_SIN,VLSFO,542.21,BUNKERWORLD_HISTORICAL
2022-01-21,SGP_SIN,MGO,704.13,BUNKERWORLD_HISTORICAL
2022-01-21,LKA_CMB,VLSFO,555.76,BUNKERWORLD_HISTORICAL
2022-01-21,LKA_CMB,MGO,721.73,BUNKERWORLD_HISTORICAL
2022-01-21,ARE_FUJ,VLSFO,536.79,BUNKERWORLD_HISTORICAL
2022-01-21,ARE_FUJ,MGO,697.09,BUNKERWORLD_HISTORICAL
2022-01-22,SGP_SIN,VLSFO,554.75,BUNKERWORLD_HISTORICAL
2022-01-22,SGP_SIN,MGO,706.69,BUNKERWORLD_HISTORICAL
2022-01-22,LKA_CMB,VLSFO,568.62,BUNKERWORLD_HISTORICAL
2022-01-22,LKA_CMB,MGO,724.36,BUNKERWORLD_HISTORICAL
2022-01-22,ARE_FUJ,VLSFO,549.2,BUNKERWORLD_HISTORICAL
2022-01-22,ARE_FUJ,MGO,699.62,BUNKERWORLD_HISTORICAL
2022-01-23,SGP_SIN,VLSFO,542.45,BUNKERWORLD_HISTORICAL
2022-01-23,SGP_SIN,MGO,691.14,BUNKERWORLD_HISTORICAL
2022-01-23,LKA_CMB,VLSFO,556.02,BUNKERWORLD_HISTORICAL
2022-01-23,LKA_CMB,MGO,708.42,BUNKERWORLD_HISTORICAL
2022-01-23,ARE_FUJ,VLSFO,537.03,BUNKERWORLD_HISTORICAL
2022-01-23,ARE_FUJ,MGO,684.23,BUNKERWORLD_HISTORICAL
2022-01-24,SGP_SIN,VLSFO,548.64,BUNKERWORLD_HISTORICAL
2022-01-24,SGP_SIN,MGO,703.16,BUNKERWORLD_HISTORICAL
2022-01-24,LKA_CMB,VLSFO,562.36,BUNKERWORLD_HISTORICAL
2022-01-24,LKA_CMB,MGO,720.74,BUNKERWORLD_HISTORICAL
2022-01-24,ARE_FUJ,VLSFO,543.16,BUNKERWORLD_HISTORICAL
2022-01-24,ARE_FUJ,MGO,696.13,BUNKERWORLD_HISTORICAL
2022-01-25,SGP_SIN,VLSFO,557.47,BUNKERWORLD_HISTORICAL
2022-01-25,SGP_SIN,MGO,714.45,BUNKERWORLD_HISTORICAL
2022-01-25,LKA_CMB,VLSFO,571.41,BUNKERWORLD_HISTORICAL
2022-01-25,LKA_CMB,MGO,732.31,BUNKERWORLD_HISTORICAL
2022-01-25,ARE_FUJ,VLSFO,551.9,BUNKERWORLD_HISTORICAL
2022-01-25,ARE_FUJ,MGO,707.31,BUNKERWORLD_HISTORICAL
2022-01-26,SGP_SIN,VLSFO,564.66,BUNKERWORLD_HISTORICAL
2022-01-26,SGP_SIN,MGO,728.62,BUNKERWORLD_HISTORICAL
2022-01-26,LKA_CMB,VLSFO,578.78,BUNKERWORLD_HISTORICAL
2022-01-26,LKA_CMB,MGO,746.83,BUNKERWORLD_HISTORICAL
2022-01-26,ARE_FUJ,VLSFO,559.01,BUNKERWORLD_HISTORICAL
2022-01-26,ARE_FUJ,MGO,721.33,BUNKERWORLD_HISTORICAL
2022-01-27,SGP_SIN,VLSFO,554.95,BUNKERWORLD_HISTORICAL
2022-01-27,SGP_SIN,MGO,696.1,BUNKERWORLD_HISTORICAL
2022-01-27,LKA_CMB,VLSFO,568.83,BUNKERWORLD_HISTORICAL
2022-01-27,LKA_CMB,MGO,713.5,BUNKERWORLD_HISTORICAL
2022-01-27,ARE_FUJ,VLSFO,549.4,BUNKERWORLD_HISTORICAL
2022-01-27,ARE_FUJ,MGO,689.14,BUNKERWORLD_HISTORICAL
2022-01-28,SGP_SIN,VLSFO,558.01,BUNKERWORLD_HISTORICAL
2022-01-28,SGP_SIN,MGO,726.13,BUNKERWORLD_HISTORICAL
2022-01-28,LKA_CMB,VLSFO,571.96,BUNKERWORLD_HISTORICAL
2022-01-28,LKA_CMB,MGO,744.29,BUNKERWORLD_HISTORICAL
2022-01-28,ARE_FUJ,VLSFO,552.43,BUNKERWORLD_HISTORICAL
2022-01-28,ARE_FUJ,MGO,718.87,BUNKERWORLD_HISTORICAL
2022-01-29,SGP_SIN,VLSFO,546.73,BUNKERWORLD_HISTORICAL
2022-01-29,SGP_SIN,MGO,689.22,BUNKERWORLD_HISTORICAL
2022-01-29,LKA_CMB,VLSFO,560.4,BUNKERWORLD_HISTORICAL
2022-01-29,LKA_CMB,MGO,706.45,BUNKERWORLD_HISTORICAL
2022-01-29,ARE_FUJ,VLSFO,541.27,BUNKERWORLD_HISTORICAL
2022-01-29,ARE_FUJ,MGO,682.33,BUNKERWORLD_HISTORICAL
2022-01-30,SGP_SIN,VLSFO,550.83,BUNKERWORLD_HISTORICAL
2022-01-30,SGP_SIN,MGO,700.71,BUNKERWORLD_HISTORICAL
2022-01-30,LKA_CMB,VLSFO,564.61,BUNKERWORLD_HISTORICAL
2022-01-30,LKA_CMB,MGO,718.22,BUNKERWORLD_HISTORICAL
2022-01-30,ARE_FUJ,VLSFO,545.33,BUNKERWORLD_HISTORICAL
2022-01-30,ARE_FUJ,MGO,693.7,BUNKERWORLD_HISTORICAL
2022-01-31,SGP_SIN,VLSFO,544.25,BUNKERWORLD_HISTORICAL
2022-01-31,SGP_SIN,MGO,705.34,BUNKERWORLD_HISTORICAL
2022-01-31,LKA_CMB,VLSFO,557.86,BUNKERWORLD_HISTORICAL
2022-01-31,LKA_CMB,MGO,722.97,BUNKERWORLD_HISTORICAL
2022-01-31,ARE_FUJ,VLSFO,538.81,BUNKERWORLD_HISTORICAL
2022-01-31,ARE_FUJ,MGO,698.28,BUNKERWORLD_HISTORICAL
2022-02-01,SGP_SIN,VLSFO,557.54,BUNKERWORLD_HISTORICAL
2022-02-01,SGP_SIN,MGO,718.59,BUNKERWORLD_HISTORICAL
2022-02-01,LKA_CMB,VLSFO,571.48,BUNKERWORLD_HISTORICAL
2022-02-01,LKA_CMB,MGO,736.56,BUNKERWORLD_HISTORICAL
2022-02-01,ARE_FUJ,VLSFO,551.96,BUNKERWORLD_HISTORICAL
2022-02-01,ARE_FUJ,MGO,711.41,BUNKERWORLD_HISTORICAL
2022-02-02,SGP_SIN,VLSFO,538.03,BUNKERWORLD_HISTORICAL
2022-02-02,SGP_SIN,MGO,705.97,BUNKERWORLD_HISTORICAL
2022-02-02,LKA_CMB,VLSFO,551.48,BUNKERWORLD_HISTORICAL
2022-02-02,LKA_CMB,MGO,723.62,BUNKERWORLD_HISTORICAL
2022-02-02,ARE_FUJ,VLSFO,532.65,BUNKERWORLD_HISTORICAL
2022-02-02,ARE_FUJ,MGO,698.91,BUNKERWORLD_HISTORICAL
2022-02-03,SGP_SIN,VLSFO,563.87,BUNKERWORLD_HISTORICAL
2022-02-03,SGP_SIN,MGO,710.53,BUNKERWORLD_HISTORICAL
2022-02-03,LKA_CMB,VLSFO,577.97,BUNKERWORLD_HISTORICAL
2022-02-03,LKA_CMB,MGO,728.29,BUNKERWORLD_HISTORICAL
2022-02-03,ARE_FUJ,VLSFO,558.23,BUNKERWORLD_HISTORICAL
2022-02-03,ARE_FUJ,MGO,703.42,BUNKERWORLD_HISTORICAL
2022-02-04,SGP_SIN,VLSFO,545.52,BUNKERWORLD_HISTORICAL
2022-02-04,SGP_SIN,MGO,693.31,BUNKERWORLD_HISTORICAL
2022-02-04,LKA_CMB,VLSFO,559.16,BUNKERWORLD_HISTORICAL
2022-02-04,LKA_CMB,MGO,710.64,BUNKERWORLD_HISTORICAL
2022-02-04,ARE_FUJ,VLSFO,540.06,BUNKERWORLD_HISTORICAL
2022-02-04,ARE_FUJ,MGO,686.38,BUNKERWORLD_HISTORICAL
2022-02-05,SGP_SIN,VLSFO,560.2,BUNKERWORLD_HISTORICAL
2022-02-05,SGP_SIN,MGO,724.82,BUNKERWORLD_HISTORICAL
2022-02-05,LKA_CMB,VLSFO,574.2,BUNKERWORLD_HISTORICAL
2022-02-05,LKA_CMB,MGO,742.94,BUNKERWORLD_HISTORICAL
2022-02-05,ARE_FUJ,VLSFO,554.6,BUNKERWORLD_HISTORICAL
2022-02-05,ARE_FUJ,MGO,717.57,BUNKERWORLD_HISTORICAL
2022-02-06,SGP_SIN,VLSFO,554.42,BUNKERWORLD_HISTORICAL
2022-02-06,SGP_SIN,MGO,717.03,BUNKERWORLD_HISTORICAL
2022-02-06,LKA_CMB,VLSFO,568.28,BUNKERWORLD_HISTORICAL
2022-02-06,LKA_CMB,MGO,734.95,BUNKERWORLD_HISTORICAL
2022-02-06,ARE_FUJ,VLSFO,548.87,BUNKERWORLD_HISTORICAL
2022-02-06,ARE_FUJ,MGO,709.86,BUNKERWORLD_HISTORICAL
2022-02-07,SGP_SIN,VLSFO,554.11,BUNKERWORLD_HISTORICAL
2022-02-07,SGP_SIN,MGO,699.91,BUNKERWORLD_HISTORICAL
2022-02-07,LKA_CMB,VLSFO,567.96,BUNKERWORLD_HISTORICAL
2022-02-07,LKA_CMB,MGO,717.41,BUNKERWORLD_HISTORICAL
2022-02-07,ARE_FUJ,VLSFO,548.57,BUNKERWORLD_HISTORICAL
2022-02-07,ARE_FUJ,MGO,692.91,BUNKERWORLD_HISTORICAL
2022-02-08,SGP_SIN,VLSFO,548.7,BUNKERWORLD_HISTORICAL
2022-02-08,SGP_SIN,MGO,712.55,BUNKERWORLD_HISTORICAL
2022-02-08,LKA_CMB,VLSFO,562.41,BUNKERWORLD_HISTORICAL
2022-02-08,LKA_CMB,MGO,730.37,BUNKERWORLD_HISTORICAL
2022-02-08,ARE_FUJ,VLSFO,543.21,BUNKERWORLD_HISTORICAL
2022-02-08,ARE_FUJ,MGO,705.43,BUNKERWORLD_HISTORICAL
2022-02-09,SGP_SIN,VLSFO,551.47,BUNKERWORLD_HISTORICAL
2022-02-09,SGP_SIN,MGO,713.79,BUNKERWORLD_HISTORICAL
2022-02-09,LKA_CMB,VLSFO,565.25,BUNKERWORLD_HISTORICAL
2022-02-09,LKA_CMB,MGO,731.64,BUNKERWORLD_HISTORICAL
2022-02-09,ARE_FUJ,VLSFO,545.95,BUNKERWORLD_HISTORICAL
2022-02-09,ARE_FUJ,MGO,706.65,BUNKERWORLD_HISTORICAL
2022-02-10,SGP_SIN,VLSFO,540.47,BUNKERWORLD_HISTORICAL
2022-02-10,SGP_SIN,MGO,687.69,BUNKERWORLD_HISTORICAL
2022-02-10,LKA_CMB,VLSFO,553.98,BUNKERWORLD_HISTORICAL
2022-02-10,LKA_CMB,MGO,704.88,BUNKERWORLD_HISTORICAL
2022-02-10,ARE_FUJ,VLSFO,535.06,BUNKERWORLD_HISTORICAL
2022-02-10,ARE_FUJ,MGO,680.81,BUNKERWORLD_HISTORICAL
2022-02-11,SGP_SIN,VLSFO,535.41,BUNKERWORLD_HISTORICAL
2022-02-11,SGP_SIN,MGO,687.98,BUNKERWORLD_HISTORICAL
2022-02-11,LKA_CMB,VLSFO,548.8,BUNKERWORLD_HISTORICAL
2022-02-11,LKA_CMB,MGO,705.18,BUNKERWORLD_HISTORICAL
2022-02-11,ARE_FUJ,VLSFO,530.06,BUNKERWORLD_HISTORICAL
2022-02-11,ARE_FUJ,MGO,681.1,BUNKERWORLD_HISTORICAL
2022-02-12,SGP_SIN,VLSFO,548.84,BUNKERWORLD_HISTORICAL
2022-02-12,SGP_SIN,MGO,710.38,BUNKERWORLD_HISTORICAL
2022-02-12,LKA_CMB,VLSFO,562.56,BUNKERWORLD_HISTORICAL
2022-02-12,LKA_CMB,MGO,728.14,BUNKERWORLD_HISTORICAL
2022-02-12,ARE_FUJ,VLSFO,543.35,BUNKERWORLD_HISTORICAL
2022-02-12,ARE_FUJ,MGO,703.28,BUNKERWORLD_HISTORICAL
2022-02-13,SGP_SIN,VLSFO,549.66,BUNKERWORLD_HISTORICAL
2022-02-13,SGP_SIN,MGO,716.24,BUNKERWORLD_HISTORICAL
2022-02-13,LKA_CMB,VLSFO,563.4,BUNKERWORLD_HISTORICAL
2022-02-13,LKA_CMB,MGO,734.14,BUNKERWORLD_HISTORICAL
2022-02-13,ARE_FUJ,VLSFO,544.16,BUNKERWORLD_HISTORICAL
2022-02-13,ARE_FUJ,MGO,709.07,BUNKERWORLD_HISTORICAL
2022-02-14,SGP_SIN,VLSFO,551.48,BUNKERWORLD_HISTORICAL
2022-02-14,SGP_SIN,MGO,698.07,BUNKERWORLD_HISTORICAL
2022-02-14,LKA_CMB,VLSFO,565.27,BUNKERWORLD_HISTORICAL
2022-02-14,LKA_CMB,MGO,715.52,BUNKERWORLD_HISTORICAL
2022-02-14,ARE_FUJ,VLSFO,545.97,BUNKERWORLD_HISTORICAL
2022-02-14,ARE_FUJ,MGO,691.09,BUNKERWORLD_HISTORICAL
2022-02-15,SGP_SIN,VLSFO,551.12,BUNKERWORLD_HISTORICAL
2022-02-15,SGP_SIN,MGO,709.18,BUNKERWORLD_HISTORICAL
2022-02-15,LKA_CMB,VLSFO,564.9,BUNKERWORLD_HISTORICAL
2022-02-15,LKA_CMB,MGO,726.91,BUNKERWORLD_HISTORICAL
2022-02-15,ARE_FUJ,VLSFO,545.61,BUNKERWORLD_HISTORICAL
2022-02-15,ARE_FUJ,MGO,702.09,BUNKERWORLD_HISTORICAL
2022-02-16,SGP_SIN,VLSFO,559.69,BUNKERWORLD_HISTORICAL
2022-02-16,SGP_SIN,MGO,717.45,BUNKERWORLD_HISTORICAL
2022-02-16,LKA_CMB,VLSFO,573.68,BUNKERWORLD_HISTORICAL
2022-02-16,LKA_CMB,MGO,735.38,BUNKERWORLD_HISTORICAL
2022-02-16,ARE_FUJ,VLSFO,554.09,BUNKERWORLD_HISTORICAL
2022-02-16,ARE_FUJ,MGO,710.27,BUNKERWORLD_HISTORICAL
2022-02-17,SGP_SIN,VLSFO,545.22,BUNKERWORLD_HISTORICAL
2022-02-17,SGP_SIN,MGO,705.53,BUNKERWORLD_HISTORICAL
2022-02-17,LKA_CMB,VLSFO,558.85,BUNKERWORLD_HISTORICAL
2022-02-17,LKA_CMB,MGO,723.17,BUNKERWORLD_HISTORICAL
2022-02-17,ARE_FUJ,VLSFO,539.77,BUNKERWORLD_HISTORICAL
2022-02-17,ARE_FUJ,MGO,698.48,BUNKERWORLD_HISTORICAL
2022-02-18,SGP_SIN,VLSFO,555.14,BUNKERWORLD_HISTORICAL
2022-02-18,SGP_SIN,MGO,715.2,BUNKERWORLD_HISTORICAL
2022-02-18,LKA_CMB,VLSFO,569.02,BUNKERWORLD_HISTORICAL
2022-02-18,LKA_CMB,MGO,733.08,BUNKERWORLD_HISTORICAL
2022-02-18,ARE_FUJ,VLSFO,549.59,BUNKERWORLD_HISTORICAL
2022-02-18,ARE_FUJ,MGO,708.05,BUNKERWORLD_HISTORICAL
2022-02-19,SGP_SIN,VLSFO,551.52,BUNKERWORLD_HISTORICAL
2022-02-19,SGP_SIN,MGO,704.75,BUNKERWORLD_HISTORICAL
2022-02-19,LKA_CMB,VLSFO,565.31,BUNKERWORLD_HISTORICAL
2022-02-19,LKA_CMB,MGO,722.36,BUNKERWORLD_HISTORICAL
2022-02-19,ARE_FUJ,VLSFO,546.0,BUNKERWORLD_HISTORICAL
2022-02-19,ARE_FUJ,MGO,697.7,BUNKERWORLD_HISTORICAL
2022-02-20,SGP_SIN,VLSFO,554.37,BUNKERWORLD_HISTORICAL
2022-02-20,SGP_SIN,MGO,710.6,BUNKERWORLD_HISTORICAL
2022-02-20,LKA_CMB,VLSFO,568.22,BUNKERWORLD_HISTORICAL
2022-02-20,LKA_CMB,MGO,728.37,BUNKERWORLD_HISTORICAL
2022-02-20,ARE_FUJ,VLSFO,548.82,BUNKERWORLD_HISTORICAL
2022-02-20,ARE_FUJ,MGO,703.5,BUNKERWORLD_HISTORICAL
2022-02-21,SGP_SIN,VLSFO,552.0,BUNKERWORLD_HISTORICAL
2022-02-21,SGP_SIN,MGO,700.57,BUNKERWORLD_HISTORICAL
2022-02-21,LKA_CMB,VLSFO,565.8,BUNKERWORLD_HISTORICAL
2022-02-21,LKA_CMB,MGO,718.09,BUNKERWORLD_HISTORICAL
2022-02-21,ARE_FUJ,VLSFO,546.48,BUNKERWORLD_HISTORICAL
2022-02-21,ARE_FUJ,MGO,693.57,BUNKERWORLD_HISTORICAL
2022-02-22,SGP_SIN,VLSFO,547.52,BUNKERWORLD_HISTORICAL
2022-02-22,SGP_SIN,MGO,700.39,BUNKERWORLD_HISTORICAL
2022-02-22,LKA_CMB,VLSFO,561.21,BUNKERWORLD_HISTORICAL
2022-02-22,LKA_CMB,MGO,717.9,BUNKERWORLD_HISTORICAL
2022-02-22,ARE_FUJ,VLSFO,542.04,BUNKERWORLD_HISTORICAL
2022-02-22,ARE_FUJ,MGO,693.38,BUNKERWORLD_HISTORICAL
2022-02-23,SGP_SIN,VLSFO,547.97,BUNKERWORLD_HISTORICAL
2022-02-23,SGP_SIN,MGO,709.28,BUNKERWORLD_HISTORICAL
2022-02-23,LKA_CMB,VLSFO,561.67,BUNKERWORLD_HISTORICAL
2022-02-23,LKA_CMB,MGO,727.01,BUNKERWORLD_HISTORICAL
2022-02-23,ARE_FUJ,VLSFO,542.49,BUNKERWORLD_HISTORICAL
2022-02-23,ARE_FUJ,MGO,702.18,BUNKERWORLD_HISTORICAL
2022-02-24,SGP_SIN,VLSFO,539.81,BUNKERWORLD_HISTORICAL
2022-02-24,SGP_SIN,MGO,699.09,BUNKERWORLD_HISTORICAL
2022-02-24,LKA_CMB,VLSFO,553.31,BUNKERWORLD_HISTORICAL
2022-02-24,LKA_CMB,MGO,716.56,BUNKERWORLD_HISTORICAL
2022-02-24,ARE_FUJ,VLSFO,534.41,BUNKERWORLD_HISTORICAL
2022-02-24,ARE_FUJ,MGO,692.1,BUNKERWORLD_HISTORICAL
2022-02-25,SGP_SIN,VLSFO,547.12,BUNKERWORLD_HISTORICAL
2022-02-25,SGP_SIN,MGO,699.71,BUNKERWORLD_HISTORICAL
2022-02-25,LKA_CMB,VLSFO,560.8,BUNKERWORLD_HISTORICAL
2022-02-25,LKA_CMB,MGO,717.2,BUNKERWORLD_HISTORICAL
2022-02-25,ARE_FUJ,VLSFO,541.65,BUNKERWORLD_HISTORICAL
2022-02-25,ARE_FUJ,MGO,692.71,BUNKERWORLD_HISTORICAL
2022-02-26,SGP_SIN,VLSFO,548.25,BUNKERWORLD_HISTORICAL
2022-02-26,SGP_SIN,MGO,702.09,BUNKERWORLD_HISTORICAL
2022-02-26,LKA_CMB,VLSFO,561.96,BUNKERWORLD_HISTORICAL
2022-02-26,LKA_CMB,MGO,719.64,BUNKERWORLD_HISTORICAL
2022-02-26,ARE_FUJ,VLSFO,542.77,BUNKERWORLD_HISTORICAL
2022-02-26,ARE_FUJ,MGO,695.07,BUNKERWORLD_HISTORICAL
2022-02-27,SGP_SIN,VLSFO,540.16,BUNKERWORLD_HISTORICAL
2022-02-27,SGP_SIN,MGO,695.64,BUNKERWORLD_HISTORICAL
2022-02-27,LKA_CMB,VLSFO,553.66,BUNKERWORLD_HISTORICAL
2022-02-27,LKA_CMB,MGO,713.03,BUNKERWORLD_HISTORICAL
2022-02-27,ARE_FUJ,VLSFO,534.76,BUNKERWORLD_HISTORICAL
2022-02-27,ARE_FUJ,MGO,688.68,BUNKERWORLD_HISTORICAL
2022-02-28,SGP_SIN,VLSFO,541.56,BUNKERWORLD_HISTORICAL
2022-02-28,SGP_SIN,MGO,689.98,BUNKERWORLD_HISTORICAL
2022-02-28,LKA_CMB,VLSFO,555.1,BUNKERWORLD_HISTORICAL
2022-02-28,LKA_CMB,MGO,707.23,BUNKERWORLD_HISTORICAL
2022-02-28,ARE_FUJ,VLSFO,536.15,BUNKERWORLD_HISTORICAL
2022-02-28,ARE_FUJ,MGO,683.08,BUNKERWORLD_HISTORICAL
2022-03-01,SGP_SIN,VLSFO,555.02,BUNKERWORLD_HISTORICAL
2022-03-01,SGP_SIN,MGO,711.24,BUNKERWORLD_HISTORICAL
2022-03-01,LKA_CMB,VLSFO,568.9,BUNKERWORLD_HISTORICAL
2022-03-01,LKA_CMB,MGO,729.02,BUNKERWORLD_HISTORICAL
2022-03-01,ARE_FUJ,VLSFO,549.47,BUNKERWORLD_HISTORICAL
2022-03-01,ARE_FUJ,MGO,704.12,BUNKERWORLD_HISTORICAL
2022-03-02,SGP_SIN,VLSFO,544.64,BUNKERWORLD_HISTORICAL
2022-03-02,SGP_SIN,MGO,683.43,BUNKERWORLD_HISTORICAL
2022-03-02,LKA_CMB,VLSFO,558.26,BUNKERWORLD_HISTORICAL
2022-03-02,LKA_CMB,MGO,700.51,BUNKERWORLD_HISTORICAL
2022-03-02,ARE_FUJ,VLSFO,539.2,BUNKERWORLD_HISTORICAL
2022-03-02,ARE_FUJ,MGO,676.59,BUNKERWORLD_HISTORICAL
2022-03-03,SGP_SIN,VLSFO,545.37,BUNKERWORLD_HISTORICAL
2022-03-03,SGP_SIN,MGO,700.27,BUNKERWORLD_HISTORICAL
2022-03-03,LKA_CMB,VLSFO,559.01,BUNKERWORLD_HISTORICAL
2022-03-03,LKA_CMB,MGO,717.78,BUNKERWORLD_HISTORICAL
2022-03-03,ARE_FUJ,VLSFO,539.92,BUNKERWORLD_HISTORICAL
2022-03-03,ARE_FUJ,MGO,693.27,BUNKERWORLD_HISTORICAL
2022-03-04,SGP_SIN,VLSFO,548.93,BUNKERWORLD_HISTORICAL
2022-03-04,SGP_SIN,MGO,710.64,BUNKERWORLD_HISTORICAL
2022-03-04,LKA_CMB,VLSFO,562.65,BUNKERWORLD_HISTORICAL
2022-03-04,LKA_CMB,MGO,728.41,BUNKERWORLD_HISTORICAL
2022-03-04,ARE_FUJ,VLSFO,543.44,BUNKERWORLD_HISTORICAL
2022-03-04,ARE_FUJ,MGO,703.54,BUNKERWORLD_HISTORICAL
2022-03-05,SGP_SIN,VLSFO,540.44,BUNKERWORLD_HISTORICAL
2022-03-05,SGP_SIN,MGO,695.53,BUNKERWORLD_HISTORICAL
2022-03-05,LKA_CMB,VLSFO,553.95,BUNKERWORLD_HISTORICAL
2022-03-05,LKA_CMB,MGO,712.91,BUNKERWORLD_HISTORICAL
2022-03-05,ARE_FUJ,VLSFO,535.04,BUNKERWORLD_HISTORICAL
2022-03-05,ARE_FUJ,MGO,688.57,BUNKERWORLD_HISTORICAL
2022-03-06,SGP_SIN,VLSFO,544.61,BUNKERWORLD_HISTORICAL
2022-03-06,SGP_SIN,MGO,709.12,BUNKERWORLD_HISTORICAL
2022-03-06,LKA_CMB,VLSFO,558.22,BUNKERWORLD_HISTORICAL
2022-03-06,LKA_CMB,MGO,726.85,BUNKERWORLD_HISTORICAL
2022-03-06,ARE_FUJ,VLSFO,539.16,BUNKERWORLD_HISTORICAL
2022-03-06,ARE_FUJ,MGO,702.03,BUNKERWORLD_HISTORICAL
2022-03-07,SGP_SIN,VLSFO,547.01,BUNKERWORLD_HISTORICAL
2022-03-07,SGP_SIN,MGO,693.76,BUNKERWORLD_HISTORICAL
2022-03-07,LKA_CMB,VLSFO,560.68,BUNKERWORLD_HISTORICAL
2022-03-07,LKA_CMB,MGO,711.11,BUNKERWORLD_HISTORICAL
2022-03-07,ARE_FUJ,VLSFO,541.54,BUNKERWORLD_HISTORICAL
2022-03-07,ARE_FUJ,MGO,686.82,BUNKERWORLD_HISTORICAL
2022-03-08,SGP_SIN,VLSFO,543.81,BUNKERWORLD_HISTORICAL
2022-03-08,SGP_SIN,MGO,689.13,BUNKERWORLD_HISTORICAL
2022-03-08,LKA_CMB,VLSFO,557.4,BUNKERWORLD_HISTORICAL
2022-03-08,LKA_CMB,MGO,706.36,BUNKERWORLD_HISTORICAL
2022-03-08,ARE_FUJ,VLSFO,538.37,BUNKERWORLD_HISTORICAL
2022-03-08,ARE_FUJ,MGO,682.24,BUNKERWORLD_HISTORICAL
2022-03-09,SGP_SIN,VLSFO,536.31,BUNKERWORLD_HISTORICAL
2022-03-09,SGP_SIN,MGO,688.15,BUNKERWORLD_HISTORICAL
2022-03-09,LKA_CMB,VLSFO,549.72,BUNKERWORLD_HISTORICAL
2022-03-09,LKA_CMB,MGO,705.35,BUNKERWORLD_HISTORICAL
2022-03-09,ARE_FUJ,VLSFO,530.95,BUNKERWORLD_HISTORICAL
2022-03-09,ARE_FUJ,MGO,681.27,BUNKERWORLD_HISTORICAL
2022-03-10,SGP_SIN,VLSFO,551.74,BUNKERWORLD_HISTORICAL
2022-03-10,SGP_SIN,MGO,714.22,BUNKERWORLD_HISTORICAL
2022-03-10,LKA_CMB,VLSFO,565.53,BUNKERWORLD_HISTORICAL
2022-03-10,LKA_CMB,MGO,732.07,BUNKERWORLD_HISTORICAL
2022-03-10,ARE_FUJ,VLSFO,546.22,BUNKERWORLD_HISTORICAL
2022-03-10,ARE_FUJ,MGO,707.07,BUNKERWORLD_HISTORICAL
2022-03-11,SGP_SIN,VLSFO,544.47,BUNKERWORLD_HISTORICAL
2022-03-11,SGP_SIN,MGO,695.88,BUNKERWORLD_HISTORICAL
2022-03-11,LKA_CMB,VLSFO,558.08,BUNKERWORLD_HISTORICAL
2022-03-11,LKA_CMB,MGO,713.28,BUNKERWORLD_HISTORICAL
2022-03-11,ARE_FUJ,VLSFO,539.03,BUNKERWORLD_HISTORICAL
2022-03-11,ARE_FUJ,MGO,688.92,BUNKERWORLD_HISTORICAL
2022-03-12,SGP_SIN,VLSFO,545.75,BUNKERWORLD_HISTORICAL
2022-03-12,SGP_SIN,MGO,691.23,BUNKERWORLD_HISTORICAL
2022-03-12,LKA_CMB,VLSFO,559.39,BUNKERWORLD_HISTORICAL
2022-03-12,LKA_CMB,MGO,708.51,BUNKERWORLD_HISTORICAL
2022-03-12,ARE_FUJ,VLSFO,540.29,BUNKERWORLD_HISTORICAL
2022-03-12,ARE_FUJ,MGO,684.32,BUNKERWORLD_HISTORICAL
2022-03-13,SGP_SIN,VLSFO,540.72,BUNKERWORLD_HISTORICAL
2022-03-13,SGP_SIN,MGO,697.92,BUNKERWORLD_HISTORICAL
2022-03-13,LKA_CMB,VLSFO,554.24,BUNKERWORLD_HISTORICAL
2022-03-13,LKA_CMB,MGO,715.37,BUNKERWORLD_HISTORICAL
2022-03-13,ARE_FUJ,VLSFO,535.31,BUNKERWORLD_HISTORICAL
2022-03-13,ARE_FUJ,MGO,690.94,BUNKERWORLD_HISTORICAL
2022-03-14,SGP_SIN,VLSFO,545.05,BUNKERWORLD_HISTORICAL
2022-03-14,SGP_SIN,MGO,701.66,BUNKERWORLD_HISTORICAL
2022-03-14,LKA_CMB,VLSFO,558.67,BUNKERWORLD_HISTORICAL
2022-03-14,LKA_CMB,MGO,719.21,BUNKERWORLD_HISTORICAL
2022-03-14,ARE_FUJ,VLSFO,539.6,BUNKERWORLD_HISTORICAL
2022-03-14,ARE_FUJ,MGO,694.65,BUNKERWORLD_HISTORICAL
2022-03-15,SGP_SIN,VLSFO,556.11,BUNKERWORLD_HISTORICAL
2022-03-15,SGP_SIN,MGO,717.68,BUNKERWORLD_HISTORICAL
2022-03-15,LKA_CMB,VLSFO,570.01,BUNKERWORLD_HISTORICAL
2022-03-15,LKA_CMB,MGO,735.62,BUNKERWORLD_HISTORICAL
2022-03-15,ARE_FUJ,VLSFO,550.55,BUNKERWORLD_HISTORICAL
2022-03-15,ARE_FUJ,MGO,710.5,BUNKERWORLD_HISTORICAL
2022-03-16,SGP_SIN,VLSFO,549.25,BUNKERWORLD_HISTORICAL
2022-03-16,SGP_SIN,MGO,697.48,BUNKERWORLD_HISTORICAL
2022-03-16,LKA_CMB,VLSFO,562.99,BUNKERWORLD_HISTORICAL
2022-03-16,LKA_CMB,MGO,714.92,BUNKERWORLD_HISTORICAL
2022-03-16,ARE_FUJ,VLSFO,543.76,BUNKERWORLD_HISTORICAL
2022-03-16,ARE_FUJ,MGO,690.51,BUNKERWORLD_HISTORICAL
2022-03-17,SGP_SIN,VLSFO,560.78,BUNKERWORLD_HISTORICAL
2022-03-17,SGP_SIN,MGO,709.36,BUNKERWORLD_HISTORICAL
2022-03-17,LKA_CMB,VLSFO,574.8,BUNKERWORLD_HISTORICAL
2022-03-17,LKA_CMB,MGO,727.09,BUNKERWORLD_HISTORICAL
2022-03-17,ARE_FUJ,VLSFO,555.18,BUNKERWORLD_HISTORICAL
2022-03-17,ARE_FUJ,MGO,702.27,BUNKERWORLD_HISTORICAL
2022-03-18,SGP_SIN,VLSFO,559.71,BUNKERWORLD_HISTORICAL
2022-03-18,SGP_SIN,MGO,715.8,BUNKERWORLD_HISTORICAL
2022-03-18,LKA_CMB,VLSFO,573.7,BUNKERWORLD_HISTORICAL
2022-03-18,LKA_CMB,MGO,733.7,BUNKERWORLD_HISTORICAL
2022-03-18,ARE_FUJ,VLSFO,554.11,BUNKERWORLD_HISTORICAL
2022-03-18,ARE_FUJ,MGO,708.64,BUNKERWORLD_HISTORICAL
2022-03-19,SGP_SIN,VLSFO,543.16,BUNKERWORLD_HISTORICAL
2022-03-19,SGP_SIN,MGO,696.84,BUNKERWORLD_HISTORICAL
2022-03-19,LKA_CMB,VLSFO,556.74,BUNKERWORLD_HISTORICAL
2022-03-19,LKA_CMB,MGO,714.26,BUNKERWORLD_HISTORICAL
2022-03-19,ARE_FUJ,VLSFO,537.73,BUNKERWORLD_HISTORICAL
2022-03-19,ARE_FUJ,MGO,689.87,BUNKERWORLD_HISTORICAL
2022-03-20,SGP_SIN,VLSFO,545.68,BUNKERWORLD_HISTORICAL
2022-03-20,SGP_SIN,MGO,692.64,BUNKERWORLD_HISTORICAL
2022-03-20,LKA_CMB,VLSFO,559.32,BUNKERWORLD_HISTORICAL
2022-03-20,LKA_CMB,MGO,709.95,BUNKERWORLD_HISTORICAL
2022-03-20,ARE_FUJ,VLSFO,540.22,BUNKERWORLD_HISTORICAL
2022-03-20,ARE_FUJ,MGO,685.71,BUNKERWORLD_HISTORICAL
2022-03-21,SGP_SIN,VLSFO,547.72,BUNKERWORLD_HISTORICAL
2022-03-21,SGP_SIN,MGO,690.37,BUNKERWORLD_HISTORICAL
2022-03-21,LKA_CMB,VLSFO,561.41,BUNKERWORLD_HISTORICAL
2022-03-21,LKA_CMB,MGO,707.63,BUNKERWORLD_HISTORICAL
2022-03-21,ARE_FUJ,VLSFO,542.24,BUNKERWORLD_HISTORICAL
2022-03-21,ARE_FUJ,MGO,683.47,BUNKERWORLD_HISTORICAL
2022-03-22,SGP_SIN,VLSFO,535.94,BUNKERWORLD_HISTORICAL
2022-03-22,SGP_SIN,MGO,693.76,BUNKERWORLD_HISTORICAL
2022-03-22,LKA_CMB,VLSFO,549.34,BUNKERWORLD_HISTORICAL
2022-03-22,LKA_CMB,MGO,711.11,BUNKERWORLD_HISTORICAL
2022-03-22,ARE_FUJ,VLSFO,530.58,BUNKERWORLD_HISTORICAL
2022-03-22,ARE_FUJ,MGO,686.82,BUNKERWORLD_HISTORICAL
2022-03-23,SGP_SIN,VLSFO,551.77,BUNKERWORLD_HISTORICAL
2022-03-23,SGP_SIN,MGO,715.85,BUNKERWORLD_HISTORICAL
2022-03-23,LKA_CMB,VLSFO,565.56,BUNKERWORLD_HISTORICAL
2022-03-23,LKA_CMB,MGO,733.74,BUNKERWORLD_HISTORICAL
2022-03-23,ARE_FUJ,VLSFO,546.25,BUNKERWORLD_HISTORICAL
2022-03-23,ARE_FUJ,MGO,708.69,BUNKERWORLD_HISTORICAL
2022-03-24,SGP_SIN,VLSFO,540.7,BUNKERWORLD_HISTORICAL
2022-03-24,SGP_SIN,MGO,694.8,BUNKERWORLD_HISTORICAL
2022-03-24,LKA_CMB,VLSFO,554.22,BUNKERWORLD_HISTORICAL
2022-03-24,LKA_CMB,MGO,712.17,BUNKERWORLD_HISTORICAL
2022-03-24,ARE_FUJ,VLSFO,535.29,BUNKERWORLD_HISTORICAL
2022-03-24,ARE_FUJ,MGO,687.85,BUNKERWORLD_HISTORICAL
2022-03-25,SGP_SIN,VLSFO,547.43,BUNKERWORLD_HISTORICAL
2022-03-25,SGP_SIN,MGO,696.47,BUNKERWORLD_HISTORICAL
2022-03-25,LKA_CMB,VLSFO,561.12,BUNKERWORLD_HISTORICAL
2022-03-25,LKA_CMB,MGO,713.88,BUNKERWORLD_HISTORICAL
2022-03-25,ARE_FUJ,VLSFO,541.96,BUNKERWORLD_HISTORICAL
2022-03-25,ARE_FUJ,MGO,689.51,BUNKERWORLD_HISTORICAL
2022-03-26,SGP_SIN,VLSFO,527.51,BUNKERWORLD_HISTORICAL
2022-03-26,SGP_SIN,MGO,680.0,BUNKERWORLD_HISTORICAL
2022-03-26,LKA_CMB,VLSFO,540.69,BUNKERWORLD_HISTORICAL
2022-03-26,LKA_CMB,MGO,697.0,BUNKERWORLD_HISTORICAL
2022-03-26,ARE_FUJ,VLSFO,522.23,BUNKERWORLD_HISTORICAL
2022-03-26,ARE_FUJ,MGO,673.2,BUNKERWORLD_HISTORICAL
2022-03-27,SGP_SIN,VLSFO,550.71,BUNKERWORLD_HISTORICAL
2022-03-27,SGP_SIN,MGO,706.8,BUNKERWORLD_HISTORICAL
2022-03-27,LKA_CMB,VLSFO,564.48,BUNKERWORLD_HISTORICAL
2022-03-27,LKA_CMB,MGO,724.47,BUNKERWORLD_HISTORICAL
2022-03-27,ARE_FUJ,VLSFO,545.2,BUNKERWORLD_HISTORICAL
2022-03-27,ARE_FUJ,MGO,699.73,BUNKERWORLD_HISTORICAL
2022-03-28,SGP_SIN,VLSFO,560.19,BUNKERWORLD_HISTORICAL
2022-03-28,SGP_SIN,MGO,708.63,BUNKERWORLD_HISTORICAL
2022-03-28,LKA_CMB,VLSFO,574.19,BUNKERWORLD_HISTORICAL
2022-03-28,LKA_CMB,MGO,726.35,BUNKERWORLD_HISTORICAL
2022-03-28,ARE_FUJ,VLSFO,554.59,BUNKERWORLD_HISTORICAL
2022-03-28,ARE_FUJ,MGO,701.54,BUNKERWORLD_HISTORICAL
2022-03-29,SGP_SIN,VLSFO,563.43,BUNKERWORLD_HISTORICAL
2022-03-29,SGP_SIN,MGO,729.12,BUNKERWORLD_HISTORICAL
2022-03-29,LKA_CMB,VLSFO,577.52,BUNKERWORLD_HISTORICAL
2022-03-29,LKA_CMB,MGO,747.35,BUNKERWORLD_HISTORICAL
2022-03-29,ARE_FUJ,VLSFO,557.8,BUNKERWORLD_HISTORICAL
2022-03-29,ARE_FUJ,MGO,721.83,BUNKERWORLD_HISTORICAL
2022-03-30,SGP_SIN,VLSFO,558.52,BUNKERWORLD_HISTORICAL
2022-03-30,SGP_SIN,MGO,707.29,BUNKERWORLD_HISTORICAL
2022-03-30,LKA_CMB,VLSFO,572.48,BUNKERWORLD_HISTORICAL
2022-03-30,LKA_CMB,MGO,724.98,BUNKERWORLD_HISTORICAL
2022-03-30,ARE_FUJ,VLSFO,552.94,BUNKERWORLD_HISTORICAL
2022-03-30,ARE_FUJ,MGO,700.22,BUNKERWORLD_HISTORICAL
2022-03-31,SGP_SIN,VLSFO,568.38,BUNKERWORLD_HISTORICAL
2022-03-31,SGP_SIN,MGO,725.62,BUNKERWORLD_HISTORICAL
2022-03-31,LKA_CMB,VLSFO,582.59,BUNKERWORLD_HISTORICAL
2022-03-31,LKA_CMB,MGO,743.76,BUNKERWORLD_HISTORICAL
2022-03-31,ARE_FUJ,VLSFO,562.7,BUNKERWORLD_HISTORICAL
2022-03-31,ARE_FUJ,MGO,718.36,BUNKERWORLD_HISTORICAL
2022-04-01,SGP_SIN,VLSFO,563.23,BUNKERWORLD_HISTORICAL
2022-04-01,SGP_SIN,MGO,718.3,BUNKERWORLD_HISTORICAL
2022-04-01,LKA_CMB,VLSFO,577.31,BUNKERWORLD_HISTORICAL
2022-04-01,LKA_CMB,MGO,736.25,BUNKERWORLD_HISTORICAL
2022-04-01,ARE_FUJ,VLSFO,557.59,BUNKERWORLD_HISTORICAL
2022-04-01,ARE_FUJ,MGO,711.11,BUNKERWORLD_HISTORICAL
2022-04-02,SGP_SIN,VLSFO,561.89,BUNKERWORLD_HISTORICAL
2022-04-02,SGP_SIN,MGO,716.34,BUNKERWORLD_HISTORICAL
2022-04-02,LKA_CMB,VLSFO,575.93,BUNKERWORLD_HISTORICAL
2022-04-02,LKA_CMB,MGO,734.25,BUNKERWORLD_HISTORICAL
2022-04-02,ARE_FUJ,VLSFO,556.27,BUNKERWORLD_HISTORICAL
2022-04-02,ARE_FUJ,MGO,709.17,BUNKERWORLD_HISTORICAL
2022-04-03,SGP_SIN,VLSFO,573.82,BUNKERWORLD_HISTORICAL
2022-04-03,SGP_SIN,MGO,736.6,BUNKERWORLD_HISTORICAL
2022-04-03,LKA_CMB,VLSFO,588.17,BUNKERWORLD_HISTORICAL
2022-04-03,LKA_CMB,MGO,755.01,BUNKERWORLD_HISTORICAL
2022-04-03,ARE_FUJ,VLSFO,568.09,BUNKERWORLD_HISTORICAL
2022-04-03,ARE_FUJ,MGO,729.23,BUNKERWORLD_HISTORICAL
2022-04-04,SGP_SIN,VLSFO,563.22,BUNKERWORLD_HISTORICAL
2022-04-04,SGP_SIN,MGO,733.53,BUNKERWORLD_HISTORICAL
2022-04-04,LKA_CMB,VLSFO,577.3,BUNKERWORLD_HISTORICAL
2022-04-04,LKA_CMB,MGO,751.87,BUNKERWORLD_HISTORICAL
2022-04-04,ARE_FUJ,VLSFO,557.59,BUNKERWORLD_HISTORICAL
2022-04-04,ARE_FUJ,MGO,726.2,BUNKERWORLD_HISTORICAL
2022-04-05,SGP_SIN,VLSFO,576.37,BUNKERWORLD_HISTORICAL
2022-04-05,SGP_SIN,MGO,750.41,BUNKERWORLD_HISTORICAL
2022-04-05,LKA_CMB,VLSFO,590.78,BUNKERWORLD_HISTORICAL
2022-04-05,LKA_CMB,MGO,769.17,BUNKERWORLD_HISTORICAL
2022-04-05,ARE_FUJ,VLSFO,570.6,BUNKERWORLD_HISTORICAL
2022-04-05,ARE_FUJ,MGO,742.91,BUNKERWORLD_HISTORICAL
2022-04-06,SGP_SIN,VLSFO,569.59,BUNKERWORLD_HISTORICAL
2022-04-06,SGP_SIN,MGO,735.54,BUNKERWORLD_HISTORICAL
2022-04-06,LKA_CMB,VLSFO,583.83,BUNKERWORLD_HISTORICAL
2022-04-06,LKA_CMB,MGO,753.93,BUNKERWORLD_HISTORICAL
2022-04-06,ARE_FUJ,VLSFO,563.9,BUNKERWORLD_HISTORICAL
2022-04-06,ARE_FUJ,MGO,728.19,BUNKERWORLD_HISTORICAL
2022-04-07,SGP_SIN,VLSFO,567.28,BUNKERWORLD_HISTORICAL
2022-04-07,SGP_SIN,MGO,738.46,BUNKERWORLD_HISTORICAL
2022-04-07,LKA_CMB,VLSFO,581.46,BUNKERWORLD_HISTORICAL
2022-04-07,LKA_CMB,MGO,756.92,BUNKERWORLD_HISTORICAL
2022-04-07,ARE_FUJ,VLSFO,561.6,BUNKERWORLD_HISTORICAL
2022-04-07,ARE_FUJ,MGO,731.07,BUNKERWORLD_HISTORICAL
2022-04-08,SGP_SIN,VLSFO,560.07,BUNKERWORLD_HISTORICAL
2022-04-08,SGP_SIN,MGO,725.74,BUNKERWORLD_HISTORICAL
2022-04-08,LKA_CMB,VLSFO,574.07,BUNKERWORLD_HISTORICAL
2022-04-08,LKA_CMB,MGO,743.89,BUNKERWORLD_HISTORICAL
2022-04-08,ARE_FUJ,VLSFO,554.47,BUNKERWORLD_HISTORICAL
2022-04-08,ARE_FUJ,MGO,718.48,BUNKERWORLD_HISTORICAL
2022-04-09,SGP_SIN,VLSFO,564.17,BUNKERWORLD_HISTORICAL
2022-04-09,SGP_SIN,MGO,723.95,BUNKERWORLD_HISTORICAL
2022-04-09,LKA_CMB,VLSFO,578.27,BUNKERWORLD_HISTORICAL
2022-04-09,LKA_CMB,MGO,742.05,BUNKERWORLD_HISTORICAL
2022-04-09,ARE_FUJ,VLSFO,558.52,BUNKERWORLD_HISTORICAL
2022-04-09,ARE_FUJ,MGO,716.71,BUNKERWORLD_HISTORICAL
2022-04-10,SGP_SIN,VLSFO,553.24,BUNKERWORLD_HISTORICAL
2022-04-10,SGP_SIN,MGO,711.16,BUNKERWORLD_HISTORICAL
2022-04-10,LKA_CMB,VLSFO,567.08,BUNKERWORLD_HISTORICAL
2022-04-10,LKA_CMB,MGO,728.94,BUNKERWORLD_HISTORICAL
2022-04-10,ARE_FUJ,VLSFO,547.71,BUNKERWORLD_HISTORICAL
2022-04-10,ARE_FUJ,MGO,704.05,BUNKERWORLD_HISTORICAL
2022-04-11,SGP_SIN,VLSFO,559.39,BUNKERWORLD_HISTORICAL
2022-04-11,SGP_SIN,MGO,717.93,BUNKERWORLD_HISTORICAL
2022-04-11,LKA_CMB,VLSFO,573.38,BUNKERWORLD_HISTORICAL
2022-04-11,LKA_CMB,MGO,735.88,BUNKERWORLD_HISTORICAL
2022-04-11,ARE_FUJ,VLSFO,553.8,BUNKERWORLD_HISTORICAL
2022-04-11,ARE_FUJ,MGO,710.75,BUNKERWORLD_HISTORICAL
2022-04-12,SGP_SIN,VLSFO,560.97,BUNKERWORLD_HISTORICAL
2022-04-12,SGP_SIN,MGO,725.2,BUNKERWORLD_HISTORICAL
2022-04-12,LKA_CMB,VLSFO,574.99,BUNKERWORLD_HISTORICAL
2022-04-12,LKA_CMB,MGO,743.33,BUNKERWORLD_HISTORICAL
2022-04-12,ARE_FUJ,VLSFO,555.36,BUNKERWORLD_HISTORICAL
2022-04-12,ARE_FUJ,MGO,717.95,BUNKERWORLD_HISTORICAL
2022-04-13,SGP_SIN,VLSFO,569.02,BUNKERWORLD_HISTORICAL
2022-04-13,SGP_SIN,MGO,719.74,BUNKERWORLD_HISTORICAL
2022-04-13,LKA_CMB,VLSFO,583.25,BUNKERWORLD_HISTORICAL
2022-04-13,LKA_CMB,MGO,737.73,BUNKERWORLD_HISTORICAL
2022-04-13,ARE_FUJ,VLSFO,563.33,BUNKERWORLD_HISTORICAL
2022-04-13,ARE_FUJ,MGO,712.54,BUNKERWORLD_HISTORICAL
2022-04-14,SGP_SIN,VLSFO,567.69,BUNKERWORLD_HISTORICAL
2022-04-14,SGP_SIN,MGO,725.68,BUNKERWORLD_HISTORICAL
2022-04-14,LKA_CMB,VLSFO,581.88,BUNKERWORLD_HISTORICAL
2022-04-14,LKA_CMB,MGO,743.82,BUNKERWORLD_HISTORICAL
2022-04-14,ARE_FUJ,VLSFO,562.01,BUNKERWORLD_HISTORICAL
2022-04-14,ARE_FUJ,MGO,718.42,BUNKERWORLD_HISTORICAL
2022-04-15,SGP_SIN,VLSFO,562.95,BUNKERWORLD_HISTORICAL
2022-04-15,SGP_SIN,MGO,727.67,BUNKERWORLD_HISTORICAL
2022-04-15,LKA_CMB,VLSFO,577.02,BUNKERWORLD_HISTORICAL
2022-04-15,LKA_CMB,MGO,745.86,BUNKERWORLD_HISTORICAL
2022-04-15,ARE_FUJ,VLSFO,557.32,BUNKERWORLD_HISTORICAL
2022-04-15,ARE_FUJ,MGO,720.39,BUNKERWORLD_HISTORICAL
2022-04-16,SGP_SIN,VLSFO,561.31,BUNKERWORLD_HISTORICAL
2022-04-16,SGP_SIN,MGO,712.39,BUNKERWORLD_HISTORICAL
2022-04-16,LKA_CMB,VLSFO,575.34,BUNKERWORLD_HISTORICAL
2022-04-16,LKA_CMB,MGO,730.2,BUNKERWORLD_HISTORICAL
2022-04-16,ARE_FUJ,VLSFO,555.7,BUNKERWORLD_HISTORICAL
2022-04-16,ARE_FUJ,MGO,705.27,BUNKERWORLD_HISTORICAL
2022-04-17,SGP_SIN,VLSFO,559.62,BUNKERWORLD_HISTORICAL
2022-04-17,SGP_SIN,MGO,724.08,BUNKERWORLD_HISTORICAL
2022-04-17,LKA_CMB,VLSFO,573.62,BUNKERWORLD_HISTORICAL
2022-04-17,LKA_CMB,MGO,742.18,BUNKERWORLD_HISTORICAL
2022-04-17,ARE_FUJ,VLSFO,554.03,BUNKERWORLD_HISTORICAL
2022-04-17,ARE_FUJ,MGO,716.84,BUNKERWORLD_HISTORICAL
2022-04-18,SGP_SIN,VLSFO,552.86,BUNKERWORLD_HISTORICAL
2022-04-18,SGP_SIN,MGO,707.36,BUNKERWORLD_HISTORICAL
2022-04-18,LKA_CMB,VLSFO,566.68,BUNKERWORLD_HISTORICAL
2022-04-18,LKA_CMB,MGO,725.04,BUNKERWORLD_HISTORICAL
2022-04-18,ARE_FUJ,VLSFO,547.33,BUNKERWORLD_HISTORICAL
2022-04-18,ARE_FUJ,MGO,700.29,BUNKERWORLD_HISTORICAL
2022-04-19,SGP_SIN,VLSFO,556.65,BUNKERWORLD_HISTORICAL
2022-04-19,SGP_SIN,MGO,716.58,BUNKERWORLD_HISTORICAL
2022-04-19,LKA_CMB,VLSFO,570.56,BUNKERWORLD_HISTORICAL
2022-04-19,LKA_CMB,MGO,734.5,BUNKERWORLD_HISTORICAL
2022-04-19,ARE_FUJ,VLSFO,551.08,BUNKERWORLD_HISTORICAL
2022-04-19,ARE_FUJ,MGO,709.42,BUNKERWORLD_HISTORICAL
2022-04-20,SGP_SIN,VLSFO,572.23,BUNKERWORLD_HISTORICAL
2022-04-20,SGP_SIN,MGO,725.53,BUNKERWORLD_HISTORICAL
2022-04-20,LKA_CMB,VLSFO,586.53,BUNKERWORLD_HISTORICAL
2022-04-20,LKA_CMB,MGO,743.67,BUNKERWORLD_HISTORICAL
2022-04-20,ARE_FUJ,VLSFO,566.5,BUNKERWORLD_HISTORICAL
2022-04-20,ARE_FUJ,MGO,718.28,BUNKERWORLD_HISTORICAL
2022-04-21,SGP_SIN,VLSFO,570.42,BUNKERWORLD_HISTORICAL
2022-04-21,SGP_SIN,MGO,744.52,BUNKERWORLD_HISTORICAL
2022-04-21,LKA_CMB,VLSFO,584.68,BUNKERWORLD_HISTORICAL
2022-04-21,LKA_CMB,MGO,763.13,BUNKERWORLD_HISTORICAL
2022-04-21,ARE_FUJ,VLSFO,564.72,BUNKERWORLD_HISTORICAL
2022-04-21,ARE_FUJ,MGO,737.07,BUNKERWORLD_HISTORICAL
2022-04-22,SGP_SIN,VLSFO,561.99,BUNKERWORLD_HISTORICAL
2022-04-22,SGP_SIN,MGO,718.26,BUNKERWORLD_HISTORICAL
2022-04-22,LKA_CMB,VLSFO,576.04,BUNKERWORLD_HISTORICAL
2022-04-22,LKA_CMB,MGO,736.22,BUNKERWORLD_HISTORICAL
2022-04-22,ARE_FUJ,VLSFO,556.37,BUNKERWORLD_HISTORICAL
2022-04-22,ARE_FUJ,MGO,711.08,BUNKERWORLD_HISTORICAL
2022-04-23,SGP_SIN,VLSFO,568.84,BUNKERWORLD_HISTORICAL
2022-04-23,SGP_SIN,MGO,744.44,BUNKERWORLD_HISTORICAL
2022-04-23,LKA_CMB,VLSFO,583.06,BUNKERWORLD_HISTORICAL
2022-04-23,LKA_CMB,MGO,763.05,BUNKERWORLD_HISTORICAL
2022-04-23,ARE_FUJ,VLSFO,563.15,BUNKERWORLD_HISTORICAL
2022-04-23,ARE_FUJ,MGO,736.99,BUNKERWORLD_HISTORICAL
2022-04-24,SGP_SIN,VLSFO,565.48,BUNKERWORLD_HISTORICAL
2022-04-24,SGP_SIN,MGO,718.9,BUNKERWORLD_HISTORICAL
2022-04-24,LKA_CMB,VLSFO,579.62,BUNKERWORLD_HISTORICAL
2022-04-24,LKA_CMB,MGO,736.87,BUNKERWORLD_HISTORICAL
2022-04-24,ARE_FUJ,VLSFO,559.82,BUNKERWORLD_HISTORICAL
2022-04-24,ARE_FUJ,MGO,711.71,BUNKERWORLD_HISTORICAL
2022-04-25,SGP_SIN,VLSFO,559.9,BUNKERWORLD_HISTORICAL
2022-04-25,SGP_SIN,MGO,715.88,BUNKERWORLD_HISTORICAL
2022-04-25,LKA_CMB,VLSFO,573.9,BUNKERWORLD_HISTORICAL
2022-04-25,LKA_CMB,MGO,733.78,BUNKERWORLD_HISTORICAL
2022-04-25,ARE_FUJ,VLSFO,554.3,BUNKERWORLD_HISTORICAL
2022-04-25,ARE_FUJ,MGO,708.73,BUNKERWORLD_HISTORICAL
2022-04-26,SGP_SIN,VLSFO,554.81,BUNKERWORLD_HISTORICAL
2022-04-26,SGP_SIN,MGO,705.21,BUNKERWORLD_HISTORICAL
2022-04-26,LKA_CMB,VLSFO,568.68,BUNKERWORLD_HISTORICAL
2022-04-26,LKA_CMB,MGO,722.84,BUNKERWORLD_HISTORICAL
2022-04-26,ARE_FUJ,VLSFO,549.26,BUNKERWORLD_HISTORICAL
2022-04-26,ARE_FUJ,MGO,698.16,BUNKERWORLD_HISTORICAL
2022-04-27,SGP_SIN,VLSFO,558.11,BUNKERWORLD_HISTORICAL
2022-04-27,SGP_SIN,MGO,703.34,BUNKERWORLD_HISTORICAL
2022-04-27,LKA_CMB,VLSFO,572.07,BUNKERWORLD_HISTORICAL
2022-04-27,LKA_CMB,MGO,720.93,BUNKERWORLD_HISTORICAL
2022-04-27,ARE_FUJ,VLSFO,552.53,BUNKERWORLD_HISTORICAL
2022-04-27,ARE_FUJ,MGO,696.31,BUNKERWORLD_HISTORICAL
2022-04-28,SGP_SIN,VLSFO,562.55,BUNKERWORLD_HISTORICAL
2022-04-28,SGP_SIN,MGO,722.08,BUNKERWORLD_HISTORICAL
2022-04-28,LKA_CMB,VLSFO,576.61,BUNKERWORLD_HISTORICAL
2022-04-28,LKA_CMB,MGO,740.13,BUNKERWORLD_HISTORICAL
2022-04-28,ARE_FUJ,VLSFO,556.92,BUNKERWORLD_HISTORICAL
2022-04-28,ARE_FUJ,MGO,714.85,BUNKERWORLD_HISTORICAL
2022-04-29,SGP_SIN,VLSFO,545.06,BUNKERWORLD_HISTORICAL
2022-04-29,SGP_SIN,MGO,694.94,BUNKERWORLD_HISTORICAL
2022-04-29,LKA_CMB,VLSFO,558.69,BUNKERWORLD_HISTORICAL
2022-04-29,LKA_CMB,MGO,712.31,BUNKERWORLD_HISTORICAL
2022-04-29,ARE_FUJ,VLSFO,539.61,BUNKERWORLD_HISTORICAL
2022-04-29,ARE_FUJ,MGO,687.99,BUNKERWORLD_HISTORICAL
2022-04-30,SGP_SIN,VLSFO,557.84,BUNKERWORLD_HISTORICAL
2022-04-30,SGP_SIN,MGO,702.41,BUNKERWORLD_HISTORICAL
2022-04-30,LKA_CMB,VLSFO,571.78,BUNKERWORLD_HISTORICAL
2022-04-30,LKA_CMB,MGO,719.97,BUNKERWORLD_HISTORICAL
2022-04-30,ARE_FUJ,VLSFO,552.26,BUNKERWORLD_HISTORICAL
2022-04-30,ARE_FUJ,MGO,695.39,BUNKERWORLD_HISTORICAL
2022-05-01,SGP_SIN,VLSFO,554.06,BUNKERWORLD_HISTORICAL
2022-05-01,SGP_SIN,MGO,724.86,BUNKERWORLD_HISTORICAL
2022-05-01,LKA_CMB,VLSFO,567.91,BUNKERWORLD_HISTORICAL
2022-05-01,LKA_CMB,MGO,742.98,BUNKERWORLD_HISTORICAL
2022-05-01,ARE_FUJ,VLSFO,548.52,BUNKERWORLD_HISTORICAL
2022-05-01,ARE_FUJ,MGO,717.61,BUNKERWORLD_HISTORICAL
2022-05-02,SGP_SIN,VLSFO,553.64,BUNKERWORLD_HISTORICAL
2022-05-02,SGP_SIN,MGO,713.09,BUNKERWORLD_HISTORICAL
2022-05-02,LKA_CMB,VLSFO,567.48,BUNKERWORLD_HISTORICAL
2022-05-02,LKA_CMB,MGO,730.92,BUNKERWORLD_HISTORICAL
2022-05-02,ARE_FUJ,VLSFO,548.1,BUNKERWORLD_HISTORICAL
2022-05-02,ARE_FUJ,MGO,705.96,BUNKERWORLD_HISTORICAL
2022-05-03,SGP_SIN,VLSFO,549.06,BUNKERWORLD_HISTORICAL
2022-05-03,SGP_SIN,MGO,713.1,BUNKERWORLD_HISTORICAL
2022-05-03,LKA_CMB,VLSFO,562.79,BUNKERWORLD_HISTORICAL
2022-05-03,LKA_CMB,MGO,730.93,BUNKERWORLD_HISTORICAL
2022-05-03,ARE_FUJ,VLSFO,543.57,BUNKERWORLD_HISTORICAL
2022-05-03,ARE_FUJ,MGO,705.97,BUNKERWORLD_HISTORICAL
2022-05-04,SGP_SIN,VLSFO,563.25,BUNKERWORLD_HISTORICAL
2022-05-04,SGP_SIN,MGO,709.04,BUNKERWORLD_HISTORICAL
2022-05-04,LKA_CMB,VLSFO,577.33,BUNKERWORLD_HISTORICAL
2022-05-04,LKA_CMB,MGO,726.76,BUNKERWORLD_HISTORICAL
2022-05-04,ARE_FUJ,VLSFO,557.62,BUNKERWORLD_HISTORICAL
2022-05-04,ARE_FUJ,MGO,701.95,BUNKERWORLD_HISTORICAL
2022-05-05,SGP_SIN,VLSFO,560.11,BUNKERWORLD_HISTORICAL
2022-05-05,SGP_SIN,MGO,725.98,BUNKERWORLD_HISTORICAL
2022-05-05,LKA_CMB,VLSFO,574.11,BUNKERWORLD_HISTORICAL
2022-05-05,LKA_CMB,MGO,744.13,BUNKERWORLD_HISTORICAL
2022-05-05,ARE_FUJ,VLSFO,554.51,BUNKERWORLD_HISTORICAL
2022-05-05,ARE_FUJ,MGO,718.72,BUNKERWORLD_HISTORICAL
2022-05-06,SGP_SIN,VLSFO,558.59,BUNKERWORLD_HISTORICAL
2022-05-06,SGP_SIN,MGO,709.79,BUNKERWORLD_HISTORICAL
2022-05-06,LKA_CMB,VLSFO,572.55,BUNKERWORLD_HISTORICAL
2022-05-06,LKA_CMB,MGO,727.54,BUNKERWORLD_HISTORICAL
2022-05-06,ARE_FUJ,VLSFO,553.0,BUNKERWORLD_HISTORICAL
2022-05-06,ARE_FUJ,MGO,702.69,BUNKERWORLD_HISTORICAL
2022-05-07,SGP_SIN,VLSFO,555.62,BUNKERWORLD_HISTORICAL
2022-05-07,SGP_SIN,MGO,717.27,BUNKERWORLD_HISTORICAL
2022-05-07,LKA_CMB,VLSFO,569.51,BUNKERWORLD_HISTORICAL
2022-05-07,LKA_CMB,MGO,735.2,BUNKERWORLD_HISTORICAL
2022-05-07,ARE_FUJ,VLSFO,550.07,BUNKERWORLD_HISTORICAL
2022-05-07,ARE_FUJ,MGO,710.1,BUNKERWORLD_HISTORICAL
2022-05-08,SGP_SIN,VLSFO,564.78,BUNKERWORLD_HISTORICAL
2022-05-08,SGP_SIN,MGO,721.75,BUNKERWORLD_HISTORICAL
2022-05-08,LKA_CMB,VLSFO,578.9,BUNKERWORLD_HISTORICAL
2022-05-08,LKA_CMB,MGO,739.8,BUNKERWORLD_HISTORICAL
2022-05-08,ARE_FUJ,VLSFO,559.13,BUNKERWORLD_HISTORICAL
2022-05-08,ARE_FUJ,MGO,714.53,BUNKERWORLD_HISTORICAL
2022-05-09,SGP_SIN,VLSFO,565.46,BUNKERWORLD_HISTORICAL
2022-05-09,SGP_SIN,MGO,721.26,BUNKERWORLD_HISTORICAL
2022-05-09,LKA_CMB,VLSFO,579.59,BUNKERWORLD_HISTORICAL
2022-05-09,LKA_CMB,MGO,739.3,BUNKERWORLD_HISTORICAL
2022-05-09,ARE_FUJ,VLSFO,559.8,BUNKERWORLD_HISTORICAL
2022-05-09,ARE_FUJ,MGO,714.05,BUNKERWORLD_HISTORICAL
2022-05-10,SGP_SIN,VLSFO,557.4,BUNKERWORLD_HISTORICAL
2022-05-10,SGP_SIN,MGO,707.1,BUNKERWORLD_HISTORICAL
2022-05-10,LKA_CMB,VLSFO,571.33,BUNKERWORLD_HISTORICAL
2022-05-10,LKA_CMB,MGO,724.78,BUNKERWORLD_HISTORICAL
2022-05-10,ARE_FUJ,VLSFO,551.82,BUNKERWORLD_HISTORICAL
2022-05-10,ARE_FUJ,MGO,700.03,BUNKERWORLD_HISTORICAL
2022-05-11,SGP_SIN,VLSFO,564.27,BUNKERWORLD_HISTORICAL
2022-05-11,SGP_SIN,MGO,722.87,BUNKERWORLD_HISTORICAL
2022-05-11,LKA_CMB,VLSFO,578.38,BUNKERWORLD_HISTORICAL
2022-05-11,LKA_CMB,MGO,740.95,BUNKERWORLD_HISTORICAL
2022-05-11,ARE_FUJ,VLSFO,558.63,BUNKERWORLD_HISTORICAL
2022-05-11,ARE_FUJ,MGO,715.64,BUNKERWORLD_HISTORICAL
2022-05-12,SGP_SIN,VLSFO,557.21,BUNKERWORLD_HISTORICAL
2022-05-12,SGP_SIN,MGO,716.94,BUNKERWORLD_HISTORICAL
2022-05-12,LKA_CMB,VLSFO,571.14,BUNKERWORLD_HISTORICAL
2022-05-12,LKA_CMB,MGO,734.87,BUNKERWORLD_HISTORICAL
2022-05-12,ARE_FUJ,VLSFO,551.63,BUNKERWORLD_HISTORICAL
2022-05-12,ARE_FUJ,MGO,709.78,BUNKERWORLD_HISTORICAL
2022-05-13,SGP_SIN,VLSFO,562.0,BUNKERWORLD_HISTORICAL
2022-05-13,SGP_SIN,MGO,714.41,BUNKERWORLD_HISTORICAL
2022-05-13,LKA_CMB,VLSFO,576.05,BUNKERWORLD_HISTORICAL
2022-05-13,LKA_CMB,MGO,732.27,BUNKERWORLD_HISTORICAL
2022-05-13,ARE_FUJ,VLSFO,556.38,BUNKERWORLD_HISTORICAL
2022-05-13,ARE_FUJ,MGO,707.27,BUNKERWORLD_HISTORICAL
2022-05-14,SGP_SIN,VLSFO,574.12,BUNKERWORLD_HISTORICAL
2022-05-14,SGP_SIN,MGO,727.29,BUNKERWORLD_HISTORICAL
2022-05-14,LKA_CMB,VLSFO,588.47,BUNKERWORLD_HISTORICAL
2022-05-14,LKA_CMB,MGO,745.48,BUNKERWORLD_HISTORICAL
2022-05-14,ARE_FUJ,VLSFO,568.38,BUNKERWORLD_HISTORICAL
2022-05-14,ARE_FUJ,MGO,720.02,BUNKERWORLD_HISTORICAL
2022-05-15,SGP_SIN,VLSFO,567.79,BUNKERWORLD_HISTORICAL
2022-05-15,SGP_SIN,MGO,729.18,BUNKERWORLD_HISTORICAL
2022-05-15,LKA_CMB,VLSFO,581.99,BUNKERWORLD_HISTORICAL
2022-05-15,LKA_CMB,MGO,747.41,BUNKERWORLD_HISTORICAL
2022-05-15,ARE_FUJ,VLSFO,562.11,BUNKERWORLD_HISTORICAL
2022-05-15,ARE_FUJ,MGO,721.89,BUNKERWORLD_HISTORICAL
2022-05-16,SGP_SIN,VLSFO,568.21,BUNKERWORLD_HISTORICAL
2022-05-16,SGP_SIN,MGO,734.0,BUNKERWORLD_HISTORICAL
2022-05-16,LKA_CMB,VLSFO,582.41,BUNKERWORLD_HISTORICAL
2022-05-16,LKA_CMB,MGO,752.35,BUNKERWORLD_HISTORICAL
2022-05-16,ARE_FUJ,VLSFO,562.52,BUNKERWORLD_HISTORICAL
2022-05-16,ARE_FUJ,MGO,726.66,BUNKERWORLD_HISTORICAL
2022-05-17,SGP_SIN,VLSFO,562.7,BUNKERWORLD_HISTORICAL
2022-05-17,SGP_SIN,MGO,716.34,BUNKERWORLD_HISTORICAL
2022-05-17,LKA_CMB,VLSFO,576.77,BUNKERWORLD_HISTORICAL
2022-05-17,LKA_CMB,MGO,734.24,BUNKERWORLD_HISTORICAL
2022-05-17,ARE_FUJ,VLSFO,557.07,BUNKERWORLD_HISTORICAL
2022-05-17,ARE_FUJ,MGO,709.17,BUNKERWORLD_HISTORICAL
2022-05-18,SGP_SIN,VLSFO,570.93,BUNKERWORLD_HISTORICAL
2022-05-18,SGP_SIN,MGO,734.79,BUNKERWORLD_HISTORICAL
2022-05-18,LKA_CMB,VLSFO,585.21,BUNKERWORLD_HISTORICAL
2022-05-18,LKA_CMB,MGO,753.16,BUNKERWORLD_HISTORICAL
2022-05-18,ARE_FUJ,VLSFO,565.22,BUNKERWORLD_HISTORICAL
2022-05-18,ARE_FUJ,MGO,727.44,BUNKERWORLD_HISTORICAL
2022-05-19,SGP_SIN,VLSFO,566.12,BUNKERWORLD_HISTORICAL
2022-05-19,SGP_SIN,MGO,726.76,BUNKERWORLD_HISTORICAL
2022-05-19,LKA_CMB,VLSFO,580.28,BUNKERWORLD_HISTORICAL
2022-05-19,LKA_CMB,MGO,744.93,BUNKERWORLD_HISTORICAL
2022-05-19,ARE_FUJ,VLSFO,560.46,BUNKERWORLD_HISTORICAL
2022-05-19,ARE_FUJ,MGO,719.49,BUNKERWORLD_HISTORICAL
2022-05-20,SGP_SIN,VLSFO,568.26,BUNKERWORLD_HISTORICAL
2022-05-20,SGP_SIN,MGO,714.55,BUNKERWORLD_HISTORICAL
2022-05-20,LKA_CMB,VLSFO,582.47,BUNKERWORLD_HISTORICAL
2022-05-20,LKA_CMB,MGO,732.41,BUNKERWORLD_HISTORICAL
2022-05-20,ARE_FUJ,VLSFO,562.58,BUNKERWORLD_HISTORICAL
2022-05-20,ARE_FUJ,MGO,707.4,BUNKERWORLD_HISTORICAL
2022-05-21,SGP_SIN,VLSFO,562.27,BUNKERWORLD_HISTORICAL
2022-05-21,SGP_SIN,MGO,713.09,BUNKERWORLD_HISTORICAL
2022-05-21,LKA_CMB,VLSFO,576.33,BUNKERWORLD_HISTORICAL
2022-05-21,LKA_CMB,MGO,730.91,BUNKERWORLD_HISTORICAL
2022-05-21,ARE_FUJ,VLSFO,556.65,BUNKERWORLD_HISTORICAL
2022-05-21,ARE_FUJ,MGO,705.96,BUNKERWORLD_HISTORICAL
2022-05-22,SGP_SIN,VLSFO,561.8,BUNKERWORLD_HISTORICAL
2022-05-22,SGP_SIN,MGO,717.26,BUNKERWORLD_HISTORICAL
2022-05-22,LKA_CMB,VLSFO,575.84,BUNKERWORLD_HISTORICAL
2022-05-22,LKA_CMB,MGO,735.2,BUNKERWORLD_HISTORICAL
2022-05-22,ARE_FUJ,VLSFO,556.18,BUNKERWORLD_HISTORICAL
2022-05-22,ARE_FUJ,MGO,710.09,BUNKERWORLD_HISTORICAL
2022-05-23,SGP_SIN,VLSFO,584.33,BUNKERWORLD_HISTORICAL
2022-05-23,SGP_SIN,MGO,746.46,BUNKERWORLD_HISTORICAL
2022-05-23,LKA_CMB,VLSFO,598.94,BUNKERWORLD_HISTORICAL
2022-05-23,LKA_CMB,MGO,765.12,BUNKERWORLD_HISTORICAL
2022-05-23,ARE_FUJ,VLSFO,578.49,BUNKERWORLD_HISTORICAL
2022-05-23,ARE_FUJ,MGO,738.99,BUNKERWORLD_HISTORICAL
2022-05-24,SGP_SIN,VLSFO,587.99,BUNKERWORLD_HISTORICAL
2022-05-24,SGP_SIN,MGO,758.67,BUNKERWORLD_HISTORICAL
2022-05-24,LKA_CMB,VLSFO,602.69,BUNKERWORLD_HISTORICAL
2022-05-24,LKA_CMB,MGO,777.63,BUNKERWORLD_HISTORICAL
2022-05-24,ARE_FUJ,VLSFO,582.11,BUNKERWORLD_HISTORICAL
2022-05-24,ARE_FUJ,MGO,751.08,BUNKERWORLD_HISTORICAL
2022-05-25,SGP_SIN,VLSFO,570.37,BUNKERWORLD_HISTORICAL
2022-05-25,SGP_SIN,MGO,725.06,BUNKERWORLD_HISTORICAL
2022-05-25,LKA_CMB,VLSFO,584.63,BUNKERWORLD_HISTORICAL
2022-05-25,LKA_CMB,MGO,743.18,BUNKERWORLD_HISTORICAL
2022-05-25,ARE_FUJ,VLSFO,564.67,BUNKERWORLD_HISTORICAL
2022-05-25,ARE_FUJ,MGO,717.81,BUNKERWORLD_HISTORICAL
2022-05-26,SGP_SIN,VLSFO,575.89,BUNKERWORLD_HISTORICAL
2022-05-26,SGP_SIN,MGO,747.88,BUNKERWORLD_HISTORICAL
2022-05-26,LKA_CMB,VLSFO,590.29,BUNKERWORLD_HISTORICAL
2022-05-26,LKA_CMB,MGO,766.57,BUNKERWORLD_HISTORICAL
2022-05-26,ARE_FUJ,VLSFO,570.13,BUNKERWORLD_HISTORICAL
2022-05-26,ARE_FUJ,MGO,740.4,BUNKERWORLD_HISTORICAL
2022-05-27,SGP_SIN,VLSFO,571.43,BUNKERWORLD_HISTORICAL
2022-05-27,SGP_SIN,MGO,721.56,BUNKERWORLD_HISTORICAL
2022-05-27,LKA_CMB,VLSFO,585.72,BUNKERWORLD_HISTORICAL
2022-05-27,LKA_CMB,MGO,739.6,BUNKERWORLD_HISTORICAL
2022-05-27,ARE_FUJ,VLSFO,565.72,BUNKERWORLD_HISTORICAL
2022-05-27,ARE_FUJ,MGO,714.34,BUNKERWORLD_HISTORICAL
2022-05-28,SGP_SIN,VLSFO,568.46,BUNKERWORLD_HISTORICAL
2022-05-28,SGP_SIN,MGO,725.04,BUNKERWORLD_HISTORICAL
2022-05-28,LKA_CMB,VLSFO,582.67,BUNKERWORLD_HISTORICAL
2022-05-28,LKA_CMB,MGO,743.16,BUNKERWORLD_HISTORICAL
2022-05-28,ARE_FUJ,VLSFO,562.77,BUNKERWORLD_HISTORICAL
2022-05-28,ARE_FUJ,MGO,717.79,BUNKERWORLD_HISTORICAL
2022-05-29,SGP_SIN,VLSFO,568.88,BUNKERWORLD_HISTORICAL
2022-05-29,SGP_SIN,MGO,727.23,BUNKERWORLD_HISTORICAL
2022-05-29,LKA_CMB,VLSFO,583.1,BUNKERWORLD_HISTORICAL
2022-05-29,LKA_CMB,MGO,745.41,BUNKERWORLD_HISTORICAL
2022-05-29,ARE_FUJ,VLSFO,563.19,BUNKERWORLD_HISTORICAL
2022-05-29,ARE_FUJ,MGO,719.96,BUNKERWORLD_HISTORICAL
2022-05-30,SGP_SIN,VLSFO,569.05,BUNKERWORLD_HISTORICAL
2022-05-30,SGP_SIN,MGO,747.03,BUNKERWORLD_HISTORICAL
2022-05-30,LKA_CMB,VLSFO,583.28,BUNKERWORLD_HISTORICAL
2022-05-30,LKA_CMB,MGO,765.71,BUNKERWORLD_HISTORICAL
2022-05-30,ARE_FUJ,VLSFO,563.36,BUNKERWORLD_HISTORICAL
2022-05-30,ARE_FUJ,MGO,739.56,BUNKERWORLD_HISTORICAL
2022-05-31,SGP_SIN,VLSFO,580.87,BUNKERWORLD_HISTORICAL
2022-05-31,SGP_SIN,MGO,736.18,BUNKERWORLD_HISTORICAL
2022-05-31,LKA_CMB,VLSFO,595.39,BUNKERWORLD_HISTORICAL
2022-05-31,LKA_CMB,MGO,754.58,BUNKERWORLD_HISTORICAL
2022-05-31,ARE_FUJ,VLSFO,575.06,BUNKERWORLD_HISTORICAL
2022-05-31,ARE_FUJ,MGO,728.82,BUNKERWORLD_HISTORICAL
2022-06-01,SGP_SIN,VLSFO,571.07,BUNKERWORLD_HISTORICAL
2022-06-01,SGP_SIN,MGO,731.61,BUNKERWORLD_HISTORICAL
2022-06-01,LKA_CMB,VLSFO,585.35,BUNKERWORLD_HISTORICAL
2022-06-01,LKA_CMB,MGO,749.9,BUNKERWORLD_HISTORICAL
2022-06-01,ARE_FUJ,VLSFO,565.36,BUNKERWORLD_HISTORICAL
2022-06-01,ARE_FUJ,MGO,724.29,BUNKERWORLD_HISTORICAL
2022-06-02,SGP_SIN,VLSFO,597.56,BUNKERWORLD_HISTORICAL
2022-06-02,SGP_SIN,MGO,765.11,BUNKERWORLD_HISTORICAL
2022-06-02,LKA_CMB,VLSFO,612.5,BUNKERWORLD_HISTORICAL
2022-06-02,LKA_CMB,MGO,784.23,BUNKERWORLD_HISTORICAL
2022-06-02,ARE_FUJ,VLSFO,591.59,BUNKERWORLD_HISTORICAL
2022-06-02,ARE_FUJ,MGO,757.45,BUNKERWORLD_HISTORICAL
2022-06-03,SGP_SIN,VLSFO,584.26,BUNKERWORLD_HISTORICAL
2022-06-03,SGP_SIN,MGO,756.9,BUNKERWORLD_HISTORICAL
2022-06-03,LKA_CMB,VLSFO,598.87,BUNKERWORLD_HISTORICAL
2022-06-03,LKA_CMB,MGO,775.83,BUNKERWORLD_HISTORICAL
2022-06-03,ARE_FUJ,VLSFO,578.42,BUNKERWORLD_HISTORICAL
2022-06-03,ARE_FUJ,MGO,749.33,BUNKERWORLD_HISTORICAL
2022-06-04,SGP_SIN,VLSFO,595.16,BUNKERWORLD_HISTORICAL
2022-06-04,SGP_SIN,MGO,758.19,BUNKERWORLD_HISTORICAL
2022-06-04,LKA_CMB,VLSFO,610.04,BUNKERWORLD_HISTORICAL
2022-06-04,LKA_CMB,MGO,777.14,BUNKERWORLD_HISTORICAL
2022-06-04,ARE_FUJ,VLSFO,589.21,BUNKERWORLD_HISTORICAL
2022-06-04,ARE_FUJ,MGO,750.6,BUNKERWORLD_HISTORICAL
2022-06-05,SGP_SIN,VLSFO,581.58,BUNKERWORLD_HISTORICAL
2022-06-05,SGP_SIN,MGO,749.64,BUNKERWORLD_HISTORICAL
2022-06-05,LKA_CMB,VLSFO,596.12,BUNKERWORLD_HISTORICAL
2022-06-05,LKA_CMB,MGO,768.38,BUNKERWORLD_HISTORICAL
2022-06-05,ARE_FUJ,VLSFO,575.76,BUNKERWORLD_HISTORICAL
2022-06-05,ARE_FUJ,MGO,742.14,BUNKERWORLD_HISTORICAL
2022-06-06,SGP_SIN,VLSFO,594.0,BUNKERWORLD_HISTORICAL
2022-06-06,SGP_SIN,MGO,766.34,BUNKERWORLD_HISTORICAL
2022-06-06,LKA_CMB,VLSFO,608.85,BUNKERWORLD_HISTORICAL
2022-06-06,LKA_CMB,MGO,785.5,BUNKERWORLD_HISTORICAL
2022-06-06,ARE_FUJ,VLSFO,588.06,BUNKERWORLD_HISTORICAL
2022-06-06,ARE_FUJ,MGO,758.68,BUNKERWORLD_HISTORICAL
2022-06-07,SGP_SIN,VLSFO,590.23,BUNKERWORLD_HISTORICAL
2022-06-07,SGP_SIN,MGO,762.15,BUNKERWORLD_HISTORICAL
2022-06-07,LKA_CMB,VLSFO,604.99,BUNKERWORLD_HISTORICAL
2022-06-07,LKA_CMB,MGO,781.21,BUNKERWORLD_HISTORICAL
2022-06-07,ARE_FUJ,VLSFO,584.33,BUNKERWORLD_HISTORICAL
2022-06-07,ARE_FUJ,MGO,754.53,BUNKERWORLD_HISTORICAL
2022-06-08,SGP_SIN,VLSFO,595.73,BUNKERWORLD_HISTORICAL
2022-06-08,SGP_SIN,MGO,763.2,BUNKERWORLD_HISTORICAL
2022-06-08,LKA_CMB,VLSFO,610.62,BUNKERWORLD_HISTORICAL
2022-06-08,LKA_CMB,MGO,782.28,BUNKERWORLD_HISTORICAL
2022-06-08,ARE_FUJ,VLSFO,589.77,BUNKERWORLD_HISTORICAL
2022-06-08,ARE_FUJ,MGO,755.57,BUNKERWORLD_HISTORICAL
2022-06-09,SGP_SIN,VLSFO,582.72,BUNKERWORLD_HISTORICAL
2022-06-09,SGP_SIN,MGO,746.54,BUNKERWORLD_HISTORICAL
2022-06-09,LKA_CMB,VLSFO,597.29,BUNKERWORLD_HISTORICAL
2022-06-09,LKA_CMB,MGO,765.21,BUNKERWORLD_HISTORICAL
2022-06-09,ARE_FUJ,VLSFO,576.89,BUNKERWORLD_HISTORICAL
2022-06-09,ARE_FUJ,MGO,739.08,BUNKERWORLD_HISTORICAL
2022-06-10,SGP_SIN,VLSFO,582.2,BUNKERWORLD_HISTORICAL
2022-06-10,SGP_SIN,MGO,735.94,BUNKERWORLD_HISTORICAL
2022-06-10,LKA_CMB,VLSFO,596.75,BUNKERWORLD_HISTORICAL
2022-06-10,LKA_CMB,MGO,754.33,BUNKERWORLD_HISTORICAL
2022-06-10,ARE_FUJ,VLSFO,576.38,BUNKERWORLD_HISTORICAL
2022-06-10,ARE_FUJ,MGO,728.58,BUNKERWORLD_HISTORICAL
2022-06-11,SGP_SIN,VLSFO,581.59,BUNKERWORLD_HISTORICAL
2022-06-11,SGP_SIN,MGO,746.86,BUNKERWORLD_HISTORICAL
2022-06-11,LKA_CMB,VLSFO,596.13,BUNKERWORLD_HISTORICAL
2022-06-11,LKA_CMB,MGO,765.53,BUNKERWORLD_HISTORICAL
2022-06-11,ARE_FUJ,VLSFO,575.78,BUNKERWORLD_HISTORICAL
2022-06-11,ARE_FUJ,MGO,739.39,BUNKERWORLD_HISTORICAL
2022-06-12,SGP_SIN,VLSFO,577.05,BUNKERWORLD_HISTORICAL
2022-06-12,SGP_SIN,MGO,735.85,BUNKERWORLD_HISTORICAL
2022-06-12,LKA_CMB,VLSFO,591.47,BUNKERWORLD_HISTORICAL
2022-06-12,LKA_CMB,MGO,754.25,BUNKERWORLD_HISTORICAL
2022-06-12,ARE_FUJ,VLSFO,571.28,BUNKERWORLD_HISTORICAL
2022-06-12,ARE_FUJ,MGO,728.5,BUNKERWORLD_HISTORICAL
2022-06-13,SGP_SIN,VLSFO,575.15,BUNKERWORLD_HISTORICAL
2022-06-13,SGP_SIN,MGO,728.73,BUNKERWORLD_HISTORICAL
2022-06-13,LKA_CMB,VLSFO,589.53,BUNKERWORLD_HISTORICAL
2022-06-13,LKA_CMB,MGO,746.95,BUNKERWORLD_HISTORICAL
2022-06-13,ARE_FUJ,VLSFO,569.4,BUNKERWORLD_HISTORICAL
2022-06-13,ARE_FUJ,MGO,721.44,BUNKERWORLD_HISTORICAL
2022-06-14,SGP_SIN,VLSFO,574.04,BUNKERWORLD_HISTORICAL
2022-06-14,SGP_SIN,MGO,732.47,BUNKERWORLD_HISTORICAL
2022-06-14,LKA_CMB,VLSFO,588.39,BUNKERWORLD_HISTORICAL
2022-06-14,LKA_CMB,MGO,750.78,BUNKERWORLD_HISTORICAL
2022-06-14,ARE_FUJ,VLSFO,568.3,BUNKERWORLD_HISTORICAL
2022-06-14,ARE_FUJ,MGO,725.14,BUNKERWORLD_HISTORICAL
2022-06-15,SGP_SIN,VLSFO,570.17,BUNKERWORLD_HISTORICAL
2022-06-15,SGP_SIN,MGO,718.3,BUNKERWORLD_HISTORICAL
2022-06-15,LKA_CMB,VLSFO,584.42,BUNKERWORLD_HISTORICAL
2022-06-15,LKA_CMB,MGO,736.26,BUNKERWORLD_HISTORICAL
2022-06-15,ARE_FUJ,VLSFO,564.47,BUNKERWORLD_HISTORICAL
2022-06-15,ARE_FUJ,MGO,711.12,BUNKERWORLD_HISTORICAL
2022-06-16,SGP_SIN,VLSFO,579.51,BUNKERWORLD_HISTORICAL
2022-06-16,SGP_SIN,MGO,736.9,BUNKERWORLD_HISTORICAL
2022-06-16,LKA_CMB,VLSFO,594.0,BUNKERWORLD_HISTORICAL
2022-06-16,LKA_CMB,MGO,755.32,BUNKERWORLD_HISTORICAL
2022-06-16,ARE_FUJ,VLSFO,573.72,BUNKERWORLD_HISTORICAL
2022-06-16,ARE_FUJ,MGO,729.53,BUNKERWORLD_HISTORICAL
2022-06-17,SGP_SIN,VLSFO,563.02,BUNKERWORLD_HISTORICAL
2022-06-17,SGP_SIN,MGO,715.07,BUNKERWORLD_HISTORICAL
2022-06-17,LKA_CMB,VLSFO,577.09,BUNKERWORLD_HISTORICAL
2022-06-17,LKA_CMB,MGO,732.95,BUNKERWORLD_HISTORICAL
2022-06-17,ARE_FUJ,VLSFO,557.39,BUNKERWORLD_HISTORICAL
2022-06-17,ARE_FUJ,MGO,707.92,BUNKERWORLD_HISTORICAL
2022-06-18,SGP_SIN,VLSFO,570.69,BUNKERWORLD_HISTORICAL
2022-06-18,SGP_SIN,MGO,742.15,BUNKERWORLD_HISTORICAL
2022-06-18,LKA_CMB,VLSFO,584.96,BUNKERWORLD_HISTORICAL
2022-06-18,LKA_CMB,MGO,760.7,BUNKERWORLD_HISTORICAL
2022-06-18,ARE_FUJ,VLSFO,564.98,BUNKERWORLD_HISTORICAL
2022-06-18,ARE_FUJ,MGO,734.73,BUNKERWORLD_HISTORICAL
2022-06-19,SGP_SIN,VLSFO,573.42,BUNKERWORLD_HISTORICAL
2022-06-19,SGP_SIN,MGO,731.23,BUNKERWORLD_HISTORICAL
2022-06-19,LKA_CMB,VLSFO,587.76,BUNKERWORLD_HISTORICAL
2022-06-19,LKA_CMB,MGO,749.51,BUNKERWORLD_HISTORICAL
2022-06-19,ARE_FUJ,VLSFO,567.69,BUNKERWORLD_HISTORICAL
2022-06-19,ARE_FUJ,MGO,723.92,BUNKERWORLD_HISTORICAL
2022-06-20,SGP_SIN,VLSFO,572.08,BUNKERWORLD_HISTORICAL
2022-06-20,SGP_SIN,MGO,738.73,BUNKERWORLD_HISTORICAL
2022-06-20,LKA_CMB,VLSFO,586.38,BUNKERWORLD_HISTORICAL
2022-06-20,LKA_CMB,MGO,757.2,BUNKERWORLD_HISTORICAL
2022-06-20,ARE_FUJ,VLSFO,566.35,BUNKERWORLD_HISTORICAL
2022-06-20,ARE_FUJ,MGO,731.35,BUNKERWORLD_HISTORICAL
2022-06-21,SGP_SIN,VLSFO,577.9,BUNKERWORLD_HISTORICAL
2022-06-21,SGP_SIN,MGO,751.76,BUNKERWORLD_HISTORICAL
2022-06-21,LKA_CMB,VLSFO,592.35,BUNKERWORLD_HISTORICAL
2022-06-21,LKA_CMB,MGO,770.55,BUNKERWORLD_HISTORICAL
2022-06-21,ARE_FUJ,VLSFO,572.12,BUNKERWORLD_HISTORICAL
2022-06-21,ARE_FUJ,MGO,744.24,BUNKERWORLD_HISTORICAL
2022-06-22,SGP_SIN,VLSFO,581.16,BUNKERWORLD_HISTORICAL
2022-06-22,SGP_SIN,MGO,736.61,BUNKERWORLD_HISTORICAL
2022-06-22,LKA_CMB,VLSFO,595.69,BUNKERWORLD_HISTORICAL
2022-06-22,LKA_CMB,MGO,755.03,BUNKERWORLD_HISTORICAL
2022-06-22,ARE_FUJ,VLSFO,575.35,BUNKERWORLD_HISTORICAL
2022-06-22,ARE_FUJ,MGO,729.24,BUNKERWORLD_HISTORICAL
2022-06-23,SGP_SIN,VLSFO,582.46,BUNKERWORLD_HISTORICAL
2022-06-23,SGP_SIN,MGO,750.0,BUNKERWORLD_HISTORICAL
2022-06-23,LKA_CMB,VLSFO,597.02,BUNKERWORLD_HISTORICAL
2022-06-23,LKA_CMB,MGO,768.75,BUNKERWORLD_HISTORICAL
2022-06-23,ARE_FUJ,VLSFO,576.63,BUNKERWORLD_HISTORICAL
2022-06-23,ARE_FUJ,MGO,742.5,BUNKERWORLD_HISTORICAL
2022-06-24,SGP_SIN,VLSFO,572.27,BUNKERWORLD_HISTORICAL
2022-06-24,SGP_SIN,MGO,725.9,BUNKERWORLD_HISTORICAL
2022-06-24,LKA_CMB,VLSFO,586.58,BUNKERWORLD_HISTORICAL
2022-06-24,LKA_CMB,MGO,744.05,BUNKERWORLD_HISTORICAL
2022-06-24,ARE_FUJ,VLSFO,566.55,BUNKERWORLD_HISTORICAL
2022-06-24,ARE_FUJ,MGO,718.64,BUNKERWORLD_HISTORICAL
2022-06-25,SGP_SIN,VLSFO,576.93,BUNKERWORLD_HISTORICAL
2022-06-25,SGP_SIN,MGO,735.23,BUNKERWORLD_HISTORICAL
2022-06-25,LKA_CMB,VLSFO,591.36,BUNKERWORLD_HISTORICAL
2022-06-25,LKA_CMB,MGO,753.61,BUNKERWORLD_HISTORICAL
2022-06-25,ARE_FUJ,VLSFO,571.16,BUNKERWORLD_HISTORICAL
2022-06-25,ARE_FUJ,MGO,727.88,BUNKERWORLD_HISTORICAL
2022-06-26,SGP_SIN,VLSFO,580.9,BUNKERWORLD_HISTORICAL
2022-06-26,SGP_SIN,MGO,741.94,BUNKERWORLD_HISTORICAL
2022-06-26,LKA_CMB,VLSFO,595.42,BUNKERWORLD_HISTORICAL
2022-06-26,LKA_CMB,MGO,760.49,BUNKERWORLD_HISTORICAL
2022-06-26,ARE_FUJ,VLSFO,575.09,BUNKERWORLD_HISTORICAL
2022-06-26,ARE_FUJ,MGO,734.52,BUNKERWORLD_HISTORICAL
2022-06-27,SGP_SIN,VLSFO,582.43,BUNKERWORLD_HISTORICAL
2022-06-27,SGP_SIN,MGO,745.93,BUNKERWORLD_HISTORICAL
2022-06-27,LKA_CMB,VLSFO,596.99,BUNKERWORLD_HISTORICAL
2022-06-27,LKA_CMB,MGO,764.58,BUNKERWORLD_HISTORICAL
2022-06-27,ARE_FUJ,VLSFO,576.6,BUNKERWORLD_HISTORICAL
2022-06-27,ARE_FUJ,MGO,738.47,BUNKERWORLD_HISTORICAL
2022-06-28,SGP_SIN,VLSFO,575.24,BUNKERWORLD_HISTORICAL
2022-06-28,SGP_SIN,MGO,743.87,BUNKERWORLD_HISTORICAL
2022-06-28,LKA_CMB,VLSFO,589.62,BUNKERWORLD_HISTORICAL
2022-06-28,LKA_CMB,MGO,762.46,BUNKERWORLD_HISTORICAL
2022-06-28,ARE_FUJ,VLSFO,569.48,BUNKERWORLD_HISTORICAL
2022-06-28,ARE_FUJ,MGO,736.43,BUNKERWORLD_HISTORICAL
2022-06-29,SGP_SIN,VLSFO,588.53,BUNKERWORLD_HISTORICAL
2022-06-29,SGP_SIN,MGO,748.5,BUNKERWORLD_HISTORICAL
2022-06-29,LKA_CMB,VLSFO,603.24,BUNKERWORLD_HISTORICAL
2022-06-29,LKA_CMB,MGO,767.22,BUNKERWORLD_HISTORICAL
2022-06-29,ARE_FUJ,VLSFO,582.65,BUNKERWORLD_HISTORICAL
2022-06-29,ARE_FUJ,MGO,741.02,BUNKERWORLD_HISTORICAL
2022-06-30,SGP_SIN,VLSFO,579.4,BUNKERWORLD_HISTORICAL
2022-06-30,SGP_SIN,MGO,744.34,BUNKERWORLD_HISTORICAL
2022-06-30,LKA_CMB,VLSFO,593.89,BUNKERWORLD_HISTORICAL
2022-06-30,LKA_CMB,MGO,762.95,BUNKERWORLD_HISTORICAL
2022-06-30,ARE_FUJ,VLSFO,573.61,BUNKERWORLD_HISTORICAL
2022-06-30,ARE_FUJ,MGO,736.9,BUNKERWORLD_HISTORICAL
2022-07-01,SGP_SIN,VLSFO,595.53,BUNKERWORLD_HISTORICAL
2022-07-01,SGP_SIN,MGO,761.85,BUNKERWORLD_HISTORICAL
2022-07-01,LKA_CMB,VLSFO,610.41,BUNKERWORLD_HISTORICAL
2022-07-01,LKA_CMB,MGO,780.89,BUNKERWORLD_HISTORICAL
2022-07-01,ARE_FUJ,VLSFO,589.57,BUNKERWORLD_HISTORICAL
2022-07-01,ARE_FUJ,MGO,754.23,BUNKERWORLD_HISTORICAL
2022-07-02,SGP_SIN,VLSFO,586.78,BUNKERWORLD_HISTORICAL
2022-07-02,SGP_SIN,MGO,736.07,BUNKERWORLD_HISTORICAL
2022-07-02,LKA_CMB,VLSFO,601.44,BUNKERWORLD_HISTORICAL
2022-07-02,LKA_CMB,MGO,754.47,BUNKERWORLD_HISTORICAL
2022-07-02,ARE_FUJ,VLSFO,580.91,BUNKERWORLD_HISTORICAL
2022-07-02,ARE_FUJ,MGO,728.71,BUNKERWORLD_HISTORICAL
2022-07-03,SGP_SIN,VLSFO,576.07,BUNKERWORLD_HISTORICAL
2022-07-03,SGP_SIN,MGO,744.83,BUNKERWORLD_HISTORICAL
2022-07-03,LKA_CMB,VLSFO,590.48,BUNKERWORLD_HISTORICAL
2022-07-03,LKA_CMB,MGO,763.45,BUNKERWORLD_HISTORICAL
2022-07-03,ARE_FUJ,VLSFO,570.31,BUNKERWORLD_HISTORICAL
2022-07-03,ARE_FUJ,MGO,737.38,BUNKERWORLD_HISTORICAL
2022-07-04,SGP_SIN,VLSFO,574.95,BUNKERWORLD_HISTORICAL
2022-07-04,SGP_SIN,MGO,735.03,BUNKERWORLD_HISTORICAL
2022-07-04,LKA_CMB,VLSFO,589.32,BUNKERWORLD_HISTORICAL
2022-07-04,LKA_CMB,MGO,753.4,BUNKERWORLD_HISTORICAL
2022-07-04,ARE_FUJ,VLSFO,569.2,BUNKERWORLD_HISTORICAL
2022-07-04,ARE_FUJ,MGO,727.68,BUNKERWORLD_HISTORICAL
2022-07-05,SGP_SIN,VLSFO,578.35,BUNKERWORLD_HISTORICAL
2022-07-05,SGP_SIN,MGO,737.45,BUNKERWORLD_HISTORICAL
2022-07-05,LKA_CMB,VLSFO,592.81,BUNKERWORLD_HISTORICAL
2022-07-05,LKA_CMB,MGO,755.89,BUNKERWORLD_HISTORICAL
2022-07-05,ARE_FUJ,VLSFO,572.57,BUNKERWORLD_HISTORICAL
2022-07-05,ARE_FUJ,MGO,730.08,BUNKERWORLD_HISTORICAL
2022-07-06,SGP_SIN,VLSFO,586.74,BUNKERWORLD_HISTORICAL
2022-07-06,SGP_SIN,MGO,744.96,BUNKERWORLD_HISTORICAL
2022-07-06,LKA_CMB,VLSFO,601.41,BUNKERWORLD_HISTORICAL
2022-07-06,LKA_CMB,MGO,763.58,BUNKERWORLD_HISTORICAL
2022-07-06,ARE_FUJ,VLSFO,580.88,BUNKERWORLD_HISTORICAL
2022-07-06,ARE_FUJ,MGO,737.51,BUNKERWORLD_HISTORICAL
2022-07-07,SGP_SIN,VLSFO,580.32,BUNKERWORLD_HISTORICAL
2022-07-07,SGP_SIN,MGO,740.8,BUNKERWORLD_HISTORICAL
2022-07-07,LKA_CMB,VLSFO,594.83,BUNKERWORLD_HISTORICAL
2022-07-07,LKA_CMB,MGO,759.32,BUNKERWORLD_HISTORICAL
2022-07-07,ARE_FUJ,VLSFO,574.52,BUNKERWORLD_HISTORICAL
2022-07-07,ARE_FUJ,MGO,733.39,BUNKERWORLD_HISTORICAL
2022-07-08,SGP_SIN,VLSFO,580.34,BUNKERWORLD_HISTORICAL
2022-07-08,SGP_SIN,MGO,754.75,BUNKERWORLD_HISTORICAL
2022-07-08,LKA_CMB,VLSFO,594.84,BUNKERWORLD_HISTORICAL
2022-07-08,LKA_CMB,MGO,773.61,BUNKERWORLD_HISTORICAL
2022-07-08,ARE_FUJ,VLSFO,574.53,BUNKERWORLD_HISTORICAL
2022-07-08,ARE_FUJ,MGO,747.2,BUNKERWORLD_HISTORICAL
2022-07-09,SGP_SIN,VLSFO,589.18,BUNKERWORLD_HISTORICAL
2022-07-09,SGP_SIN,MGO,757.18,BUNKERWORLD_HISTORICAL
2022-07-09,LKA_CMB,VLSFO,603.91,BUNKERWORLD_HISTORICAL
2022-07-09,LKA_CMB,MGO,776.11,BUNKERWORLD_HISTORICAL
2022-07-09,ARE_FUJ,VLSFO,583.29,BUNKERWORLD_HISTORICAL
2022-07-09,ARE_FUJ,MGO,749.6,BUNKERWORLD_HISTORICAL
2022-07-10,SGP_SIN,VLSFO,603.88,BUNKERWORLD_HISTORICAL
2022-07-10,SGP_SIN,MGO,770.29,BUNKERWORLD_HISTORICAL
2022-07-10,LKA_CMB,VLSFO,618.97,BUNKERWORLD_HISTORICAL
2022-07-10,LKA_CMB,MGO,789.55,BUNKERWORLD_HISTORICAL
2022-07-10,ARE_FUJ,VLSFO,597.84,BUNKERWORLD_HISTORICAL
2022-07-10,ARE_FUJ,MGO,762.59,BUNKERWORLD_HISTORICAL
2022-07-11,SGP_SIN,VLSFO,601.13,BUNKERWORLD_HISTORICAL
2022-07-11,SGP_SIN,MGO,772.41,BUNKERWORLD_HISTORICAL
2022-07-11,LKA_CMB,VLSFO,616.16,BUNKERWORLD_HISTORICAL
2022-07-11,LKA_CMB,MGO,791.72,BUNKERWORLD_HISTORICAL
2022-07-11,ARE_FUJ,VLSFO,595.12,BUNKERWORLD_HISTORICAL
2022-07-11,ARE_FUJ,MGO,764.69,BUNKERWORLD_HISTORICAL
2022-07-12,SGP_SIN,VLSFO,596.04,BUNKERWORLD_HISTORICAL
2022-07-12,SGP_SIN,MGO,749.64,BUNKERWORLD_HISTORICAL
2022-07-12,LKA_CMB,VLSFO,610.94,BUNKERWORLD_HISTORICAL
2022-07-12,LKA_CMB,MGO,768.38,BUNKERWORLD_HISTORICAL
2022-07-12,ARE_FUJ,VLSFO,590.08,BUNKERWORLD_HISTORICAL
2022-07-12,ARE_FUJ,MGO,742.15,BUNKERWORLD_HISTORICAL
2022-07-13,SGP_SIN,VLSFO,601.48,BUNKERWORLD_HISTORICAL
2022-07-13,SGP_SIN,MGO,768.98,BUNKERWORLD_HISTORICAL
2022-07-13,LKA_CMB,VLSFO,616.52,BUNKERWORLD_HISTORICAL
2022-07-13,LKA_CMB,MGO,788.21,BUNKERWORLD_HISTORICAL
2022-07-13,ARE_FUJ,VLSFO,595.47,BUNKERWORLD_HISTORICAL
2022-07-13,ARE_FUJ,MGO,761.29,BUNKERWORLD_HISTORICAL
2022-07-14,SGP_SIN,VLSFO,598.16,BUNKERWORLD_HISTORICAL
2022-07-14,SGP_SIN,MGO,773.54,BUNKERWORLD_HISTORICAL
2022-07-14,LKA_CMB,VLSFO,613.12,BUNKERWORLD_HISTORICAL
2022-07-14,LKA_CMB,MGO,792.87,BUNKERWORLD_HISTORICAL
2022-07-14,ARE_FUJ,VLSFO,592.18,BUNKERWORLD_HISTORICAL
2022-07-14,ARE_FUJ,MGO,765.8,BUNKERWORLD_HISTORICAL
2022-07-15,SGP_SIN,VLSFO,620.26,BUNKERWORLD_HISTORICAL
2022-07-15,SGP_SIN,MGO,797.76,BUNKERWORLD_HISTORICAL
2022-07-15,LKA_CMB,VLSFO,635.77,BUNKERWORLD_HISTORICAL
2022-07-15,LKA_CMB,MGO,817.71,BUNKERWORLD_HISTORICAL
2022-07-15,ARE_FUJ,VLSFO,614.06,BUNKERWORLD_HISTORICAL
2022-07-15,ARE_FUJ,MGO,789.78,BUNKERWORLD_HISTORICAL
2022-07-16,SGP_SIN,VLSFO,598.74,BUNKERWORLD_HISTORICAL
2022-07-16,SGP_SIN,MGO,772.87,BUNKERWORLD_HISTORICAL
2022-07-16,LKA_CMB,VLSFO,613.7,BUNKERWORLD_HISTORICAL
2022-07-16,LKA_CMB,MGO,792.2,BUNKERWORLD_HISTORICAL
2022-07-16,ARE_FUJ,VLSFO,592.75,BUNKERWORLD_HISTORICAL
2022-07-16,ARE_FUJ,MGO,765.15,BUNKERWORLD_HISTORICAL
2022-07-17,SGP_SIN,VLSFO,600.54,BUNKERWORLD_HISTORICAL
2022-07-17,SGP_SIN,MGO,771.27,BUNKERWORLD_HISTORICAL
2022-07-17,LKA_CMB,VLSFO,615.55,BUNKERWORLD_HISTORICAL
2022-07-17,LKA_CMB,MGO,790.55,BUNKERWORLD_HISTORICAL
2022-07-17,ARE_FUJ,VLSFO,594.53,BUNKERWORLD_HISTORICAL
2022-07-17,ARE_FUJ,MGO,763.55,BUNKERWORLD_HISTORICAL
2022-07-18,SGP_SIN,VLSFO,584.95,BUNKERWORLD_HISTORICAL
2022-07-18,SGP_SIN,MGO,739.7,BUNKERWORLD_HISTORICAL
2022-07-18,LKA_CMB,VLSFO,599.58,BUNKERWORLD_HISTORICAL
2022-07-18,LKA_CMB,MGO,758.19,BUNKERWORLD_HISTORICAL
2022-07-18,ARE_FUJ,VLSFO,579.1,BUNKERWORLD_HISTORICAL
2022-07-18,ARE_FUJ,MGO,732.31,BUNKERWORLD_HISTORICAL
2022-07-19,SGP_SIN,VLSFO,582.23,BUNKERWORLD_HISTORICAL
2022-07-19,SGP_SIN,MGO,736.75,BUNKERWORLD_HISTORICAL
2022-07-19,LKA_CMB,VLSFO,596.78,BUNKERWORLD_HISTORICAL
2022-07-19,LKA_CMB,MGO,755.17,BUNKERWORLD_HISTORICAL
2022-07-19,ARE_FUJ,VLSFO,576.41,BUNKERWORLD_HISTORICAL
2022-07-19,ARE_FUJ,MGO,729.38,BUNKERWORLD_HISTORICAL
2022-07-20,SGP_SIN,VLSFO,575.82,BUNKERWORLD_HISTORICAL
2022-07-20,SGP_SIN,MGO,727.66,BUNKERWORLD_HISTORICAL
2022-07-20,LKA_CMB,VLSFO,590.22,BUNKERWORLD_HISTORICAL
2022-07-20,LKA_CMB,MGO,745.85,BUNKERWORLD_HISTORICAL
2022-07-20,ARE_FUJ,VLSFO,570.06,BUNKERWORLD_HISTORICAL
2022-07-20,ARE_FUJ,MGO,720.38,BUNKERWORLD_HISTORICAL
2022-07-21,SGP_SIN,VLSFO,575.16,BUNKERWORLD_HISTORICAL
2022-07-21,SGP_SIN,MGO,738.84,BUNKERWORLD_HISTORICAL
2022-07-21,LKA_CMB,VLSFO,589.54,BUNKERWORLD_HISTORICAL
2022-07-21,LKA_CMB,MGO,757.31,BUNKERWORLD_HISTORICAL
2022-07-21,ARE_FUJ,VLSFO,569.41,BUNKERWORLD_HISTORICAL
2022-07-21,ARE_FUJ,MGO,731.45,BUNKERWORLD_HISTORICAL
2022-07-22,SGP_SIN,VLSFO,579.93,BUNKERWORLD_HISTORICAL
2022-07-22,SGP_SIN,MGO,743.13,BUNKERWORLD_HISTORICAL
2022-07-22,LKA_CMB,VLSFO,594.43,BUNKERWORLD_HISTORICAL
2022-07-22,LKA_CMB,MGO,761.7,BUNKERWORLD_HISTORICAL
2022-07-22,ARE_FUJ,VLSFO,574.13,BUNKERWORLD_HISTORICAL
2022-07-22,ARE_FUJ,MGO,735.69,BUNKERWORLD_HISTORICAL
2022-07-23,SGP_SIN,VLSFO,585.38,BUNKERWORLD_HISTORICAL
2022-07-23,SGP_SIN,MGO,763.22,BUNKERWORLD_HISTORICAL
2022-07-23,LKA_CMB,VLSFO,600.02,BUNKERWORLD_HISTORICAL
2022-07-23,LKA_CMB,MGO,782.3,BUNKERWORLD_HISTORICAL
2022-07-23,ARE_FUJ,VLSFO,579.53,BUNKERWORLD_HISTORICAL
2022-07-23,ARE_FUJ,MGO,755.58,BUNKERWORLD_HISTORICAL
2022-07-24,SGP_SIN,VLSFO,575.29,BUNKERWORLD_HISTORICAL
2022-07-24,SGP_SIN,MGO,737.01,BUNKERWORLD_HISTORICAL
2022-07-24,LKA_CMB,VLSFO,589.67,BUNKERWORLD_HISTORICAL
2022-07-24,LKA_CMB,MGO,755.44,BUNKERWORLD_HISTORICAL
2022-07-24,ARE_FUJ,VLSFO,569.53,BUNKERWORLD_HISTORICAL
2022-07-24,ARE_FUJ,MGO,729.64,BUNKERWORLD_HISTORICAL
2022-07-25,SGP_SIN,VLSFO,585.5,BUNKERWORLD_HISTORICAL
2022-07-25,SGP_SIN,MGO,765.57,BUNKERWORLD_HISTORICAL
2022-07-25,LKA_CMB,VLSFO,600.14,BUNKERWORLD_HISTORICAL
2022-07-25,LKA_CMB,MGO,784.71,BUNKERWORLD_HISTORICAL
2022-07-25,ARE_FUJ,VLSFO,579.65,BUNKERWORLD_HISTORICAL
2022-07-25,ARE_FUJ,MGO,757.91,BUNKERWORLD_HISTORICAL
2022-07-26,SGP_SIN,VLSFO,590.19,BUNKERWORLD_HISTORICAL
2022-07-26,SGP_SIN,MGO,761.02,BUNKERWORLD_HISTORICAL
2022-07-26,LKA_CMB,VLSFO,604.95,BUNKERWORLD_HISTORICAL
2022-07-26,LKA_CMB,MGO,780.05,BUNKERWORLD_HISTORICAL
2022-07-26,ARE_FUJ,VLSFO,584.29,BUNKERWORLD_HISTORICAL
2022-07-26,ARE_FUJ,MGO,753.41,BUNKERWORLD_HISTORICAL
2022-07-27,SGP_SIN,VLSFO,584.6,BUNKERWORLD_HISTORICAL
2022-07-27,SGP_SIN,MGO,750.5,BUNKERWORLD_HISTORICAL
2022-07-27,LKA_CMB,VLSFO,599.22,BUNKERWORLD_HISTORICAL
2022-07-27,LKA_CMB,MGO,769.26,BUNKERWORLD_HISTORICAL
2022-07-27,ARE_FUJ,VLSFO,578.76,BUNKERWORLD_HISTORICAL
2022-07-27,ARE_FUJ,MGO,743.0,BUNKERWORLD_HISTORICAL
2022-07-28,SGP_SIN,VLSFO,585.15,BUNKERWORLD_HISTORICAL
2022-07-28,SGP_SIN,MGO,754.57,BUNKERWORLD_HISTORICAL
2022-07-28,LKA_CMB,VLSFO,599.78,BUNKERWORLD_HISTORICAL
2022-07-28,LKA_CMB,MGO,773.44,BUNKERWORLD_HISTORICAL
2022-07-28,ARE_FUJ,VLSFO,579.3,BUNKERWORLD_HISTORICAL
2022-07-28,ARE_FUJ,MGO,747.03,BUNKERWORLD_HISTORICAL
2022-07-29,SGP_SIN,VLSFO,590.12,BUNKERWORLD_HISTORICAL
2022-07-29,SGP_SIN,MGO,748.54,BUNKERWORLD_HISTORICAL
2022-07-29,LKA_CMB,VLSFO,604.88,BUNKERWORLD_HISTORICAL
2022-07-29,LKA_CMB,MGO,767.25,BUNKERWORLD_HISTORICAL
2022-07-29,ARE_FUJ,VLSFO,584.22,BUNKERWORLD_HISTORICAL
2022-07-29,ARE_FUJ,MGO,741.05,BUNKERWORLD_HISTORICAL
2022-07-30,SGP_SIN,VLSFO,600.46,BUNKERWORLD_HISTORICAL
2022-07-30,SGP_SIN,MGO,766.49,BUNKERWORLD_HISTORICAL
2022-07-30,LKA_CMB,VLSFO,615.47,BUNKERWORLD_HISTORICAL
2022-07-30,LKA_CMB,MGO,785.65,BUNKERWORLD_HISTORICAL
2022-07-30,ARE_FUJ,VLSFO,594.46,BUNKERWORLD_HISTORICAL
2022-07-30,ARE_FUJ,MGO,758.83,BUNKERWORLD_HISTORICAL
2022-07-31,SGP_SIN,VLSFO,588.87,BUNKERWORLD_HISTORICAL
2022-07-31,SGP_SIN,MGO,743.2,BUNKERWORLD_HISTORICAL
2022-07-31,LKA_CMB,VLSFO,603.59,BUNKERWORLD_HISTORICAL
2022-07-31,LKA_CMB,MGO,761.78,BUNKERWORLD_HISTORICAL
2022-07-31,ARE_FUJ,VLSFO,582.98,BUNKERWORLD_HISTORICAL
2022-07-31,ARE_FUJ,MGO,735.77,BUNKERWORLD_HISTORICAL
2022-08-01,SGP_SIN,VLSFO,583.98,BUNKERWORLD_HISTORICAL
2022-08-01,SGP_SIN,MGO,751.22,BUNKERWORLD_HISTORICAL
2022-08-01,LKA_CMB,VLSFO,598.58,BUNKERWORLD_HISTORICAL
2022-08-01,LKA_CMB,MGO,770.0,BUNKERWORLD_HISTORICAL
2022-08-01,ARE_FUJ,VLSFO,578.14,BUNKERWORLD_HISTORICAL
2022-08-01,ARE_FUJ,MGO,743.7,BUNKERWORLD_HISTORICAL
2022-08-02,SGP_SIN,VLSFO,595.77,BUNKERWORLD_HISTORICAL
2022-08-02,SGP_SIN,MGO,760.56,BUNKERWORLD_HISTORICAL
2022-08-02,LKA_CMB,VLSFO,610.66,BUNKERWORLD_HISTORICAL
2022-08-02,LKA_CMB,MGO,779.58,BUNKERWORLD_HISTORICAL
2022-08-02,ARE_FUJ,VLSFO,589.81,BUNKERWORLD_HISTORICAL
2022-08-02,ARE_FUJ,MGO,752.96,BUNKERWORLD_HISTORICAL
2022-08-03,SGP_SIN,VLSFO,592.24,BUNKERWORLD_HISTORICAL
2022-08-03,SGP_SIN,MGO,749.48,BUNKERWORLD_HISTORICAL
2022-08-03,LKA_CMB,VLSFO,607.05,BUNKERWORLD_HISTORICAL
2022-08-03,LKA_CMB,MGO,768.22,BUNKERWORLD_HISTORICAL
2022-08-03,ARE_FUJ,VLSFO,586.32,BUNKERWORLD_HISTORICAL
2022-08-03,ARE_FUJ,MGO,741.98,BUNKERWORLD_HISTORICAL
2022-08-04,SGP_SIN,VLSFO,589.25,BUNKERWORLD_HISTORICAL
2022-08-04,SGP_SIN,MGO,735.3,BUNKERWORLD_HISTORICAL
2022-08-04,LKA_CMB,VLSFO,603.98,BUNKERWORLD_HISTORICAL
2022-08-04,LKA_CMB,MGO,753.68,BUNKERWORLD_HISTORICAL
2022-08-04,ARE_FUJ,VLSFO,583.35,BUNKERWORLD_HISTORICAL
2022-08-04,ARE_FUJ,MGO,727.95,BUNKERWORLD_HISTORICAL
2022-08-05,SGP_SIN,VLSFO,598.92,BUNKERWORLD_HISTORICAL
2022-08-05,SGP_SIN,MGO,755.25,BUNKERWORLD_HISTORICAL
2022-08-05,LKA_CMB,VLSFO,613.9,BUNKERWORLD_HISTORICAL
2022-08-05,LKA_CMB,MGO,774.13,BUNKERWORLD_HISTORICAL
2022-08-05,ARE_FUJ,VLSFO,592.93,BUNKERWORLD_HISTORICAL
2022-08-05,ARE_FUJ,MGO,747.7,BUNKERWORLD_HISTORICAL
2022-08-06,SGP_SIN,VLSFO,601.06,BUNKERWORLD_HISTORICAL
2022-08-06,SGP_SIN,MGO,773.2,BUNKERWORLD_HISTORICAL
2022-08-06,LKA_CMB,VLSFO,616.09,BUNKERWORLD_HISTORICAL
2022-08-06,LKA_CMB,MGO,792.53,BUNKERWORLD_HISTORICAL
2022-08-06,ARE_FUJ,VLSFO,595.05,BUNKERWORLD_HISTORICAL
2022-08-06,ARE_FUJ,MGO,765.47,BUNKERWORLD_HISTORICAL
2022-08-07,SGP_SIN,VLSFO,618.67,BUNKERWORLD_HISTORICAL
2022-08-07,SGP_SIN,MGO,789.38,BUNKERWORLD_HISTORICAL
2022-08-07,LKA_CMB,VLSFO,634.13,BUNKERWORLD_HISTORICAL
2022-08-07,LKA_CMB,MGO,809.11,BUNKERWORLD_HISTORICAL
2022-08-07,ARE_FUJ,VLSFO,612.48,BUNKERWORLD_HISTORICAL
2022-08-07,ARE_FUJ,MGO,781.48,BUNKERWORLD_HISTORICAL
2022-08-08,SGP_SIN,VLSFO,602.35,BUNKERWORLD_HISTORICAL
2022-08-08,SGP_SIN,MGO,775.01,BUNKERWORLD_HISTORICAL
2022-08-08,LKA_CMB,VLSFO,617.41,BUNKERWORLD_HISTORICAL
2022-08-08,LKA_CMB,MGO,794.39,BUNKERWORLD_HISTORICAL
2022-08-08,ARE_FUJ,VLSFO,596.33,BUNKERWORLD_HISTORICAL
2022-08-08,ARE_FUJ,MGO,767.26,BUNKERWORLD_HISTORICAL
2022-08-09,SGP_SIN,VLSFO,621.12,BUNKERWORLD_HISTORICAL
2022-08-09,SGP_SIN,MGO,782.61,BUNKERWORLD_HISTORICAL
2022-08-09,LKA_CMB,VLSFO,636.64,BUNKERWORLD_HISTORICAL
2022-08-09,LKA_CMB,MGO,802.18,BUNKERWORLD_HISTORICAL
2022-08-09,ARE_FUJ,VLSFO,614.9,BUNKERWORLD_HISTORICAL
2022-08-09,ARE_FUJ,MGO,774.79,BUNKERWORLD_HISTORICAL
2022-08-10,SGP_SIN,VLSFO,611.43,BUNKERWORLD_HISTORICAL
2022-08-10,SGP_SIN,MGO,774.33,BUNKERWORLD_HISTORICAL
2022-08-10,LKA_CMB,VLSFO,626.71,BUNKERWORLD_HISTORICAL
2022-08-10,LKA_CMB,MGO,793.68,BUNKERWORLD_HISTORICAL
2022-08-10,ARE_FUJ,VLSFO,605.31,BUNKERWORLD_HISTORICAL
2022-08-10,ARE_FUJ,MGO,766.58,BUNKERWORLD_HISTORICAL
2022-08-11,SGP_SIN,VLSFO,616.4,BUNKERWORLD_HISTORICAL
2022-08-11,SGP_SIN,MGO,774.86,BUNKERWORLD_HISTORICAL
2022-08-11,LKA_CMB,VLSFO,631.81,BUNKERWORLD_HISTORICAL
2022-08-11,LKA_CMB,MGO,794.23,BUNKERWORLD_HISTORICAL
2022-08-11,ARE_FUJ,VLSFO,610.23,BUNKERWORLD_HISTORICAL
2022-08-11,ARE_FUJ,MGO,767.11,BUNKERWORLD_HISTORICAL
2022-08-12,SGP_SIN,VLSFO,610.97,BUNKERWORLD_HISTORICAL
2022-08-12,SGP_SIN,MGO,793.82,BUNKERWORLD_HISTORICAL
2022-08-12,LKA_CMB,VLSFO,626.24,BUNKERWORLD_HISTORICAL
2022-08-12,LKA_CMB,MGO,813.66,BUNKERWORLD_HISTORICAL
2022-08-12,ARE_FUJ,VLSFO,604.86,BUNKERWORLD_HISTORICAL
2022-08-12,ARE_FUJ,MGO,785.88,BUNKERWORLD_HISTORICAL
2022-08-13,SGP_SIN,VLSFO,613.78,BUNKERWORLD_HISTORICAL
2022-08-13,SGP_SIN,MGO,789.36,BUNKERWORLD_HISTORICAL
2022-08-13,LKA_CMB,VLSFO,629.13,BUNKERWORLD_HISTORICAL
2022-08-13,LKA_CMB,MGO,809.09,BUNKERWORLD_HISTORICAL
2022-08-13,ARE_FUJ,VLSFO,607.64,BUNKERWORLD_HISTORICAL
2022-08-13,ARE_FUJ,MGO,781.47,BUNKERWORLD_HISTORICAL
2022-08-14,SGP_SIN,VLSFO,607.89,BUNKERWORLD_HISTORICAL
2022-08-14,SGP_SIN,MGO,773.48,BUNKERWORLD_HISTORICAL
2022-08-14,LKA_CMB,VLSFO,623.08,BUNKERWORLD_HISTORICAL
2022-08-14,LKA_CMB,MGO,792.82,BUNKERWORLD_HISTORICAL
2022-08-14,ARE_FUJ,VLSFO,601.81,BUNKERWORLD_HISTORICAL
2022-08-14,ARE_FUJ,MGO,765.75,BUNKERWORLD_HISTORICAL
2022-08-15,SGP_SIN,VLSFO,589.58,BUNKERWORLD_HISTORICAL
2022-08-15,SGP_SIN,MGO,743.59,BUNKERWORLD_HISTORICAL
2022-08-15,LKA_CMB,VLSFO,604.32,BUNKERWORLD_HISTORICAL
2022-08-15,LKA_CMB,MGO,762.18,BUNKERWORLD_HISTORICAL
2022-08-15,ARE_FUJ,VLSFO,583.69,BUNKERWORLD_HISTORICAL
2022-08-15,ARE_FUJ,MGO,736.16,BUNKERWORLD_HISTORICAL
2022-08-16,SGP_SIN,VLSFO,592.83,BUNKERWORLD_HISTORICAL
2022-08-16,SGP_SIN,MGO,758.35,BUNKERWORLD_HISTORICAL
2022-08-16,LKA_CMB,VLSFO,607.65,BUNKERWORLD_HISTORICAL
2022-08-16,LKA_CMB,MGO,777.31,BUNKERWORLD_HISTORICAL
2022-08-16,ARE_FUJ,VLSFO,586.9,BUNKERWORLD_HISTORICAL
2022-08-16,ARE_FUJ,MGO,750.77,BUNKERWORLD_HISTORICAL
2022-08-17,SGP_SIN,VLSFO,595.46,BUNKERWORLD_HISTORICAL
2022-08-17,SGP_SIN,MGO,746.92,BUNKERWORLD_HISTORICAL
2022-08-17,LKA_CMB,VLSFO,610.35,BUNKERWORLD_HISTORICAL
2022-08-17,LKA_CMB,MGO,765.6,BUNKERWORLD_HISTORICAL
2022-08-17,ARE_FUJ,VLSFO,589.51,BUNKERWORLD_HISTORICAL
2022-08-17,ARE_FUJ,MGO,739.45,BUNKERWORLD_HISTORICAL
2022-08-18,SGP_SIN,VLSFO,601.44,BUNKERWORLD_HISTORICAL
2022-08-18,SGP_SIN,MGO,774.15,BUNKERWORLD_HISTORICAL
2022-08-18,LKA_CMB,VLSFO,616.47,BUNKERWORLD_HISTORICAL
2022-08-18,LKA_CMB,MGO,793.5,BUNKERWORLD_HISTORICAL
2022-08-18,ARE_FUJ,VLSFO,595.42,BUNKERWORLD_HISTORICAL
2022-08-18,ARE_FUJ,MGO,766.41,BUNKERWORLD_HISTORICAL
2022-08-19,SGP_SIN,VLSFO,603.24,BUNKERWORLD_HISTORICAL
2022-08-19,SGP_SIN,MGO,769.88,BUNKERWORLD_HISTORICAL
2022-08-19,LKA_CMB,VLSFO,618.33,BUNKERWORLD_HISTORICAL
2022-08-19,LKA_CMB,MGO,789.12,BUNKERWORLD_HISTORICAL
2022-08-19,ARE_FUJ,VLSFO,597.21,BUNKERWORLD_HISTORICAL
2022-08-19,ARE_FUJ,MGO,762.18,BUNKERWORLD_HISTORICAL
2022-08-20,SGP_SIN,VLSFO,596.54,BUNKERWORLD_HISTORICAL
2022-08-20,SGP_SIN,MGO,774.81,BUNKERWORLD_HISTORICAL
2022-08-20,LKA_CMB,VLSFO,611.45,BUNKERWORLD_HISTORICAL
2022-08-20,LKA_CMB,MGO,794.19,BUNKERWORLD_HISTORICAL
2022-08-20,ARE_FUJ,VLSFO,590.57,BUNKERWORLD_HISTORICAL
2022-08-20,ARE_FUJ,MGO,767.07,BUNKERWORLD_HISTORICAL
2022-08-21,SGP_SIN,VLSFO,602.56,BUNKERWORLD_HISTORICAL
2022-08-21,SGP_SIN,MGO,774.92,BUNKERWORLD_HISTORICAL
2022-08-21,LKA_CMB,VLSFO,617.63,BUNKERWORLD_HISTORICAL
2022-08-21,LKA_CMB,MGO,794.3,BUNKERWORLD_HISTORICAL
2022-08-21,ARE_FUJ,VLSFO,596.54,BUNKERWORLD_HISTORICAL
2022-08-21,ARE_FUJ,MGO,767.17,BUNKERWORLD_HISTORICAL
2022-08-22,SGP_SIN,VLSFO,601.83,BUNKERWORLD_HISTORICAL
2022-08-22,SGP_SIN,MGO,766.9,BUNKERWORLD_HISTORICAL
2022-08-22,LKA_CMB,VLSFO,616.87,BUNKERWORLD_HISTORICAL
2022-08-22,LKA_CMB,MGO,786.07,BUNKERWORLD_HISTORICAL
2022-08-22,ARE_FUJ,VLSFO,595.81,BUNKERWORLD_HISTORICAL
2022-08-22,ARE_FUJ,MGO,759.23,BUNKERWORLD_HISTORICAL
2022-08-23,SGP_SIN,VLSFO,606.74,BUNKERWORLD_HISTORICAL
2022-08-23,SGP_SIN,MGO,756.38,BUNKERWORLD_HISTORICAL
2022-08-23,LKA_CMB,VLSFO,621.91,BUNKERWORLD_HISTORICAL
2022-08-23,LKA_CMB,MGO,775.29,BUNKERWORLD_HISTORICAL
2022-08-23,ARE_FUJ,VLSFO,600.67,BUNKERWORLD_HISTORICAL
2022-08-23,ARE_FUJ,MGO,748.81,BUNKERWORLD_HISTORICAL
2022-08-24,SGP_SIN,VLSFO,606.34,BUNKERWORLD_HISTORICAL
2022-08-24,SGP_SIN,MGO,790.63,BUNKERWORLD_HISTORICAL
2022-08-24,LKA_CMB,VLSFO,621.5,BUNKERWORLD_HISTORICAL
2022-08-24,LKA_CMB,MGO,810.39,BUNKERWORLD_HISTORICAL
2022-08-24,ARE_FUJ,VLSFO,600.28,BUNKERWORLD_HISTORICAL
2022-08-24,ARE_FUJ,MGO,782.72,BUNKERWORLD_HISTORICAL
2022-08-25,SGP_SIN,VLSFO,598.3,BUNKERWORLD_HISTORICAL
2022-08-25,SGP_SIN,MGO,763.52,BUNKERWORLD_HISTORICAL
2022-08-25,LKA_CMB,VLSFO,613.26,BUNKERWORLD_HISTORICAL
2022-08-25,LKA_CMB,MGO,782.61,BUNKERWORLD_HISTORICAL
2022-08-25,ARE_FUJ,VLSFO,592.32,BUNKERWORLD_HISTORICAL
2022-08-25,ARE_FUJ,MGO,755.89,BUNKERWORLD_HISTORICAL
2022-08-26,SGP_SIN,VLSFO,607.49,BUNKERWORLD_HISTORICAL
2022-08-26,SGP_SIN,MGO,782.31,BUNKERWORLD_HISTORICAL
2022-08-26,LKA_CMB,VLSFO,622.68,BUNKERWORLD_HISTORICAL
2022-08-26,LKA_CMB,MGO,801.87,BUNKERWORLD_HISTORICAL
2022-08-26,ARE_FUJ,VLSFO,601.42,BUNKERWORLD_HISTORICAL
2022-08-26,ARE_FUJ,MGO,774.49,BUNKERWORLD_HISTORICAL
2022-08-27,SGP_SIN,VLSFO,603.2,BUNKERWORLD_HISTORICAL
2022-08-27,SGP_SIN,MGO,771.86,BUNKERWORLD_HISTORICAL
2022-08-27,LKA_CMB,VLSFO,618.28,BUNKERWORLD_HISTORICAL
2022-08-27,LKA_CMB,MGO,791.15,BUNKERWORLD_HISTORICAL
2022-08-27,ARE_FUJ,VLSFO,597.17,BUNKERWORLD_HISTORICAL
2022-08-27,ARE_FUJ,MGO,764.14,BUNKERWORLD_HISTORICAL
2022-08-28,SGP_SIN,VLSFO,597.71,BUNKERWORLD_HISTORICAL
2022-08-28,SGP_SIN,MGO,767.29,BUNKERWORLD_HISTORICAL
2022-08-28,LKA_CMB,VLSFO,612.65,BUNKERWORLD_HISTORICAL
2022-08-28,LKA_CMB,MGO,786.47,BUNKERWORLD_HISTORICAL
2022-08-28,ARE_FUJ,VLSFO,591.73,BUNKERWORLD_HISTORICAL
2022-08-28,ARE_FUJ,MGO,759.62,BUNKERWORLD_HISTORICAL
2022-08-29,SGP_SIN,VLSFO,606.72,BUNKERWORLD_HISTORICAL
2022-08-29,SGP_SIN,MGO,769.5,BUNKERWORLD_HISTORICAL
2022-08-29,LKA_CMB,VLSFO,621.89,BUNKERWORLD_HISTORICAL
2022-08-29,LKA_CMB,MGO,788.74,BUNKERWORLD_HISTORICAL
2022-08-29,ARE_FUJ,VLSFO,600.65,BUNKERWORLD_HISTORICAL
2022-08-29,ARE_FUJ,MGO,761.81,BUNKERWORLD_HISTORICAL
2022-08-30,SGP_SIN,VLSFO,600.31,BUNKERWORLD_HISTORICAL
2022-08-30,SGP_SIN,MGO,760.59,BUNKERWORLD_HISTORICAL
2022-08-30,LKA_CMB,VLSFO,615.32,BUNKERWORLD_HISTORICAL
2022-08-30,LKA_CMB,MGO,779.61,BUNKERWORLD_HISTORICAL
2022-08-30,ARE_FUJ,VLSFO,594.31,BUNKERWORLD_HISTORICAL
2022-08-30,ARE_FUJ,MGO,752.99,BUNKERWORLD_HISTORICAL
2022-08-31,SGP_SIN,VLSFO,597.84,BUNKERWORLD_HISTORICAL
2022-08-31,SGP_SIN,MGO,752.37,BUNKERWORLD_HISTORICAL
2022-08-31,LKA_CMB,VLSFO,612.78,BUNKERWORLD_HISTORICAL
2022-08-31,LKA_CMB,MGO,771.18,BUNKERWORLD_HISTORICAL
2022-08-31,ARE_FUJ,VLSFO,591.86,BUNKERWORLD_HISTORICAL
2022-08-31,ARE_FUJ,MGO,744.84,BUNKERWORLD_HISTORICAL
2022-09-01,SGP_SIN,VLSFO,612.0,BUNKERWORLD_HISTORICAL
2022-09-01,SGP_SIN,MGO,788.68,BUNKERWORLD_HISTORICAL
2022-09-01,LKA_CMB,VLSFO,627.3,BUNKERWORLD_HISTORICAL
2022-09-01,LKA_CMB,MGO,808.39,BUNKERWORLD_HISTORICAL
2022-09-01,ARE_FUJ,VLSFO,605.88,BUNKERWORLD_HISTORICAL
2022-09-01,ARE_FUJ,MGO,780.79,BUNKERWORLD_HISTORICAL
2022-09-02,SGP_SIN,VLSFO,598.48,BUNKERWORLD_HISTORICAL
2022-09-02,SGP_SIN,MGO,775.41,BUNKERWORLD_HISTORICAL
2022-09-02,LKA_CMB,VLSFO,613.44,BUNKERWORLD_HISTORICAL
2022-09-02,LKA_CMB,MGO,794.79,BUNKERWORLD_HISTORICAL
2022-09-02,ARE_FUJ,VLSFO,592.49,BUNKERWORLD_HISTORICAL
2022-09-02,ARE_FUJ,MGO,767.65,BUNKERWORLD_HISTORICAL
2022-09-03,SGP_SIN,VLSFO,615.31,BUNKERWORLD_HISTORICAL
2022-09-03,SGP_SIN,MGO,803.65,BUNKERWORLD_HISTORICAL
2022-09-03,LKA_CMB,VLSFO,630.7,BUNKERWORLD_HISTORICAL
2022-09-03,LKA_CMB,MGO,823.74,BUNKERWORLD_HISTORICAL
2022-09-03,ARE_FUJ,VLSFO,609.16,BUNKERWORLD_HISTORICAL
2022-09-03,ARE_FUJ,MGO,795.61,BUNKERWORLD_HISTORICAL
2022-09-04,SGP_SIN,VLSFO,586.54,BUNKERWORLD_HISTORICAL
2022-09-04,SGP_SIN,MGO,744.41,BUNKERWORLD_HISTORICAL
2022-09-04,LKA_CMB,VLSFO,601.2,BUNKERWORLD_HISTORICAL
2022-09-04,LKA_CMB,MGO,763.02,BUNKERWORLD_HISTORICAL
2022-09-04,ARE_FUJ,VLSFO,580.67,BUNKERWORLD_HISTORICAL
2022-09-04,ARE_FUJ,MGO,736.97,BUNKERWORLD_HISTORICAL
2022-09-05,SGP_SIN,VLSFO,592.09,BUNKERWORLD_HISTORICAL
2022-09-05,SGP_SIN,MGO,753.98,BUNKERWORLD_HISTORICAL
2022-09-05,LKA_CMB,VLSFO,606.89,BUNKERWORLD_HISTORICAL
2022-09-05,LKA_CMB,MGO,772.83,BUNKERWORLD_HISTORICAL
2022-09-05,ARE_FUJ,VLSFO,586.17,BUNKERWORLD_HISTORICAL
2022-09-05,ARE_FUJ,MGO,746.44,BUNKERWORLD_HISTORICAL
2022-09-06,SGP_SIN,VLSFO,589.67,BUNKERWORLD_HISTORICAL
2022-09-06,SGP_SIN,MGO,759.85,BUNKERWORLD_HISTORICAL
2022-09-06,LKA_CMB,VLSFO,604.42,BUNKERWORLD_HISTORICAL
2022-09-06,LKA_CMB,MGO,778.84,BUNKERWORLD_HISTORICAL
2022-09-06,ARE_FUJ,VLSFO,583.78,BUNKERWORLD_HISTORICAL
2022-09-06,ARE_FUJ,MGO,752.25,BUNKERWORLD_HISTORICAL
2022-09-07,SGP_SIN,VLSFO,593.56,BUNKERWORLD_HISTORICAL
2022-09-07,SGP_SIN,MGO,761.35,BUNKERWORLD_HISTORICAL
2022-09-07,LKA_CMB,VLSFO,608.4,BUNKERWORLD_HISTORICAL
2022-09-07,LKA_CMB,MGO,780.38,BUNKERWORLD_HISTORICAL
2022-09-07,ARE_FUJ,VLSFO,587.63,BUNKERWORLD_HISTORICAL
2022-09-07,ARE_FUJ,MGO,753.74,BUNKERWORLD_HISTORICAL
2022-09-08,SGP_SIN,VLSFO,581.26,BUNKERWORLD_HISTORICAL
2022-09-08,SGP_SIN,MGO,743.97,BUNKERWORLD_HISTORICAL
2022-09-08,LKA_CMB,VLSFO,595.8,BUNKERWORLD_HISTORICAL
2022-09-08,LKA_CMB,MGO,762.57,BUNKERWORLD_HISTORICAL
2022-09-08,ARE_FUJ,VLSFO,575.45,BUNKERWORLD_HISTORICAL
2022-09-08,ARE_FUJ,MGO,736.53,BUNKERWORLD_HISTORICAL
2022-09-09,SGP_SIN,VLSFO,593.13,BUNKERWORLD_HISTORICAL
2022-09-09,SGP_SIN,MGO,759.08,BUNKERWORLD_HISTORICAL
2022-09-09,LKA_CMB,VLSFO,607.95,BUNKERWORLD_HISTORICAL
2022-09-09,LKA_CMB,MGO,778.05,BUNKERWORLD_HISTORICAL
2022-09-09,ARE_FUJ,VLSFO,587.19,BUNKERWORLD_HISTORICAL
2022-09-09,ARE_FUJ,MGO,751.48,BUNKERWORLD_HISTORICAL
2022-09-10,SGP_SIN,VLSFO,600.27,BUNKERWORLD_HISTORICAL
2022-09-10,SGP_SIN,MGO,763.92,BUNKERWORLD_HISTORICAL
2022-09-10,LKA_CMB,VLSFO,615.28,BUNKERWORLD_HISTORICAL
2022-09-10,LKA_CMB,MGO,783.02,BUNKERWORLD_HISTORICAL
2022-09-10,ARE_FUJ,VLSFO,594.27,BUNKERWORLD_HISTORICAL
2022-09-10,ARE_FUJ,MGO,756.28,BUNKERWORLD_HISTORICAL
2022-09-11,SGP_SIN,VLSFO,600.5,BUNKERWORLD_HISTORICAL
2022-09-11,SGP_SIN,MGO,769.46,BUNKERWORLD_HISTORICAL
2022-09-11,LKA_CMB,VLSFO,615.52,BUNKERWORLD_HISTORICAL
2022-09-11,LKA_CMB,MGO,788.7,BUNKERWORLD_HISTORICAL
2022-09-11,ARE_FUJ,VLSFO,594.5,BUNKERWORLD_HISTORICAL
2022-09-11,ARE_FUJ,MGO,761.77,BUNKERWORLD_HISTORICAL
2022-09-12,SGP_SIN,VLSFO,593.32,BUNKERWORLD_HISTORICAL
2022-09-12,SGP_SIN,MGO,763.81,BUNKERWORLD_HISTORICAL
2022-09-12,LKA_CMB,VLSFO,608.16,BUNKERWORLD_HISTORICAL
2022-09-12,LKA_CMB,MGO,782.91,BUNKERWORLD_HISTORICAL
2022-09-12,ARE_FUJ,VLSFO,587.39,BUNKERWORLD_HISTORICAL
2022-09-12,ARE_FUJ,MGO,756.17,BUNKERWORLD_HISTORICAL
2022-09-13,SGP_SIN,VLSFO,597.79,BUNKERWORLD_HISTORICAL
2022-09-13,SGP_SIN,MGO,741.59,BUNKERWORLD_HISTORICAL
2022-09-13,LKA_CMB,VLSFO,612.74,BUNKERWORLD_HISTORICAL
2022-09-13,LKA_CMB,MGO,760.13,BUNKERWORLD_HISTORICAL
2022-09-13,ARE_FUJ,VLSFO,591.82,BUNKERWORLD_HISTORICAL
2022-09-13,ARE_FUJ,MGO,734.17,BUNKERWORLD_HISTORICAL
2022-09-14,SGP_SIN,VLSFO,610.52,BUNKERWORLD_HISTORICAL
2022-09-14,SGP_SIN,MGO,777.36,BUNKERWORLD_HISTORICAL
2022-09-14,LKA_CMB,VLSFO,625.78,BUNKERWORLD_HISTORICAL
2022-09-14,LKA_CMB,MGO,796.79,BUNKERWORLD_HISTORICAL
2022-09-14,ARE_FUJ,VLSFO,604.41,BUNKERWORLD_HISTORICAL
2022-09-14,ARE_FUJ,MGO,769.58,BUNKERWORLD_HISTORICAL
2022-09-15,SGP_SIN,VLSFO,612.51,BUNKERWORLD_HISTORICAL
2022-09-15,SGP_SIN,MGO,797.52,BUNKERWORLD_HISTORICAL
2022-09-15,LKA_CMB,VLSFO,627.82,BUNKERWORLD_HISTORICAL
2022-09-15,LKA_CMB,MGO,817.45,BUNKERWORLD_HISTORICAL
2022-09-15,ARE_FUJ,VLSFO,606.39,BUNKERWORLD_HISTORICAL
2022-09-15,ARE_FUJ,MGO,789.54,BUNKERWORLD_HISTORICAL
2022-09-16,SGP_SIN,VLSFO,603.41,BUNKERWORLD_HISTORICAL
2022-09-16,SGP_SIN,MGO,777.94,BUNKERWORLD_HISTORICAL
2022-09-16,LKA_CMB,VLSFO,618.5,BUNKERWORLD_HISTORICAL
2022-09-16,LKA_CMB,MGO,797.39,BUNKERWORLD_HISTORICAL
2022-09-16,ARE_FUJ,VLSFO,597.38,BUNKERWORLD_HISTORICAL
2022-09-16,ARE_FUJ,MGO,770.16,BUNKERWORLD_HISTORICAL
2022-09-17,SGP_SIN,VLSFO,601.7,BUNKERWORLD_HISTORICAL
2022-09-17,SGP_SIN,MGO,763.9,BUNKERWORLD_HISTORICAL
2022-09-17,LKA_CMB,VLSFO,616.75,BUNKERWORLD_HISTORICAL
2022-09-17,LKA_CMB,MGO,783.0,BUNKERWORLD_HISTORICAL
2022-09-17,ARE_FUJ,VLSFO,595.69,BUNKERWORLD_HISTORICAL
2022-09-17,ARE_FUJ,MGO,756.26,BUNKERWORLD_HISTORICAL
2022-09-18,SGP_SIN,VLSFO,603.89,BUNKERWORLD_HISTORICAL
2022-09-18,SGP_SIN,MGO,774.46,BUNKERWORLD_HISTORICAL
2022-09-18,LKA_CMB,VLSFO,618.98,BUNKERWORLD_HISTORICAL
2022-09-18,LKA_CMB,MGO,793.82,BUNKERWORLD_HISTORICAL
2022-09-18,ARE_FUJ,VLSFO,597.85,BUNKERWORLD_HISTORICAL
2022-09-18,ARE_FUJ,MGO,766.72,BUNKERWORLD_HISTORICAL
2022-09-19,SGP_SIN,VLSFO,609.12,BUNKERWORLD_HISTORICAL
2022-09-19,SGP_SIN,MGO,784.79,BUNKERWORLD_HISTORICAL
2022-09-19,LKA_CMB,VLSFO,624.35,BUNKERWORLD_HISTORICAL
2022-09-19,LKA_CMB,MGO,804.41,BUNKERWORLD_HISTORICAL
2022-09-19,ARE_FUJ,VLSFO,603.03,BUNKERWORLD_HISTORICAL
2022-09-19,ARE_FUJ,MGO,776.94,BUNKERWORLD_HISTORICAL
2022-09-20,SGP_SIN,VLSFO,606.27,BUNKERWORLD_HISTORICAL
2022-09-20,SGP_SIN,MGO,775.92,BUNKERWORLD_HISTORICAL
2022-09-20,LKA_CMB,VLSFO,621.43,BUNKERWORLD_HISTORICAL
2022-09-20,LKA_CMB,MGO,795.31,BUNKERWORLD_HISTORICAL
2022-09-20,ARE_FUJ,VLSFO,600.21,BUNKERWORLD_HISTORICAL
2022-09-20,ARE_FUJ,MGO,768.16,BUNKERWORLD_HISTORICAL
2022-09-21,SGP_SIN,VLSFO,609.7,BUNKERWORLD_HISTORICAL
2022-09-21,SGP_SIN,MGO,796.47,BUNKERWORLD_HISTORICAL
2022-09-21,LKA_CMB,VLSFO,624.95,BUNKERWORLD_HISTORICAL
2022-09-21,LKA_CMB,MGO,816.38,BUNKERWORLD_HISTORICAL
2022-09-21,ARE_FUJ,VLSFO,603.61,BUNKERWORLD_HISTORICAL
2022-09-21,ARE_FUJ,MGO,788.5,BUNKERWORLD_HISTORICAL
2022-09-22,SGP_SIN,VLSFO,603.89,BUNKERWORLD_HISTORICAL
2022-09-22,SGP_SIN,MGO,760.52,BUNKERWORLD_HISTORICAL
2022-09-22,LKA_CMB,VLSFO,618.98,BUNKERWORLD_HISTORICAL
2022-09-22,LKA_CMB,MGO,779.53,BUNKERWORLD_HISTORICAL
2022-09-22,ARE_FUJ,VLSFO,597.85,BUNKERWORLD_HISTORICAL
2022-09-22,ARE_FUJ,MGO,752.92,BUNKERWORLD_HISTORICAL
2022-09-23,SGP_SIN,VLSFO,617.85,BUNKERWORLD_HISTORICAL
2022-09-23,SGP_SIN,MGO,787.92,BUNKERWORLD_HISTORICAL
2022-09-23,LKA_CMB,VLSFO,633.3,BUNKERWORLD_HISTORICAL
2022-09-23,LKA_CMB,MGO,807.62,BUNKERWORLD_HISTORICAL
2022-09-23,ARE_FUJ,VLSFO,611.67,BUNKERWORLD_HISTORICAL
2022-09-23,ARE_FUJ,MGO,780.04,BUNKERWORLD_HISTORICAL
2022-09-24,SGP_SIN,VLSFO,610.05,BUNKERWORLD_HISTORICAL
2022-09-24,SGP_SIN,MGO,780.5,BUNKERWORLD_HISTORICAL
2022-09-24,LKA_CMB,VLSFO,625.3,BUNKERWORLD_HISTORICAL
2022-09-24,LKA_CMB,MGO,800.01,BUNKERWORLD_HISTORICAL
2022-09-24,ARE_FUJ,VLSFO,603.95,BUNKERWORLD_HISTORICAL
2022-09-24,ARE_FUJ,MGO,772.69,BUNKERWORLD_HISTORICAL
2022-09-25,SGP_SIN,VLSFO,606.86,BUNKERWORLD_HISTORICAL
2022-09-25,SGP_SIN,MGO,773.78,BUNKERWORLD_HISTORICAL
2022-09-25,LKA_CMB,VLSFO,622.03,BUNKERWORLD_HISTORICAL
2022-09-25,LKA_CMB,MGO,793.13,BUNKERWORLD_HISTORICAL
2022-09-25,ARE_FUJ,VLSFO,600.79,BUNKERWORLD_HISTORICAL
2022-09-25,ARE_FUJ,MGO,766.05,BUNKERWORLD_HISTORICAL
2022-09-26,SGP_SIN,VLSFO,595.59,BUNKERWORLD_HISTORICAL
2022-09-26,SGP_SIN,MGO,757.77,BUNKERWORLD_HISTORICAL
2022-09-26,LKA_CMB,VLSFO,610.48,BUNKERWORLD_HISTORICAL
2022-09-26,LKA_CMB,MGO,776.72,BUNKERWORLD_HISTORICAL
2022-09-26,ARE_FUJ,VLSFO,589.64,BUNKERWORLD_HISTORICAL
2022-09-26,ARE_FUJ,MGO,750.2,BUNKERWORLD_HISTORICAL
2022-09-27,SGP_SIN,VLSFO,605.79,BUNKERWORLD_HISTORICAL
2022-09-27,SGP_SIN,MGO,768.7,BUNKERWORLD_HISTORICAL
2022-09-27,LKA_CMB,VLSFO,620.94,BUNKERWORLD_HISTORICAL
2022-09-27,LKA_CMB,MGO,787.92,BUNKERWORLD_HISTORICAL
2022-09-27,ARE_FUJ,VLSFO,599.74,BUNKERWORLD_HISTORICAL
2022-09-27,ARE_FUJ,MGO,761.01,BUNKERWORLD_HISTORICAL
2022-09-28,SGP_SIN,VLSFO,603.5,BUNKERWORLD_HISTORICAL
2022-09-28,SGP_SIN,MGO,790.97,BUNKERWORLD_HISTORICAL
2022-09-28,LKA_CMB,VLSFO,618.59,BUNKERWORLD_HISTORICAL
2022-09-28,LKA_CMB,MGO,810.74,BUNKERWORLD_HISTORICAL
2022-09-28,ARE_FUJ,VLSFO,597.47,BUNKERWORLD_HISTORICAL
2022-09-28,ARE_FUJ,MGO,783.06,BUNKERWORLD_HISTORICAL
2022-09-29,SGP_SIN,VLSFO,606.79,BUNKERWORLD_HISTORICAL
2022-09-29,SGP_SIN,MGO,777.15,BUNKERWORLD_HISTORICAL
2022-09-29,LKA_CMB,VLSFO,621.96,BUNKERWORLD_HISTORICAL
2022-09-29,LKA_CMB,MGO,796.58,BUNKERWORLD_HISTORICAL
2022-09-29,ARE_FUJ,VLSFO,600.72,BUNKERWORLD_HISTORICAL
2022-09-29,ARE_FUJ,MGO,769.38,BUNKERWORLD_HISTORICAL
2022-09-30,SGP_SIN,VLSFO,609.81,BUNKERWORLD_HISTORICAL
2022-09-30,SGP_SIN,MGO,788.23,BUNKERWORLD_HISTORICAL
2022-09-30,LKA_CMB,VLSFO,625.06,BUNKERWORLD_HISTORICAL
2022-09-30,LKA_CMB,MGO,807.94,BUNKERWORLD_HISTORICAL
2022-09-30,ARE_FUJ,VLSFO,603.71,BUNKERWORLD_HISTORICAL
2022-09-30,ARE_FUJ,MGO,780.35,BUNKERWORLD_HISTORICAL
2022-10-01,SGP_SIN,VLSFO,608.96,BUNKERWORLD_HISTORICAL
2022-10-01,SGP_SIN,MGO,779.06,BUNKERWORLD_HISTORICAL
2022-10-01,LKA_CMB,VLSFO,624.18,BUNKERWORLD_HISTORICAL
2022-10-01,LKA_CMB,MGO,798.53,BUNKERWORLD_HISTORICAL
2022-10-01,ARE_FUJ,VLSFO,602.87,BUNKERWORLD_HISTORICAL
2022-10-01,ARE_FUJ,MGO,771.26,BUNKERWORLD_HISTORICAL
2022-10-02,SGP_SIN,VLSFO,606.21,BUNKERWORLD_HISTORICAL
2022-10-02,SGP_SIN,MGO,784.18,BUNKERWORLD_HISTORICAL
2022-10-02,LKA_CMB,VLSFO,621.37,BUNKERWORLD_HISTORICAL
2022-10-02,LKA_CMB,MGO,803.78,BUNKERWORLD_HISTORICAL
2022-10-02,ARE_FUJ,VLSFO,600.15,BUNKERWORLD_HISTORICAL
2022-10-02,ARE_FUJ,MGO,776.34,BUNKERWORLD_HISTORICAL
2022-10-03,SGP_SIN,VLSFO,603.41,BUNKERWORLD_HISTORICAL
2022-10-03,SGP_SIN,MGO,768.75,BUNKERWORLD_HISTORICAL
2022-10-03,LKA_CMB,VLSFO,618.49,BUNKERWORLD_HISTORICAL
2022-10-03,LKA_CMB,MGO,787.97,BUNKERWORLD_HISTORICAL
2022-10-03,ARE_FUJ,VLSFO,597.38,BUNKERWORLD_HISTORICAL
2022-10-03,ARE_FUJ,MGO,761.07,BUNKERWORLD_HISTORICAL
2022-10-04,SGP_SIN,VLSFO,602.72,BUNKERWORLD_HISTORICAL
2022-10-04,SGP_SIN,MGO,785.76,BUNKERWORLD_HISTORICAL
2022-10-04,LKA_CMB,VLSFO,617.79,BUNKERWORLD_HISTORICAL
2022-10-04,LKA_CMB,MGO,805.4,BUNKERWORLD_HISTORICAL
2022-10-04,ARE_FUJ,VLSFO,596.7,BUNKERWORLD_HISTORICAL
2022-10-04,ARE_FUJ,MGO,777.9,BUNKERWORLD_HISTORICAL
2022-10-05,SGP_SIN,VLSFO,620.04,BUNKERWORLD_HISTORICAL
2022-10-05,SGP_SIN,MGO,782.89,BUNKERWORLD_HISTORICAL
2022-10-05,LKA_CMB,VLSFO,635.54,BUNKERWORLD_HISTORICAL
2022-10-05,LKA_CMB,MGO,802.46,BUNKERWORLD_HISTORICAL
2022-10-05,ARE_FUJ,VLSFO,613.84,BUNKERWORLD_HISTORICAL
2022-10-05,ARE_FUJ,MGO,775.06,BUNKERWORLD_HISTORICAL
2022-10-06,SGP_SIN,VLSFO,603.96,BUNKERWORLD_HISTORICAL
2022-10-06,SGP_SIN,MGO,770.36,BUNKERWORLD_HISTORICAL
2022-10-06,LKA_CMB,VLSFO,619.06,BUNKERWORLD_HISTORICAL
2022-10-06,LKA_CMB,MGO,789.62,BUNKERWORLD_HISTORICAL
2022-10-06,ARE_FUJ,VLSFO,597.92,BUNKERWORLD_HISTORICAL
2022-10-06,ARE_FUJ,MGO,762.66,BUNKERWORLD_HISTORICAL
2022-10-07,SGP_SIN,VLSFO,605.07,BUNKERWORLD_HISTORICAL
2022-10-07,SGP_SIN,MGO,770.55,BUNKERWORLD_HISTORICAL
2022-10-07,LKA_CMB,VLSFO,620.2,BUNKERWORLD_HISTORICAL
2022-10-07,LKA_CMB,MGO,789.81,BUNKERWORLD_HISTORICAL
2022-10-07,ARE_FUJ,VLSFO,599.02,BUNKERWORLD_HISTORICAL
2022-10-07,ARE_FUJ,MGO,762.84,BUNKERWORLD_HISTORICAL
2022-10-08,SGP_SIN,VLSFO,607.71,BUNKERWORLD_HISTORICAL
2022-10-08,SGP_SIN,MGO,787.27,BUNKERWORLD_HISTORICAL
2022-10-08,LKA_CMB,VLSFO,622.9,BUNKERWORLD_HISTORICAL
2022-10-08,LKA_CMB,MGO,806.95,BUNKERWORLD_HISTORICAL
2022-10-08,ARE_FUJ,VLSFO,601.63,BUNKERWORLD_HISTORICAL
2022-10-08,ARE_FUJ,MGO,779.39,BUNKERWORLD_HISTORICAL
2022-10-09,SGP_SIN,VLSFO,613.06,BUNKERWORLD_HISTORICAL
2022-10-09,SGP_SIN,MGO,776.8,BUNKERWORLD_HISTORICAL
2022-10-09,LKA_CMB,VLSFO,628.39,BUNKERWORLD_HISTORICAL
2022-10-09,LKA_CMB,MGO,796.22,BUNKERWORLD_HISTORICAL
2022-10-09,ARE_FUJ,VLSFO,606.93,BUNKERWORLD_HISTORICAL
2022-10-09,ARE_FUJ,MGO,769.03,BUNKERWORLD_HISTORICAL
2022-10-10,SGP_SIN,VLSFO,611.64,BUNKERWORLD_HISTORICAL
2022-10-10,SGP_SIN,MGO,779.8,BUNKERWORLD_HISTORICAL
2022-10-10,LKA_CMB,VLSFO,626.93,BUNKERWORLD_HISTORICAL
2022-10-10,LKA_CMB,MGO,799.29,BUNKERWORLD_HISTORICAL
2022-10-10,ARE_FUJ,VLSFO,605.52,BUNKERWORLD_HISTORICAL
2022-10-10,ARE_FUJ,MGO,772.0,BUNKERWORLD_HISTORICAL
2022-10-11,SGP_SIN,VLSFO,598.17,BUNKERWORLD_HISTORICAL
2022-10-11,SGP_SIN,MGO,765.2,BUNKERWORLD_HISTORICAL
2022-10-11,LKA_CMB,VLSFO,613.12,BUNKERWORLD_HISTORICAL
2022-10-11,LKA_CMB,MGO,784.33,BUNKERWORLD_HISTORICAL
2022-10-11,ARE_FUJ,VLSFO,592.19,BUNKERWORLD_HISTORICAL
2022-10-11,ARE_FUJ,MGO,757.55,BUNKERWORLD_HISTORICAL
2022-10-12,SGP_SIN,VLSFO,600.22,BUNKERWORLD_HISTORICAL
2022-10-12,SGP_SIN,MGO,766.4,BUNKERWORLD_HISTORICAL
2022-10-12,LKA_CMB,VLSFO,615.22,BUNKERWORLD_HISTORICAL
2022-10-12,LKA_CMB,MGO,785.56,BUNKERWORLD_HISTORICAL
2022-10-12,ARE_FUJ,VLSFO,594.22,BUNKERWORLD_HISTORICAL
2022-10-12,ARE_FUJ,MGO,758.73,BUNKERWORLD_HISTORICAL
2022-10-13,SGP_SIN,VLSFO,630.36,BUNKERWORLD_HISTORICAL
2022-10-13,SGP_SIN,MGO,793.68,BUNKERWORLD_HISTORICAL
2022-10-13,LKA_CMB,VLSFO,646.12,BUNKERWORLD_HISTORICAL
2022-10-13,LKA_CMB,MGO,813.52,BUNKERWORLD_HISTORICAL
2022-10-13,ARE_FUJ,VLSFO,624.06,BUNKERWORLD_HISTORICAL
2022-10-13,ARE_FUJ,MGO,785.74,BUNKERWORLD_HISTORICAL
2022-10-14,SGP_SIN,VLSFO,621.97,BUNKERWORLD_HISTORICAL
2022-10-14,SGP_SIN,MGO,793.28,BUNKERWORLD_HISTORICAL
2022-10-14,LKA_CMB,VLSFO,637.52,BUNKERWORLD_HISTORICAL
2022-10-14,LKA_CMB,MGO,813.11,BUNKERWORLD_HISTORICAL
2022-10-14,ARE_FUJ,VLSFO,615.75,BUNKERWORLD_HISTORICAL
2022-10-14,ARE_FUJ,MGO,785.35,BUNKERWORLD_HISTORICAL
2022-10-15,SGP_SIN,VLSFO,615.93,BUNKERWORLD_HISTORICAL
2022-10-15,SGP_SIN,MGO,794.81,BUNKERWORLD_HISTORICAL
2022-10-15,LKA_CMB,VLSFO,631.33,BUNKERWORLD_HISTORICAL
2022-10-15,LKA_CMB,MGO,814.68,BUNKERWORLD_HISTORICAL
2022-10-15,ARE_FUJ,VLSFO,609.77,BUNKERWORLD_HISTORICAL
2022-10-15,ARE_FUJ,MGO,786.86,BUNKERWORLD_HISTORICAL
2022-10-16,SGP_SIN,VLSFO,604.16,BUNKERWORLD_HISTORICAL
2022-10-16,SGP_SIN,MGO,769.36,BUNKERWORLD_HISTORICAL
2022-10-16,LKA_CMB,VLSFO,619.27,BUNKERWORLD_HISTORICAL
2022-10-16,LKA_CMB,MGO,788.59,BUNKERWORLD_HISTORICAL
2022-10-16,ARE_FUJ,VLSFO,598.12,BUNKERWORLD_HISTORICAL
2022-10-16,ARE_FUJ,MGO,761.66,BUNKERWORLD_HISTORICAL
2022-10-17,SGP_SIN,VLSFO,594.51,BUNKERWORLD_HISTORICAL
2022-10-17,SGP_SIN,MGO,764.25,BUNKERWORLD_HISTORICAL
2022-10-17,LKA_CMB,VLSFO,609.38,BUNKERWORLD_HISTORICAL
2022-10-17,LKA_CMB,MGO,783.36,BUNKERWORLD_HISTORICAL
2022-10-17,ARE_FUJ,VLSFO,588.57,BUNKERWORLD_HISTORICAL
2022-10-17,ARE_FUJ,MGO,756.61,BUNKERWORLD_HISTORICAL
2022-10-18,SGP_SIN,VLSFO,615.71,BUNKERWORLD_HISTORICAL
2022-10-18,SGP_SIN,MGO,794.64,BUNKERWORLD_HISTORICAL
2022-10-18,LKA_CMB,VLSFO,631.1,BUNKERWORLD_HISTORICAL
2022-10-18,LKA_CMB,MGO,814.51,BUNKERWORLD_HISTORICAL
2022-10-18,ARE_FUJ,VLSFO,609.55,BUNKERWORLD_HISTORICAL
2022-10-18,ARE_FUJ,MGO,786.69,BUNKERWORLD_HISTORICAL
2022-10-19,SGP_SIN,VLSFO,630.24,BUNKERWORLD_HISTORICAL
2022-10-19,SGP_SIN,MGO,814.89,BUNKERWORLD_HISTORICAL
2022-10-19,LKA_CMB,VLSFO,646.0,BUNKERWORLD_HISTORICAL
2022-10-19,LKA_CMB,MGO,835.26,BUNKERWORLD_HISTORICAL
2022-10-19,ARE_FUJ,VLSFO,623.94,BUNKERWORLD_HISTORICAL
2022-10-19,ARE_FUJ,MGO,806.74,BUNKERWORLD_HISTORICAL
2022-10-20,SGP_SIN,VLSFO,619.5,BUNKERWORLD_HISTORICAL
2022-10-20,SGP_SIN,MGO,798.92,BUNKERWORLD_HISTORICAL
2022-10-20,LKA_CMB,VLSFO,634.99,BUNKERWORLD_HISTORICAL
2022-10-20,LKA_CMB,MGO,818.89,BUNKERWORLD_HISTORICAL
2022-10-20,ARE_FUJ,VLSFO,613.31,BUNKERWORLD_HISTORICAL
2022-10-20,ARE_FUJ,MGO,790.93,BUNKERWORLD_HISTORICAL
2022-10-21,SGP_SIN,VLSFO,623.26,BUNKERWORLD_HISTORICAL
2022-10-21,SGP_SIN,MGO,805.32,BUNKERWORLD_HISTORICAL
2022-10-21,LKA_CMB,VLSFO,638.84,BUNKERWORLD_HISTORICAL
2022-10-21,LKA_CMB,MGO,825.45,BUNKERWORLD_HISTORICAL
2022-10-21,ARE_FUJ,VLSFO,617.03,BUNKERWORLD_HISTORICAL
2022-10-21,ARE_FUJ,MGO,797.26,BUNKERWORLD_HISTORICAL
2022-10-22,SGP_SIN,VLSFO,613.45,BUNKERWORLD_HISTORICAL
2022-10-22,SGP_SIN,MGO,789.21,BUNKERWORLD_HISTORICAL
2022-10-22,LKA_CMB,VLSFO,628.79,BUNKERWORLD_HISTORICAL
2022-10-22,LKA_CMB,MGO,808.94,BUNKERWORLD_HISTORICAL
2022-10-22,ARE_FUJ,VLSFO,607.32,BUNKERWORLD_HISTORICAL
2022-10-22,ARE_FUJ,MGO,781.32,BUNKERWORLD_HISTORICAL
2022-10-23,SGP_SIN,VLSFO,617.42,BUNKERWORLD_HISTORICAL
2022-10-23,SGP_SIN,MGO,784.67,BUNKERWORLD_HISTORICAL
2022-10-23,LKA_CMB,VLSFO,632.86,BUNKERWORLD_HISTORICAL
2022-10-23,LKA_CMB,MGO,804.29,BUNKERWORLD_HISTORICAL
2022-10-23,ARE_FUJ,VLSFO,611.25,BUNKERWORLD_HISTORICAL
2022-10-23,ARE_FUJ,MGO,776.82,BUNKERWORLD_HISTORICAL
2022-10-24,SGP_SIN,VLSFO,607.74,BUNKERWORLD_HISTORICAL
2022-10-24,SGP_SIN,MGO,780.27,BUNKERWORLD_HISTORICAL
2022-10-24,LKA_CMB,VLSFO,622.94,BUNKERWORLD_HISTORICAL
2022-10-24,LKA_CMB,MGO,799.78,BUNKERWORLD_HISTORICAL
2022-10-24,ARE_FUJ,VLSFO,601.67,BUNKERWORLD_HISTORICAL
2022-10-24,ARE_FUJ,MGO,772.47,BUNKERWORLD_HISTORICAL
2022-10-25,SGP_SIN,VLSFO,609.87,BUNKERWORLD_HISTORICAL
2022-10-25,SGP_SIN,MGO,777.31,BUNKERWORLD_HISTORICAL
2022-10-25,LKA_CMB,VLSFO,625.12,BUNKERWORLD_HISTORICAL
2022-10-25,LKA_CMB,MGO,796.74,BUNKERWORLD_HISTORICAL
2022-10-25,ARE_FUJ,VLSFO,603.78,BUNKERWORLD_HISTORICAL
2022-10-25,ARE_FUJ,MGO,769.54,BUNKERWORLD_HISTORICAL
2022-10-26,SGP_SIN,VLSFO,622.44,BUNKERWORLD_HISTORICAL
2022-10-26,SGP_SIN,MGO,797.12,BUNKERWORLD_HISTORICAL
2022-10-26,LKA_CMB,VLSFO,638.0,BUNKERWORLD_HISTORICAL
2022-10-26,LKA_CMB,MGO,817.04,BUNKERWORLD_HISTORICAL
2022-10-26,ARE_FUJ,VLSFO,616.22,BUNKERWORLD_HISTORICAL
2022-10-26,ARE_FUJ,MGO,789.15,BUNKERWORLD_HISTORICAL
2022-10-27,SGP_SIN,VLSFO,598.83,BUNKERWORLD_HISTORICAL
2022-10-27,SGP_SIN,MGO,782.41,BUNKERWORLD_HISTORICAL
2022-10-27,LKA_CMB,VLSFO,613.8,BUNKERWORLD_HISTORICAL
2022-10-27,LKA_CMB,MGO,801.97,BUNKERWORLD_HISTORICAL
2022-10-27,ARE_FUJ,VLSFO,592.84,BUNKERWORLD_HISTORICAL
2022-10-27,ARE_FUJ,MGO,774.58,BUNKERWORLD_HISTORICAL
2022-10-28,SGP_SIN,VLSFO,592.97,BUNKERWORLD_HISTORICAL
2022-10-28,SGP_SIN,MGO,773.81,BUNKERWORLD_HISTORICAL
2022-10-28,LKA_CMB,VLSFO,607.8,BUNKERWORLD_HISTORICAL
2022-10-28,LKA_CMB,MGO,793.16,BUNKERWORLD_HISTORICAL
2022-10-28,ARE_FUJ,VLSFO,587.04,BUNKERWORLD_HISTORICAL
2022-10-28,ARE_FUJ,MGO,766.07,BUNKERWORLD_HISTORICAL
2022-10-29,SGP_SIN,VLSFO,596.14,BUNKERWORLD_HISTORICAL
2022-10-29,SGP_SIN,MGO,752.71,BUNKERWORLD_HISTORICAL
2022-10-29,LKA_CMB,VLSFO,611.04,BUNKERWORLD_HISTORICAL
2022-10-29,LKA_CMB,MGO,771.52,BUNKERWORLD_HISTORICAL
2022-10-29,ARE_FUJ,VLSFO,590.17,BUNKERWORLD_HISTORICAL
2022-10-29,ARE_FUJ,MGO,745.18,BUNKERWORLD_HISTORICAL
2022-10-30,SGP_SIN,VLSFO,583.02,BUNKERWORLD_HISTORICAL
2022-10-30,SGP_SIN,MGO,743.07,BUNKERWORLD_HISTORICAL
2022-10-30,LKA_CMB,VLSFO,597.59,BUNKERWORLD_HISTORICAL
2022-10-30,LKA_CMB,MGO,761.64,BUNKERWORLD_HISTORICAL
2022-10-30,ARE_FUJ,VLSFO,577.19,BUNKERWORLD_HISTORICAL
2022-10-30,ARE_FUJ,MGO,735.64,BUNKERWORLD_HISTORICAL
2022-10-31,SGP_SIN,VLSFO,589.9,BUNKERWORLD_HISTORICAL
2022-10-31,SGP_SIN,MGO,755.45,BUNKERWORLD_HISTORICAL
2022-10-31,LKA_CMB,VLSFO,604.64,BUNKERWORLD_HISTORICAL
2022-10-31,LKA_CMB,MGO,774.33,BUNKERWORLD_HISTORICAL
2022-10-31,ARE_FUJ,VLSFO,584.0,BUNKERWORLD_HISTORICAL
2022-10-31,ARE_FUJ,MGO,747.89,BUNKERWORLD_HISTORICAL
2022-11-01,SGP_SIN,VLSFO,590.16,BUNKERWORLD_HISTORICAL
2022-11-01,SGP_SIN,MGO,756.97,BUNKERWORLD_HISTORICAL
2022-11-01,LKA_CMB,VLSFO,604.92,BUNKERWORLD_HISTORICAL
2022-11-01,LKA_CMB,MGO,775.89,BUNKERWORLD_HISTORICAL
2022-11-01,ARE_FUJ,VLSFO,584.26,BUNKERWORLD_HISTORICAL
2022-11-01,ARE_FUJ,MGO,749.4,BUNKERWORLD_HISTORICAL
2022-11-02,SGP_SIN,VLSFO,586.48,BUNKERWORLD_HISTORICAL
2022-11-02,SGP_SIN,MGO,750.11,BUNKERWORLD_HISTORICAL
2022-11-02,LKA_CMB,VLSFO,601.14,BUNKERWORLD_HISTORICAL
2022-11-02,LKA_CMB,MGO,768.86,BUNKERWORLD_HISTORICAL
2022-11-02,ARE_FUJ,VLSFO,580.61,BUNKERWORLD_HISTORICAL
2022-11-02,ARE_FUJ,MGO,742.61,BUNKERWORLD_HISTORICAL
2022-11-03,SGP_SIN,VLSFO,591.07,BUNKERWORLD_HISTORICAL
2022-11-03,SGP_SIN,MGO,768.26,BUNKERWORLD_HISTORICAL
2022-11-03,LKA_CMB,VLSFO,605.85,BUNKERWORLD_HISTORICAL
2022-11-03,LKA_CMB,MGO,787.47,BUNKERWORLD_HISTORICAL
2022-11-03,ARE_FUJ,VLSFO,585.16,BUNKERWORLD_HISTORICAL
2022-11-03,ARE_FUJ,MGO,760.58,BUNKERWORLD_HISTORICAL
2022-11-04,SGP_SIN,VLSFO,586.26,BUNKERWORLD_HISTORICAL
2022-11-04,SGP_SIN,MGO,743.43,BUNKERWORLD_HISTORICAL
2022-11-04,LKA_CMB,VLSFO,600.92,BUNKERWORLD_HISTORICAL
2022-11-04,LKA_CMB,MGO,762.02,BUNKERWORLD_HISTORICAL
2022-11-04,ARE_FUJ,VLSFO,580.4,BUNKERWORLD_HISTORICAL
2022-11-04,ARE_FUJ,MGO,736.0,BUNKERWORLD_HISTORICAL
2022-11-05,SGP_SIN,VLSFO,602.91,BUNKERWORLD_HISTORICAL
2022-11-05,SGP_SIN,MGO,774.39,BUNKERWORLD_HISTORICAL
2022-11-05,LKA_CMB,VLSFO,617.98,BUNKERWORLD_HISTORICAL
2022-11-05,LKA_CMB,MGO,793.75,BUNKERWORLD_HISTORICAL
2022-11-05,ARE_FUJ,VLSFO,596.88,BUNKERWORLD_HISTORICAL
2022-11-05,ARE_FUJ,MGO,766.65,BUNKERWORLD_HISTORICAL
2022-11-06,SGP_SIN,VLSFO,606.07,BUNKERWORLD_HISTORICAL
2022-11-06,SGP_SIN,MGO,778.65,BUNKERWORLD_HISTORICAL
2022-11-06,LKA_CMB,VLSFO,621.23,BUNKERWORLD_HISTORICAL
2022-11-06,LKA_CMB,MGO,798.11,BUNKERWORLD_HISTORICAL
2022-11-06,ARE_FUJ,VLSFO,600.01,BUNKERWORLD_HISTORICAL
2022-11-06,ARE_FUJ,MGO,770.86,BUNKERWORLD_HISTORICAL
2022-11-07,SGP_SIN,VLSFO,587.07,BUNKERWORLD_HISTORICAL
2022-11-07,SGP_SIN,MGO,760.64,BUNKERWORLD_HISTORICAL
2022-11-07,LKA_CMB,VLSFO,601.75,BUNKERWORLD_HISTORICAL
2022-11-07,LKA_CMB,MGO,779.66,BUNKERWORLD_HISTORICAL
2022-11-07,ARE_FUJ,VLSFO,581.2,BUNKERWORLD_HISTORICAL
2022-11-07,ARE_FUJ,MGO,753.04,BUNKERWORLD_HISTORICAL
2022-11-08,SGP_SIN,VLSFO,596.5,BUNKERWORLD_HISTORICAL
2022-11-08,SGP_SIN,MGO,768.65,BUNKERWORLD_HISTORICAL
2022-11-08,LKA_CMB,VLSFO,611.42,BUNKERWORLD_HISTORICAL
2022-11-08,LKA_CMB,MGO,787.86,BUNKERWORLD_HISTORICAL
2022-11-08,ARE_FUJ,VLSFO,590.54,BUNKERWORLD_HISTORICAL
2022-11-08,ARE_FUJ,MGO,760.96,BUNKERWORLD_HISTORICAL
2022-11-09,SGP_SIN,VLSFO,584.87,BUNKERWORLD_HISTORICAL
2022-11-09,SGP_SIN,MGO,751.43,BUNKERWORLD_HISTORICAL
2022-11-09,LKA_CMB,VLSFO,599.49,BUNKERWORLD_HISTORICAL
2022-11-09,LKA_CMB,MGO,770.21,BUNKERWORLD_HISTORICAL
2022-11-09,ARE_FUJ,VLSFO,579.02,BUNKERWORLD_HISTORICAL
2022-11-09,ARE_FUJ,MGO,743.91,BUNKERWORLD_HISTORICAL
2022-11-10,SGP_SIN,VLSFO,592.02,BUNKERWORLD_HISTORICAL
2022-11-10,SGP_SIN,MGO,770.48,BUNKERWORLD_HISTORICAL
2022-11-10,LKA_CMB,VLSFO,606.82,BUNKERWORLD_HISTORICAL
2022-11-10,LKA_CMB,MGO,789.74,BUNKERWORLD_HISTORICAL
2022-11-10,ARE_FUJ,VLSFO,586.1,BUNKERWORLD_HISTORICAL
2022-11-10,ARE_FUJ,MGO,762.77,BUNKERWORLD_HISTORICAL
2022-11-11,SGP_SIN,VLSFO,600.66,BUNKERWORLD_HISTORICAL
2022-11-11,SGP_SIN,MGO,776.48,BUNKERWORLD_HISTORICAL
2022-11-11,LKA_CMB,VLSFO,615.68,BUNKERWORLD_HISTORICAL
2022-11-11,LKA_CMB,MGO,795.89,BUNKERWORLD_HISTORICAL
2022-11-11,ARE_FUJ,VLSFO,594.65,BUNKERWORLD_HISTORICAL
2022-11-11,ARE_FUJ,MGO,768.72,BUNKERWORLD_HISTORICAL
2022-11-12,SGP_SIN,VLSFO,605.83,BUNKERWORLD_HISTORICAL
2022-11-12,SGP_SIN,MGO,782.94,BUNKERWORLD_HISTORICAL
2022-11-12,LKA_CMB,VLSFO,620.98,BUNKERWORLD_HISTORICAL
2022-11-12,LKA_CMB,MGO,802.52,BUNKERWORLD_HISTORICAL
2022-11-12,ARE_FUJ,VLSFO,599.77,BUNKERWORLD_HISTORICAL
2022-11-12,ARE_FUJ,MGO,775.11,BUNKERWORLD_HISTORICAL
2022-11-13,SGP_SIN,VLSFO,610.46,BUNKERWORLD_HISTORICAL
2022-11-13,SGP_SIN,MGO,796.63,BUNKERWORLD_HISTORICAL
2022-11-13,LKA_CMB,VLSFO,625.72,BUNKERWORLD_HISTORICAL
2022-11-13,LKA_CMB,MGO,816.55,BUNKERWORLD_HISTORICAL
2022-11-13,ARE_FUJ,VLSFO,604.35,BUNKERWORLD_HISTORICAL
2022-11-13,ARE_FUJ,MGO,788.67,BUNKERWORLD_HISTORICAL
2022-11-14,SGP_SIN,VLSFO,598.32,BUNKERWORLD_HISTORICAL
2022-11-14,SGP_SIN,MGO,760.59,BUNKERWORLD_HISTORICAL
2022-11-14,LKA_CMB,VLSFO,613.27,BUNKERWORLD_HISTORICAL
2022-11-14,LKA_CMB,MGO,779.61,BUNKERWORLD_HISTORICAL
2022-11-14,ARE_FUJ,VLSFO,592.33,BUNKERWORLD_HISTORICAL
2022-11-14,ARE_FUJ,MGO,752.99,BUNKERWORLD_HISTORICAL
2022-11-15,SGP_SIN,VLSFO,589.8,BUNKERWORLD_HISTORICAL
2022-11-15,SGP_SIN,MGO,760.89,BUNKERWORLD_HISTORICAL
2022-11-15,LKA_CMB,VLSFO,604.54,BUNKERWORLD_HISTORICAL
2022-11-15,LKA_CMB,MGO,779.91,BUNKERWORLD_HISTORICAL
2022-11-15,ARE_FUJ,VLSFO,583.9,BUNKERWORLD_HISTORICAL
2022-11-15,ARE_FUJ,MGO,753.28,BUNKERWORLD_HISTORICAL
2022-11-16,SGP_SIN,VLSFO,582.14,BUNKERWORLD_HISTORICAL
2022-11-16,SGP_SIN,MGO,752.67,BUNKERWORLD_HISTORICAL
2022-11-16,LKA_CMB,VLSFO,596.69,BUNKERWORLD_HISTORICAL
2022-11-16,LKA_CMB,MGO,771.49,BUNKERWORLD_HISTORICAL
2022-11-16,ARE_FUJ,VLSFO,576.32,BUNKERWORLD_HISTORICAL
2022-11-16,ARE_FUJ,MGO,745.14,BUNKERWORLD_HISTORICAL
2022-11-17,SGP_SIN,VLSFO,594.73,BUNKERWORLD_HISTORICAL
2022-11-17,SGP_SIN,MGO,757.95,BUNKERWORLD_HISTORICAL
2022-11-17,LKA_CMB,VLSFO,609.6,BUNKERWORLD_HISTORICAL
2022-11-17,LKA_CMB,MGO,776.9,BUNKERWORLD_HISTORICAL
2022-11-17,ARE_FUJ,VLSFO,588.79,BUNKERWORLD_HISTORICAL
2022-11-17,ARE_FUJ,MGO,750.37,BUNKERWORLD_HISTORICAL
2022-11-18,SGP_SIN,VLSFO,601.55,BUNKERWORLD_HISTORICAL
2022-11-18,SGP_SIN,MGO,773.79,BUNKERWORLD_HISTORICAL
2022-11-18,LKA_CMB,VLSFO,616.58,BUNKERWORLD_HISTORICAL
2022-11-18,LKA_CMB,MGO,793.14,BUNKERWORLD_HISTORICAL
2022-11-18,ARE_FUJ,VLSFO,595.53,BUNKERWORLD_HISTORICAL
2022-11-18,ARE_FUJ,MGO,766.05,BUNKERWORLD_HISTORICAL
2022-11-19,SGP_SIN,VLSFO,598.37,BUNKERWORLD_HISTORICAL
2022-11-19,SGP_SIN,MGO,764.67,BUNKERWORLD_HISTORICAL
2022-11-19,LKA_CMB,VLSFO,613.33,BUNKERWORLD_HISTORICAL
2022-11-19,LKA_CMB,MGO,783.78,BUNKERWORLD_HISTORICAL
2022-11-19,ARE_FUJ,VLSFO,592.39,BUNKERWORLD_HISTORICAL
2022-11-19,ARE_FUJ,MGO,757.02,BUNKERWORLD_HISTORICAL
2022-11-20,SGP_SIN,VLSFO,590.39,BUNKERWORLD_HISTORICAL
2022-11-20,SGP_SIN,MGO,746.93,BUNKERWORLD_HISTORICAL
2022-11-20,LKA_CMB,VLSFO,605.15,BUNKERWORLD_HISTORICAL
2022-11-20,LKA_CMB,MGO,765.6,BUNKERWORLD_HISTORICAL
2022-11-20,ARE_FUJ,VLSFO,584.48,BUNKERWORLD_HISTORICAL
2022-11-20,ARE_FUJ,MGO,739.46,BUNKERWORLD_HISTORICAL
2022-11-21,SGP_SIN,VLSFO,599.43,BUNKERWORLD_HISTORICAL
2022-11-21,SGP_SIN,MGO,769.23,BUNKERWORLD_HISTORICAL
2022-11-21,LKA_CMB,VLSFO,614.41,BUNKERWORLD_HISTORICAL
2022-11-21,LKA_CMB,MGO,788.46,BUNKERWORLD_HISTORICAL
2022-11-21,ARE_FUJ,VLSFO,593.43,BUNKERWORLD_HISTORICAL
2022-11-21,ARE_FUJ,MGO,761.53,BUNKERWORLD_HISTORICAL
2022-11-22,SGP_SIN,VLSFO,585.28,BUNKERWORLD_HISTORICAL
2022-11-22,SGP_SIN,MGO,750.53,BUNKERWORLD_HISTORICAL
2022-11-22,LKA_CMB,VLSFO,599.92,BUNKERWORLD_HISTORICAL
2022-11-22,LKA_CMB,MGO,769.3,BUNKERWORLD_HISTORICAL
2022-11-22,ARE_FUJ,VLSFO,579.43,BUNKERWORLD_HISTORICAL
2022-11-22,ARE_FUJ,MGO,743.03,BUNKERWORLD_HISTORICAL
2022-11-23,SGP_SIN,VLSFO,607.53,BUNKERWORLD_HISTORICAL
2022-11-23,SGP_SIN,MGO,773.5,BUNKERWORLD_HISTORICAL
2022-11-23,LKA_CMB,VLSFO,622.72,BUNKERWORLD_HISTORICAL
2022-11-23,LKA_CMB,MGO,792.84,BUNKERWORLD_HISTORICAL
2022-11-23,ARE_FUJ,VLSFO,601.45,BUNKERWORLD_HISTORICAL
2022-11-23,ARE_FUJ,MGO,765.76,BUNKERWORLD_HISTORICAL
2022-11-24,SGP_SIN,VLSFO,596.69,BUNKERWORLD_HISTORICAL
2022-11-24,SGP_SIN,MGO,753.6,BUNKERWORLD_HISTORICAL
2022-11-24,LKA_CMB,VLSFO,611.61,BUNKERWORLD_HISTORICAL
2022-11-24,LKA_CMB,MGO,772.44,BUNKERWORLD_HISTORICAL
2022-11-24,ARE_FUJ,VLSFO,590.72,BUNKERWORLD_HISTORICAL
2022-11-24,ARE_FUJ,MGO,746.06,BUNKERWORLD_HISTORICAL
2022-11-25,SGP_SIN,VLSFO,597.1,BUNKERWORLD_HISTORICAL
2022-11-25,SGP_SIN,MGO,769.16,BUNKERWORLD_HISTORICAL
2022-11-25,LKA_CMB,VLSFO,612.03,BUNKERWORLD_HISTORICAL
2022-11-25,LKA_CMB,MGO,788.39,BUNKERWORLD_HISTORICAL
2022-11-25,ARE_FUJ,VLSFO,591.13,BUNKERWORLD_HISTORICAL
2022-11-25,ARE_FUJ,MGO,761.47,BUNKERWORLD_HISTORICAL
2022-11-26,SGP_SIN,VLSFO,588.04,BUNKERWORLD_HISTORICAL
2022-11-26,SGP_SIN,MGO,743.04,BUNKERWORLD_HISTORICAL
2022-11-26,LKA_CMB,VLSFO,602.74,BUNKERWORLD_HISTORICAL
2022-11-26,LKA_CMB,MGO,761.62,BUNKERWORLD_HISTORICAL
2022-11-26,ARE_FUJ,VLSFO,582.16,BUNKERWORLD_HISTORICAL
2022-11-26,ARE_FUJ,MGO,735.61,BUNKERWORLD_HISTORICAL
2022-11-27,SGP_SIN,VLSFO,595.71,BUNKERWORLD_HISTORICAL
2022-11-27,SGP_SIN,MGO,765.59,BUNKERWORLD_HISTORICAL
2022-11-27,LKA_CMB,VLSFO,610.6,BUNKERWORLD_HISTORICAL
2022-11-27,LKA_CMB,MGO,784.73,BUNKERWORLD_HISTORICAL
2022-11-27,ARE_FUJ,VLSFO,589.75,BUNKERWORLD_HISTORICAL
2022-11-27,ARE_FUJ,MGO,757.93,BUNKERWORLD_HISTORICAL
2022-11-28,SGP_SIN,VLSFO,607.45,BUNKERWORLD_HISTORICAL
2022-11-28,SGP_SIN,MGO,776.87,BUNKERWORLD_HISTORICAL
2022-11-28,LKA_CMB,VLSFO,622.63,BUNKERWORLD_HISTORICAL
2022-11-28,LKA_CMB,MGO,796.3,BUNKERWORLD_HISTORICAL
2022-11-28,ARE_FUJ,VLSFO,601.37,BUNKERWORLD_HISTORICAL
2022-11-28,ARE_FUJ,MGO,769.11,BUNKERWORLD_HISTORICAL
2022-11-29,SGP_SIN,VLSFO,588.57,BUNKERWORLD_HISTORICAL
2022-11-29,SGP_SIN,MGO,752.03,BUNKERWORLD_HISTORICAL
2022-11-29,LKA_CMB,VLSFO,603.28,BUNKERWORLD_HISTORICAL
2022-11-29,LKA_CMB,MGO,770.83,BUNKERWORLD_HISTORICAL
2022-11-29,ARE_FUJ,VLSFO,582.68,BUNKERWORLD_HISTORICAL
2022-11-29,ARE_FUJ,MGO,744.51,BUNKERWORLD_HISTORICAL
2022-11-30,SGP_SIN,VLSFO,595.71,BUNKERWORLD_HISTORICAL
2022-11-30,SGP_SIN,MGO,766.49,BUNKERWORLD_HISTORICAL
2022-11-30,LKA_CMB,VLSFO,610.6,BUNKERWORLD_HISTORICAL
2022-11-30,LKA_CMB,MGO,785.65,BUNKERWORLD_HISTORICAL
2022-11-30,ARE_FUJ,VLSFO,589.75,BUNKERWORLD_HISTORICAL
2022-11-30,ARE_FUJ,MGO,758.82,BUNKERWORLD_HISTORICAL
2022-12-01,SGP_SIN,VLSFO,585.97,BUNKERWORLD_HISTORICAL
2022-12-01,SGP_SIN,MGO,756.57,BUNKERWORLD_HISTORICAL
2022-12-01,LKA_CMB,VLSFO,600.62,BUNKERWORLD_HISTORICAL
2022-12-01,LKA_CMB,MGO,775.49,BUNKERWORLD_HISTORICAL
2022-12-01,ARE_FUJ,VLSFO,580.11,BUNKERWORLD_HISTORICAL
2022-12-01,ARE_FUJ,MGO,749.01,BUNKERWORLD_HISTORICAL
2022-12-02,SGP_SIN,VLSFO,594.06,BUNKERWORLD_HISTORICAL
2022-12-02,SGP_SIN,MGO,762.76,BUNKERWORLD_HISTORICAL
2022-12-02,LKA_CMB,VLSFO,608.91,BUNKERWORLD_HISTORICAL
2022-12-02,LKA_CMB,MGO,781.83,BUNKERWORLD_HISTORICAL
2022-12-02,ARE_FUJ,VLSFO,588.12,BUNKERWORLD_HISTORICAL
2022-12-02,ARE_FUJ,MGO,755.13,BUNKERWORLD_HISTORICAL
2022-12-03,SGP_SIN,VLSFO,599.14,BUNKERWORLD_HISTORICAL
2022-12-03,SGP_SIN,MGO,768.38,BUNKERWORLD_HISTORICAL
2022-12-03,LKA_CMB,VLSFO,614.12,BUNKERWORLD_HISTORICAL
2022-12-03,LKA_CMB,MGO,787.58,BUNKERWORLD_HISTORICAL
2022-12-03,ARE_FUJ,VLSFO,593.15,BUNKERWORLD_HISTORICAL
2022-12-03,ARE_FUJ,MGO,760.69,BUNKERWORLD_HISTORICAL
2022-12-04,SGP_SIN,VLSFO,600.37,BUNKERWORLD_HISTORICAL
2022-12-04,SGP_SIN,MGO,762.42,BUNKERWORLD_HISTORICAL
2022-12-04,LKA_CMB,VLSFO,615.38,BUNKERWORLD_HISTORICAL
2022-12-04,LKA_CMB,MGO,781.48,BUNKERWORLD_HISTORICAL
2022-12-04,ARE_FUJ,VLSFO,594.36,BUNKERWORLD_HISTORICAL
2022-12-04,ARE_FUJ,MGO,754.79,BUNKERWORLD_HISTORICAL
2022-12-05,SGP_SIN,VLSFO,604.48,BUNKERWORLD_HISTORICAL
2022-12-05,SGP_SIN,MGO,773.9,BUNKERWORLD_HISTORICAL
2022-12-05,LKA_CMB,VLSFO,619.59,BUNKERWORLD_HISTORICAL
2022-12-05,LKA_CMB,MGO,793.25,BUNKERWORLD_HISTORICAL
2022-12-05,ARE_FUJ,VLSFO,598.44,BUNKERWORLD_HISTORICAL
2022-12-05,ARE_FUJ,MGO,766.16,BUNKERWORLD_HISTORICAL
2022-12-06,SGP_SIN,VLSFO,594.86,BUNKERWORLD_HISTORICAL
2022-12-06,SGP_SIN,MGO,760.96,BUNKERWORLD_HISTORICAL
2022-12-06,LKA_CMB,VLSFO,609.74,BUNKERWORLD_HISTORICAL
2022-12-06,LKA_CMB,MGO,779.98,BUNKERWORLD_HISTORICAL
2022-12-06,ARE_FUJ,VLSFO,588.92,BUNKERWORLD_HISTORICAL
2022-12-06,ARE_FUJ,MGO,753.35,BUNKERWORLD_HISTORICAL
2022-12-07,SGP_SIN,VLSFO,600.16,BUNKERWORLD_HISTORICAL
2022-12-07,SGP_SIN,MGO,763.98,BUNKERWORLD_HISTORICAL
2022-12-07,LKA_CMB,VLSFO,615.17,BUNKERWORLD_HISTORICAL
2022-12-07,LKA_CMB,MGO,783.08,BUNKERWORLD_HISTORICAL
2022-12-07,ARE_FUJ,VLSFO,594.16,BUNKERWORLD_HISTORICAL
2022-12-07,ARE_FUJ,MGO,756.34,BUNKERWORLD_HISTORICAL
2022-12-08,SGP_SIN,VLSFO,594.76,BUNKERWORLD_HISTORICAL
2022-12-08,SGP_SIN,MGO,764.75,BUNKERWORLD_HISTORICAL
2022-12-08,LKA_CMB,VLSFO,609.63,BUNKERWORLD_HISTORICAL
2022-12-08,LKA_CMB,MGO,783.87,BUNKERWORLD_HISTORICAL
2022-12-08,ARE_FUJ,VLSFO,588.82,BUNKERWORLD_HISTORICAL
2022-12-08,ARE_FUJ,MGO,757.11,BUNKERWORLD_HISTORICAL
2022-12-09,SGP_SIN,VLSFO,598.11,BUNKERWORLD_HISTORICAL
2022-12-09,SGP_SIN,MGO,773.97,BUNKERWORLD_HISTORICAL
2022-12-09,LKA_CMB,VLSFO,613.06,BUNKERWORLD_HISTORICAL
2022-12-09,LKA_CMB,MGO,793.32,BUNKERWORLD_HISTORICAL
2022-12-09,ARE_FUJ,VLSFO,592.13,BUNKERWORLD_HISTORICAL
2022-12-09,ARE_FUJ,MGO,766.23,BUNKERWORLD_HISTORICAL
2022-12-10,SGP_SIN,VLSFO,601.63,BUNKERWORLD_HISTORICAL
2022-12-10,SGP_SIN,MGO,760.45,BUNKERWORLD_HISTORICAL
2022-12-10,LKA_CMB,VLSFO,616.68,BUNKERWORLD_HISTORICAL
2022-12-10,LKA_CMB,MGO,779.46,BUNKERWORLD_HISTORICAL
2022-12-10,ARE_FUJ,VLSFO,595.62,BUNKERWORLD_HISTORICAL
2022-12-10,ARE_FUJ,MGO,752.84,BUNKERWORLD_HISTORICAL
2022-12-11,SGP_SIN,VLSFO,595.28,BUNKERWORLD_HISTORICAL
2022-12-11,SGP_SIN,MGO,771.39,BUNKERWORLD_HISTORICAL
2022-12-11,LKA_CMB,VLSFO,610.16,BUNKERWORLD_HISTORICAL
2022-12-11,LKA_CMB,MGO,790.68,BUNKERWORLD_HISTORICAL
2022-12-11,ARE_FUJ,VLSFO,589.33,BUNKERWORLD_HISTORICAL
2022-12-11,ARE_FUJ,MGO,763.68,BUNKERWORLD_HISTORICAL
2022-12-12,SGP_SIN,VLSFO,604.55,BUNKERWORLD_HISTORICAL
2022-12-12,SGP_SIN,MGO,777.91,BUNKERWORLD_HISTORICAL
2022-12-12,LKA_CMB,VLSFO,619.67,BUNKERWORLD_HISTORICAL
2022-12-12,LKA_CMB,MGO,797.35,BUNKERWORLD_HISTORICAL
2022-12-12,ARE_FUJ,VLSFO,598.51,BUNKERWORLD_HISTORICAL
2022-12-12,ARE_FUJ,MGO,770.13,BUNKERWORLD_HISTORICAL
2022-12-13,SGP_SIN,VLSFO,599.16,BUNKERWORLD_HISTORICAL
2022-12-13,SGP_SIN,MGO,767.48,BUNKERWORLD_HISTORICAL
2022-12-13,LKA_CMB,VLSFO,614.14,BUNKERWORLD_HISTORICAL
2022-12-13,LKA_CMB,MGO,786.66,BUNKERWORLD_HISTORICAL
2022-12-13,ARE_FUJ,VLSFO,593.17,BUNKERWORLD_HISTORICAL
2022-12-13,ARE_FUJ,MGO,759.8,BUNKERWORLD_HISTORICAL
2022-12-14,SGP_SIN,VLSFO,589.77,BUNKERWORLD_HISTORICAL
2022-12-14,SGP_SIN,MGO,760.27,BUNKERWORLD_HISTORICAL
2022-12-14,LKA_CMB,VLSFO,604.52,BUNKERWORLD_HISTORICAL
2022-12-14,LKA_CMB,MGO,779.27,BUNKERWORLD_HISTORICAL
2022-12-14,ARE_FUJ,VLSFO,583.87,BUNKERWORLD_HISTORICAL
2022-12-14,ARE_FUJ,MGO,752.66,BUNKERWORLD_HISTORICAL
2022-12-15,SGP_SIN,VLSFO,606.15,BUNKERWORLD_HISTORICAL
2022-12-15,SGP_SIN,MGO,761.92,BUNKERWORLD_HISTORICAL
2022-12-15,LKA_CMB,VLSFO,621.3,BUNKERWORLD_HISTORICAL
2022-12-15,LKA_CMB,MGO,780.97,BUNKERWORLD_HISTORICAL
2022-12-15,ARE_FUJ,VLSFO,600.09,BUNKERWORLD_HISTORICAL
2022-12-15,ARE_FUJ,MGO,754.3,BUNKERWORLD_HISTORICAL
2022-12-16,SGP_SIN,VLSFO,598.88,BUNKERWORLD_HISTORICAL
2022-12-16,SGP_SIN,MGO,776.37,BUNKERWORLD_HISTORICAL
2022-12-16,LKA_CMB,VLSFO,613.85,BUNKERWORLD_HISTORICAL
2022-12-16,LKA_CMB,MGO,795.78,BUNKERWORLD_HISTORICAL
2022-12-16,ARE_FUJ,VLSFO,592.89,BUNKERWORLD_HISTORICAL
2022-12-16,ARE_FUJ,MGO,768.6,BUNKERWORLD_HISTORICAL
2022-12-17,SGP_SIN,VLSFO,598.11,BUNKERWORLD_HISTORICAL
2022-12-17,SGP_SIN,MGO,755.5,BUNKERWORLD_HISTORICAL
2022-12-17,LKA_CMB,VLSFO,613.06,BUNKERWORLD_HISTORICAL
2022-12-17,LKA_CMB,MGO,774.39,BUNKERWORLD_HISTORICAL
2022-12-17,ARE_FUJ,VLSFO,592.13,BUNKERWORLD_HISTORICAL
2022-12-17,ARE_FUJ,MGO,747.95,BUNKERWORLD_HISTORICAL
2022-12-18,SGP_SIN,VLSFO,586.69,BUNKERWORLD_HISTORICAL
2022-12-18,SGP_SIN,MGO,754.47,BUNKERWORLD_HISTORICAL
2022-12-18,LKA_CMB,VLSFO,601.36,BUNKERWORLD_HISTORICAL
2022-12-18,LKA_CMB,MGO,773.34,BUNKERWORLD_HISTORICAL
2022-12-18,ARE_FUJ,VLSFO,580.82,BUNKERWORLD_HISTORICAL
2022-12-18,ARE_FUJ,MGO,746.93,BUNKERWORLD_HISTORICAL
2022-12-19,SGP_SIN,VLSFO,587.98,BUNKERWORLD_HISTORICAL
2022-12-19,SGP_SIN,MGO,755.25,BUNKERWORLD_HISTORICAL
2022-12-19,LKA_CMB,VLSFO,602.68,BUNKERWORLD_HISTORICAL
2022-12-19,LKA_CMB,MGO,774.13,BUNKERWORLD_HISTORICAL
2022-12-19,ARE_FUJ,VLSFO,582.1,BUNKERWORLD_HISTORICAL
2022-12-19,ARE_FUJ,MGO,747.7,BUNKERWORLD_HISTORICAL
2022-12-20,SGP_SIN,VLSFO,593.64,BUNKERWORLD_HISTORICAL
2022-12-20,SGP_SIN,MGO,766.2,BUNKERWORLD_HISTORICAL
2022-12-20,LKA_CMB,VLSFO,608.48,BUNKERWORLD_HISTORICAL
2022-12-20,LKA_CMB,MGO,785.36,BUNKERWORLD_HISTORICAL
2022-12-20,ARE_FUJ,VLSFO,587.7,BUNKERWORLD_HISTORICAL
2022-12-20,ARE_FUJ,MGO,758.54,BUNKERWORLD_HISTORICAL
2022-12-21,SGP_SIN,VLSFO,595.66,BUNKERWORLD_HISTORICAL
2022-12-21,SGP_SIN,MGO,765.25,BUNKERWORLD_HISTORICAL
2022-12-21,LKA_CMB,VLSFO,610.56,BUNKERWORLD_HISTORICAL
2022-12-21,LKA_CMB,MGO,784.39,BUNKERWORLD_HISTORICAL
2022-12-21,ARE_FUJ,VLSFO,589.71,BUNKERWORLD_HISTORICAL
2022-12-21,ARE_FUJ,MGO,757.6,BUNKERWORLD_HISTORICAL
2022-12-22,SGP_SIN,VLSFO,605.05,BUNKERWORLD_HISTORICAL
2022-12-22,SGP_SIN,MGO,786.58,BUNKERWORLD_HISTORICAL
2022-12-22,LKA_CMB,VLSFO,620.18,BUNKERWORLD_HISTORICAL
2022-12-22,LKA_CMB,MGO,806.24,BUNKERWORLD_HISTORICAL
2022-12-22,ARE_FUJ,VLSFO,599.0,BUNKERWORLD_HISTORICAL
2022-12-22,ARE_FUJ,MGO,778.71,BUNKERWORLD_HISTORICAL
2022-12-23,SGP_SIN,VLSFO,584.73,BUNKERWORLD_HISTORICAL
2022-12-23,SGP_SIN,MGO,766.0,BUNKERWORLD_HISTORICAL
2022-12-23,LKA_CMB,VLSFO,599.35,BUNKERWORLD_HISTORICAL
2022-12-23,LKA_CMB,MGO,785.15,BUNKERWORLD_HISTORICAL
2022-12-23,ARE_FUJ,VLSFO,578.88,BUNKERWORLD_HISTORICAL
2022-12-23,ARE_FUJ,MGO,758.34,BUNKERWORLD_HISTORICAL
2022-12-24,SGP_SIN,VLSFO,587.77,BUNKERWORLD_HISTORICAL
2022-12-24,SGP_SIN,MGO,756.68,BUNKERWORLD_HISTORICAL
2022-12-24,LKA_CMB,VLSFO,602.47,BUNKERWORLD_HISTORICAL
2022-12-24,LKA_CMB,MGO,775.6,BUNKERWORLD_HISTORICAL
2022-12-24,ARE_FUJ,VLSFO,581.9,BUNKERWORLD_HISTORICAL
2022-12-24,ARE_FUJ,MGO,749.12,BUNKERWORLD_HISTORICAL
2022-12-25,SGP_SIN,VLSFO,567.98,BUNKERWORLD_HISTORICAL
2022-12-25,SGP_SIN,MGO,726.7,BUNKERWORLD_HISTORICAL
2022-12-25,LKA_CMB,VLSFO,582.18,BUNKERWORLD_HISTORICAL
2022-12-25,LKA_CMB,MGO,744.87,BUNKERWORLD_HISTORICAL
2022-12-25,ARE_FUJ,VLSFO,562.3,BUNKERWORLD_HISTORICAL
2022-12-25,ARE_FUJ,MGO,719.44,BUNKERWORLD_HISTORICAL
2022-12-26,SGP_SIN,VLSFO,583.02,BUNKERWORLD_HISTORICAL
2022-12-26,SGP_SIN,MGO,750.33,BUNKERWORLD_HISTORICAL
2022-12-26,LKA_CMB,VLSFO,597.6,BUNKERWORLD_HISTORICAL
2022-12-26,LKA_CMB,MGO,769.09,BUNKERWORLD_HISTORICAL
2022-12-26,ARE_FUJ,VLSFO,577.19,BUNKERWORLD_HISTORICAL
2022-12-26,ARE_FUJ,MGO,742.83,BUNKERWORLD_HISTORICAL
2022-12-27,SGP_SIN,VLSFO,588.26,BUNKERWORLD_HISTORICAL
2022-12-27,SGP_SIN,MGO,754.35,BUNKERWORLD_HISTORICAL
2022-12-27,LKA_CMB,VLSFO,602.97,BUNKERWORLD_HISTORICAL
2022-12-27,LKA_CMB,MGO,773.21,BUNKERWORLD_HISTORICAL
2022-12-27,ARE_FUJ,VLSFO,582.38,BUNKERWORLD_HISTORICAL
2022-12-27,ARE_FUJ,MGO,746.81,BUNKERWORLD_HISTORICAL
2022-12-28,SGP_SIN,VLSFO,594.68,BUNKERWORLD_HISTORICAL
2022-12-28,SGP_SIN,MGO,762.72,BUNKERWORLD_HISTORICAL
2022-12-28,LKA_CMB,VLSFO,609.54,BUNKERWORLD_HISTORICAL
2022-12-28,LKA_CMB,MGO,781.79,BUNKERWORLD_HISTORICAL
2022-12-28,ARE_FUJ,VLSFO,588.73,BUNKERWORLD_HISTORICAL
2022-12-28,ARE_FUJ,MGO,755.09,BUNKERWORLD_HISTORICAL
2022-12-29,SGP_SIN,VLSFO,605.63,BUNKERWORLD_HISTORICAL
2022-12-29,SGP_SIN,MGO,776.53,BUNKERWORLD_HISTORICAL
2022-12-29,LKA_CMB,VLSFO,620.78,BUNKERWORLD_HISTORICAL
2022-12-29,LKA_CMB,MGO,795.94,BUNKERWORLD_HISTORICAL
2022-12-29,ARE_FUJ,VLSFO,599.58,BUNKERWORLD_HISTORICAL
2022-12-29,ARE_FUJ,MGO,768.76,BUNKERWORLD_HISTORICAL
2022-12-30,SGP_SIN,VLSFO,612.96,BUNKERWORLD_HISTORICAL
2022-12-30,SGP_SIN,MGO,779.96,BUNKERWORLD_HISTORICAL
2022-12-30,LKA_CMB,VLSFO,628.29,BUNKERWORLD_HISTORICAL
2022-12-30,LKA_CMB,MGO,799.46,BUNKERWORLD_HISTORICAL
2022-12-30,ARE_FUJ,VLSFO,606.83,BUNKERWORLD_HISTORICAL
2022-12-30,ARE_FUJ,MGO,772.16,BUNKERWORLD_HISTORICAL
2022-12-31,SGP_SIN,VLSFO,612.92,BUNKERWORLD_HISTORICAL
2022-12-31,SGP_SIN,MGO,782.62,BUNKERWORLD_HISTORICAL
2022-12-31,LKA_CMB,VLSFO,628.25,BUNKERWORLD_HISTORICAL
2022-12-31,LKA_CMB,MGO,802.18,BUNKERWORLD_HISTORICAL
2022-12-31,ARE_FUJ,VLSFO,606.79,BUNKERWORLD_HISTORICAL
2022-12-31,ARE_FUJ,MGO,774.79,BUNKERWORLD_HISTORICAL
2023-01-01,SGP_SIN,VLSFO,618.77,BUNKERWORLD_HISTORICAL
2023-01-01,SGP_SIN,MGO,791.67,BUNKERWORLD_HISTORICAL
2023-01-01,LKA_CMB,VLSFO,634.24,BUNKERWORLD_HISTORICAL
2023-01-01,LKA_CMB,MGO,811.47,BUNKERWORLD_HISTORICAL
2023-01-01,ARE_FUJ,VLSFO,612.58,BUNKERWORLD_HISTORICAL
2023-01-01,ARE_FUJ,MGO,783.76,BUNKERWORLD_HISTORICAL
2023-01-02,SGP_SIN,VLSFO,599.5,BUNKERWORLD_HISTORICAL
2023-01-02,SGP_SIN,MGO,760.33,BUNKERWORLD_HISTORICAL
2023-01-02,LKA_CMB,VLSFO,614.49,BUNKERWORLD_HISTORICAL
2023-01-02,LKA_CMB,MGO,779.34,BUNKERWORLD_HISTORICAL
2023-01-02,ARE_FUJ,VLSFO,593.5,BUNKERWORLD_HISTORICAL
2023-01-02,ARE_FUJ,MGO,752.72,BUNKERWORLD_HISTORICAL
2023-01-03,SGP_SIN,VLSFO,604.57,BUNKERWORLD_HISTORICAL
2023-01-03,SGP_SIN,MGO,781.61,BUNKERWORLD_HISTORICAL
2023-01-03,LKA_CMB,VLSFO,619.69,BUNKERWORLD_HISTORICAL
2023-01-03,LKA_CMB,MGO,801.15,BUNKERWORLD_HISTORICAL
2023-01-03,ARE_FUJ,VLSFO,598.53,BUNKERWORLD_HISTORICAL
2023-01-03,ARE_FUJ,MGO,773.79,BUNKERWORLD_HISTORICAL
2023-01-04,SGP_SIN,VLSFO,607.19,BUNKERWORLD_HISTORICAL
2023-01-04,SGP_SIN,MGO,765.08,BUNKERWORLD_HISTORICAL
2023-01-04,LKA_CMB,VLSFO,622.37,BUNKERWORLD_HISTORICAL
2023-01-04,LKA_CMB,MGO,784.21,BUNKERWORLD_HISTORICAL
2023-01-04,ARE_FUJ,VLSFO,601.12,BUNKERWORLD_HISTORICAL
2023-01-04,ARE_FUJ,MGO,757.43,BUNKERWORLD_HISTORICAL
2023-01-05,SGP_SIN,VLSFO,611.62,BUNKERWORLD_HISTORICAL
2023-01-05,SGP_SIN,MGO,793.23,BUNKERWORLD_HISTORICAL
2023-01-05,LKA_CMB,VLSFO,626.91,BUNKERWORLD_HISTORICAL
2023-01-05,LKA_CMB,MGO,813.06,BUNKERWORLD_HISTORICAL
2023-01-05,ARE_FUJ,VLSFO,605.5,BUNKERWORLD_HISTORICAL
2023-01-05,ARE_FUJ,MGO,785.3,BUNKERWORLD_HISTORICAL
2023-01-06,SGP_SIN,VLSFO,615.22,BUNKERWORLD_HISTORICAL
2023-01-06,SGP_SIN,MGO,785.99,BUNKERWORLD_HISTORICAL
2023-01-06,LKA_CMB,VLSFO,630.6,BUNKERWORLD_HISTORICAL
2023-01-06,LKA_CMB,MGO,805.64,BUNKERWORLD_HISTORICAL
2023-01-06,ARE_FUJ,VLSFO,609.07,BUNKERWORLD_HISTORICAL
2023-01-06,ARE_FUJ,MGO,778.13,BUNKERWORLD_HISTORICAL
2023-01-07,SGP_SIN,VLSFO,614.42,BUNKERWORLD_HISTORICAL
2023-01-07,SGP_SIN,MGO,776.92,BUNKERWORLD_HISTORICAL
2023-01-07,LKA_CMB,VLSFO,629.78,BUNKERWORLD_HISTORICAL
2023-01-07,LKA_CMB,MGO,796.34,BUNKERWORLD_HISTORICAL
2023-01-07,ARE_FUJ,VLSFO,608.28,BUNKERWORLD_HISTORICAL
2023-01-07,ARE_FUJ,MGO,769.15,BUNKERWORLD_HISTORICAL
2023-01-08,SGP_SIN,VLSFO,597.32,BUNKERWORLD_HISTORICAL
2023-01-08,SGP_SIN,MGO,772.62,BUNKERWORLD_HISTORICAL
2023-01-08,LKA_CMB,VLSFO,612.25,BUNKERWORLD_HISTORICAL
2023-01-08,LKA_CMB,MGO,791.94,BUNKERWORLD_HISTORICAL
2023-01-08,ARE_FUJ,VLSFO,591.35,BUNKERWORLD_HISTORICAL
2023-01-08,ARE_FUJ,MGO,764.89,BUNKERWORLD_HISTORICAL
2023-01-09,SGP_SIN,VLSFO,598.44,BUNKERWORLD_HISTORICAL
2023-01-09,SGP_SIN,MGO,771.97,BUNKERWORLD_HISTORICAL
2023-01-09,LKA_CMB,VLSFO,613.4,BUNKERWORLD_HISTORICAL
2023-01-09,LKA_CMB,MGO,791.27,BUNKERWORLD_HISTORICAL
2023-01-09,ARE_FUJ,VLSFO,592.46,BUNKERWORLD_HISTORICAL
2023-01-09,ARE_FUJ,MGO,764.25,BUNKERWORLD_HISTORICAL
2023-01-10,SGP_SIN,VLSFO,600.61,BUNKERWORLD_HISTORICAL
2023-01-10,SGP_SIN,MGO,768.28,BUNKERWORLD_HISTORICAL
2023-01-10,LKA_CMB,VLSFO,615.63,BUNKERWORLD_HISTORICAL
2023-01-10,LKA_CMB,MGO,787.49,BUNKERWORLD_HISTORICAL
2023-01-10,ARE_FUJ,VLSFO,594.61,BUNKERWORLD_HISTORICAL
2023-01-10,ARE_FUJ,MGO,760.6,BUNKERWORLD_HISTORICAL
2023-01-11,SGP_SIN,VLSFO,614.37,BUNKERWORLD_HISTORICAL
2023-01-11,SGP_SIN,MGO,801.4,BUNKERWORLD_HISTORICAL
2023-01-11,LKA_CMB,VLSFO,629.73,BUNKERWORLD_HISTORICAL
2023-01-11,LKA_CMB,MGO,821.43,BUNKERWORLD_HISTORICAL
2023-01-11,ARE_FUJ,VLSFO,608.23,BUNKERWORLD_HISTORICAL
2023-01-11,ARE_FUJ,MGO,793.39,BUNKERWORLD_HISTORICAL
2023-01-12,SGP_SIN,VLSFO,600.99,BUNKERWORLD_HISTORICAL
2023-01-12,SGP_SIN,MGO,777.7,BUNKERWORLD_HISTORICAL
2023-01-12,LKA_CMB,VLSFO,616.01,BUNKERWORLD_HISTORICAL
2023-01-12,LKA_CMB,MGO,797.14,BUNKERWORLD_HISTORICAL
2023-01-12,ARE_FUJ,VLSFO,594.98,BUNKERWORLD_HISTORICAL
2023-01-12,ARE_FUJ,MGO,769.92,BUNKERWORLD_HISTORICAL
2023-01-13,SGP_SIN,VLSFO,600.2,BUNKERWORLD_HISTORICAL
2023-01-13,SGP_SIN,MGO,766.96,BUNKERWORLD_HISTORICAL
2023-01-13,LKA_CMB,VLSFO,615.21,BUNKERWORLD_HISTORICAL
2023-01-13,LKA_CMB,MGO,786.14,BUNKERWORLD_HISTORICAL
2023-01-13,ARE_FUJ,VLSFO,594.2,BUNKERWORLD_HISTORICAL
2023-01-13,ARE_FUJ,MGO,759.29,BUNKERWORLD_HISTORICAL
2023-01-14,SGP_SIN,VLSFO,591.11,BUNKERWORLD_HISTORICAL
2023-01-14,SGP_SIN,MGO,757.03,BUNKERWORLD_HISTORICAL
2023-01-14,LKA_CMB,VLSFO,605.89,BUNKERWORLD_HISTORICAL
2023-01-14,LKA_CMB,MGO,775.96,BUNKERWORLD_HISTORICAL
2023-01-14,ARE_FUJ,VLSFO,585.2,BUNKERWORLD_HISTORICAL
2023-01-14,ARE_FUJ,MGO,749.46,BUNKERWORLD_HISTORICAL
2023-01-15,SGP_SIN,VLSFO,620.45,BUNKERWORLD_HISTORICAL
2023-01-15,SGP_SIN,MGO,808.89,BUNKERWORLD_HISTORICAL
2023-01-15,LKA_CMB,VLSFO,635.96,BUNKERWORLD_HISTORICAL
2023-01-15,LKA_CMB,MGO,829.11,BUNKERWORLD_HISTORICAL
2023-01-15,ARE_FUJ,VLSFO,614.25,BUNKERWORLD_HISTORICAL
2023-01-15,ARE_FUJ,MGO,800.8,BUNKERWORLD_HISTORICAL
2023-01-16,SGP_SIN,VLSFO,607.14,BUNKERWORLD_HISTORICAL
2023-01-16,SGP_SIN,MGO,784.03,BUNKERWORLD_HISTORICAL
2023-01-16,LKA_CMB,VLSFO,622.32,BUNKERWORLD_HISTORICAL
2023-01-16,LKA_CMB,MGO,803.63,BUNKERWORLD_HISTORICAL
2023-01-16,ARE_FUJ,VLSFO,601.07,BUNKERWORLD_HISTORICAL
2023-01-16,ARE_FUJ,MGO,776.19,BUNKERWORLD_HISTORICAL
2023-01-17,SGP_SIN,VLSFO,618.62,BUNKERWORLD_HISTORICAL
2023-01-17,SGP_SIN,MGO,779.59,BUNKERWORLD_HISTORICAL
2023-01-17,LKA_CMB,VLSFO,634.08,BUNKERWORLD_HISTORICAL
2023-01-17,LKA_CMB,MGO,799.08,BUNKERWORLD_HISTORICAL
2023-01-17,ARE_FUJ,VLSFO,612.43,BUNKERWORLD_HISTORICAL
2023-01-17,ARE_FUJ,MGO,771.79,BUNKERWORLD_HISTORICAL
2023-01-18,SGP_SIN,VLSFO,604.7,BUNKERWORLD_HISTORICAL
2023-01-18,SGP_SIN,MGO,789.15,BUNKERWORLD_HISTORICAL
2023-01-18,LKA_CMB,VLSFO,619.82,BUNKERWORLD_HISTORICAL
2023-01-18,LKA_CMB,MGO,808.88,BUNKERWORLD_HISTORICAL
2023-01-18,ARE_FUJ,VLSFO,598.65,BUNKERWORLD_HISTORICAL
2023-01-18,ARE_FUJ,MGO,781.26,BUNKERWORLD_HISTORICAL
2023-01-19,SGP_SIN,VLSFO,627.31,BUNKERWORLD_HISTORICAL
2023-01-19,SGP_SIN,MGO,814.8,BUNKERWORLD_HISTORICAL
2023-01-19,LKA_CMB,VLSFO,642.99,BUNKERWORLD_HISTORICAL
2023-01-19,LKA_CMB,MGO,835.17,BUNKERWORLD_HISTORICAL
2023-01-19,ARE_FUJ,VLSFO,621.03,BUNKERWORLD_HISTORICAL
2023-01-19,ARE_FUJ,MGO,806.65,BUNKERWORLD_HISTORICAL
2023-01-20,SGP_SIN,VLSFO,601.28,BUNKERWORLD_HISTORICAL
2023-01-20,SGP_SIN,MGO,772.91,BUNKERWORLD_HISTORICAL
2023-01-20,LKA_CMB,VLSFO,616.31,BUNKERWORLD_HISTORICAL
2023-01-20,LKA_CMB,MGO,792.24,BUNKERWORLD_HISTORICAL
2023-01-20,ARE_FUJ,VLSFO,595.26,BUNKERWORLD_HISTORICAL
2023-01-20,ARE_FUJ,MGO,765.18,BUNKERWORLD_HISTORICAL
2023-01-21,SGP_SIN,VLSFO,616.94,BUNKERWORLD_HISTORICAL
2023-01-21,SGP_SIN,MGO,785.24,BUNKERWORLD_HISTORICAL
2023-01-21,LKA_CMB,VLSFO,632.36,BUNKERWORLD_HISTORICAL
2023-01-21,LKA_CMB,MGO,804.87,BUNKERWORLD_HISTORICAL
2023-01-21,ARE_FUJ,VLSFO,610.77,BUNKERWORLD_HISTORICAL
2023-01-21,ARE_FUJ,MGO,777.39,BUNKERWORLD_HISTORICAL
2023-01-22,SGP_SIN,VLSFO,610.99,BUNKERWORLD_HISTORICAL
2023-01-22,SGP_SIN,MGO,782.05,BUNKERWORLD_HISTORICAL
2023-01-22,LKA_CMB,VLSFO,626.27,BUNKERWORLD_HISTORICAL
2023-01-22,LKA_CMB,MGO,801.6,BUNKERWORLD_HISTORICAL
2023-01-22,ARE_FUJ,VLSFO,604.88,BUNKERWORLD_HISTORICAL
2023-01-22,ARE_FUJ,MGO,774.23,BUNKERWORLD_HISTORICAL
2023-01-23,SGP_SIN,VLSFO,612.27,BUNKERWORLD_HISTORICAL
2023-01-23,SGP_SIN,MGO,772.63,BUNKERWORLD_HISTORICAL
2023-01-23,LKA_CMB,VLSFO,627.58,BUNKERWORLD_HISTORICAL
2023-01-23,LKA_CMB,MGO,791.94,BUNKERWORLD_HISTORICAL
2023-01-23,ARE_FUJ,VLSFO,606.15,BUNKERWORLD_HISTORICAL
2023-01-23,ARE_FUJ,MGO,764.9,BUNKERWORLD_HISTORICAL
2023-01-24,SGP_SIN,VLSFO,604.14,BUNKERWORLD_HISTORICAL
2023-01-24,SGP_SIN,MGO,769.13,BUNKERWORLD_HISTORICAL
2023-01-24,LKA_CMB,VLSFO,619.25,BUNKERWORLD_HISTORICAL
2023-01-24,LKA_CMB,MGO,788.36,BUNKERWORLD_HISTORICAL
2023-01-24,ARE_FUJ,VLSFO,598.1,BUNKERWORLD_HISTORICAL
2023-01-24,ARE_FUJ,MGO,761.44,BUNKERWORLD_HISTORICAL
2023-01-25,SGP_SIN,VLSFO,611.42,BUNKERWORLD_HISTORICAL
2023-01-25,SGP_SIN,MGO,774.17,BUNKERWORLD_HISTORICAL
2023-01-25,LKA_CMB,VLSFO,626.7,BUNKERWORLD_HISTORICAL
2023-01-25,LKA_CMB,MGO,793.52,BUNKERWORLD_HISTORICAL
2023-01-25,ARE_FUJ,VLSFO,605.3,BUNKERWORLD_HISTORICAL
2023-01-25,ARE_FUJ,MGO,766.43,BUNKERWORLD_HISTORICAL
2023-01-26,SGP_SIN,VLSFO,606.18,BUNKERWORLD_HISTORICAL
2023-01-26,SGP_SIN,MGO,789.5,BUNKERWORLD_HISTORICAL
2023-01-26,LKA_CMB,VLSFO,621.33,BUNKERWORLD_HISTORICAL
2023-01-26,LKA_CMB,MGO,809.23,BUNKERWORLD_HISTORICAL
2023-01-26,ARE_FUJ,VLSFO,600.12,BUNKERWORLD_HISTORICAL
2023-01-26,ARE_FUJ,MGO,781.6,BUNKERWORLD_HISTORICAL
2023-01-27,SGP_SIN,VLSFO,599.24,BUNKERWORLD_HISTORICAL
2023-01-27,SGP_SIN,MGO,767.04,BUNKERWORLD_HISTORICAL
2023-01-27,LKA_CMB,VLSFO,614.22,BUNKERWORLD_HISTORICAL
2023-01-27,LKA_CMB,MGO,786.21,BUNKERWORLD_HISTORICAL
2023-01-27,ARE_FUJ,VLSFO,593.25,BUNKERWORLD_HISTORICAL
2023-01-27,ARE_FUJ,MGO,759.37,BUNKERWORLD_HISTORICAL
2023-01-28,SGP_SIN,VLSFO,599.11,BUNKERWORLD_HISTORICAL
2023-01-28,SGP_SIN,MGO,746.59,BUNKERWORLD_HISTORICAL
2023-01-28,LKA_CMB,VLSFO,614.09,BUNKERWORLD_HISTORICAL
2023-01-28,LKA_CMB,MGO,765.25,BUNKERWORLD_HISTORICAL
2023-01-28,ARE_FUJ,VLSFO,593.12,BUNKERWORLD_HISTORICAL
2023-01-28,ARE_FUJ,MGO,739.12,BUNKERWORLD_HISTORICAL
2023-01-29,SGP_SIN,VLSFO,593.8,BUNKERWORLD_HISTORICAL
2023-01-29,SGP_SIN,MGO,762.17,BUNKERWORLD_HISTORICAL
2023-01-29,LKA_CMB,VLSFO,608.64,BUNKERWORLD_HISTORICAL
2023-01-29,LKA_CMB,MGO,781.22,BUNKERWORLD_HISTORICAL
2023-01-29,ARE_FUJ,VLSFO,587.86,BUNKERWORLD_HISTORICAL
2023-01-29,ARE_FUJ,MGO,754.55,BUNKERWORLD_HISTORICAL
2023-01-30,SGP_SIN,VLSFO,598.16,BUNKERWORLD_HISTORICAL
2023-01-30,SGP_SIN,MGO,768.06,BUNKERWORLD_HISTORICAL
2023-01-30,LKA_CMB,VLSFO,613.12,BUNKERWORLD_HISTORICAL
2023-01-30,LKA_CMB,MGO,787.26,BUNKERWORLD_HISTORICAL
2023-01-30,ARE_FUJ,VLSFO,592.18,BUNKERWORLD_HISTORICAL
2023-01-30,ARE_FUJ,MGO,760.38,BUNKERWORLD_HISTORICAL
2023-01-31,SGP_SIN,VLSFO,613.59,BUNKERWORLD_HISTORICAL
2023-01-31,SGP_SIN,MGO,787.89,BUNKERWORLD_HISTORICAL
2023-01-31,LKA_CMB,VLSFO,628.93,BUNKERWORLD_HISTORICAL
2023-01-31,LKA_CMB,MGO,807.59,BUNKERWORLD_HISTORICAL
2023-01-31,ARE_FUJ,VLSFO,607.46,BUNKERWORLD_HISTORICAL
2023-01-31,ARE_FUJ,MGO,780.01,BUNKERWORLD_HISTORICAL
2023-02-01,SGP_SIN,VLSFO,603.46,BUNKERWORLD_HISTORICAL
2023-02-01,SGP_SIN,MGO,784.6,BUNKERWORLD_HISTORICAL
2023-02-01,LKA_CMB,VLSFO,618.55,BUNKERWORLD_HISTORICAL
2023-02-01,LKA_CMB,MGO,804.22,BUNKERWORLD_HISTORICAL
2023-02-01,ARE_FUJ,VLSFO,597.43,BUNKERWORLD_HISTORICAL
2023-02-01,ARE_FUJ,MGO,776.76,BUNKERWORLD_HISTORICAL
2023-02-02,SGP_SIN,VLSFO,600.45,BUNKERWORLD_HISTORICAL
2023-02-02,SGP_SIN,MGO,763.75,BUNKERWORLD_HISTORICAL
2023-02-02,LKA_CMB,VLSFO,615.46,BUNKERWORLD_HISTORICAL
2023-02-02,LKA_CMB,MGO,782.84,BUNKERWORLD_HISTORICAL
2023-02-02,ARE_FUJ,VLSFO,594.44,BUNKERWORLD_HISTORICAL
2023-02-02,ARE_FUJ,MGO,756.11,BUNKERWORLD_HISTORICAL
2023-02-03,SGP_SIN,VLSFO,601.23,BUNKERWORLD_HISTORICAL
2023-02-03,SGP_SIN,MGO,774.07,BUNKERWORLD_HISTORICAL
2023-02-03,LKA_CMB,VLSFO,616.26,BUNKERWORLD_HISTORICAL
2023-02-03,LKA_CMB,MGO,793.42,BUNKERWORLD_HISTORICAL
2023-02-03,ARE_FUJ,VLSFO,595.22,BUNKERWORLD_HISTORICAL
2023-02-03,ARE_FUJ,MGO,766.33,BUNKERWORLD_HISTORICAL
2023-02-04,SGP_SIN,VLSFO,603.97,BUNKERWORLD_HISTORICAL
2023-02-04,SGP_SIN,MGO,772.99,BUNKERWORLD_HISTORICAL
2023-02-04,LKA_CMB,VLSFO,619.06,BUNKERWORLD_HISTORICAL
2023-02-04,LKA_CMB,MGO,792.32,BUNKERWORLD_HISTORICAL
2023-02-04,ARE_FUJ,VLSFO,597.93,BUNKERWORLD_HISTORICAL
2023-02-04,ARE_FUJ,MGO,765.26,BUNKERWORLD_HISTORICAL
2023-02-05,SGP_SIN,VLSFO,609.27,BUNKERWORLD_HISTORICAL
2023-02-05,SGP_SIN,MGO,782.19,BUNKERWORLD_HISTORICAL
2023-02-05,LKA_CMB,VLSFO,624.51,BUNKERWORLD_HISTORICAL
2023-02-05,LKA_CMB,MGO,801.75,BUNKERWORLD_HISTORICAL
2023-02-05,ARE_FUJ,VLSFO,603.18,BUNKERWORLD_HISTORICAL
2023-02-05,ARE_FUJ,MGO,774.37,BUNKERWORLD_HISTORICAL
2023-02-06,SGP_SIN,VLSFO,618.12,BUNKERWORLD_HISTORICAL
2023-02-06,SGP_SIN,MGO,788.54,BUNKERWORLD_HISTORICAL
2023-02-06,LKA_CMB,VLSFO,633.57,BUNKERWORLD_HISTORICAL
2023-02-06,LKA_CMB,MGO,808.26,BUNKERWORLD_HISTORICAL
2023-02-06,ARE_FUJ,VLSFO,611.94,BUNKERWORLD_HISTORICAL
2023-02-06,ARE_FUJ,MGO,780.66,BUNKERWORLD_HISTORICAL
2023-02-07,SGP_SIN,VLSFO,605.52,BUNKERWORLD_HISTORICAL
2023-02-07,SGP_SIN,MGO,779.18,BUNKERWORLD_HISTORICAL
2023-02-07,LKA_CMB,VLSFO,620.66,BUNKERWORLD_HISTORICAL
2023-02-07,LKA_CMB,MGO,798.66,BUNKERWORLD_HISTORICAL
2023-02-07,ARE_FUJ,VLSFO,599.46,BUNKERWORLD_HISTORICAL
2023-02-07,ARE_FUJ,MGO,771.39,BUNKERWORLD_HISTORICAL
2023-02-08,SGP_SIN,VLSFO,624.08,BUNKERWORLD_HISTORICAL
2023-02-08,SGP_SIN,MGO,798.25,BUNKERWORLD_HISTORICAL
2023-02-08,LKA_CMB,VLSFO,639.68,BUNKERWORLD_HISTORICAL
2023-02-08,LKA_CMB,MGO,818.21,BUNKERWORLD_HISTORICAL
2023-02-08,ARE_FUJ,VLSFO,617.84,BUNKERWORLD_HISTORICAL
2023-02-08,ARE_FUJ,MGO,790.27,BUNKERWORLD_HISTORICAL
2023-02-09,SGP_SIN,VLSFO,618.63,BUNKERWORLD_HISTORICAL
2023-02-09,SGP_SIN,MGO,794.82,BUNKERWORLD_HISTORICAL
2023-02-09,LKA_CMB,VLSFO,634.09,BUNKERWORLD_HISTORICAL
2023-02-09,LKA_CMB,MGO,814.69,BUNKERWORLD_HISTORICAL
2023-02-09,ARE_FUJ,VLSFO,612.44,BUNKERWORLD_HISTORICAL
2023-02-09,ARE_FUJ,MGO,786.88,BUNKERWORLD_HISTORICAL
2023-02-10,SGP_SIN,VLSFO,612.78,BUNKERWORLD_HISTORICAL
2023-02-10,SGP_SIN,MGO,786.19,BUNKERWORLD_HISTORICAL
2023-02-10,LKA_CMB,VLSFO,628.09,BUNKERWORLD_HISTORICAL
2023-02-10,LKA_CMB,MGO,805.84,BUNKERWORLD_HISTORICAL
2023-02-10,ARE_FUJ,VLSFO,606.65,BUNKERWORLD_HISTORICAL
2023-02-10,ARE_FUJ,MGO,778.32,BUNKERWORLD_HISTORICAL
2023-02-11,SGP_SIN,VLSFO,606.22,BUNKERWORLD_HISTORICAL
2023-02-11,SGP_SIN,MGO,774.93,BUNKERWORLD_HISTORICAL
2023-02-11,LKA_CMB,VLSFO,621.37,BUNKERWORLD_HISTORICAL
2023-02-11,LKA_CMB,MGO,794.3,BUNKERWORLD_HISTORICAL
2023-02-11,ARE_FUJ,VLSFO,600.16,BUNKERWORLD_HISTORICAL
2023-02-11,ARE_FUJ,MGO,767.18,BUNKERWORLD_HISTORICAL
2023-02-12,SGP_SIN,VLSFO,615.71,BUNKERWORLD_HISTORICAL
2023-02-12,SGP_SIN,MGO,790.23,BUNKERWORLD_HISTORICAL
2023-02-12,LKA_CMB,VLSFO,631.1,BUNKERWORLD_HISTORICAL
2023-02-12,LKA_CMB,MGO,809.98,BUNKERWORLD_HISTORICAL
2023-02-12,ARE_FUJ,VLSFO,609.55,BUNKERWORLD_HISTORICAL
2023-02-12,ARE_FUJ,MGO,782.33,BUNKERWORLD_HISTORICAL
2023-02-13,SGP_SIN,VLSFO,608.1,BUNKERWORLD_HISTORICAL
2023-02-13,SGP_SIN,MGO,779.01,BUNKERWORLD_HISTORICAL
2023-02-13,LKA_CMB,VLSFO,623.3,BUNKERWORLD_HISTORICAL
2023-02-13,LKA_CMB,MGO,798.49,BUNKERWORLD_HISTORICAL
2023-02-13,ARE_FUJ,VLSFO,602.01,BUNKERWORLD_HISTORICAL
2023-02-13,ARE_FUJ,MGO,771.22,BUNKERWORLD_HISTORICAL
2023-02-14,SGP_SIN,VLSFO,612.65,BUNKERWORLD_HISTORICAL
2023-02-14,SGP_SIN,MGO,786.86,BUNKERWORLD_HISTORICAL
2023-02-14,LKA_CMB,VLSFO,627.97,BUNKERWORLD_HISTORICAL
2023-02-14,LKA_CMB,MGO,806.53,BUNKERWORLD_HISTORICAL
2023-02-14,ARE_FUJ,VLSFO,606.53,BUNKERWORLD_HISTORICAL
2023-02-14,ARE_FUJ,MGO,778.99,BUNKERWORLD_HISTORICAL
2023-02-15,SGP_SIN,VLSFO,607.69,BUNKERWORLD_HISTORICAL
2023-02-15,SGP_SIN,MGO,774.46,BUNKERWORLD_HISTORICAL
2023-02-15,LKA_CMB,VLSFO,622.88,BUNKERWORLD_HISTORICAL
2023-02-15,LKA_CMB,MGO,793.82,BUNKERWORLD_HISTORICAL
2023-02-15,ARE_FUJ,VLSFO,601.61,BUNKERWORLD_HISTORICAL
2023-02-15,ARE_FUJ,MGO,766.71,BUNKERWORLD_HISTORICAL
2023-02-16,SGP_SIN,VLSFO,618.38,BUNKERWORLD_HISTORICAL
2023-02-16,SGP_SIN,MGO,789.97,BUNKERWORLD_HISTORICAL
2023-02-16,LKA_CMB,VLSFO,633.84,BUNKERWORLD_HISTORICAL
2023-02-16,LKA_CMB,MGO,809.72,BUNKERWORLD_HISTORICAL
2023-02-16,ARE_FUJ,VLSFO,612.19,BUNKERWORLD_HISTORICAL
2023-02-16,ARE_FUJ,MGO,782.07,BUNKERWORLD_HISTORICAL
2023-02-17,SGP_SIN,VLSFO,632.21,BUNKERWORLD_HISTORICAL
2023-02-17,SGP_SIN,MGO,797.12,BUNKERWORLD_HISTORICAL
2023-02-17,LKA_CMB,VLSFO,648.01,BUNKERWORLD_HISTORICAL
2023-02-17,LKA_CMB,MGO,817.05,BUNKERWORLD_HISTORICAL
2023-02-17,ARE_FUJ,VLSFO,625.88,BUNKERWORLD_HISTORICAL
2023-02-17,ARE_FUJ,MGO,789.15,BUNKERWORLD_HISTORICAL
2023-02-18,SGP_SIN,VLSFO,606.01,BUNKERWORLD_HISTORICAL
2023-02-18,SGP_SIN,MGO,768.95,BUNKERWORLD_HISTORICAL
2023-02-18,LKA_CMB,VLSFO,621.16,BUNKERWORLD_HISTORICAL
2023-02-18,LKA_CMB,MGO,788.18,BUNKERWORLD_HISTORICAL
2023-02-18,ARE_FUJ,VLSFO,599.95,BUNKERWORLD_HISTORICAL
2023-02-18,ARE_FUJ,MGO,761.27,BUNKERWORLD_HISTORICAL
2023-02-19,SGP_SIN,VLSFO,610.74,BUNKERWORLD_HISTORICAL
2023-02-19,SGP_SIN,MGO,768.42,BUNKERWORLD_HISTORICAL
2023-02-19,LKA_CMB,VLSFO,626.01,BUNKERWORLD_HISTORICAL
2023-02-19,LKA_CMB,MGO,787.63,BUNKERWORLD_HISTORICAL
2023-02-19,ARE_FUJ,VLSFO,604.63,BUNKERWORLD_HISTORICAL
2023-02-19,ARE_FUJ,MGO,760.74,BUNKERWORLD_HISTORICAL
2023-02-20,SGP_SIN,VLSFO,608.18,BUNKERWORLD_HISTORICAL
2023-02-20,SGP_SIN,MGO,772.65,BUNKERWORLD_HISTORICAL
2023-02-20,LKA_CMB,VLSFO,623.38,BUNKERWORLD_HISTORICAL
2023-02-20,LKA_CMB,MGO,791.96,BUNKERWORLD_HISTORICAL
2023-02-20,ARE_FUJ,VLSFO,602.1,BUNKERWORLD_HISTORICAL
2023-02-20,ARE_FUJ,MGO,764.92,BUNKERWORLD_HISTORICAL
2023-02-21,SGP_SIN,VLSFO,616.88,BUNKERWORLD_HISTORICAL
2023-02-21,SGP_SIN,MGO,800.19,BUNKERWORLD_HISTORICAL
2023-02-21,LKA_CMB,VLSFO,632.3,BUNKERWORLD_HISTORICAL
2023-02-21,LKA_CMB,MGO,820.19,BUNKERWORLD_HISTORICAL
2023-02-21,ARE_FUJ,VLSFO,610.71,BUNKERWORLD_HISTORICAL
2023-02-21,ARE_FUJ,MGO,792.19,BUNKERWORLD_HISTORICAL
2023-02-22,SGP_SIN,VLSFO,621.54,BUNKERWORLD_HISTORICAL
2023-02-22,SGP_SIN,MGO,789.9,BUNKERWORLD_HISTORICAL
2023-02-22,LKA_CMB,VLSFO,637.08,BUNKERWORLD_HISTORICAL
2023-02-22,LKA_CMB,MGO,809.65,BUNKERWORLD_HISTORICAL
2023-02-22,ARE_FUJ,VLSFO,615.32,BUNKERWORLD_HISTORICAL
2023-02-22,ARE_FUJ,MGO,782.0,BUNKERWORLD_HISTORICAL
2023-02-23,SGP_SIN,VLSFO,612.6,BUNKERWORLD_HISTORICAL
2023-02-23,SGP_SIN,MGO,799.51,BUNKERWORLD_HISTORICAL
2023-02-23,LKA_CMB,VLSFO,627.92,BUNKERWORLD_HISTORICAL
2023-02-23,LKA_CMB,MGO,819.5,BUNKERWORLD_HISTORICAL
2023-02-23,ARE_FUJ,VLSFO,606.47,BUNKERWORLD_HISTORICAL
2023-02-23,ARE_FUJ,MGO,791.52,BUNKERWORLD_HISTORICAL
2023-02-24,SGP_SIN,VLSFO,620.97,BUNKERWORLD_HISTORICAL
2023-02-24,SGP_SIN,MGO,788.37,BUNKERWORLD_HISTORICAL
2023-02-24,LKA_CMB,VLSFO,636.5,BUNKERWORLD_HISTORICAL
2023-02-24,LKA_CMB,MGO,808.08,BUNKERWORLD_HISTORICAL
2023-02-24,ARE_FUJ,VLSFO,614.76,BUNKERWORLD_HISTORICAL
2023-02-24,ARE_FUJ,MGO,780.49,BUNKERWORLD_HISTORICAL
2023-02-25,SGP_SIN,VLSFO,629.13,BUNKERWORLD_HISTORICAL
2023-02-25,SGP_SIN,MGO,795.43,BUNKERWORLD_HISTORICAL
2023-02-25,LKA_CMB,VLSFO,644.86,BUNKERWORLD_HISTORICAL
2023-02-25,LKA_CMB,MGO,815.31,BUNKERWORLD_HISTORICAL
2023-02-25,ARE_FUJ,VLSFO,622.84,BUNKERWORLD_HISTORICAL
2023-02-25,ARE_FUJ,MGO,787.47,BUNKERWORLD_HISTORICAL
2023-02-26,SGP_SIN,VLSFO,622.55,BUNKERWORLD_HISTORICAL
2023-02-26,SGP_SIN,MGO,796.28,BUNKERWORLD_HISTORICAL
2023-02-26,LKA_CMB,VLSFO,638.12,BUNKERWORLD_HISTORICAL
2023-02-26,LKA_CMB,MGO,816.19,BUNKERWORLD_HISTORICAL
2023-02-26,ARE_FUJ,VLSFO,616.33,BUNKERWORLD_HISTORICAL
2023-02-26,ARE_FUJ,MGO,788.32,BUNKERWORLD_HISTORICAL
2023-02-27,SGP_SIN,VLSFO,618.47,BUNKERWORLD_HISTORICAL
2023-02-27,SGP_SIN,MGO,793.6,BUNKERWORLD_HISTORICAL
2023-02-27,LKA_CMB,VLSFO,633.93,BUNKERWORLD_HISTORICAL
2023-02-27,LKA_CMB,MGO,813.44,BUNKERWORLD_HISTORICAL
2023-02-27,ARE_FUJ,VLSFO,612.28,BUNKERWORLD_HISTORICAL
2023-02-27,ARE_FUJ,MGO,785.66,BUNKERWORLD_HISTORICAL
2023-02-28,SGP_SIN,VLSFO,619.9,BUNKERWORLD_HISTORICAL
2023-02-28,SGP_SIN,MGO,784.83,BUNKERWORLD_HISTORICAL
2023-02-28,LKA_CMB,VLSFO,635.4,BUNKERWORLD_HISTORICAL
2023-02-28,LKA_CMB,MGO,804.45,BUNKERWORLD_HISTORICAL
2023-02-28,ARE_FUJ,VLSFO,613.7,BUNKERWORLD_HISTORICAL
2023-02-28,ARE_FUJ,MGO,776.98,BUNKERWORLD_HISTORICAL
2023-03-01,SGP_SIN,VLSFO,611.11,BUNKERWORLD_HISTORICAL
2023-03-01,SGP_SIN,MGO,782.06,BUNKERWORLD_HISTORICAL
2023-03-01,LKA_CMB,VLSFO,626.39,BUNKERWORLD_HISTORICAL
2023-03-01,LKA_CMB,MGO,801.61,BUNKERWORLD_HISTORICAL
2023-03-01,ARE_FUJ,VLSFO,605.0,BUNKERWORLD_HISTORICAL
2023-03-01,ARE_FUJ,MGO,774.24,BUNKERWORLD_HISTORICAL
2023-03-02,SGP_SIN,VLSFO,619.03,BUNKERWORLD_HISTORICAL
2023-03-02,SGP_SIN,MGO,777.64,BUNKERWORLD_HISTORICAL
2023-03-02,LKA_CMB,VLSFO,634.51,BUNKERWORLD_HISTORICAL
2023-03-02,LKA_CMB,MGO,797.08,BUNKERWORLD_HISTORICAL
2023-03-02,ARE_FUJ,VLSFO,612.84,BUNKERWORLD_HISTORICAL
2023-03-02,ARE_FUJ,MGO,769.87,BUNKERWORLD_HISTORICAL
2023-03-03,SGP_SIN,VLSFO,623.64,BUNKERWORLD_HISTORICAL
2023-03-03,SGP_SIN,MGO,798.99,BUNKERWORLD_HISTORICAL
2023-03-03,LKA_CMB,VLSFO,639.23,BUNKERWORLD_HISTORICAL
2023-03-03,LKA_CMB,MGO,818.97,BUNKERWORLD_HISTORICAL
2023-03-03,ARE_FUJ,VLSFO,617.41,BUNKERWORLD_HISTORICAL
2023-03-03,ARE_FUJ,MGO,791.0,BUNKERWORLD_HISTORICAL
2023-03-04,SGP_SIN,VLSFO,622.47,BUNKERWORLD_HISTORICAL
2023-03-04,SGP_SIN,MGO,785.81,BUNKERWORLD_HISTORICAL
2023-03-04,LKA_CMB,VLSFO,638.03,BUNKERWORLD_HISTORICAL
2023-03-04,LKA_CMB,MGO,805.45,BUNKERWORLD_HISTORICAL
2023-03-04,ARE_FUJ,VLSFO,616.24,BUNKERWORLD_HISTORICAL
2023-03-04,ARE_FUJ,MGO,777.95,BUNKERWORLD_HISTORICAL
2023-03-05,SGP_SIN,VLSFO,620.14,BUNKERWORLD_HISTORICAL
2023-03-05,SGP_SIN,MGO,797.38,BUNKERWORLD_HISTORICAL
2023-03-05,LKA_CMB,VLSFO,635.64,BUNKERWORLD_HISTORICAL
2023-03-05,LKA_CMB,MGO,817.31,BUNKERWORLD_HISTORICAL
2023-03-05,ARE_FUJ,VLSFO,613.94,BUNKERWORLD_HISTORICAL
2023-03-05,ARE_FUJ,MGO,789.4,BUNKERWORLD_HISTORICAL
2023-03-06,SGP_SIN,VLSFO,633.72,BUNKERWORLD_HISTORICAL
2023-03-06,SGP_SIN,MGO,805.87,BUNKERWORLD_HISTORICAL
2023-03-06,LKA_CMB,VLSFO,649.56,BUNKERWORLD_HISTORICAL
2023-03-06,LKA_CMB,MGO,826.01,BUNKERWORLD_HISTORICAL
2023-03-06,ARE_FUJ,VLSFO,627.38,BUNKERWORLD_HISTORICAL
2023-03-06,ARE_FUJ,MGO,797.81,BUNKERWORLD_HISTORICAL
2023-03-07,SGP_SIN,VLSFO,632.98,BUNKERWORLD_HISTORICAL
2023-03-07,SGP_SIN,MGO,812.0,BUNKERWORLD_HISTORICAL
2023-03-07,LKA_CMB,VLSFO,648.81,BUNKERWORLD_HISTORICAL
2023-03-07,LKA_CMB,MGO,832.3,BUNKERWORLD_HISTORICAL
2023-03-07,ARE_FUJ,VLSFO,626.65,BUNKERWORLD_HISTORICAL
2023-03-07,ARE_FUJ,MGO,803.88,BUNKERWORLD_HISTORICAL
2023-03-08,SGP_SIN,VLSFO,638.03,BUNKERWORLD_HISTORICAL
2023-03-08,SGP_SIN,MGO,818.24,BUNKERWORLD_HISTORICAL
2023-03-08,LKA_CMB,VLSFO,653.98,BUNKERWORLD_HISTORICAL
2023-03-08,LKA_CMB,MGO,838.7,BUNKERWORLD_HISTORICAL
2023-03-08,ARE_FUJ,VLSFO,631.65,BUNKERWORLD_HISTORICAL
2023-03-08,ARE_FUJ,MGO,810.06,BUNKERWORLD_HISTORICAL
2023-03-09,SGP_SIN,VLSFO,615.84,BUNKERWORLD_HISTORICAL
2023-03-09,SGP_SIN,MGO,782.27,BUNKERWORLD_HISTORICAL
2023-03-09,LKA_CMB,VLSFO,631.24,BUNKERWORLD_HISTORICAL
2023-03-09,LKA_CMB,MGO,801.82,BUNKERWORLD_HISTORICAL
2023-03-09,ARE_FUJ,VLSFO,609.68,BUNKERWORLD_HISTORICAL
2023-03-09,ARE_FUJ,MGO,774.44,BUNKERWORLD_HISTORICAL
2023-03-10,SGP_SIN,VLSFO,638.89,BUNKERWORLD_HISTORICAL
2023-03-10,SGP_SIN,MGO,800.14,BUNKERWORLD_HISTORICAL
2023-03-10,LKA_CMB,VLSFO,654.86,BUNKERWORLD_HISTORICAL
2023-03-10,LKA_CMB,MGO,820.15,BUNKERWORLD_HISTORICAL
2023-03-10,ARE_FUJ,VLSFO,632.5,BUNKERWORLD_HISTORICAL
2023-03-10,ARE_FUJ,MGO,792.14,BUNKERWORLD_HISTORICAL
2023-03-11,SGP_SIN,VLSFO,621.94,BUNKERWORLD_HISTORICAL
2023-03-11,SGP_SIN,MGO,797.44,BUNKERWORLD_HISTORICAL
2023-03-11,LKA_CMB,VLSFO,637.49,BUNKERWORLD_HISTORICAL
2023-03-11,LKA_CMB,MGO,817.37,BUNKERWORLD_HISTORICAL
2023-03-11,ARE_FUJ,VLSFO,615.72,BUNKERWORLD_HISTORICAL
2023-03-11,ARE_FUJ,MGO,789.46,BUNKERWORLD_HISTORICAL
2023-03-12,SGP_SIN,VLSFO,630.05,BUNKERWORLD_HISTORICAL
2023-03-12,SGP_SIN,MGO,802.09,BUNKERWORLD_HISTORICAL
2023-03-12,LKA_CMB,VLSFO,645.8,BUNKERWORLD_HISTORICAL
2023-03-12,LKA_CMB,MGO,822.15,BUNKERWORLD_HISTORICAL
2023-03-12,ARE_FUJ,VLSFO,623.75,BUNKERWORLD_HISTORICAL
2023-03-12,ARE_FUJ,MGO,794.07,BUNKERWORLD_HISTORICAL
2023-03-13,SGP_SIN,VLSFO,624.13,BUNKERWORLD_HISTORICAL
2023-03-13,SGP_SIN,MGO,797.94,BUNKERWORLD_HISTORICAL
2023-03-13,LKA_CMB,VLSFO,639.73,BUNKERWORLD_HISTORICAL
2023-03-13,LKA_CMB,MGO,817.89,BUNKERWORLD_HISTORICAL
2023-03-13,ARE_FUJ,VLSFO,617.89,BUNKERWORLD_HISTORICAL
2023-03-13,ARE_FUJ,MGO,789.96,BUNKERWORLD_HISTORICAL
2023-03-14,SGP_SIN,VLSFO,625.04,BUNKERWORLD_HISTORICAL
2023-03-14,SGP_SIN,MGO,807.18,BUNKERWORLD_HISTORICAL
2023-03-14,LKA_CMB,VLSFO,640.67,BUNKERWORLD_HISTORICAL
2023-03-14,LKA_CMB,MGO,827.36,BUNKERWORLD_HISTORICAL
2023-03-14,ARE_FUJ,VLSFO,618.79,BUNKERWORLD_HISTORICAL
2023-03-14,ARE_FUJ,MGO,799.1,BUNKERWORLD_HISTORICAL
2023-03-15,SGP_SIN,VLSFO,622.98,BUNKERWORLD_HISTORICAL
2023-03-15,SGP_SIN,MGO,803.14,BUNKERWORLD_HISTORICAL
2023-03-15,LKA_CMB,VLSFO,638.56,BUNKERWORLD_HISTORICAL
2023-03-15,LKA_CMB,MGO,823.22,BUNKERWORLD_HISTORICAL
2023-03-15,ARE_FUJ,VLSFO,616.75,BUNKERWORLD_HISTORICAL
2023-03-15,ARE_FUJ,MGO,795.11,BUNKERWORLD_HISTORICAL
2023-03-16,SGP_SIN,VLSFO,636.63,BUNKERWORLD_HISTORICAL
2023-03-16,SGP_SIN,MGO,804.69,BUNKERWORLD_HISTORICAL
2023-03-16,LKA_CMB,VLSFO,652.54,BUNKERWORLD_HISTORICAL
2023-03-16,LKA_CMB,MGO,824.81,BUNKERWORLD_HISTORICAL
2023-03-16,ARE_FUJ,VLSFO,630.26,BUNKERWORLD_HISTORICAL
2023-03-16,ARE_FUJ,MGO,796.64,BUNKERWORLD_HISTORICAL
2023-03-17,SGP_SIN,VLSFO,634.09,BUNKERWORLD_HISTORICAL
2023-03-17,SGP_SIN,MGO,814.73,BUNKERWORLD_HISTORICAL
2023-03-17,LKA_CMB,VLSFO,649.94,BUNKERWORLD_HISTORICAL
2023-03-17,LKA_CMB,MGO,835.1,BUNKERWORLD_HISTORICAL
2023-03-17,ARE_FUJ,VLSFO,627.75,BUNKERWORLD_HISTORICAL
2023-03-17,ARE_FUJ,MGO,806.58,BUNKERWORLD_HISTORICAL
2023-03-18,SGP_SIN,VLSFO,635.64,BUNKERWORLD_HISTORICAL
2023-03-18,SGP_SIN,MGO,809.98,BUNKERWORLD_HISTORICAL
2023-03-18,LKA_CMB,VLSFO,651.53,BUNKERWORLD_HISTORICAL
2023-03-18,LKA_CMB,MGO,830.23,BUNKERWORLD_HISTORICAL
2023-03-18,ARE_FUJ,VLSFO,629.28,BUNKERWORLD_HISTORICAL
2023-03-18,ARE_FUJ,MGO,801.88,BUNKERWORLD_HISTORICAL
2023-03-19,SGP_SIN,VLSFO,620.83,BUNKERWORLD_HISTORICAL
2023-03-19,SGP_SIN,MGO,793.74,BUNKERWORLD_HISTORICAL
2023-03-19,LKA_CMB,VLSFO,636.35,BUNKERWORLD_HISTORICAL
2023-03-19,LKA_CMB,MGO,813.58,BUNKERWORLD_HISTORICAL
2023-03-19,ARE_FUJ,VLSFO,614.62,BUNKERWORLD_HISTORICAL
2023-03-19,ARE_FUJ,MGO,785.8,BUNKERWORLD_HISTORICAL
2023-03-20,SGP_SIN,VLSFO,633.22,BUNKERWORLD_HISTORICAL
2023-03-20,SGP_SIN,MGO,810.44,BUNKERWORLD_HISTORICAL
2023-03-20,LKA_CMB,VLSFO,649.05,BUNKERWORLD_HISTORICAL
2023-03-20,LKA_CMB,MGO,830.7,BUNKERWORLD_HISTORICAL
2023-03-20,ARE_FUJ,VLSFO,626.89,BUNKERWORLD_HISTORICAL
2023-03-20,ARE_FUJ,MGO,802.33,BUNKERWORLD_HISTORICAL
2023-03-21,SGP_SIN,VLSFO,637.23,BUNKERWORLD_HISTORICAL
2023-03-21,SGP_SIN,MGO,822.71,BUNKERWORLD_HISTORICAL
2023-03-21,LKA_CMB,VLSFO,653.17,BUNKERWORLD_HISTORICAL
2023-03-21,LKA_CMB,MGO,843.28,BUNKERWORLD_HISTORICAL
2023-03-21,ARE_FUJ,VLSFO,630.86,BUNKERWORLD_HISTORICAL
2023-03-21,ARE_FUJ,MGO,814.49,BUNKERWORLD_HISTORICAL
2023-03-22,SGP_SIN,VLSFO,624.11,BUNKERWORLD_HISTORICAL
2023-03-22,SGP_SIN,MGO,813.49,BUNKERWORLD_HISTORICAL
2023-03-22,LKA_CMB,VLSFO,639.71,BUNKERWORLD_HISTORICAL
2023-03-22,LKA_CMB,MGO,833.83,BUNKERWORLD_HISTORICAL
2023-03-22,ARE_FUJ,VLSFO,617.86,BUNKERWORLD_HISTORICAL
2023-03-22,ARE_FUJ,MGO,805.36,BUNKERWORLD_HISTORICAL
2023-03-23,SGP_SIN,VLSFO,618.71,BUNKERWORLD_HISTORICAL
2023-03-23,SGP_SIN,MGO,786.93,BUNKERWORLD_HISTORICAL
2023-03-23,LKA_CMB,VLSFO,634.17,BUNKERWORLD_HISTORICAL
2023-03-23,LKA_CMB,MGO,806.6,BUNKERWORLD_HISTORICAL
2023-03-23,ARE_FUJ,VLSFO,612.52,BUNKERWORLD_HISTORICAL
2023-03-23,ARE_FUJ,MGO,779.06,BUNKERWORLD_HISTORICAL
2023-03-24,SGP_SIN,VLSFO,615.59,BUNKERWORLD_HISTORICAL
2023-03-24,SGP_SIN,MGO,795.69,BUNKERWORLD_HISTORICAL
2023-03-24,LKA_CMB,VLSFO,630.98,BUNKERWORLD_HISTORICAL
2023-03-24,LKA_CMB,MGO,815.58,BUNKERWORLD_HISTORICAL
2023-03-24,ARE_FUJ,VLSFO,609.44,BUNKERWORLD_HISTORICAL
2023-03-24,ARE_FUJ,MGO,787.73,BUNKERWORLD_HISTORICAL
2023-03-25,SGP_SIN,VLSFO,621.73,BUNKERWORLD_HISTORICAL
2023-03-25,SGP_SIN,MGO,796.42,BUNKERWORLD_HISTORICAL
2023-03-25,LKA_CMB,VLSFO,637.28,BUNKERWORLD_HISTORICAL
2023-03-25,LKA_CMB,MGO,816.34,BUNKERWORLD_HISTORICAL
2023-03-25,ARE_FUJ,VLSFO,615.52,BUNKERWORLD_HISTORICAL
2023-03-25,ARE_FUJ,MGO,788.46,BUNKERWORLD_HISTORICAL
2023-03-26,SGP_SIN,VLSFO,619.52,BUNKERWORLD_HISTORICAL
2023-03-26,SGP_SIN,MGO,809.8,BUNKERWORLD_HISTORICAL
2023-03-26,LKA_CMB,VLSFO,635.01,BUNKERWORLD_HISTORICAL
2023-03-26,LKA_CMB,MGO,830.05,BUNKERWORLD_HISTORICAL
2023-03-26,ARE_FUJ,VLSFO,613.33,BUNKERWORLD_HISTORICAL
2023-03-26,ARE_FUJ,MGO,801.7,BUNKERWORLD_HISTORICAL
2023-03-27,SGP_SIN,VLSFO,636.02,BUNKERWORLD_HISTORICAL
2023-03-27,SGP_SIN,MGO,818.85,BUNKERWORLD_HISTORICAL
2023-03-27,LKA_CMB,VLSFO,651.92,BUNKERWORLD_HISTORICAL
2023-03-27,LKA_CMB,MGO,839.32,BUNKERWORLD_HISTORICAL
2023-03-27,ARE_FUJ,VLSFO,629.66,BUNKERWORLD_HISTORICAL
2023-03-27,ARE_FUJ,MGO,810.66,BUNKERWORLD_HISTORICAL
2023-03-28,SGP_SIN,VLSFO,608.58,BUNKERWORLD_HISTORICAL
2023-03-28,SGP_SIN,MGO,784.56,BUNKERWORLD_HISTORICAL
2023-03-28,LKA_CMB,VLSFO,623.79,BUNKERWORLD_HISTORICAL
2023-03-28,LKA_CMB,MGO,804.17,BUNKERWORLD_HISTORICAL
2023-03-28,ARE_FUJ,VLSFO,602.49,BUNKERWORLD_HISTORICAL
2023-03-28,ARE_FUJ,MGO,776.71,BUNKERWORLD_HISTORICAL
2023-03-29,SGP_SIN,VLSFO,617.52,BUNKERWORLD_HISTORICAL
2023-03-29,SGP_SIN,MGO,787.51,BUNKERWORLD_HISTORICAL
2023-03-29,LKA_CMB,VLSFO,632.95,BUNKERWORLD_HISTORICAL
2023-03-29,LKA_CMB,MGO,807.2,BUNKERWORLD_HISTORICAL
2023-03-29,ARE_FUJ,VLSFO,611.34,BUNKERWORLD_HISTORICAL
2023-03-29,ARE_FUJ,MGO,779.64,BUNKERWORLD_HISTORICAL
2023-03-30,SGP_SIN,VLSFO,614.44,BUNKERWORLD_HISTORICAL
2023-03-30,SGP_SIN,MGO,780.08,BUNKERWORLD_HISTORICAL
2023-03-30,LKA_CMB,VLSFO,629.8,BUNKERWORLD_HISTORICAL
2023-03-30,LKA_CMB,MGO,799.58,BUNKERWORLD_HISTORICAL
2023-03-30,ARE_FUJ,VLSFO,608.3,BUNKERWORLD_HISTORICAL
2023-03-30,ARE_FUJ,MGO,772.28,BUNKERWORLD_HISTORICAL
2023-03-31,SGP_SIN,VLSFO,605.1,BUNKERWORLD_HISTORICAL
2023-03-31,SGP_SIN,MGO,760.21,BUNKERWORLD_HISTORICAL
2023-03-31,LKA_CMB,VLSFO,620.23,BUNKERWORLD_HISTORICAL
2023-03-31,LKA_CMB,MGO,779.22,BUNKERWORLD_HISTORICAL
2023-03-31,ARE_FUJ,VLSFO,599.05,BUNKERWORLD_HISTORICAL
2023-03-31,ARE_FUJ,MGO,752.61,BUNKERWORLD_HISTORICAL
2023-04-01,SGP_SIN,VLSFO,616.89,BUNKERWORLD_HISTORICAL
2023-04-01,SGP_SIN,MGO,790.78,BUNKERWORLD_HISTORICAL
2023-04-01,LKA_CMB,VLSFO,632.31,BUNKERWORLD_HISTORICAL
2023-04-01,LKA_CMB,MGO,810.55,BUNKERWORLD_HISTORICAL
2023-04-01,ARE_FUJ,VLSFO,610.72,BUNKERWORLD_HISTORICAL
2023-04-01,ARE_FUJ,MGO,782.87,BUNKERWORLD_HISTORICAL
2023-04-02,SGP_SIN,VLSFO,607.11,BUNKERWORLD_HISTORICAL
2023-04-02,SGP_SIN,MGO,781.63,BUNKERWORLD_HISTORICAL
2023-04-02,LKA_CMB,VLSFO,622.29,BUNKERWORLD_HISTORICAL
2023-04-02,LKA_CMB,MGO,801.17,BUNKERWORLD_HISTORICAL
2023-04-02,ARE_FUJ,VLSFO,601.04,BUNKERWORLD_HISTORICAL
2023-04-02,ARE_FUJ,MGO,773.82,BUNKERWORLD_HISTORICAL
2023-04-03,SGP_SIN,VLSFO,618.66,BUNKERWORLD_HISTORICAL
2023-04-03,SGP_SIN,MGO,809.56,BUNKERWORLD_HISTORICAL
2023-04-03,LKA_CMB,VLSFO,634.13,BUNKERWORLD_HISTORICAL
2023-04-03,LKA_CMB,MGO,829.8,BUNKERWORLD_HISTORICAL
2023-04-03,ARE_FUJ,VLSFO,612.47,BUNKERWORLD_HISTORICAL
2023-04-03,ARE_FUJ,MGO,801.47,BUNKERWORLD_HISTORICAL
2023-04-04,SGP_SIN,VLSFO,604.24,BUNKERWORLD_HISTORICAL
2023-04-04,SGP_SIN,MGO,776.73,BUNKERWORLD_HISTORICAL
2023-04-04,LKA_CMB,VLSFO,619.35,BUNKERWORLD_HISTORICAL
2023-04-04,LKA_CMB,MGO,796.14,BUNKERWORLD_HISTORICAL
2023-04-04,ARE_FUJ,VLSFO,598.2,BUNKERWORLD_HISTORICAL
2023-04-04,ARE_FUJ,MGO,768.96,BUNKERWORLD_HISTORICAL
2023-04-05,SGP_SIN,VLSFO,600.21,BUNKERWORLD_HISTORICAL
2023-04-05,SGP_SIN,MGO,770.04,BUNKERWORLD_HISTORICAL
2023-04-05,LKA_CMB,VLSFO,615.21,BUNKERWORLD_HISTORICAL
2023-04-05,LKA_CMB,MGO,789.29,BUNKERWORLD_HISTORICAL
2023-04-05,ARE_FUJ,VLSFO,594.21,BUNKERWORLD_HISTORICAL
2023-04-05,ARE_FUJ,MGO,762.34,BUNKERWORLD_HISTORICAL
2023-04-06,SGP_SIN,VLSFO,600.29,BUNKERWORLD_HISTORICAL
2023-04-06,SGP_SIN,MGO,773.31,BUNKERWORLD_HISTORICAL
2023-04-06,LKA_CMB,VLSFO,615.3,BUNKERWORLD_HISTORICAL
2023-04-06,LKA_CMB,MGO,792.64,BUNKERWORLD_HISTORICAL
2023-04-06,ARE_FUJ,VLSFO,594.29,BUNKERWORLD_HISTORICAL
2023-04-06,ARE_FUJ,MGO,765.58,BUNKERWORLD_HISTORICAL
2023-04-07,SGP_SIN,VLSFO,608.98,BUNKERWORLD_HISTORICAL
2023-04-07,SGP_SIN,MGO,788.16,BUNKERWORLD_HISTORICAL
2023-04-07,LKA_CMB,VLSFO,624.21,BUNKERWORLD_HISTORICAL
2023-04-07,LKA_CMB,MGO,807.87,BUNKERWORLD_HISTORICAL
2023-04-07,ARE_FUJ,VLSFO,602.89,BUNKERWORLD_HISTORICAL
2023-04-07,ARE_FUJ,MGO,780.28,BUNKERWORLD_HISTORICAL
2023-04-08,SGP_SIN,VLSFO,613.01,BUNKERWORLD_HISTORICAL
2023-04-08,SGP_SIN,MGO,792.68,BUNKERWORLD_HISTORICAL
2023-04-08,LKA_CMB,VLSFO,628.34,BUNKERWORLD_HISTORICAL
2023-04-08,LKA_CMB,MGO,812.5,BUNKERWORLD_HISTORICAL
2023-04-08,ARE_FUJ,VLSFO,606.88,BUNKERWORLD_HISTORICAL
2023-04-08,ARE_FUJ,MGO,784.75,BUNKERWORLD_HISTORICAL
2023-04-09,SGP_SIN,VLSFO,607.72,BUNKERWORLD_HISTORICAL
2023-04-09,SGP_SIN,MGO,766.86,BUNKERWORLD_HISTORICAL
2023-04-09,LKA_CMB,VLSFO,622.91,BUNKERWORLD_HISTORICAL
2023-04-09,LKA_CMB,MGO,786.03,BUNKERWORLD_HISTORICAL
2023-04-09,ARE_FUJ,VLSFO,601.64,BUNKERWORLD_HISTORICAL
2023-04-09,ARE_FUJ,MGO,759.19,BUNKERWORLD_HISTORICAL
2023-04-10,SGP_SIN,VLSFO,614.67,BUNKERWORLD_HISTORICAL
2023-04-10,SGP_SIN,MGO,773.11,BUNKERWORLD_HISTORICAL
2023-04-10,LKA_CMB,VLSFO,630.03,BUNKERWORLD_HISTORICAL
2023-04-10,LKA_CMB,MGO,792.44,BUNKERWORLD_HISTORICAL
2023-04-10,ARE_FUJ,VLSFO,608.52,BUNKERWORLD_HISTORICAL
2023-04-10,ARE_FUJ,MGO,765.38,BUNKERWORLD_HISTORICAL
2023-04-11,SGP_SIN,VLSFO,602.76,BUNKERWORLD_HISTORICAL
2023-04-11,SGP_SIN,MGO,777.75,BUNKERWORLD_HISTORICAL
2023-04-11,LKA_CMB,VLSFO,617.83,BUNKERWORLD_HISTORICAL
2023-04-11,LKA_CMB,MGO,797.19,BUNKERWORLD_HISTORICAL
2023-04-11,ARE_FUJ,VLSFO,596.73,BUNKERWORLD_HISTORICAL
2023-04-11,ARE_FUJ,MGO,769.97,BUNKERWORLD_HISTORICAL
2023-04-12,SGP_SIN,VLSFO,623.53,BUNKERWORLD_HISTORICAL
2023-04-12,SGP_SIN,MGO,796.49,BUNKERWORLD_HISTORICAL
2023-04-12,LKA_CMB,VLSFO,639.12,BUNKERWORLD_HISTORICAL
2023-04-12,LKA_CMB,MGO,816.4,BUNKERWORLD_HISTORICAL
2023-04-12,ARE_FUJ,VLSFO,617.3,BUNKERWORLD_HISTORICAL
2023-04-12,ARE_FUJ,MGO,788.52,BUNKERWORLD_HISTORICAL
2023-04-13,SGP_SIN,VLSFO,604.32,BUNKERWORLD_HISTORICAL
2023-04-13,SGP_SIN,MGO,774.95,BUNKERWORLD_HISTORICAL
2023-04-13,LKA_CMB,VLSFO,619.43,BUNKERWORLD_HISTORICAL
2023-04-13,LKA_CMB,MGO,794.33,BUNKERWORLD_HISTORICAL
2023-04-13,ARE_FUJ,VLSFO,598.28,BUNKERWORLD_HISTORICAL
2023-04-13,ARE_FUJ,MGO,767.2,BUNKERWORLD_HISTORICAL
2023-04-14,SGP_SIN,VLSFO,606.29,BUNKERWORLD_HISTORICAL
2023-04-14,SGP_SIN,MGO,773.26,BUNKERWORLD_HISTORICAL
2023-04-14,LKA_CMB,VLSFO,621.45,BUNKERWORLD_HISTORICAL
2023-04-14,LKA_CMB,MGO,792.59,BUNKERWORLD_HISTORICAL
2023-04-14,ARE_FUJ,VLSFO,600.23,BUNKERWORLD_HISTORICAL
2023-04-14,ARE_FUJ,MGO,765.52,BUNKERWORLD_HISTORICAL
2023-04-15,SGP_SIN,VLSFO,604.67,BUNKERWORLD_HISTORICAL
2023-04-15,SGP_SIN,MGO,774.74,BUNKERWORLD_HISTORICAL
2023-04-15,LKA_CMB,VLSFO,619.79,BUNKERWORLD_HISTORICAL
2023-04-15,LKA_CMB,MGO,794.11,BUNKERWORLD_HISTORICAL
2023-04-15,ARE_FUJ,VLSFO,598.62,BUNKERWORLD_HISTORICAL
2023-04-15,ARE_FUJ,MGO,766.99,BUNKERWORLD_HISTORICAL
2023-04-16,SGP_SIN,VLSFO,607.19,BUNKERWORLD_HISTORICAL
2023-04-16,SGP_SIN,MGO,765.76,BUNKERWORLD_HISTORICAL
2023-04-16,LKA_CMB,VLSFO,622.37,BUNKERWORLD_HISTORICAL
2023-04-16,LKA_CMB,MGO,784.9,BUNKERWORLD_HISTORICAL
2023-04-16,ARE_FUJ,VLSFO,601.12,BUNKERWORLD_HISTORICAL
2023-04-16,ARE_FUJ,MGO,758.1,BUNKERWORLD_HISTORICAL
2023-04-17,SGP_SIN,VLSFO,590.0,BUNKERWORLD_HISTORICAL
2023-04-17,SGP_SIN,MGO,759.33,BUNKERWORLD_HISTORICAL
2023-04-17,LKA_CMB,VLSFO,604.75,BUNKERWORLD_HISTORICAL
2023-04-17,LKA_CMB,MGO,778.32,BUNKERWORLD_HISTORICAL
2023-04-17,ARE_FUJ,VLSFO,584.1,BUNKERWORLD_HISTORICAL
2023-04-17,ARE_FUJ,MGO,751.74,BUNKERWORLD_HISTORICAL
2023-04-18,SGP_SIN,VLSFO,602.92,BUNKERWORLD_HISTORICAL
2023-04-18,SGP_SIN,MGO,764.4,BUNKERWORLD_HISTORICAL
2023-04-18,LKA_CMB,VLSFO,618.0,BUNKERWORLD_HISTORICAL
2023-04-18,LKA_CMB,MGO,783.51,BUNKERWORLD_HISTORICAL
2023-04-18,ARE_FUJ,VLSFO,596.9,BUNKERWORLD_HISTORICAL
2023-04-18,ARE_FUJ,MGO,756.76,BUNKERWORLD_HISTORICAL
2023-04-19,SGP_SIN,VLSFO,596.5,BUNKERWORLD_HISTORICAL
2023-04-19,SGP_SIN,MGO,752.06,BUNKERWORLD_HISTORICAL
2023-04-19,LKA_CMB,VLSFO,611.42,BUNKERWORLD_HISTORICAL
2023-04-19,LKA_CMB,MGO,770.86,BUNKERWORLD_HISTORICAL
2023-04-19,ARE_FUJ,VLSFO,590.54,BUNKERWORLD_HISTORICAL
2023-04-19,ARE_FUJ,MGO,744.54,BUNKERWORLD_HISTORICAL
2023-04-20,SGP_SIN,VLSFO,597.25,BUNKERWORLD_HISTORICAL
2023-04-20,SGP_SIN,MGO,761.24,BUNKERWORLD_HISTORICAL
2023-04-20,LKA_CMB,VLSFO,612.18,BUNKERWORLD_HISTORICAL
2023-04-20,LKA_CMB,MGO,780.27,BUNKERWORLD_HISTORICAL
2023-04-20,ARE_FUJ,VLSFO,591.28,BUNKERWORLD_HISTORICAL
2023-04-20,ARE_FUJ,MGO,753.63,BUNKERWORLD_HISTORICAL
2023-04-21,SGP_SIN,VLSFO,602.14,BUNKERWORLD_HISTORICAL
2023-04-21,SGP_SIN,MGO,766.7,BUNKERWORLD_HISTORICAL
2023-04-21,LKA_CMB,VLSFO,617.2,BUNKERWORLD_HISTORICAL
2023-04-21,LKA_CMB,MGO,785.87,BUNKERWORLD_HISTORICAL
2023-04-21,ARE_FUJ,VLSFO,596.12,BUNKERWORLD_HISTORICAL
2023-04-21,ARE_FUJ,MGO,759.03,BUNKERWORLD_HISTORICAL
2023-04-22,SGP_SIN,VLSFO,581.17,BUNKERWORLD_HISTORICAL
2023-04-22,SGP_SIN,MGO,745.51,BUNKERWORLD_HISTORICAL
2023-04-22,LKA_CMB,VLSFO,595.7,BUNKERWORLD_HISTORICAL
2023-04-22,LKA_CMB,MGO,764.15,BUNKERWORLD_HISTORICAL
2023-04-22,ARE_FUJ,VLSFO,575.35,BUNKERWORLD_HISTORICAL
2023-04-22,ARE_FUJ,MGO,738.06,BUNKERWORLD_HISTORICAL
2023-04-23,SGP_SIN,VLSFO,605.97,BUNKERWORLD_HISTORICAL
2023-04-23,SGP_SIN,MGO,783.21,BUNKERWORLD_HISTORICAL
2023-04-23,LKA_CMB,VLSFO,621.12,BUNKERWORLD_HISTORICAL
2023-04-23,LKA_CMB,MGO,802.79,BUNKERWORLD_HISTORICAL
2023-04-23,ARE_FUJ,VLSFO,599.91,BUNKERWORLD_HISTORICAL
2023-04-23,ARE_FUJ,MGO,775.38,BUNKERWORLD_HISTORICAL
2023-04-24,SGP_SIN,VLSFO,589.26,BUNKERWORLD_HISTORICAL
2023-04-24,SGP_SIN,MGO,750.66,BUNKERWORLD_HISTORICAL
2023-04-24,LKA_CMB,VLSFO,603.99,BUNKERWORLD_HISTORICAL
2023-04-24,LKA_CMB,MGO,769.43,BUNKERWORLD_HISTORICAL
2023-04-24,ARE_FUJ,VLSFO,583.37,BUNKERWORLD_HISTORICAL
2023-04-24,ARE_FUJ,MGO,743.16,BUNKERWORLD_HISTORICAL
2023-04-25,SGP_SIN,VLSFO,594.91,BUNKERWORLD_HISTORICAL
2023-04-25,SGP_SIN,MGO,766.81,BUNKERWORLD_HISTORICAL
2023-04-25,LKA_CMB,VLSFO,609.79,BUNKERWORLD_HISTORICAL
2023-04-25,LKA_CMB,MGO,785.98,BUNKERWORLD_HISTORICAL
2023-04-25,ARE_FUJ,VLSFO,588.97,BUNKERWORLD_HISTORICAL
2023-04-25,ARE_FUJ,MGO,759.14,BUNKERWORLD_HISTORICAL
2023-04-26,SGP_SIN,VLSFO,580.58,BUNKERWORLD_HISTORICAL
2023-04-26,SGP_SIN,MGO,745.39,BUNKERWORLD_HISTORICAL
2023-04-26,LKA_CMB,VLSFO,595.1,BUNKERWORLD_HISTORICAL
2023-04-26,LKA_CMB,MGO,764.02,BUNKERWORLD_HISTORICAL
2023-04-26,ARE_FUJ,VLSFO,574.78,BUNKERWORLD_HISTORICAL
2023-04-26,ARE_FUJ,MGO,737.93,BUNKERWORLD_HISTORICAL
2023-04-27,SGP_SIN,VLSFO,592.25,BUNKERWORLD_HISTORICAL
2023-04-27,SGP_SIN,MGO,752.14,BUNKERWORLD_HISTORICAL
2023-04-27,LKA_CMB,VLSFO,607.06,BUNKERWORLD_HISTORICAL
2023-04-27,LKA_CMB,MGO,770.94,BUNKERWORLD_HISTORICAL
2023-04-27,ARE_FUJ,VLSFO,586.33,BUNKERWORLD_HISTORICAL
2023-04-27,ARE_FUJ,MGO,744.62,BUNKERWORLD_HISTORICAL
2023-04-28,SGP_SIN,VLSFO,594.14,BUNKERWORLD_HISTORICAL
2023-04-28,SGP_SIN,MGO,766.6,BUNKERWORLD_HISTORICAL
2023-04-28,LKA_CMB,VLSFO,608.99,BUNKERWORLD_HISTORICAL
2023-04-28,LKA_CMB,MGO,785.76,BUNKERWORLD_HISTORICAL
2023-04-28,ARE_FUJ,VLSFO,588.2,BUNKERWORLD_HISTORICAL
2023-04-28,ARE_FUJ,MGO,758.93,BUNKERWORLD_HISTORICAL
2023-04-29,SGP_SIN,VLSFO,595.26,BUNKERWORLD_HISTORICAL
2023-04-29,SGP_SIN,MGO,753.32,BUNKERWORLD_HISTORICAL
2023-04-29,LKA_CMB,VLSFO,610.15,BUNKERWORLD_HISTORICAL
2023-04-29,LKA_CMB,MGO,772.15,BUNKERWORLD_HISTORICAL
2023-04-29,ARE_FUJ,VLSFO,589.31,BUNKERWORLD_HISTORICAL
2023-04-29,ARE_FUJ,MGO,745.79,BUNKERWORLD_HISTORICAL
2023-04-30,SGP_SIN,VLSFO,593.65,BUNKERWORLD_HISTORICAL
2023-04-30,SGP_SIN,MGO,772.23,BUNKERWORLD_HISTORICAL
2023-04-30,LKA_CMB,VLSFO,608.49,BUNKERWORLD_HISTORICAL
2023-04-30,LKA_CMB,MGO,791.54,BUNKERWORLD_HISTORICAL
2023-04-30,ARE_FUJ,VLSFO,587.72,BUNKERWORLD_HISTORICAL
2023-04-30,ARE_FUJ,MGO,764.51,BUNKERWORLD_HISTORICAL
2023-05-01,SGP_SIN,VLSFO,601.11,BUNKERWORLD_HISTORICAL
2023-05-01,SGP_SIN,MGO,769.8,BUNKERWORLD_HISTORICAL
2023-05-01,LKA_CMB,VLSFO,616.13,BUNKERWORLD_HISTORICAL
2023-05-01,LKA_CMB,MGO,789.04,BUNKERWORLD_HISTORICAL
2023-05-01,ARE_FUJ,VLSFO,595.1,BUNKERWORLD_HISTORICAL
2023-05-01,ARE_FUJ,MGO,762.1,BUNKERWORLD_HISTORICAL
2023-05-02,SGP_SIN,VLSFO,596.01,BUNKERWORLD_HISTORICAL
2023-05-02,SGP_SIN,MGO,780.4,BUNKERWORLD_HISTORICAL
2023-05-02,LKA_CMB,VLSFO,610.91,BUNKERWORLD_HISTORICAL
2023-05-02,LKA_CMB,MGO,799.91,BUNKERWORLD_HISTORICAL
2023-05-02,ARE_FUJ,VLSFO,590.05,BUNKERWORLD_HISTORICAL
2023-05-02,ARE_FUJ,MGO,772.6,BUNKERWORLD_HISTORICAL
2023-05-03,SGP_SIN,VLSFO,592.46,BUNKERWORLD_HISTORICAL
2023-05-03,SGP_SIN,MGO,765.88,BUNKERWORLD_HISTORICAL
2023-05-03,LKA_CMB,VLSFO,607.27,BUNKERWORLD_HISTORICAL
2023-05-03,LKA_CMB,MGO,785.03,BUNKERWORLD_HISTORICAL
2023-05-03,ARE_FUJ,VLSFO,586.54,BUNKERWORLD_HISTORICAL
2023-05-03,ARE_FUJ,MGO,758.22,BUNKERWORLD_HISTORICAL
2023-05-04,SGP_SIN,VLSFO,608.62,BUNKERWORLD_HISTORICAL
2023-05-04,SGP_SIN,MGO,774.96,BUNKERWORLD_HISTORICAL
2023-05-04,LKA_CMB,VLSFO,623.84,BUNKERWORLD_HISTORICAL
2023-05-04,LKA_CMB,MGO,794.33,BUNKERWORLD_HISTORICAL
2023-05-04,ARE_FUJ,VLSFO,602.54,BUNKERWORLD_HISTORICAL
2023-05-04,ARE_FUJ,MGO,767.21,BUNKERWORLD_HISTORICAL
2023-05-05,SGP_SIN,VLSFO,599.27,BUNKERWORLD_HISTORICAL
2023-05-05,SGP_SIN,MGO,779.17,BUNKERWORLD_HISTORICAL
2023-05-05,LKA_CMB,VLSFO,614.25,BUNKERWORLD_HISTORICAL
2023-05-05,LKA_CMB,MGO,798.65,BUNKERWORLD_HISTORICAL
2023-05-05,ARE_FUJ,VLSFO,593.28,BUNKERWORLD_HISTORICAL
2023-05-05,ARE_FUJ,MGO,771.38,BUNKERWORLD_HISTORICAL
2023-05-06,SGP_SIN,VLSFO,607.91,BUNKERWORLD_HISTORICAL
2023-05-06,SGP_SIN,MGO,780.5,BUNKERWORLD_HISTORICAL
2023-05-06,LKA_CMB,VLSFO,623.11,BUNKERWORLD_HISTORICAL
2023-05-06,LKA_CMB,MGO,800.02,BUNKERWORLD_HISTORICAL
2023-05-06,ARE_FUJ,VLSFO,601.83,BUNKERWORLD_HISTORICAL
2023-05-06,ARE_FUJ,MGO,772.7,BUNKERWORLD_HISTORICAL
2023-05-07,SGP_SIN,VLSFO,614.42,BUNKERWORLD_HISTORICAL
2023-05-07,SGP_SIN,MGO,789.32,BUNKERWORLD_HISTORICAL
2023-05-07,LKA_CMB,VLSFO,629.78,BUNKERWORLD_HISTORICAL
2023-05-07,LKA_CMB,MGO,809.06,BUNKERWORLD_HISTORICAL
2023-05-07,ARE_FUJ,VLSFO,608.27,BUNKERWORLD_HISTORICAL
2023-05-07,ARE_FUJ,MGO,781.43,BUNKERWORLD_HISTORICAL
2023-05-08,SGP_SIN,VLSFO,610.58,BUNKERWORLD_HISTORICAL
2023-05-08,SGP_SIN,MGO,781.28,BUNKERWORLD_HISTORICAL
2023-05-08,LKA_CMB,VLSFO,625.84,BUNKERWORLD_HISTORICAL
2023-05-08,LKA_CMB,MGO,800.81,BUNKERWORLD_HISTORICAL
2023-05-08,ARE_FUJ,VLSFO,604.47,BUNKERWORLD_HISTORICAL
2023-05-08,ARE_FUJ,MGO,773.46,BUNKERWORLD_HISTORICAL
2023-05-09,SGP_SIN,VLSFO,614.23,BUNKERWORLD_HISTORICAL
2023-05-09,SGP_SIN,MGO,799.65,BUNKERWORLD_HISTORICAL
2023-05-09,LKA_CMB,VLSFO,629.59,BUNKERWORLD_HISTORICAL
2023-05-09,LKA_CMB,MGO,819.64,BUNKERWORLD_HISTORICAL
2023-05-09,ARE_FUJ,VLSFO,608.09,BUNKERWORLD_HISTORICAL
2023-05-09,ARE_FUJ,MGO,791.65,BUNKERWORLD_HISTORICAL
2023-05-10,SGP_SIN,VLSFO,615.05,BUNKERWORLD_HISTORICAL
2023-05-10,SGP_SIN,MGO,789.79,BUNKERWORLD_HISTORICAL
2023-05-10,LKA_CMB,VLSFO,630.43,BUNKERWORLD_HISTORICAL
2023-05-10,LKA_CMB,MGO,809.54,BUNKERWORLD_HISTORICAL
2023-05-10,ARE_FUJ,VLSFO,608.9,BUNKERWORLD_HISTORICAL
2023-05-10,ARE_FUJ,MGO,781.89,BUNKERWORLD_HISTORICAL
2023-05-11,SGP_SIN,VLSFO,608.68,BUNKERWORLD_HISTORICAL
2023-05-11,SGP_SIN,MGO,790.47,BUNKERWORLD_HISTORICAL
2023-05-11,LKA_CMB,VLSFO,623.9,BUNKERWORLD_HISTORICAL
2023-05-11,LKA_CMB,MGO,810.23,BUNKERWORLD_HISTORICAL
2023-05-11,ARE_FUJ,VLSFO,602.59,BUNKERWORLD_HISTORICAL
2023-05-11,ARE_FUJ,MGO,782.56,BUNKERWORLD_HISTORICAL
2023-05-12,SGP_SIN,VLSFO,602.62,BUNKERWORLD_HISTORICAL
2023-05-12,SGP_SIN,MGO,769.51,BUNKERWORLD_HISTORICAL
2023-05-12,LKA_CMB,VLSFO,617.69,BUNKERWORLD_HISTORICAL
2023-05-12,LKA_CMB,MGO,788.75,BUNKERWORLD_HISTORICAL
2023-05-12,ARE_FUJ,VLSFO,596.6,BUNKERWORLD_HISTORICAL
2023-05-12,ARE_FUJ,MGO,761.82,BUNKERWORLD_HISTORICAL
2023-05-13,SGP_SIN,VLSFO,588.93,BUNKERWORLD_HISTORICAL
2023-05-13,SGP_SIN,MGO,758.51,BUNKERWORLD_HISTORICAL
2023-05-13,LKA_CMB,VLSFO,603.65,BUNKERWORLD_HISTORICAL
2023-05-13,LKA_CMB,MGO,777.47,BUNKERWORLD_HISTORICAL
2023-05-13,ARE_FUJ,VLSFO,583.04,BUNKERWORLD_HISTORICAL
2023-05-13,ARE_FUJ,MGO,750.93,BUNKERWORLD_HISTORICAL
2023-05-14,SGP_SIN,VLSFO,601.35,BUNKERWORLD_HISTORICAL
2023-05-14,SGP_SIN,MGO,781.86,BUNKERWORLD_HISTORICAL
2023-05-14,LKA_CMB,VLSFO,616.38,BUNKERWORLD_HISTORICAL
2023-05-14,LKA_CMB,MGO,801.41,BUNKERWORLD_HISTORICAL
2023-05-14,ARE_FUJ,VLSFO,595.34,BUNKERWORLD_HISTORICAL
2023-05-14,ARE_FUJ,MGO,774.04,BUNKERWORLD_HISTORICAL
2023-05-15,SGP_SIN,VLSFO,594.32,BUNKERWORLD_HISTORICAL
2023-05-15,SGP_SIN,MGO,775.72,BUNKERWORLD_HISTORICAL
2023-05-15,LKA_CMB,VLSFO,609.18,BUNKERWORLD_HISTORICAL
2023-05-15,LKA_CMB,MGO,795.11,BUNKERWORLD_HISTORICAL
2023-05-15,ARE_FUJ,VLSFO,588.38,BUNKERWORLD_HISTORICAL
2023-05-15,ARE_FUJ,MGO,767.96,BUNKERWORLD_HISTORICAL
2023-05-16,SGP_SIN,VLSFO,602.5,BUNKERWORLD_HISTORICAL
2023-05-16,SGP_SIN,MGO,773.47,BUNKERWORLD_HISTORICAL
2023-05-16,LKA_CMB,VLSFO,617.57,BUNKERWORLD_HISTORICAL
2023-05-16,LKA_CMB,MGO,792.81,BUNKERWORLD_HISTORICAL
2023-05-16,ARE_FUJ,VLSFO,596.48,BUNKERWORLD_HISTORICAL
2023-05-16,ARE_FUJ,MGO,765.73,BUNKERWORLD_HISTORICAL
2023-05-17,SGP_SIN,VLSFO,600.34,BUNKERWORLD_HISTORICAL
2023-05-17,SGP_SIN,MGO,778.61,BUNKERWORLD_HISTORICAL
2023-05-17,LKA_CMB,VLSFO,615.34,BUNKERWORLD_HISTORICAL
2023-05-17,LKA_CMB,MGO,798.07,BUNKERWORLD_HISTORICAL
2023-05-17,ARE_FUJ,VLSFO,594.33,BUNKERWORLD_HISTORICAL
2023-05-17,ARE_FUJ,MGO,770.82,BUNKERWORLD_HISTORICAL
2023-05-18,SGP_SIN,VLSFO,603.79,BUNKERWORLD_HISTORICAL
2023-05-18,SGP_SIN,MGO,773.72,BUNKERWORLD_HISTORICAL
2023-05-18,LKA_CMB,VLSFO,618.88,BUNKERWORLD_HISTORICAL
2023-05-18,LKA_CMB,MGO,793.07,BUNKERWORLD_HISTORICAL
2023-05-18,ARE_FUJ,VLSFO,597.75,BUNKERWORLD_HISTORICAL
2023-05-18,ARE_FUJ,MGO,765.99,BUNKERWORLD_HISTORICAL
2023-05-19,SGP_SIN,VLSFO,607.0,BUNKERWORLD_HISTORICAL
2023-05-19,SGP_SIN,MGO,787.55,BUNKERWORLD_HISTORICAL
2023-05-19,LKA_CMB,VLSFO,622.17,BUNKERWORLD_HISTORICAL
2023-05-19,LKA_CMB,MGO,807.24,BUNKERWORLD_HISTORICAL
2023-05-19,ARE_FUJ,VLSFO,600.93,BUNKERWORLD_HISTORICAL
2023-05-19,ARE_FUJ,MGO,779.68,BUNKERWORLD_HISTORICAL
2023-05-20,SGP_SIN,VLSFO,599.01,BUNKERWORLD_HISTORICAL
2023-05-20,SGP_SIN,MGO,763.25,BUNKERWORLD_HISTORICAL
2023-05-20,LKA_CMB,VLSFO,613.98,BUNKERWORLD_HISTORICAL
2023-05-20,LKA_CMB,MGO,782.33,BUNKERWORLD_HISTORICAL
2023-05-20,ARE_FUJ,VLSFO,593.02,BUNKERWORLD_HISTORICAL
2023-05-20,ARE_FUJ,MGO,755.61,BUNKERWORLD_HISTORICAL
2023-05-21,SGP_SIN,VLSFO,600.18,BUNKERWORLD_HISTORICAL
2023-05-21,SGP_SIN,MGO,781.51,BUNKERWORLD_HISTORICAL
2023-05-21,LKA_CMB,VLSFO,615.18,BUNKERWORLD_HISTORICAL
2023-05-21,LKA_CMB,MGO,801.05,BUNKERWORLD_HISTORICAL
2023-05-21,ARE_FUJ,VLSFO,594.18,BUNKERWORLD_HISTORICAL
2023-05-21,ARE_FUJ,MGO,773.7,BUNKERWORLD_HISTORICAL
2023-05-22,SGP_SIN,VLSFO,582.33,BUNKERWORLD_HISTORICAL
2023-05-22,SGP_SIN,MGO,746.0,BUNKERWORLD_HISTORICAL
2023-05-22,LKA_CMB,VLSFO,596.89,BUNKERWORLD_HISTORICAL
2023-05-22,LKA_CMB,MGO,764.65,BUNKERWORLD_HISTORICAL
2023-05-22,ARE_FUJ,VLSFO,576.51,BUNKERWORLD_HISTORICAL
2023-05-22,ARE_FUJ,MGO,738.54,BUNKERWORLD_HISTORICAL
2023-05-23,SGP_SIN,VLSFO,590.39,BUNKERWORLD_HISTORICAL
2023-05-23,SGP_SIN,MGO,752.27,BUNKERWORLD_HISTORICAL
2023-05-23,LKA_CMB,VLSFO,605.15,BUNKERWORLD_HISTORICAL
2023-05-23,LKA_CMB,MGO,771.08,BUNKERWORLD_HISTORICAL
2023-05-23,ARE_FUJ,VLSFO,584.49,BUNKERWORLD_HISTORICAL
2023-05-23,ARE_FUJ,MGO,744.75,BUNKERWORLD_HISTORICAL
2023-05-24,SGP_SIN,VLSFO,580.66,BUNKERWORLD_HISTORICAL
2023-05-24,SGP_SIN,MGO,759.55,BUNKERWORLD_HISTORICAL
2023-05-24,LKA_CMB,VLSFO,595.17,BUNKERWORLD_HISTORICAL
2023-05-24,LKA_CMB,MGO,778.54,BUNKERWORLD_HISTORICAL
2023-05-24,ARE_FUJ,VLSFO,574.85,BUNKERWORLD_HISTORICAL
2023-05-24,ARE_FUJ,MGO,751.96,BUNKERWORLD_HISTORICAL
2023-05-25,SGP_SIN,VLSFO,601.09,BUNKERWORLD_HISTORICAL
2023-05-25,SGP_SIN,MGO,773.89,BUNKERWORLD_HISTORICAL
2023-05-25,LKA_CMB,VLSFO,616.12,BUNKERWORLD_HISTORICAL
2023-05-25,LKA_CMB,MGO,793.24,BUNKERWORLD_HISTORICAL
2023-05-25,ARE_FUJ,VLSFO,595.08,BUNKERWORLD_HISTORICAL
2023-05-25,ARE_FUJ,MGO,766.15,BUNKERWORLD_HISTORICAL
2023-05-26,SGP_SIN,VLSFO,590.65,BUNKERWORLD_HISTORICAL
2023-05-26,SGP_SIN,MGO,757.53,BUNKERWORLD_HISTORICAL
2023-05-26,LKA_CMB,VLSFO,605.42,BUNKERWORLD_HISTORICAL
2023-05-26,LKA_CMB,MGO,776.47,BUNKERWORLD_HISTORICAL
2023-05-26,ARE_FUJ,VLSFO,584.74,BUNKERWORLD_HISTORICAL
2023-05-26,ARE_FUJ,MGO,749.95,BUNKERWORLD_HISTORICAL
2023-05-27,SGP_SIN,VLSFO,596.83,BUNKERWORLD_HISTORICAL
2023-05-27,SGP_SIN,MGO,759.81,BUNKERWORLD_HISTORICAL
2023-05-27,LKA_CMB,VLSFO,611.75,BUNKERWORLD_HISTORICAL
2023-05-27,LKA_CMB,MGO,778.81,BUNKERWORLD_HISTORICAL
2023-05-27,ARE_FUJ,VLSFO,590.86,BUNKERWORLD_HISTORICAL
2023-05-27,ARE_FUJ,MGO,752.21,BUNKERWORLD_HISTORICAL
2023-05-28,SGP_SIN,VLSFO,590.02,BUNKERWORLD_HISTORICAL
2023-05-28,SGP_SIN,MGO,761.12,BUNKERWORLD_HISTORICAL
2023-05-28,LKA_CMB,VLSFO,604.77,BUNKERWORLD_HISTORICAL
2023-05-28,LKA_CMB,MGO,780.15,BUNKERWORLD_HISTORICAL
2023-05-28,ARE_FUJ,VLSFO,584.12,BUNKERWORLD_HISTORICAL
2023-05-28,ARE_FUJ,MGO,753.51,BUNKERWORLD_HISTORICAL
2023-05-29,SGP_SIN,VLSFO,590.11,BUNKERWORLD_HISTORICAL
2023-05-29,SGP_SIN,MGO,756.69,BUNKERWORLD_HISTORICAL
2023-05-29,LKA_CMB,VLSFO,604.87,BUNKERWORLD_HISTORICAL
2023-05-29,LKA_CMB,MGO,775.61,BUNKERWORLD_HISTORICAL
2023-05-29,ARE_FUJ,VLSFO,584.21,BUNKERWORLD_HISTORICAL
2023-05-29,ARE_FUJ,MGO,749.12,BUNKERWORLD_HISTORICAL
2023-05-30,SGP_SIN,VLSFO,594.43,BUNKERWORLD_HISTORICAL
2023-05-30,SGP_SIN,MGO,750.85,BUNKERWORLD_HISTORICAL
2023-05-30,LKA_CMB,VLSFO,609.29,BUNKERWORLD_HISTORICAL
2023-05-30,LKA_CMB,MGO,769.62,BUNKERWORLD_HISTORICAL
2023-05-30,ARE_FUJ,VLSFO,588.48,BUNKERWORLD_HISTORICAL
2023-05-30,ARE_FUJ,MGO,743.34,BUNKERWORLD_HISTORICAL
2023-05-31,SGP_SIN,VLSFO,585.21,BUNKERWORLD_HISTORICAL
2023-05-31,SGP_SIN,MGO,749.25,BUNKERWORLD_HISTORICAL
2023-05-31,LKA_CMB,VLSFO,599.84,BUNKERWORLD_HISTORICAL
2023-05-31,LKA_CMB,MGO,767.98,BUNKERWORLD_HISTORICAL
2023-05-31,ARE_FUJ,VLSFO,579.36,BUNKERWORLD_HISTORICAL
2023-05-31,ARE_FUJ,MGO,741.76,BUNKERWORLD_HISTORICAL
2023-06-01,SGP_SIN,VLSFO,584.18,BUNKERWORLD_HISTORICAL
2023-06-01,SGP_SIN,MGO,739.71,BUNKERWORLD_HISTORICAL
2023-06-01,LKA_CMB,VLSFO,598.78,BUNKERWORLD_HISTORICAL
2023-06-01,LKA_CMB,MGO,758.2,BUNKERWORLD_HISTORICAL
2023-06-01,ARE_FUJ,VLSFO,578.34,BUNKERWORLD_HISTORICAL
2023-06-01,ARE_FUJ,MGO,732.31,BUNKERWORLD_HISTORICAL
2023-06-02,SGP_SIN,VLSFO,609.87,BUNKERWORLD_HISTORICAL
2023-06-02,SGP_SIN,MGO,774.81,BUNKERWORLD_HISTORICAL
2023-06-02,LKA_CMB,VLSFO,625.12,BUNKERWORLD_HISTORICAL
2023-06-02,LKA_CMB,MGO,794.18,BUNKERWORLD_HISTORICAL
2023-06-02,ARE_FUJ,VLSFO,603.77,BUNKERWORLD_HISTORICAL
2023-06-02,ARE_FUJ,MGO,767.06,BUNKERWORLD_HISTORICAL
2023-06-03,SGP_SIN,VLSFO,587.77,BUNKERWORLD_HISTORICAL
2023-06-03,SGP_SIN,MGO,751.87,BUNKERWORLD_HISTORICAL
2023-06-03,LKA_CMB,VLSFO,602.46,BUNKERWORLD_HISTORICAL
2023-06-03,LKA_CMB,MGO,770.67,BUNKERWORLD_HISTORICAL
2023-06-03,ARE_FUJ,VLSFO,581.89,BUNKERWORLD_HISTORICAL
2023-06-03,ARE_FUJ,MGO,744.35,BUNKERWORLD_HISTORICAL
2023-06-04,SGP_SIN,VLSFO,613.7,BUNKERWORLD_HISTORICAL
2023-06-04,SGP_SIN,MGO,773.04,BUNKERWORLD_HISTORICAL
2023-06-04,LKA_CMB,VLSFO,629.05,BUNKERWORLD_HISTORICAL
2023-06-04,LKA_CMB,MGO,792.37,BUNKERWORLD_HISTORICAL
2023-06-04,ARE_FUJ,VLSFO,607.57,BUNKERWORLD_HISTORICAL
2023-06-04,ARE_FUJ,MGO,765.31,BUNKERWORLD_HISTORICAL
2023-06-05,SGP_SIN,VLSFO,602.74,BUNKERWORLD_HISTORICAL
2023-06-05,SGP_SIN,MGO,760.35,BUNKERWORLD_HISTORICAL
2023-06-05,LKA_CMB,VLSFO,617.8,BUNKERWORLD_HISTORICAL
2023-06-05,LKA_CMB,MGO,779.36,BUNKERWORLD_HISTORICAL
2023-06-05,ARE_FUJ,VLSFO,596.71,BUNKERWORLD_HISTORICAL
2023-06-05,ARE_FUJ,MGO,752.75,BUNKERWORLD_HISTORICAL
2023-06-06,SGP_SIN,VLSFO,604.28,BUNKERWORLD_HISTORICAL
2023-06-06,SGP_SIN,MGO,777.29,BUNKERWORLD_HISTORICAL
2023-06-06,LKA_CMB,VLSFO,619.39,BUNKERWORLD_HISTORICAL
2023-06-06,LKA_CMB,MGO,796.72,BUNKERWORLD_HISTORICAL
2023-06-06,ARE_FUJ,VLSFO,598.24,BUNKERWORLD_HISTORICAL
2023-06-06,ARE_FUJ,MGO,769.51,BUNKERWORLD_HISTORICAL
2023-06-07,SGP_SIN,VLSFO,610.76,BUNKERWORLD_HISTORICAL
2023-06-07,SGP_SIN,MGO,793.4,BUNKERWORLD_HISTORICAL
2023-06-07,LKA_CMB,VLSFO,626.03,BUNKERWORLD_HISTORICAL
2023-06-07,LKA_CMB,MGO,813.23,BUNKERWORLD_HISTORICAL
2023-06-07,ARE_FUJ,VLSFO,604.65,BUNKERWORLD_HISTORICAL
2023-06-07,ARE_FUJ,MGO,785.46,BUNKERWORLD_HISTORICAL
2023-06-08,SGP_SIN,VLSFO,595.01,BUNKERWORLD_HISTORICAL
2023-06-08,SGP_SIN,MGO,763.77,BUNKERWORLD_HISTORICAL
2023-06-08,LKA_CMB,VLSFO,609.89,BUNKERWORLD_HISTORICAL
2023-06-08,LKA_CMB,MGO,782.86,BUNKERWORLD_HISTORICAL
2023-06-08,ARE_FUJ,VLSFO,589.06,BUNKERWORLD_HISTORICAL
2023-06-08,ARE_FUJ,MGO,756.13,BUNKERWORLD_HISTORICAL
2023-06-09,SGP_SIN,VLSFO,609.25,BUNKERWORLD_HISTORICAL
2023-06-09,SGP_SIN,MGO,784.35,BUNKERWORLD_HISTORICAL
2023-06-09,LKA_CMB,VLSFO,624.48,BUNKERWORLD_HISTORICAL
2023-06-09,LKA_CMB,MGO,803.96,BUNKERWORLD_HISTORICAL
2023-06-09,ARE_FUJ,VLSFO,603.16,BUNKERWORLD_HISTORICAL
2023-06-09,ARE_FUJ,MGO,776.51,BUNKERWORLD_HISTORICAL
2023-06-10,SGP_SIN,VLSFO,628.53,BUNKERWORLD_HISTORICAL
2023-06-10,SGP_SIN,MGO,806.38,BUNKERWORLD_HISTORICAL
2023-06-10,LKA_CMB,VLSFO,644.24,BUNKERWORLD_HISTORICAL
2023-06-10,LKA_CMB,MGO,826.54,BUNKERWORLD_HISTORICAL
2023-06-10,ARE_FUJ,VLSFO,622.24,BUNKERWORLD_HISTORICAL
2023-06-10,ARE_FUJ,MGO,798.32,BUNKERWORLD_HISTORICAL
2023-06-11,SGP_SIN,VLSFO,620.19,BUNKERWORLD_HISTORICAL
2023-06-11,SGP_SIN,MGO,801.98,BUNKERWORLD_HISTORICAL
2023-06-11,LKA_CMB,VLSFO,635.69,BUNKERWORLD_HISTORICAL
2023-06-11,LKA_CMB,MGO,822.03,BUNKERWORLD_HISTORICAL
2023-06-11,ARE_FUJ,VLSFO,613.99,BUNKERWORLD_HISTORICAL
2023-06-11,ARE_FUJ,MGO,793.96,BUNKERWORLD_HISTORICAL
2023-06-12,SGP_SIN,VLSFO,596.31,BUNKERWORLD_HISTORICAL
2023-06-12,SGP_SIN,MGO,762.47,BUNKERWORLD_HISTORICAL
2023-06-12,LKA_CMB,VLSFO,611.22,BUNKERWORLD_HISTORICAL
2023-06-12,LKA_CMB,MGO,781.53,BUNKERWORLD_HISTORICAL
2023-06-12,ARE_FUJ,VLSFO,590.35,BUNKERWORLD_HISTORICAL
2023-06-12,ARE_FUJ,MGO,754.84,BUNKERWORLD_HISTORICAL
2023-06-13,SGP_SIN,VLSFO,606.18,BUNKERWORLD_HISTORICAL
2023-06-13,SGP_SIN,MGO,794.27,BUNKERWORLD_HISTORICAL
2023-06-13,LKA_CMB,VLSFO,621.33,BUNKERWORLD_HISTORICAL
2023-06-13,LKA_CMB,MGO,814.12,BUNKERWORLD_HISTORICAL
2023-06-13,ARE_FUJ,VLSFO,600.12,BUNKERWORLD_HISTORICAL
2023-06-13,ARE_FUJ,MGO,786.32,BUNKERWORLD_HISTORICAL
2023-06-14,SGP_SIN,VLSFO,597.1,BUNKERWORLD_HISTORICAL
2023-06-14,SGP_SIN,MGO,769.76,BUNKERWORLD_HISTORICAL
2023-06-14,LKA_CMB,VLSFO,612.02,BUNKERWORLD_HISTORICAL
2023-06-14,LKA_CMB,MGO,789.01,BUNKERWORLD_HISTORICAL
2023-06-14,ARE_FUJ,VLSFO,591.13,BUNKERWORLD_HISTORICAL
2023-06-14,ARE_FUJ,MGO,762.07,BUNKERWORLD_HISTORICAL
2023-06-15,SGP_SIN,VLSFO,606.55,BUNKERWORLD_HISTORICAL
2023-06-15,SGP_SIN,MGO,776.99,BUNKERWORLD_HISTORICAL
2023-06-15,LKA_CMB,VLSFO,621.71,BUNKERWORLD_HISTORICAL
2023-06-15,LKA_CMB,MGO,796.41,BUNKERWORLD_HISTORICAL
2023-06-15,ARE_FUJ,VLSFO,600.48,BUNKERWORLD_HISTORICAL
2023-06-15,ARE_FUJ,MGO,769.22,BUNKERWORLD_HISTORICAL
2023-06-16,SGP_SIN,VLSFO,601.48,BUNKERWORLD_HISTORICAL
2023-06-16,SGP_SIN,MGO,765.22,BUNKERWORLD_HISTORICAL
2023-06-16,LKA_CMB,VLSFO,616.52,BUNKERWORLD_HISTORICAL
2023-06-16,LKA_CMB,MGO,784.35,BUNKERWORLD_HISTORICAL
2023-06-16,ARE_FUJ,VLSFO,595.47,BUNKERWORLD_HISTORICAL
2023-06-16,ARE_FUJ,MGO,757.57,BUNKERWORLD_HISTORICAL
2023-06-17,SGP_SIN,VLSFO,617.6,BUNKERWORLD_HISTORICAL
2023-06-17,SGP_SIN,MGO,786.54,BUNKERWORLD_HISTORICAL
2023-06-17,LKA_CMB,VLSFO,633.04,BUNKERWORLD_HISTORICAL
2023-06-17,LKA_CMB,MGO,806.21,BUNKERWORLD_HISTORICAL
2023-06-17,ARE_FUJ,VLSFO,611.43,BUNKERWORLD_HISTORICAL
2023-06-17,ARE_FUJ,MGO,778.68,BUNKERWORLD_HISTORICAL
2023-06-18,SGP_SIN,VLSFO,602.77,BUNKERWORLD_HISTORICAL
2023-06-18,SGP_SIN,MGO,772.45,BUNKERWORLD_HISTORICAL
2023-06-18,LKA_CMB,VLSFO,617.84,BUNKERWORLD_HISTORICAL
2023-06-18,LKA_CMB,MGO,791.77,BUNKERWORLD_HISTORICAL
2023-06-18,ARE_FUJ,VLSFO,596.74,BUNKERWORLD_HISTORICAL
2023-06-18,ARE_FUJ,MGO,764.73,BUNKERWORLD_HISTORICAL
2023-06-19,SGP_SIN,VLSFO,600.52,BUNKERWORLD_HISTORICAL
2023-06-19,SGP_SIN,MGO,764.83,BUNKERWORLD_HISTORICAL
2023-06-19,LKA_CMB,VLSFO,615.53,BUNKERWORLD_HISTORICAL
2023-06-19,LKA_CMB,MGO,783.95,BUNKERWORLD_HISTORICAL
2023-06-19,ARE_FUJ,VLSFO,594.51,BUNKERWORLD_HISTORICAL
2023-06-19,ARE_FUJ,MGO,757.18,BUNKERWORLD_HISTORICAL
2023-06-20,SGP_SIN,VLSFO,600.78,BUNKERWORLD_HISTORICAL
2023-06-20,SGP_SIN,MGO,759.17,BUNKERWORLD_HISTORICAL
2023-06-20,LKA_CMB,VLSFO,615.8,BUNKERWORLD_HISTORICAL
2023-06-20,LKA_CMB,MGO,778.15,BUNKERWORLD_HISTORICAL
2023-06-20,ARE_FUJ,VLSFO,594.77,BUNKERWORLD_HISTORICAL
2023-06-20,ARE_FUJ,MGO,751.58,BUNKERWORLD_HISTORICAL
2023-06-21,SGP_SIN,VLSFO,598.27,BUNKERWORLD_HISTORICAL
2023-06-21,SGP_SIN,MGO,765.71,BUNKERWORLD_HISTORICAL
2023-06-21,LKA_CMB,VLSFO,613.22,BUNKERWORLD_HISTORICAL
2023-06-21,LKA_CMB,MGO,784.86,BUNKERWORLD_HISTORICAL
2023-06-21,ARE_FUJ,VLSFO,592.28,BUNKERWORLD_HISTORICAL
2023-06-21,ARE_FUJ,MGO,758.06,BUNKERWORLD_HISTORICAL
2023-06-22,SGP_SIN,VLSFO,597.68,BUNKERWORLD_HISTORICAL
2023-06-22,SGP_SIN,MGO,760.68,BUNKERWORLD_HISTORICAL
2023-06-22,LKA_CMB,VLSFO,612.62,BUNKERWORLD_HISTORICAL
2023-06-22,LKA_CMB,MGO,779.7,BUNKERWORLD_HISTORICAL
2023-06-22,ARE_FUJ,VLSFO,591.7,BUNKERWORLD_HISTORICAL
2023-06-22,ARE_FUJ,MGO,753.07,BUNKERWORLD_HISTORICAL
2023-06-23,SGP_SIN,VLSFO,589.94,BUNKERWORLD_HISTORICAL
2023-06-23,SGP_SIN,MGO,757.14,BUNKERWORLD_HISTORICAL
2023-06-23,LKA_CMB,VLSFO,604.69,BUNKERWORLD_HISTORICAL
2023-06-23,LKA_CMB,MGO,776.07,BUNKERWORLD_HISTORICAL
2023-06-23,ARE_FUJ,VLSFO,584.04,BUNKERWORLD_HISTORICAL
2023-06-23,ARE_FUJ,MGO,749.57,BUNKERWORLD_HISTORICAL
2023-06-24,SGP_SIN,VLSFO,588.28,BUNKERWORLD_HISTORICAL
2023-06-24,SGP_SIN,MGO,751.46,BUNKERWORLD_HISTORICAL
2023-06-24,LKA_CMB,VLSFO,602.99,BUNKERWORLD_HISTORICAL
2023-06-24,LKA_CMB,MGO,770.25,BUNKERWORLD_HISTORICAL
2023-06-24,ARE_FUJ,VLSFO,582.4,BUNKERWORLD_HISTORICAL
2023-06-24,ARE_FUJ,MGO,743.95,BUNKERWORLD_HISTORICAL
2023-06-25,SGP_SIN,VLSFO,601.98,BUNKERWORLD_HISTORICAL
2023-06-25,SGP_SIN,MGO,764.93,BUNKERWORLD_HISTORICAL
2023-06-25,LKA_CMB,VLSFO,617.03,BUNKERWORLD_HISTORICAL
2023-06-25,LKA_CMB,MGO,784.05,BUNKERWORLD_HISTORICAL
2023-06-25,ARE_FUJ,VLSFO,595.96,BUNKERWORLD_HISTORICAL
2023-06-25,ARE_FUJ,MGO,757.28,BUNKERWORLD_HISTORICAL
2023-06-26,SGP_SIN,VLSFO,596.75,BUNKERWORLD_HISTORICAL
2023-06-26,SGP_SIN,MGO,766.93,BUNKERWORLD_HISTORICAL
2023-06-26,LKA_CMB,VLSFO,611.67,BUNKERWORLD_HISTORICAL
2023-06-26,LKA_CMB,MGO,786.11,BUNKERWORLD_HISTORICAL
2023-06-26,ARE_FUJ,VLSFO,590.79,BUNKERWORLD_HISTORICAL
2023-06-26,ARE_FUJ,MGO,759.26,BUNKERWORLD_HISTORICAL
2023-06-27,SGP_SIN,VLSFO,578.3,BUNKERWORLD_HISTORICAL
2023-06-27,SGP_SIN,MGO,738.32,BUNKERWORLD_HISTORICAL
2023-06-27,LKA_CMB,VLSFO,592.75,BUNKERWORLD_HISTORICAL
2023-06-27,LKA_CMB,MGO,756.77,BUNKERWORLD_HISTORICAL
2023-06-27,ARE_FUJ,VLSFO,572.51,BUNKERWORLD_HISTORICAL
2023-06-27,ARE_FUJ,MGO,730.93,BUNKERWORLD_HISTORICAL
2023-06-28,SGP_SIN,VLSFO,598.97,BUNKERWORLD_HISTORICAL
2023-06-28,SGP_SIN,MGO,779.95,BUNKERWORLD_HISTORICAL
2023-06-28,LKA_CMB,VLSFO,613.94,BUNKERWORLD_HISTORICAL
2023-06-28,LKA_CMB,MGO,799.45,BUNKERWORLD_HISTORICAL
2023-06-28,ARE_FUJ,VLSFO,592.98,BUNKERWORLD_HISTORICAL
2023-06-28,ARE_FUJ,MGO,772.15,BUNKERWORLD_HISTORICAL
2023-06-29,SGP_SIN,VLSFO,589.31,BUNKERWORLD_HISTORICAL
2023-06-29,SGP_SIN,MGO,758.21,BUNKERWORLD_HISTORICAL
2023-06-29,LKA_CMB,VLSFO,604.04,BUNKERWORLD_HISTORICAL
2023-06-29,LKA_CMB,MGO,777.16,BUNKERWORLD_HISTORICAL
2023-06-29,ARE_FUJ,VLSFO,583.41,BUNKERWORLD_HISTORICAL
2023-06-29,ARE_FUJ,MGO,750.63,BUNKERWORLD_HISTORICAL
2023-06-30,SGP_SIN,VLSFO,583.91,BUNKERWORLD_HISTORICAL
2023-06-30,SGP_SIN,MGO,743.94,BUNKERWORLD_HISTORICAL
2023-06-30,LKA_CMB,VLSFO,598.51,BUNKERWORLD_HISTORICAL
2023-06-30,LKA_CMB,MGO,762.54,BUNKERWORLD_HISTORICAL
2023-06-30,ARE_FUJ,VLSFO,578.07,BUNKERWORLD_HISTORICAL
2023-06-30,ARE_FUJ,MGO,736.5,BUNKERWORLD_HISTORICAL
2023-07-01,SGP_SIN,VLSFO,578.82,BUNKERWORLD_HISTORICAL
2023-07-01,SGP_SIN,MGO,732.49,BUNKERWORLD_HISTORICAL
2023-07-01,LKA_CMB,VLSFO,593.29,BUNKERWORLD_HISTORICAL
2023-07-01,LKA_CMB,MGO,750.8,BUNKERWORLD_HISTORICAL
2023-07-01,ARE_FUJ,VLSFO,573.04,BUNKERWORLD_HISTORICAL
2023-07-01,ARE_FUJ,MGO,725.16,BUNKERWORLD_HISTORICAL
2023-07-02,SGP_SIN,VLSFO,582.27,BUNKERWORLD_HISTORICAL
2023-07-02,SGP_SIN,MGO,739.35,BUNKERWORLD_HISTORICAL
2023-07-02,LKA_CMB,VLSFO,596.83,BUNKERWORLD_HISTORICAL
2023-07-02,LKA_CMB,MGO,757.84,BUNKERWORLD_HISTORICAL
2023-07-02,ARE_FUJ,VLSFO,576.45,BUNKERWORLD_HISTORICAL
2023-07-02,ARE_FUJ,MGO,731.96,BUNKERWORLD_HISTORICAL
2023-07-03,SGP_SIN,VLSFO,580.47,BUNKERWORLD_HISTORICAL
2023-07-03,SGP_SIN,MGO,755.19,BUNKERWORLD_HISTORICAL
2023-07-03,LKA_CMB,VLSFO,594.98,BUNKERWORLD_HISTORICAL
2023-07-03,LKA_CMB,MGO,774.07,BUNKERWORLD_HISTORICAL
2023-07-03,ARE_FUJ,VLSFO,574.66,BUNKERWORLD_HISTORICAL
2023-07-03,ARE_FUJ,MGO,747.63,BUNKERWORLD_HISTORICAL
2023-07-04,SGP_SIN,VLSFO,580.07,BUNKERWORLD_HISTORICAL
2023-07-04,SGP_SIN,MGO,737.55,BUNKERWORLD_HISTORICAL
2023-07-04,LKA_CMB,VLSFO,594.57,BUNKERWORLD_HISTORICAL
2023-07-04,LKA_CMB,MGO,755.99,BUNKERWORLD_HISTORICAL
2023-07-04,ARE_FUJ,VLSFO,574.27,BUNKERWORLD_HISTORICAL
2023-07-04,ARE_FUJ,MGO,730.17,BUNKERWORLD_HISTORICAL
2023-07-05,SGP_SIN,VLSFO,573.93,BUNKERWORLD_HISTORICAL
2023-07-05,SGP_SIN,MGO,747.87,BUNKERWORLD_HISTORICAL
2023-07-05,LKA_CMB,VLSFO,588.28,BUNKERWORLD_HISTORICAL
2023-07-05,LKA_CMB,MGO,766.57,BUNKERWORLD_HISTORICAL
2023-07-05,ARE_FUJ,VLSFO,568.19,BUNKERWORLD_HISTORICAL
2023-07-05,ARE_FUJ,MGO,740.39,BUNKERWORLD_HISTORICAL
2023-07-06,SGP_SIN,VLSFO,581.63,BUNKERWORLD_HISTORICAL
2023-07-06,SGP_SIN,MGO,741.87,BUNKERWORLD_HISTORICAL
2023-07-06,LKA_CMB,VLSFO,596.17,BUNKERWORLD_HISTORICAL
2023-07-06,LKA_CMB,MGO,760.42,BUNKERWORLD_HISTORICAL
2023-07-06,ARE_FUJ,VLSFO,575.81,BUNKERWORLD_HISTORICAL
2023-07-06,ARE_FUJ,MGO,734.45,BUNKERWORLD_HISTORICAL
2023-07-07,SGP_SIN,VLSFO,587.05,BUNKERWORLD_HISTORICAL
2023-07-07,SGP_SIN,MGO,751.87,BUNKERWORLD_HISTORICAL
2023-07-07,LKA_CMB,VLSFO,601.72,BUNKERWORLD_HISTORICAL
2023-07-07,LKA_CMB,MGO,770.67,BUNKERWORLD_HISTORICAL
2023-07-07,ARE_FUJ,VLSFO,581.18,BUNKERWORLD_HISTORICAL
2023-07-07,ARE_FUJ,MGO,744.36,BUNKERWORLD_HISTORICAL
2023-07-08,SGP_SIN,VLSFO,576.8,BUNKERWORLD_HISTORICAL
2023-07-08,SGP_SIN,MGO,733.21,BUNKERWORLD_HISTORICAL
2023-07-08,LKA_CMB,VLSFO,591.22,BUNKERWORLD_HISTORICAL
2023-07-08,LKA_CMB,MGO,751.54,BUNKERWORLD_HISTORICAL
2023-07-08,ARE_FUJ,VLSFO,571.03,BUNKERWORLD_HISTORICAL
2023-07-08,ARE_FUJ,MGO,725.88,BUNKERWORLD_HISTORICAL
2023-07-09,SGP_SIN,VLSFO,584.21,BUNKERWORLD_HISTORICAL
2023-07-09,SGP_SIN,MGO,750.37,BUNKERWORLD_HISTORICAL
2023-07-09,LKA_CMB,VLSFO,598.82,BUNKERWORLD_HISTORICAL
2023-07-09,LKA_CMB,MGO,769.13,BUNKERWORLD_HISTORICAL
2023-07-09,ARE_FUJ,VLSFO,578.37,BUNKERWORLD_HISTORICAL
2023-07-09,ARE_FUJ,MGO,742.87,BUNKERWORLD_HISTORICAL
2023-07-10,SGP_SIN,VLSFO,568.21,BUNKERWORLD_HISTORICAL
2023-07-10,SGP_SIN,MGO,710.74,BUNKERWORLD_HISTORICAL
2023-07-10,LKA_CMB,VLSFO,582.42,BUNKERWORLD_HISTORICAL
2023-07-10,LKA_CMB,MGO,728.51,BUNKERWORLD_HISTORICAL
2023-07-10,ARE_FUJ,VLSFO,562.53,BUNKERWORLD_HISTORICAL
2023-07-10,ARE_FUJ,MGO,703.63,BUNKERWORLD_HISTORICAL
2023-07-11,SGP_SIN,VLSFO,589.71,BUNKERWORLD_HISTORICAL
2023-07-11,SGP_SIN,MGO,754.53,BUNKERWORLD_HISTORICAL
2023-07-11,LKA_CMB,VLSFO,604.45,BUNKERWORLD_HISTORICAL
2023-07-11,LKA_CMB,MGO,773.39,BUNKERWORLD_HISTORICAL
2023-07-11,ARE_FUJ,VLSFO,583.81,BUNKERWORLD_HISTORICAL
2023-07-11,ARE_FUJ,MGO,746.98,BUNKERWORLD_HISTORICAL
2023-07-12,SGP_SIN,VLSFO,582.54,BUNKERWORLD_HISTORICAL
2023-07-12,SGP_SIN,MGO,736.13,BUNKERWORLD_HISTORICAL
2023-07-12,LKA_CMB,VLSFO,597.11,BUNKERWORLD_HISTORICAL
2023-07-12,LKA_CMB,MGO,754.53,BUNKERWORLD_HISTORICAL
2023-07-12,ARE_FUJ,VLSFO,576.72,BUNKERWORLD_HISTORICAL
2023-07-12,ARE_FUJ,MGO,728.77,BUNKERWORLD_HISTORICAL
2023-07-13,SGP_SIN,VLSFO,578.27,BUNKERWORLD_HISTORICAL
2023-07-13,SGP_SIN,MGO,731.1,BUNKERWORLD_HISTORICAL
2023-07-13,LKA_CMB,VLSFO,592.73,BUNKERWORLD_HISTORICAL
2023-07-13,LKA_CMB,MGO,749.37,BUNKERWORLD_HISTORICAL
2023-07-13,ARE_FUJ,VLSFO,572.49,BUNKERWORLD_HISTORICAL
2023-07-13,ARE_FUJ,MGO,723.79,BUNKERWORLD_HISTORICAL
2023-07-14,SGP_SIN,VLSFO,581.44,BUNKERWORLD_HISTORICAL
2023-07-14,SGP_SIN,MGO,744.06,BUNKERWORLD_HISTORICAL
2023-07-14,LKA_CMB,VLSFO,595.97,BUNKERWORLD_HISTORICAL
2023-07-14,LKA_CMB,MGO,762.67,BUNKERWORLD_HISTORICAL
2023-07-14,ARE_FUJ,VLSFO,575.62,BUNKERWORLD_HISTORICAL
2023-07-14,ARE_FUJ,MGO,736.62,BUNKERWORLD_HISTORICAL
2023-07-15,SGP_SIN,VLSFO,579.28,BUNKERWORLD_HISTORICAL
2023-07-15,SGP_SIN,MGO,743.87,BUNKERWORLD_HISTORICAL
2023-07-15,LKA_CMB,VLSFO,593.76,BUNKERWORLD_HISTORICAL
2023-07-15,LKA_CMB,MGO,762.47,BUNKERWORLD_HISTORICAL
2023-07-15,ARE_FUJ,VLSFO,573.48,BUNKERWORLD_HISTORICAL
2023-07-15,ARE_FUJ,MGO,736.43,BUNKERWORLD_HISTORICAL
2023-07-16,SGP_SIN,VLSFO,593.9,BUNKERWORLD_HISTORICAL
2023-07-16,SGP_SIN,MGO,759.64,BUNKERWORLD_HISTORICAL
2023-07-16,LKA_CMB,VLSFO,608.75,BUNKERWORLD_HISTORICAL
2023-07-16,LKA_CMB,MGO,778.64,BUNKERWORLD_HISTORICAL
2023-07-16,ARE_FUJ,VLSFO,587.96,BUNKERWORLD_HISTORICAL
2023-07-16,ARE_FUJ,MGO,752.05,BUNKERWORLD_HISTORICAL
2023-07-17,SGP_SIN,VLSFO,595.79,BUNKERWORLD_HISTORICAL
2023-07-17,SGP_SIN,MGO,759.87,BUNKERWORLD_HISTORICAL
2023-07-17,LKA_CMB,VLSFO,610.69,BUNKERWORLD_HISTORICAL
2023-07-17,LKA_CMB,MGO,778.87,BUNKERWORLD_HISTORICAL
2023-07-17,ARE_FUJ,VLSFO,589.83,BUNKERWORLD_HISTORICAL
2023-07-17,ARE_FUJ,MGO,752.27,BUNKERWORLD_HISTORICAL
2023-07-18,SGP_SIN,VLSFO,596.5,BUNKERWORLD_HISTORICAL
2023-07-18,SGP_SIN,MGO,768.02,BUNKERWORLD_HISTORICAL
2023-07-18,LKA_CMB,VLSFO,611.41,BUNKERWORLD_HISTORICAL
2023-07-18,LKA_CMB,MGO,787.22,BUNKERWORLD_HISTORICAL
2023-07-18,ARE_FUJ,VLSFO,590.53,BUNKERWORLD_HISTORICAL
2023-07-18,ARE_FUJ,MGO,760.34,BUNKERWORLD_HISTORICAL
2023-07-19,SGP_SIN,VLSFO,581.19,BUNKERWORLD_HISTORICAL
2023-07-19,SGP_SIN,MGO,749.7,BUNKERWORLD_HISTORICAL
2023-07-19,LKA_CMB,VLSFO,595.72,BUNKERWORLD_HISTORICAL
2023-07-19,LKA_CMB,MGO,768.44,BUNKERWORLD_HISTORICAL
2023-07-19,ARE_FUJ,VLSFO,575.38,BUNKERWORLD_HISTORICAL
2023-07-19,ARE_FUJ,MGO,742.2,BUNKERWORLD_HISTORICAL
2023-07-20,SGP_SIN,VLSFO,593.91,BUNKERWORLD_HISTORICAL
2023-07-20,SGP_SIN,MGO,769.8,BUNKERWORLD_HISTORICAL
2023-07-20,LKA_CMB,VLSFO,608.76,BUNKERWORLD_HISTORICAL
2023-07-20,LKA_CMB,MGO,789.04,BUNKERWORLD_HISTORICAL
2023-07-20,ARE_FUJ,VLSFO,587.97,BUNKERWORLD_HISTORICAL
2023-07-20,ARE_FUJ,MGO,762.1,BUNKERWORLD_HISTORICAL
2023-07-21,SGP_SIN,VLSFO,587.31,BUNKERWORLD_HISTORICAL
2023-07-21,SGP_SIN,MGO,757.87,BUNKERWORLD_HISTORICAL
2023-07-21,LKA_CMB,VLSFO,601.99,BUNKERWORLD_HISTORICAL
2023-07-21,LKA_CMB,MGO,776.82,BUNKERWORLD_HISTORICAL
2023-07-21,ARE_FUJ,VLSFO,581.44,BUNKERWORLD_HISTORICAL
2023-07-21,ARE_FUJ,MGO,750.29,BUNKERWORLD_HISTORICAL
2023-07-22,SGP_SIN,VLSFO,587.65,BUNKERWORLD_HISTORICAL
2023-07-22,SGP_SIN,MGO,750.89,BUNKERWORLD_HISTORICAL
2023-07-22,LKA_CMB,VLSFO,602.34,BUNKERWORLD_HISTORICAL
2023-07-22,LKA_CMB,MGO,769.66,BUNKERWORLD_HISTORICAL
2023-07-22,ARE_FUJ,VLSFO,581.77,BUNKERWORLD_HISTORICAL
2023-07-22,ARE_FUJ,MGO,743.38,BUNKERWORLD_HISTORICAL
2023-07-23,SGP_SIN,VLSFO,591.94,BUNKERWORLD_HISTORICAL
2023-07-23,SGP_SIN,MGO,753.92,BUNKERWORLD_HISTORICAL
2023-07-23,LKA_CMB,VLSFO,606.74,BUNKERWORLD_HISTORICAL
2023-07-23,LKA_CMB,MGO,772.76,BUNKERWORLD_HISTORICAL
2023-07-23,ARE_FUJ,VLSFO,586.03,BUNKERWORLD_HISTORICAL
2023-07-23,ARE_FUJ,MGO,746.38,BUNKERWORLD_HISTORICAL
2023-07-24,SGP_SIN,VLSFO,598.28,BUNKERWORLD_HISTORICAL
2023-07-24,SGP_SIN,MGO,768.24,BUNKERWORLD_HISTORICAL
2023-07-24,LKA_CMB,VLSFO,613.24,BUNKERWORLD_HISTORICAL
2023-07-24,LKA_CMB,MGO,787.45,BUNKERWORLD_HISTORICAL
2023-07-24,ARE_FUJ,VLSFO,592.3,BUNKERWORLD_HISTORICAL
2023-07-24,ARE_FUJ,MGO,760.56,BUNKERWORLD_HISTORICAL
2023-07-25,SGP_SIN,VLSFO,584.84,BUNKERWORLD_HISTORICAL
2023-07-25,SGP_SIN,MGO,744.53,BUNKERWORLD_HISTORICAL
2023-07-25,LKA_CMB,VLSFO,599.46,BUNKERWORLD_HISTORICAL
2023-07-25,LKA_CMB,MGO,763.15,BUNKERWORLD_HISTORICAL
2023-07-25,ARE_FUJ,VLSFO,578.99,BUNKERWORLD_HISTORICAL
2023-07-25,ARE_FUJ,MGO,737.09,BUNKERWORLD_HISTORICAL
2023-07-26,SGP_SIN,VLSFO,581.41,BUNKERWORLD_HISTORICAL
2023-07-26,SGP_SIN,MGO,753.9,BUNKERWORLD_HISTORICAL
2023-07-26,LKA_CMB,VLSFO,595.94,BUNKERWORLD_HISTORICAL
2023-07-26,LKA_CMB,MGO,772.74,BUNKERWORLD_HISTORICAL
2023-07-26,ARE_FUJ,VLSFO,575.59,BUNKERWORLD_HISTORICAL
2023-07-26,ARE_FUJ,MGO,746.36,BUNKERWORLD_HISTORICAL
2023-07-27,SGP_SIN,VLSFO,587.36,BUNKERWORLD_HISTORICAL
2023-07-27,SGP_SIN,MGO,752.74,BUNKERWORLD_HISTORICAL
2023-07-27,LKA_CMB,VLSFO,602.04,BUNKERWORLD_HISTORICAL
2023-07-27,LKA_CMB,MGO,771.55,BUNKERWORLD_HISTORICAL
2023-07-27,ARE_FUJ,VLSFO,581.49,BUNKERWORLD_HISTORICAL
2023-07-27,ARE_FUJ,MGO,745.21,BUNKERWORLD_HISTORICAL
2023-07-28,SGP_SIN,VLSFO,590.0,BUNKERWORLD_HISTORICAL
2023-07-28,SGP_SIN,MGO,757.34,BUNKERWORLD_HISTORICAL
2023-07-28,LKA_CMB,VLSFO,604.75,BUNKERWORLD_HISTORICAL
2023-07-28,LKA_CMB,MGO,776.28,BUNKERWORLD_HISTORICAL
2023-07-28,ARE_FUJ,VLSFO,584.1,BUNKERWORLD_HISTORICAL
2023-07-28,ARE_FUJ,MGO,749.77,BUNKERWORLD_HISTORICAL
2023-07-29,SGP_SIN,VLSFO,585.56,BUNKERWORLD_HISTORICAL
2023-07-29,SGP_SIN,MGO,746.14,BUNKERWORLD_HISTORICAL
2023-07-29,LKA_CMB,VLSFO,600.2,BUNKERWORLD_HISTORICAL
2023-07-29,LKA_CMB,MGO,764.79,BUNKERWORLD_HISTORICAL
2023-07-29,ARE_FUJ,VLSFO,579.7,BUNKERWORLD_HISTORICAL
2023-07-29,ARE_FUJ,MGO,738.67,BUNKERWORLD_HISTORICAL
2023-07-30,SGP_SIN,VLSFO,577.09,BUNKERWORLD_HISTORICAL
2023-07-30,SGP_SIN,MGO,740.72,BUNKERWORLD_HISTORICAL
2023-07-30,LKA_CMB,VLSFO,591.51,BUNKERWORLD_HISTORICAL
2023-07-30,LKA_CMB,MGO,759.24,BUNKERWORLD_HISTORICAL
2023-07-30,ARE_FUJ,VLSFO,571.32,BUNKERWORLD_HISTORICAL
2023-07-30,ARE_FUJ,MGO,733.31,BUNKERWORLD_HISTORICAL
2023-07-31,SGP_SIN,VLSFO,572.54,BUNKERWORLD_HISTORICAL
2023-07-31,SGP_SIN,MGO,734.07,BUNKERWORLD_HISTORICAL
2023-07-31,LKA_CMB,VLSFO,586.85,BUNKERWORLD_HISTORICAL
2023-07-31,LKA_CMB,MGO,752.42,BUNKERWORLD_HISTORICAL
2023-07-31,ARE_FUJ,VLSFO,566.81,BUNKERWORLD_HISTORICAL
2023-07-31,ARE_FUJ,MGO,726.73,BUNKERWORLD_HISTORICAL
2023-08-01,SGP_SIN,VLSFO,581.41,BUNKERWORLD_HISTORICAL
2023-08-01,SGP_SIN,MGO,743.41,BUNKERWORLD_HISTORICAL
2023-08-01,LKA_CMB,VLSFO,595.95,BUNKERWORLD_HISTORICAL
2023-08-01,LKA_CMB,MGO,761.99,BUNKERWORLD_HISTORICAL
2023-08-01,ARE_FUJ,VLSFO,575.6,BUNKERWORLD_HISTORICAL
2023-08-01,ARE_FUJ,MGO,735.97,BUNKERWORLD_HISTORICAL
2023-08-02,SGP_SIN,VLSFO,588.32,BUNKERWORLD_HISTORICAL
2023-08-02,SGP_SIN,MGO,760.07,BUNKERWORLD_HISTORICAL
2023-08-02,LKA_CMB,VLSFO,603.02,BUNKERWORLD_HISTORICAL
2023-08-02,LKA_CMB,MGO,779.07,BUNKERWORLD_HISTORICAL
2023-08-02,ARE_FUJ,VLSFO,582.43,BUNKERWORLD_HISTORICAL
2023-08-02,ARE_FUJ,MGO,752.47,BUNKERWORLD_HISTORICAL
2023-08-03,SGP_SIN,VLSFO,580.91,BUNKERWORLD_HISTORICAL
2023-08-03,SGP_SIN,MGO,742.9,BUNKERWORLD_HISTORICAL
2023-08-03,LKA_CMB,VLSFO,595.43,BUNKERWORLD_HISTORICAL
2023-08-03,LKA_CMB,MGO,761.48,BUNKERWORLD_HISTORICAL
2023-08-03,ARE_FUJ,VLSFO,575.1,BUNKERWORLD_HISTORICAL
2023-08-03,ARE_FUJ,MGO,735.47,BUNKERWORLD_HISTORICAL
2023-08-04,SGP_SIN,VLSFO,590.77,BUNKERWORLD_HISTORICAL
2023-08-04,SGP_SIN,MGO,747.27,BUNKERWORLD_HISTORICAL
2023-08-04,LKA_CMB,VLSFO,605.54,BUNKERWORLD_HISTORICAL
2023-08-04,LKA_CMB,MGO,765.95,BUNKERWORLD_HISTORICAL
2023-08-04,ARE_FUJ,VLSFO,584.86,BUNKERWORLD_HISTORICAL
2023-08-04,ARE_FUJ,MGO,739.79,BUNKERWORLD_HISTORICAL
2023-08-05,SGP_SIN,VLSFO,585.49,BUNKERWORLD_HISTORICAL
2023-08-05,SGP_SIN,MGO,749.53,BUNKERWORLD_HISTORICAL
2023-08-05,LKA_CMB,VLSFO,600.12,BUNKERWORLD_HISTORICAL
2023-08-05,LKA_CMB,MGO,768.27,BUNKERWORLD_HISTORICAL
2023-08-05,ARE_FUJ,VLSFO,579.63,BUNKERWORLD_HISTORICAL
2023-08-05,ARE_FUJ,MGO,742.04,BUNKERWORLD_HISTORICAL
2023-08-06,SGP_SIN,VLSFO,586.19,BUNKERWORLD_HISTORICAL
2023-08-06,SGP_SIN,MGO,750.49,BUNKERWORLD_HISTORICAL
2023-08-06,LKA_CMB,VLSFO,600.85,BUNKERWORLD_HISTORICAL
2023-08-06,LKA_CMB,MGO,769.25,BUNKERWORLD_HISTORICAL
2023-08-06,ARE_FUJ,VLSFO,580.33,BUNKERWORLD_HISTORICAL
2023-08-06,ARE_FUJ,MGO,742.98,BUNKERWORLD_HISTORICAL
2023-08-07,SGP_SIN,VLSFO,576.72,BUNKERWORLD_HISTORICAL
2023-08-07,SGP_SIN,MGO,746.73,BUNKERWORLD_HISTORICAL
2023-08-07,LKA_CMB,VLSFO,591.14,BUNKERWORLD_HISTORICAL
2023-08-07,LKA_CMB,MGO,765.4,BUNKERWORLD_HISTORICAL
2023-08-07,ARE_FUJ,VLSFO,570.95,BUNKERWORLD_HISTORICAL
2023-08-07,ARE_FUJ,MGO,739.26,BUNKERWORLD_HISTORICAL
2023-08-08,SGP_SIN,VLSFO,576.24,BUNKERWORLD_HISTORICAL
2023-08-08,SGP_SIN,MGO,743.79,BUNKERWORLD_HISTORICAL
2023-08-08,LKA_CMB,VLSFO,590.65,BUNKERWORLD_HISTORICAL
2023-08-08,LKA_CMB,MGO,762.39,BUNKERWORLD_HISTORICAL
2023-08-08,ARE_FUJ,VLSFO,570.48,BUNKERWORLD_HISTORICAL
2023-08-08,ARE_FUJ,MGO,736.35,BUNKERWORLD_HISTORICAL
2023-08-09,SGP_SIN,VLSFO,573.75,BUNKERWORLD_HISTORICAL
2023-08-09,SGP_SIN,MGO,732.63,BUNKERWORLD_HISTORICAL
2023-08-09,LKA_CMB,VLSFO,588.09,BUNKERWORLD_HISTORICAL
2023-08-09,LKA_CMB,MGO,750.94,BUNKERWORLD_HISTORICAL
2023-08-09,ARE_FUJ,VLSFO,568.01,BUNKERWORLD_HISTORICAL
2023-08-09,ARE_FUJ,MGO,725.3,BUNKERWORLD_HISTORICAL
2023-08-10,SGP_SIN,VLSFO,583.67,BUNKERWORLD_HISTORICAL
2023-08-10,SGP_SIN,MGO,745.31,BUNKERWORLD_HISTORICAL
2023-08-10,LKA_CMB,VLSFO,598.26,BUNKERWORLD_HISTORICAL
2023-08-10,LKA_CMB,MGO,763.94,BUNKERWORLD_HISTORICAL
2023-08-10,ARE_FUJ,VLSFO,577.83,BUNKERWORLD_HISTORICAL
2023-08-10,ARE_FUJ,MGO,737.86,BUNKERWORLD_HISTORICAL
2023-08-11,SGP_SIN,VLSFO,577.54,BUNKERWORLD_HISTORICAL
2023-08-11,SGP_SIN,MGO,740.48,BUNKERWORLD_HISTORICAL
2023-08-11,LKA_CMB,VLSFO,591.98,BUNKERWORLD_HISTORICAL
2023-08-11,LKA_CMB,MGO,758.99,BUNKERWORLD_HISTORICAL
2023-08-11,ARE_FUJ,VLSFO,571.76,BUNKERWORLD_HISTORICAL
2023-08-11,ARE_FUJ,MGO,733.07,BUNKERWORLD_HISTORICAL
2023-08-12,SGP_SIN,VLSFO,576.35,BUNKERWORLD_HISTORICAL
2023-08-12,SGP_SIN,MGO,742.53,BUNKERWORLD_HISTORICAL
2023-08-12,LKA_CMB,VLSFO,590.76,BUNKERWORLD_HISTORICAL
2023-08-12,LKA_CMB,MGO,761.09,BUNKERWORLD_HISTORICAL
2023-08-12,ARE_FUJ,VLSFO,570.59,BUNKERWORLD_HISTORICAL
2023-08-12,ARE_FUJ,MGO,735.1,BUNKERWORLD_HISTORICAL
2023-08-13,SGP_SIN,VLSFO,581.91,BUNKERWORLD_HISTORICAL
2023-08-13,SGP_SIN,MGO,735.65,BUNKERWORLD_HISTORICAL
2023-08-13,LKA_CMB,VLSFO,596.46,BUNKERWORLD_HISTORICAL
2023-08-13,LKA_CMB,MGO,754.04,BUNKERWORLD_HISTORICAL
2023-08-13,ARE_FUJ,VLSFO,576.09,BUNKERWORLD_HISTORICAL
2023-08-13,ARE_FUJ,MGO,728.29,BUNKERWORLD_HISTORICAL
2023-08-14,SGP_SIN,VLSFO,578.09,BUNKERWORLD_HISTORICAL
2023-08-14,SGP_SIN,MGO,744.15,BUNKERWORLD_HISTORICAL
2023-08-14,LKA_CMB,VLSFO,592.54,BUNKERWORLD_HISTORICAL
2023-08-14,LKA_CMB,MGO,762.76,BUNKERWORLD_HISTORICAL
2023-08-14,ARE_FUJ,VLSFO,572.31,BUNKERWORLD_HISTORICAL
2023-08-14,ARE_FUJ,MGO,736.71,BUNKERWORLD_HISTORICAL
2023-08-15,SGP_SIN,VLSFO,593.22,BUNKERWORLD_HISTORICAL
2023-08-15,SGP_SIN,MGO,745.99,BUNKERWORLD_HISTORICAL
2023-08-15,LKA_CMB,VLSFO,608.05,BUNKERWORLD_HISTORICAL
2023-08-15,LKA_CMB,MGO,764.64,BUNKERWORLD_HISTORICAL
2023-08-15,ARE_FUJ,VLSFO,587.29,BUNKERWORLD_HISTORICAL
2023-08-15,ARE_FUJ,MGO,738.53,BUNKERWORLD_HISTORICAL
2023-08-16,SGP_SIN,VLSFO,575.82,BUNKERWORLD_HISTORICAL
2023-08-16,SGP_SIN,MGO,727.81,BUNKERWORLD_HISTORICAL
2023-08-16,LKA_CMB,VLSFO,590.21,BUNKERWORLD_HISTORICAL
2023-08-16,LKA_CMB,MGO,746.01,BUNKERWORLD_HISTORICAL
2023-08-16,ARE_FUJ,VLSFO,570.06,BUNKERWORLD_HISTORICAL
2023-08-16,ARE_FUJ,MGO,720.53,BUNKERWORLD_HISTORICAL
2023-08-17,SGP_SIN,VLSFO,576.32,BUNKERWORLD_HISTORICAL
2023-08-17,SGP_SIN,MGO,734.47,BUNKERWORLD_HISTORICAL
2023-08-17,LKA_CMB,VLSFO,590.73,BUNKERWORLD_HISTORICAL
2023-08-17,LKA_CMB,MGO,752.83,BUNKERWORLD_HISTORICAL
2023-08-17,ARE_FUJ,VLSFO,570.56,BUNKERWORLD_HISTORICAL
2023-08-17,ARE_FUJ,MGO,727.12,BUNKERWORLD_HISTORICAL
2023-08-18,SGP_SIN,VLSFO,565.97,BUNKERWORLD_HISTORICAL
2023-08-18,SGP_SIN,MGO,729.83,BUNKERWORLD_HISTORICAL
2023-08-18,LKA_CMB,VLSFO,580.11,BUNKERWORLD_HISTORICAL
2023-08-18,LKA_CMB,MGO,748.08,BUNKERWORLD_HISTORICAL
2023-08-18,ARE_FUJ,VLSFO,560.31,BUNKERWORLD_HISTORICAL
2023-08-18,ARE_FUJ,MGO,722.53,BUNKERWORLD_HISTORICAL
2023-08-19,SGP_SIN,VLSFO,586.19,BUNKERWORLD_HISTORICAL
2023-08-19,SGP_SIN,MGO,752.99,BUNKERWORLD_HISTORICAL
2023-08-19,LKA_CMB,VLSFO,600.85,BUNKERWORLD_HISTORICAL
2023-08-19,LKA_CMB,MGO,771.81,BUNKERWORLD_HISTORICAL
2023-08-19,ARE_FUJ,VLSFO,580.33,BUNKERWORLD_HISTORICAL
2023-08-19,ARE_FUJ,MGO,745.46,BUNKERWORLD_HISTORICAL
2023-08-20,SGP_SIN,VLSFO,592.67,BUNKERWORLD_HISTORICAL
2023-08-20,SGP_SIN,MGO,761.94,BUNKERWORLD_HISTORICAL
2023-08-20,LKA_CMB,VLSFO,607.48,BUNKERWORLD_HISTORICAL
2023-08-20,LKA_CMB,MGO,780.99,BUNKERWORLD_HISTORICAL
2023-08-20,ARE_FUJ,VLSFO,586.74,BUNKERWORLD_HISTORICAL
2023-08-20,ARE_FUJ,MGO,754.32,BUNKERWORLD_HISTORICAL
2023-08-21,SGP_SIN,VLSFO,574.07,BUNKERWORLD_HISTORICAL
2023-08-21,SGP_SIN,MGO,736.65,BUNKERWORLD_HISTORICAL
2023-08-21,LKA_CMB,VLSFO,588.42,BUNKERWORLD_HISTORICAL
2023-08-21,LKA_CMB,MGO,755.06,BUNKERWORLD_HISTORICAL
2023-08-21,ARE_FUJ,VLSFO,568.33,BUNKERWORLD_HISTORICAL
2023-08-21,ARE_FUJ,MGO,729.28,BUNKERWORLD_HISTORICAL
2023-08-22,SGP_SIN,VLSFO,576.86,BUNKERWORLD_HISTORICAL
2023-08-22,SGP_SIN,MGO,751.84,BUNKERWORLD_HISTORICAL
2023-08-22,LKA_CMB,VLSFO,591.28,BUNKERWORLD_HISTORICAL
2023-08-22,LKA_CMB,MGO,770.64,BUNKERWORLD_HISTORICAL
2023-08-22,ARE_FUJ,VLSFO,571.09,BUNKERWORLD_HISTORICAL
2023-08-22,ARE_FUJ,MGO,744.32,BUNKERWORLD_HISTORICAL
2023-08-23,SGP_SIN,VLSFO,581.07,BUNKERWORLD_HISTORICAL
2023-08-23,SGP_SIN,MGO,756.96,BUNKERWORLD_HISTORICAL
2023-08-23,LKA_CMB,VLSFO,595.6,BUNKERWORLD_HISTORICAL
2023-08-23,LKA_CMB,MGO,775.89,BUNKERWORLD_HISTORICAL
2023-08-23,ARE_FUJ,VLSFO,575.26,BUNKERWORLD_HISTORICAL
2023-08-23,ARE_FUJ,MGO,749.39,BUNKERWORLD_HISTORICAL
2023-08-24,SGP_SIN,VLSFO,577.24,BUNKERWORLD_HISTORICAL
2023-08-24,SGP_SIN,MGO,730.07,BUNKERWORLD_HISTORICAL
2023-08-24,LKA_CMB,VLSFO,591.67,BUNKERWORLD_HISTORICAL
2023-08-24,LKA_CMB,MGO,748.32,BUNKERWORLD_HISTORICAL
2023-08-24,ARE_FUJ,VLSFO,571.47,BUNKERWORLD_HISTORICAL
2023-08-24,ARE_FUJ,MGO,722.77,BUNKERWORLD_HISTORICAL
2023-08-25,SGP_SIN,VLSFO,574.44,BUNKERWORLD_HISTORICAL
2023-08-25,SGP_SIN,MGO,744.67,BUNKERWORLD_HISTORICAL
2023-08-25,LKA_CMB,VLSFO,588.8,BUNKERWORLD_HISTORICAL
2023-08-25,LKA_CMB,MGO,763.28,BUNKERWORLD_HISTORICAL
2023-08-25,ARE_FUJ,VLSFO,568.7,BUNKERWORLD_HISTORICAL
2023-08-25,ARE_FUJ,MGO,737.22,BUNKERWORLD_HISTORICAL
2023-08-26,SGP_SIN,VLSFO,562.14,BUNKERWORLD_HISTORICAL
2023-08-26,SGP_SIN,MGO,728.64,BUNKERWORLD_HISTORICAL
2023-08-26,LKA_CMB,VLSFO,576.19,BUNKERWORLD_HISTORICAL
2023-08-26,LKA_CMB,MGO,746.85,BUNKERWORLD_HISTORICAL
2023-08-26,ARE_FUJ,VLSFO,556.52,BUNKERWORLD_HISTORICAL
2023-08-26,ARE_FUJ,MGO,721.35,BUNKERWORLD_HISTORICAL
2023-08-27,SGP_SIN,VLSFO,567.81,BUNKERWORLD_HISTORICAL
2023-08-27,SGP_SIN,MGO,729.98,BUNKERWORLD_HISTORICAL
2023-08-27,LKA_CMB,VLSFO,582.01,BUNKERWORLD_HISTORICAL
2023-08-27,LKA_CMB,MGO,748.22,BUNKERWORLD_HISTORICAL
2023-08-27,ARE_FUJ,VLSFO,562.14,BUNKERWORLD_HISTORICAL
2023-08-27,ARE_FUJ,MGO,722.68,BUNKERWORLD_HISTORICAL
2023-08-28,SGP_SIN,VLSFO,583.02,BUNKERWORLD_HISTORICAL
2023-08-28,SGP_SIN,MGO,740.59,BUNKERWORLD_HISTORICAL
2023-08-28,LKA_CMB,VLSFO,597.59,BUNKERWORLD_HISTORICAL
2023-08-28,LKA_CMB,MGO,759.11,BUNKERWORLD_HISTORICAL
2023-08-28,ARE_FUJ,VLSFO,577.19,BUNKERWORLD_HISTORICAL
2023-08-28,ARE_FUJ,MGO,733.19,BUNKERWORLD_HISTORICAL
2023-08-29,SGP_SIN,VLSFO,563.18,BUNKERWORLD_HISTORICAL
2023-08-29,SGP_SIN,MGO,719.65,BUNKERWORLD_HISTORICAL
2023-08-29,LKA_CMB,VLSFO,577.26,BUNKERWORLD_HISTORICAL
2023-08-29,LKA_CMB,MGO,737.64,BUNKERWORLD_HISTORICAL
2023-08-29,ARE_FUJ,VLSFO,557.54,BUNKERWORLD_HISTORICAL
2023-08-29,ARE_FUJ,MGO,712.46,BUNKERWORLD_HISTORICAL
2023-08-30,SGP_SIN,VLSFO,579.96,BUNKERWORLD_HISTORICAL
2023-08-30,SGP_SIN,MGO,742.76,BUNKERWORLD_HISTORICAL
2023-08-30,LKA_CMB,VLSFO,594.46,BUNKERWORLD_HISTORICAL
2023-08-30,LKA_CMB,MGO,761.33,BUNKERWORLD_HISTORICAL
2023-08-30,ARE_FUJ,VLSFO,574.16,BUNKERWORLD_HISTORICAL
2023-08-30,ARE_FUJ,MGO,735.33,BUNKERWORLD_HISTORICAL
2023-08-31,SGP_SIN,VLSFO,563.82,BUNKERWORLD_HISTORICAL
2023-08-31,SGP_SIN,MGO,711.18,BUNKERWORLD_HISTORICAL
2023-08-31,LKA_CMB,VLSFO,577.91,BUNKERWORLD_HISTORICAL
2023-08-31,LKA_CMB,MGO,728.96,BUNKERWORLD_HISTORICAL
2023-08-31,ARE_FUJ,VLSFO,558.18,BUNKERWORLD_HISTORICAL
2023-08-31,ARE_FUJ,MGO,704.07,BUNKERWORLD_HISTORICAL
2023-09-01,SGP_SIN,VLSFO,570.94,BUNKERWORLD_HISTORICAL
2023-09-01,SGP_SIN,MGO,726.48,BUNKERWORLD_HISTORICAL
2023-09-01,LKA_CMB,VLSFO,585.22,BUNKERWORLD_HISTORICAL
2023-09-01,LKA_CMB,MGO,744.64,BUNKERWORLD_HISTORICAL
2023-09-01,ARE_FUJ,VLSFO,565.23,BUNKERWORLD_HISTORICAL
2023-09-01,ARE_FUJ,MGO,719.22,BUNKERWORLD_HISTORICAL
2023-09-02,SGP_SIN,VLSFO,555.01,BUNKERWORLD_HISTORICAL
2023-09-02,SGP_SIN,MGO,713.68,BUNKERWORLD_HISTORICAL
2023-09-02,LKA_CMB,VLSFO,568.88,BUNKERWORLD_HISTORICAL
2023-09-02,LKA_CMB,MGO,731.52,BUNKERWORLD_HISTORICAL
2023-09-02,ARE_FUJ,VLSFO,549.46,BUNKERWORLD_HISTORICAL
2023-09-02,ARE_FUJ,MGO,706.54,BUNKERWORLD_HISTORICAL
2023-09-03,SGP_SIN,VLSFO,567.7,BUNKERWORLD_HISTORICAL
2023-09-03,SGP_SIN,MGO,717.94,BUNKERWORLD_HISTORICAL
2023-09-03,LKA_CMB,VLSFO,581.89,BUNKERWORLD_HISTORICAL
2023-09-03,LKA_CMB,MGO,735.89,BUNKERWORLD_HISTORICAL
2023-09-03,ARE_FUJ,VLSFO,562.02,BUNKERWORLD_HISTORICAL
2023-09-03,ARE_FUJ,MGO,710.76,BUNKERWORLD_HISTORICAL
2023-09-04,SGP_SIN,VLSFO,561.89,BUNKERWORLD_HISTORICAL
2023-09-04,SGP_SIN,MGO,715.91,BUNKERWORLD_HISTORICAL
2023-09-04,LKA_CMB,VLSFO,575.94,BUNKERWORLD_HISTORICAL
2023-09-04,LKA_CMB,MGO,733.81,BUNKERWORLD_HISTORICAL
2023-09-04,ARE_FUJ,VLSFO,556.27,BUNKERWORLD_HISTORICAL
2023-09-04,ARE_FUJ,MGO,708.75,BUNKERWORLD_HISTORICAL
2023-09-05,SGP_SIN,VLSFO,561.0,BUNKERWORLD_HISTORICAL
2023-09-05,SGP_SIN,MGO,700.11,BUNKERWORLD_HISTORICAL
2023-09-05,LKA_CMB,VLSFO,575.03,BUNKERWORLD_HISTORICAL
2023-09-05,LKA_CMB,MGO,717.61,BUNKERWORLD_HISTORICAL
2023-09-05,ARE_FUJ,VLSFO,555.39,BUNKERWORLD_HISTORICAL
2023-09-05,ARE_FUJ,MGO,693.11,BUNKERWORLD_HISTORICAL
2023-09-06,SGP_SIN,VLSFO,562.2,BUNKERWORLD_HISTORICAL
2023-09-06,SGP_SIN,MGO,722.59,BUNKERWORLD_HISTORICAL
2023-09-06,LKA_CMB,VLSFO,576.26,BUNKERWORLD_HISTORICAL
2023-09-06,LKA_CMB,MGO,740.65,BUNKERWORLD_HISTORICAL
2023-09-06,ARE_FUJ,VLSFO,556.58,BUNKERWORLD_HISTORICAL
2023-09-06,ARE_FUJ,MGO,715.36,BUNKERWORLD_HISTORICAL
2023-09-07,SGP_SIN,VLSFO,548.33,BUNKERWORLD_HISTORICAL
2023-09-07,SGP_SIN,MGO,691.35,BUNKERWORLD_HISTORICAL
2023-09-07,LKA_CMB,VLSFO,562.04,BUNKERWORLD_HISTORICAL
2023-09-07,LKA_CMB,MGO,708.63,BUNKERWORLD_HISTORICAL
2023-09-07,ARE_FUJ,VLSFO,542.85,BUNKERWORLD_HISTORICAL
2023-09-07,ARE_FUJ,MGO,684.44,BUNKERWORLD_HISTORICAL
2023-09-08,SGP_SIN,VLSFO,543.42,BUNKERWORLD_HISTORICAL
2023-09-08,SGP_SIN,MGO,699.37,BUNKERWORLD_HISTORICAL
2023-09-08,LKA_CMB,VLSFO,557.01,BUNKERWORLD_HISTORICAL
2023-09-08,LKA_CMB,MGO,716.86,BUNKERWORLD_HISTORICAL
2023-09-08,ARE_FUJ,VLSFO,537.99,BUNKERWORLD_HISTORICAL
2023-09-08,ARE_FUJ,MGO,692.38,BUNKERWORLD_HISTORICAL
2023-09-09,SGP_SIN,VLSFO,549.72,BUNKERWORLD_HISTORICAL
2023-09-09,SGP_SIN,MGO,705.52,BUNKERWORLD_HISTORICAL
2023-09-09,LKA_CMB,VLSFO,563.46,BUNKERWORLD_HISTORICAL
2023-09-09,LKA_CMB,MGO,723.16,BUNKERWORLD_HISTORICAL
2023-09-09,ARE_FUJ,VLSFO,544.22,BUNKERWORLD_HISTORICAL
2023-09-09,ARE_FUJ,MGO,698.47,BUNKERWORLD_HISTORICAL
2023-09-10,SGP_SIN,VLSFO,558.76,BUNKERWORLD_HISTORICAL
2023-09-10,SGP_SIN,MGO,699.9,BUNKERWORLD_HISTORICAL
2023-09-10,LKA_CMB,VLSFO,572.73,BUNKERWORLD_HISTORICAL
2023-09-10,LKA_CMB,MGO,717.4,BUNKERWORLD_HISTORICAL
2023-09-10,ARE_FUJ,VLSFO,553.18,BUNKERWORLD_HISTORICAL
2023-09-10,ARE_FUJ,MGO,692.9,BUNKERWORLD_HISTORICAL
2023-09-11,SGP_SIN,VLSFO,547.86,BUNKERWORLD_HISTORICAL
2023-09-11,SGP_SIN,MGO,695.98,BUNKERWORLD_HISTORICAL
2023-09-11,LKA_CMB,VLSFO,561.56,BUNKERWORLD_HISTORICAL
2023-09-11,LKA_CMB,MGO,713.38,BUNKERWORLD_HISTORICAL
2023-09-11,ARE_FUJ,VLSFO,542.38,BUNKERWORLD_HISTORICAL
2023-09-11,ARE_FUJ,MGO,689.02,BUNKERWORLD_HISTORICAL
2023-09-12,SGP_SIN,VLSFO,552.95,BUNKERWORLD_HISTORICAL
2023-09-12,SGP_SIN,MGO,717.04,BUNKERWORLD_HISTORICAL
2023-09-12,LKA_CMB,VLSFO,566.78,BUNKERWORLD_HISTORICAL
2023-09-12,LKA_CMB,MGO,734.96,BUNKERWORLD_HISTORICAL
2023-09-12,ARE_FUJ,VLSFO,547.42,BUNKERWORLD_HISTORICAL
2023-09-12,ARE_FUJ,MGO,709.87,BUNKERWORLD_HISTORICAL
2023-09-13,SGP_SIN,VLSFO,558.37,BUNKERWORLD_HISTORICAL
2023-09-13,SGP_SIN,MGO,712.61,BUNKERWORLD_HISTORICAL
2023-09-13,LKA_CMB,VLSFO,572.33,BUNKERWORLD_HISTORICAL
2023-09-13,LKA_CMB,MGO,730.42,BUNKERWORLD_HISTORICAL
2023-09-13,ARE_FUJ,VLSFO,552.79,BUNKERWORLD_HISTORICAL
2023-09-13,ARE_FUJ,MGO,705.48,BUNKERWORLD_HISTORICAL
2023-09-14,SGP_SIN,VLSFO,557.77,BUNKERWORLD_HISTORICAL
2023-09-14,SGP_SIN,MGO,708.89,BUNKERWORLD_HISTORICAL
2023-09-14,LKA_CMB,VLSFO,571.71,BUNKERWORLD_HISTORICAL
2023-09-14,LKA_CMB,MGO,726.61,BUNKERWORLD_HISTORICAL
2023-09-14,ARE_FUJ,VLSFO,552.19,BUNKERWORLD_HISTORICAL
2023-09-14,ARE_FUJ,MGO,701.8,BUNKERWORLD_HISTORICAL
2023-09-15,SGP_SIN,VLSFO,554.28,BUNKERWORLD_HISTORICAL
2023-09-15,SGP_SIN,MGO,698.71,BUNKERWORLD_HISTORICAL
2023-09-15,LKA_CMB,VLSFO,568.13,BUNKERWORLD_HISTORICAL
2023-09-15,LKA_CMB,MGO,716.18,BUNKERWORLD_HISTORICAL
2023-09-15,ARE_FUJ,VLSFO,548.73,BUNKERWORLD_HISTORICAL
2023-09-15,ARE_FUJ,MGO,691.72,BUNKERWORLD_HISTORICAL
2023-09-16,SGP_SIN,VLSFO,549.67,BUNKERWORLD_HISTORICAL
2023-09-16,SGP_SIN,MGO,712.3,BUNKERWORLD_HISTORICAL
2023-09-16,LKA_CMB,VLSFO,563.41,BUNKERWORLD_HISTORICAL
2023-09-16,LKA_CMB,MGO,730.11,BUNKERWORLD_HISTORICAL
2023-09-16,ARE_FUJ,VLSFO,544.17,BUNKERWORLD_HISTORICAL
2023-09-16,ARE_FUJ,MGO,705.18,BUNKERWORLD_HISTORICAL
2023-09-17,SGP_SIN,VLSFO,554.54,BUNKERWORLD_HISTORICAL
2023-09-17,SGP_SIN,MGO,716.81,BUNKERWORLD_HISTORICAL
2023-09-17,LKA_CMB,VLSFO,568.4,BUNKERWORLD_HISTORICAL
2023-09-17,LKA_CMB,MGO,734.73,BUNKERWORLD_HISTORICAL
2023-09-17,ARE_FUJ,VLSFO,548.99,BUNKERWORLD_HISTORICAL
2023-09-17,ARE_FUJ,MGO,709.64,BUNKERWORLD_HISTORICAL
2023-09-18,SGP_SIN,VLSFO,544.46,BUNKERWORLD_HISTORICAL
2023-09-18,SGP_SIN,MGO,700.49,BUNKERWORLD_HISTORICAL
2023-09-18,LKA_CMB,VLSFO,558.08,BUNKERWORLD_HISTORICAL
2023-09-18,LKA_CMB,MGO,718.0,BUNKERWORLD_HISTORICAL
2023-09-18,ARE_FUJ,VLSFO,539.02,BUNKERWORLD_HISTORICAL
2023-09-18,ARE_FUJ,MGO,693.48,BUNKERWORLD_HISTORICAL
2023-09-19,SGP_SIN,VLSFO,545.16,BUNKERWORLD_HISTORICAL
2023-09-19,SGP_SIN,MGO,697.23,BUNKERWORLD_HISTORICAL
2023-09-19,LKA_CMB,VLSFO,558.79,BUNKERWORLD_HISTORICAL
2023-09-19,LKA_CMB,MGO,714.66,BUNKERWORLD_HISTORICAL
2023-09-19,ARE_FUJ,VLSFO,539.71,BUNKERWORLD_HISTORICAL
2023-09-19,ARE_FUJ,MGO,690.26,BUNKERWORLD_HISTORICAL
2023-09-20,SGP_SIN,VLSFO,560.6,BUNKERWORLD_HISTORICAL
2023-09-20,SGP_SIN,MGO,722.93,BUNKERWORLD_HISTORICAL
2023-09-20,LKA_CMB,VLSFO,574.61,BUNKERWORLD_HISTORICAL
2023-09-20,LKA_CMB,MGO,741.01,BUNKERWORLD_HISTORICAL
2023-09-20,ARE_FUJ,VLSFO,554.99,BUNKERWORLD_HISTORICAL
2023-09-20,ARE_FUJ,MGO,715.7,BUNKERWORLD_HISTORICAL
2023-09-21,SGP_SIN,VLSFO,565.35,BUNKERWORLD_HISTORICAL
2023-09-21,SGP_SIN,MGO,717.97,BUNKERWORLD_HISTORICAL
2023-09-21,LKA_CMB,VLSFO,579.48,BUNKERWORLD_HISTORICAL
2023-09-21,LKA_CMB,MGO,735.92,BUNKERWORLD_HISTORICAL
2023-09-21,ARE_FUJ,VLSFO,559.69,BUNKERWORLD_HISTORICAL
2023-09-21,ARE_FUJ,MGO,710.79,BUNKERWORLD_HISTORICAL
2023-09-22,SGP_SIN,VLSFO,555.48,BUNKERWORLD_HISTORICAL
2023-09-22,SGP_SIN,MGO,700.5,BUNKERWORLD_HISTORICAL
2023-09-22,LKA_CMB,VLSFO,569.37,BUNKERWORLD_HISTORICAL
2023-09-22,LKA_CMB,MGO,718.02,BUNKERWORLD_HISTORICAL
2023-09-22,ARE_FUJ,VLSFO,549.93,BUNKERWORLD_HISTORICAL
2023-09-22,ARE_FUJ,MGO,693.5,BUNKERWORLD_HISTORICAL
2023-09-23,SGP_SIN,VLSFO,572.86,BUNKERWORLD_HISTORICAL
2023-09-23,SGP_SIN,MGO,734.28,BUNKERWORLD_HISTORICAL
2023-09-23,LKA_CMB,VLSFO,587.19,BUNKERWORLD_HISTORICAL
2023-09-23,LKA_CMB,MGO,752.63,BUNKERWORLD_HISTORICAL
2023-09-23,ARE_FUJ,VLSFO,567.14,BUNKERWORLD_HISTORICAL
2023-09-23,ARE_FUJ,MGO,726.93,BUNKERWORLD_HISTORICAL
2023-09-24,SGP_SIN,VLSFO,561.44,BUNKERWORLD_HISTORICAL
2023-09-24,SGP_SIN,MGO,735.8,BUNKERWORLD_HISTORICAL
2023-09-24,LKA_CMB,VLSFO,575.47,BUNKERWORLD_HISTORICAL
2023-09-24,LKA_CMB,MGO,754.2,BUNKERWORLD_HISTORICAL
2023-09-24,ARE_FUJ,VLSFO,555.82,BUNKERWORLD_HISTORICAL
2023-09-24,ARE_FUJ,MGO,728.45,BUNKERWORLD_HISTORICAL
2023-09-25,SGP_SIN,VLSFO,565.19,BUNKERWORLD_HISTORICAL
2023-09-25,SGP_SIN,MGO,722.28,BUNKERWORLD_HISTORICAL
2023-09-25,LKA_CMB,VLSFO,579.32,BUNKERWORLD_HISTORICAL
2023-09-25,LKA_CMB,MGO,740.34,BUNKERWORLD_HISTORICAL
2023-09-25,ARE_FUJ,VLSFO,559.54,BUNKERWORLD_HISTORICAL
2023-09-25,ARE_FUJ,MGO,715.06,BUNKERWORLD_HISTORICAL
2023-09-26,SGP_SIN,VLSFO,565.57,BUNKERWORLD_HISTORICAL
2023-09-26,SGP_SIN,MGO,733.31,BUNKERWORLD_HISTORICAL
2023-09-26,LKA_CMB,VLSFO,579.71,BUNKERWORLD_HISTORICAL
2023-09-26,LKA_CMB,MGO,751.64,BUNKERWORLD_HISTORICAL
2023-09-26,ARE_FUJ,VLSFO,559.92,BUNKERWORLD_HISTORICAL
2023-09-26,ARE_FUJ,MGO,725.98,BUNKERWORLD_HISTORICAL
2023-09-27,SGP_SIN,VLSFO,564.54,BUNKERWORLD_HISTORICAL
2023-09-27,SGP_SIN,MGO,711.07,BUNKERWORLD_HISTORICAL
2023-09-27,LKA_CMB,VLSFO,578.66,BUNKERWORLD_HISTORICAL
2023-09-27,LKA_CMB,MGO,728.85,BUNKERWORLD_HISTORICAL
2023-09-27,ARE_FUJ,VLSFO,558.9,BUNKERWORLD_HISTORICAL
2023-09-27,ARE_FUJ,MGO,703.96,BUNKERWORLD_HISTORICAL
2023-09-28,SGP_SIN,VLSFO,555.76,BUNKERWORLD_HISTORICAL
2023-09-28,SGP_SIN,MGO,717.1,BUNKERWORLD_HISTORICAL
2023-09-28,LKA_CMB,VLSFO,569.65,BUNKERWORLD_HISTORICAL
2023-09-28,LKA_CMB,MGO,735.03,BUNKERWORLD_HISTORICAL
2023-09-28,ARE_FUJ,VLSFO,550.2,BUNKERWORLD_HISTORICAL
2023-09-28,ARE_FUJ,MGO,709.93,BUNKERWORLD_HISTORICAL
2023-09-29,SGP_SIN,VLSFO,557.38,BUNKERWORLD_HISTORICAL
2023-09-29,SGP_SIN,MGO,709.85,BUNKERWORLD_HISTORICAL
2023-09-29,LKA_CMB,VLSFO,571.31,BUNKERWORLD_HISTORICAL
2023-09-29,LKA_CMB,MGO,727.6,BUNKERWORLD_HISTORICAL
2023-09-29,ARE_FUJ,VLSFO,551.81,BUNKERWORLD_HISTORICAL
2023-09-29,ARE_FUJ,MGO,702.75,BUNKERWORLD_HISTORICAL
2023-09-30,SGP_SIN,VLSFO,545.04,BUNKERWORLD_HISTORICAL
2023-09-30,SGP_SIN,MGO,686.19,BUNKERWORLD_HISTORICAL
2023-09-30,LKA_CMB,VLSFO,558.66,BUNKERWORLD_HISTORICAL
2023-09-30,LKA_CMB,MGO,703.34,BUNKERWORLD_HISTORICAL
2023-09-30,ARE_FUJ,VLSFO,539.59,BUNKERWORLD_HISTORICAL
2023-09-30,ARE_FUJ,MGO,679.33,BUNKERWORLD_HISTORICAL
2023-10-01,SGP_SIN,VLSFO,554.76,BUNKERWORLD_HISTORICAL
2023-10-01,SGP_SIN,MGO,720.6,BUNKERWORLD_HISTORICAL
2023-10-01,LKA_CMB,VLSFO,568.63,BUNKERWORLD_HISTORICAL
2023-10-01,LKA_CMB,MGO,738.61,BUNKERWORLD_HISTORICAL
2023-10-01,ARE_FUJ,VLSFO,549.21,BUNKERWORLD_HISTORICAL
2023-10-01,ARE_FUJ,MGO,713.39,BUNKERWORLD_HISTORICAL
2023-10-02,SGP_SIN,VLSFO,563.97,BUNKERWORLD_HISTORICAL
2023-10-02,SGP_SIN,MGO,724.5,BUNKERWORLD_HISTORICAL
2023-10-02,LKA_CMB,VLSFO,578.07,BUNKERWORLD_HISTORICAL
2023-10-02,LKA_CMB,MGO,742.61,BUNKERWORLD_HISTORICAL
2023-10-02,ARE_FUJ,VLSFO,558.33,BUNKERWORLD_HISTORICAL
2023-10-02,ARE_FUJ,MGO,717.25,BUNKERWORLD_HISTORICAL
2023-10-03,SGP_SIN,VLSFO,550.64,BUNKERWORLD_HISTORICAL
2023-10-03,SGP_SIN,MGO,699.83,BUNKERWORLD_HISTORICAL
2023-10-03,LKA_CMB,VLSFO,564.4,BUNKERWORLD_HISTORICAL
2023-10-03,LKA_CMB,MGO,717.32,BUNKERWORLD_HISTORICAL
2023-10-03,ARE_FUJ,VLSFO,545.13,BUNKERWORLD_HISTORICAL
2023-10-03,ARE_FUJ,MGO,692.83,BUNKERWORLD_HISTORICAL
2023-10-04,SGP_SIN,VLSFO,551.38,BUNKERWORLD_HISTORICAL
2023-10-04,SGP_SIN,MGO,712.77,BUNKERWORLD_HISTORICAL
2023-10-04,LKA_CMB,VLSFO,565.17,BUNKERWORLD_HISTORICAL
2023-10-04,LKA_CMB,MGO,730.59,BUNKERWORLD_HISTORICAL
2023-10-04,ARE_FUJ,VLSFO,545.87,BUNKERWORLD_HISTORICAL
2023-10-04,ARE_FUJ,MGO,705.64,BUNKERWORLD_HISTORICAL
2023-10-05,SGP_SIN,VLSFO,546.43,BUNKERWORLD_HISTORICAL
2023-10-05,SGP_SIN,MGO,695.04,BUNKERWORLD_HISTORICAL
2023-10-05,LKA_CMB,VLSFO,560.09,BUNKERWORLD_HISTORICAL
2023-10-05,LKA_CMB,MGO,712.42,BUNKERWORLD_HISTORICAL
2023-10-05,ARE_FUJ,VLSFO,540.97,BUNKERWORLD_HISTORICAL
2023-10-05,ARE_FUJ,MGO,688.09,BUNKERWORLD_HISTORICAL
2023-10-06,SGP_SIN,VLSFO,546.19,BUNKERWORLD_HISTORICAL
2023-10-06,SGP_SIN,MGO,697.88,BUNKERWORLD_HISTORICAL
2023-10-06,LKA_CMB,VLSFO,559.84,BUNKERWORLD_HISTORICAL
2023-10-06,LKA_CMB,MGO,715.32,BUNKERWORLD_HISTORICAL
2023-10-06,ARE_FUJ,VLSFO,540.72,BUNKERWORLD_HISTORICAL
2023-10-06,ARE_FUJ,MGO,690.9,BUNKERWORLD_HISTORICAL
2023-10-07,SGP_SIN,VLSFO,542.02,BUNKERWORLD_HISTORICAL
2023-10-07,SGP_SIN,MGO,692.13,BUNKERWORLD_HISTORICAL
2023-10-07,LKA_CMB,VLSFO,555.57,BUNKERWORLD_HISTORICAL
2023-10-07,LKA_CMB,MGO,709.43,BUNKERWORLD_HISTORICAL
2023-10-07,ARE_FUJ,VLSFO,536.6,BUNKERWORLD_HISTORICAL
2023-10-07,ARE_FUJ,MGO,685.21,BUNKERWORLD_HISTORICAL
2023-10-08,SGP_SIN,VLSFO,552.06,BUNKERWORLD_HISTORICAL
2023-10-08,SGP_SIN,MGO,711.73,BUNKERWORLD_HISTORICAL
2023-10-08,LKA_CMB,VLSFO,565.86,BUNKERWORLD_HISTORICAL
2023-10-08,LKA_CMB,MGO,729.53,BUNKERWORLD_HISTORICAL
2023-10-08,ARE_FUJ,VLSFO,546.54,BUNKERWORLD_HISTORICAL
2023-10-08,ARE_FUJ,MGO,704.62,BUNKERWORLD_HISTORICAL
2023-10-09,SGP_SIN,VLSFO,549.86,BUNKERWORLD_HISTORICAL
2023-10-09,SGP_SIN,MGO,711.91,BUNKERWORLD_HISTORICAL
2023-10-09,LKA_CMB,VLSFO,563.61,BUNKERWORLD_HISTORICAL
2023-10-09,LKA_CMB,MGO,729.7,BUNKERWORLD_HISTORICAL
2023-10-09,ARE_FUJ,VLSFO,544.36,BUNKERWORLD_HISTORICAL
2023-10-09,ARE_FUJ,MGO,704.79,BUNKERWORLD_HISTORICAL
2023-10-10,SGP_SIN,VLSFO,536.72,BUNKERWORLD_HISTORICAL
2023-10-10,SGP_SIN,MGO,685.27,BUNKERWORLD_HISTORICAL
2023-10-10,LKA_CMB,VLSFO,550.14,BUNKERWORLD_HISTORICAL
2023-10-10,LKA_CMB,MGO,702.4,BUNKERWORLD_HISTORICAL
2023-10-10,ARE_FUJ,VLSFO,531.35,BUNKERWORLD_HISTORICAL
2023-10-10,ARE_FUJ,MGO,678.42,BUNKERWORLD_HISTORICAL
2023-10-11,SGP_SIN,VLSFO,556.72,BUNKERWORLD_HISTORICAL
2023-10-11,SGP_SIN,MGO,715.66,BUNKERWORLD_HISTORICAL
2023-10-11,LKA_CMB,VLSFO,570.63,BUNKERWORLD_HISTORICAL
2023-10-11,LKA_CMB,MGO,733.55,BUNKERWORLD_HISTORICAL
2023-10-11,ARE_FUJ,VLSFO,551.15,BUNKERWORLD_HISTORICAL
2023-10-11,ARE_FUJ,MGO,708.5,BUNKERWORLD_HISTORICAL
2023-10-12,SGP_SIN,VLSFO,566.26,BUNKERWORLD_HISTORICAL
2023-10-12,SGP_SIN,MGO,724.08,BUNKERWORLD_HISTORICAL
2023-10-12,LKA_CMB,VLSFO,580.41,BUNKERWORLD_HISTORICAL
2023-10-12,LKA_CMB,MGO,742.18,BUNKERWORLD_HISTORICAL
2023-10-12,ARE_FUJ,VLSFO,560.59,BUNKERWORLD_HISTORICAL
2023-10-12,ARE_FUJ,MGO,716.84,BUNKERWORLD_HISTORICAL
2023-10-13,SGP_SIN,VLSFO,567.03,BUNKERWORLD_HISTORICAL
2023-10-13,SGP_SIN,MGO,728.92,BUNKERWORLD_HISTORICAL
2023-10-13,LKA_CMB,VLSFO,581.21,BUNKERWORLD_HISTORICAL
2023-10-13,LKA_CMB,MGO,747.14,BUNKERWORLD_HISTORICAL
2023-10-13,ARE_FUJ,VLSFO,561.36,BUNKERWORLD_HISTORICAL
2023-10-13,ARE_FUJ,MGO,721.63,BUNKERWORLD_HISTORICAL
2023-10-14,SGP_SIN,VLSFO,568.48,BUNKERWORLD_HISTORICAL
2023-10-14,SGP_SIN,MGO,725.91,BUNKERWORLD_HISTORICAL
2023-10-14,LKA_CMB,VLSFO,582.7,BUNKERWORLD_HISTORICAL
2023-10-14,LKA_CMB,MGO,744.06,BUNKERWORLD_HISTORICAL
2023-10-14,ARE_FUJ,VLSFO,562.8,BUNKERWORLD_HISTORICAL
2023-10-14,ARE_FUJ,MGO,718.65,BUNKERWORLD_HISTORICAL
2023-10-15,SGP_SIN,VLSFO,566.3,BUNKERWORLD_HISTORICAL
2023-10-15,SGP_SIN,MGO,731.76,BUNKERWORLD_HISTORICAL
2023-10-15,LKA_CMB,VLSFO,580.46,BUNKERWORLD_HISTORICAL
2023-10-15,LKA_CMB,MGO,750.06,BUNKERWORLD_HISTORICAL
2023-10-15,ARE_FUJ,VLSFO,560.64,BUNKERWORLD_HISTORICAL
2023-10-15,ARE_FUJ,MGO,724.45,BUNKERWORLD_HISTORICAL
2023-10-16,SGP_SIN,VLSFO,570.0,BUNKERWORLD_HISTORICAL
2023-10-16,SGP_SIN,MGO,734.33,BUNKERWORLD_HISTORICAL
2023-10-16,LKA_CMB,VLSFO,584.25,BUNKERWORLD_HISTORICAL
2023-10-16,LKA_CMB,MGO,752.69,BUNKERWORLD_HISTORICAL
2023-10-16,ARE_FUJ,VLSFO,564.3,BUNKERWORLD_HISTORICAL
2023-10-16,ARE_FUJ,MGO,726.98,BUNKERWORLD_HISTORICAL
2023-10-17,SGP_SIN,VLSFO,559.24,BUNKERWORLD_HISTORICAL
2023-10-17,SGP_SIN,MGO,713.47,BUNKERWORLD_HISTORICAL
2023-10-17,LKA_CMB,VLSFO,573.22,BUNKERWORLD_HISTORICAL
2023-10-17,LKA_CMB,MGO,731.31,BUNKERWORLD_HISTORICAL
2023-10-17,ARE_FUJ,VLSFO,553.65,BUNKERWORLD_HISTORICAL
2023-10-17,ARE_FUJ,MGO,706.34,BUNKERWORLD_HISTORICAL
2023-10-18,SGP_SIN,VLSFO,561.51,BUNKERWORLD_HISTORICAL
2023-10-18,SGP_SIN,MGO,711.13,BUNKERWORLD_HISTORICAL
2023-10-18,LKA_CMB,VLSFO,575.55,BUNKERWORLD_HISTORICAL
2023-10-18,LKA_CMB,MGO,728.91,BUNKERWORLD_HISTORICAL
2023-10-18,ARE_FUJ,VLSFO,555.89,BUNKERWORLD_HISTORICAL
2023-10-18,ARE_FUJ,MGO,704.02,BUNKERWORLD_HISTORICAL
2023-10-19,SGP_SIN,VLSFO,545.74,BUNKERWORLD_HISTORICAL
2023-10-19,SGP_SIN,MGO,700.78,BUNKERWORLD_HISTORICAL
2023-10-19,LKA_CMB,VLSFO,559.38,BUNKERWORLD_HISTORICAL
2023-10-19,LKA_CMB,MGO,718.3,BUNKERWORLD_HISTORICAL
2023-10-19,ARE_FUJ,VLSFO,540.28,BUNKERWORLD_HISTORICAL
2023-10-19,ARE_FUJ,MGO,693.77,BUNKERWORLD_HISTORICAL
2023-10-20,SGP_SIN,VLSFO,551.45,BUNKERWORLD_HISTORICAL
2023-10-20,SGP_SIN,MGO,698.54,BUNKERWORLD_HISTORICAL
2023-10-20,LKA_CMB,VLSFO,565.23,BUNKERWORLD_HISTORICAL
2023-10-20,LKA_CMB,MGO,716.0,BUNKERWORLD_HISTORICAL
2023-10-20,ARE_FUJ,VLSFO,545.93,BUNKERWORLD_HISTORICAL
2023-10-20,ARE_FUJ,MGO,691.55,BUNKERWORLD_HISTORICAL
2023-10-21,SGP_SIN,VLSFO,556.81,BUNKERWORLD_HISTORICAL
2023-10-21,SGP_SIN,MGO,699.57,BUNKERWORLD_HISTORICAL
2023-10-21,LKA_CMB,VLSFO,570.73,BUNKERWORLD_HISTORICAL
2023-10-21,LKA_CMB,MGO,717.06,BUNKERWORLD_HISTORICAL
2023-10-21,ARE_FUJ,VLSFO,551.24,BUNKERWORLD_HISTORICAL
2023-10-21,ARE_FUJ,MGO,692.58,BUNKERWORLD_HISTORICAL
2023-10-22,SGP_SIN,VLSFO,555.27,BUNKERWORLD_HISTORICAL
2023-10-22,SGP_SIN,MGO,723.4,BUNKERWORLD_HISTORICAL
2023-10-22,LKA_CMB,VLSFO,569.15,BUNKERWORLD_HISTORICAL
2023-10-22,LKA_CMB,MGO,741.49,BUNKERWORLD_HISTORICAL
2023-10-22,ARE_FUJ,VLSFO,549.72,BUNKERWORLD_HISTORICAL
2023-10-22,ARE_FUJ,MGO,716.17,BUNKERWORLD_HISTORICAL
2023-10-23,SGP_SIN,VLSFO,554.06,BUNKERWORLD_HISTORICAL
2023-10-23,SGP_SIN,MGO,709.14,BUNKERWORLD_HISTORICAL
2023-10-23,LKA_CMB,VLSFO,567.92,BUNKERWORLD_HISTORICAL
2023-10-23,LKA_CMB,MGO,726.87,BUNKERWORLD_HISTORICAL
2023-10-23,ARE_FUJ,VLSFO,548.52,BUNKERWORLD_HISTORICAL
2023-10-23,ARE_FUJ,MGO,702.05,BUNKERWORLD_HISTORICAL
2023-10-24,SGP_SIN,VLSFO,563.4,BUNKERWORLD_HISTORICAL
2023-10-24,SGP_SIN,MGO,714.82,BUNKERWORLD_HISTORICAL
2023-10-24,LKA_CMB,VLSFO,577.49,BUNKERWORLD_HISTORICAL
2023-10-24,LKA_CMB,MGO,732.69,BUNKERWORLD_HISTORICAL
2023-10-24,ARE_FUJ,VLSFO,557.77,BUNKERWORLD_HISTORICAL
2023-10-24,ARE_FUJ,MGO,707.67,BUNKERWORLD_HISTORICAL
2023-10-25,SGP_SIN,VLSFO,551.64,BUNKERWORLD_HISTORICAL
2023-10-25,SGP_SIN,MGO,705.58,BUNKERWORLD_HISTORICAL
2023-10-25,LKA_CMB,VLSFO,565.43,BUNKERWORLD_HISTORICAL
2023-10-25,LKA_CMB,MGO,723.22,BUNKERWORLD_HISTORICAL
2023-10-25,ARE_FUJ,VLSFO,546.12,BUNKERWORLD_HISTORICAL
2023-10-25,ARE_FUJ,MGO,698.52,BUNKERWORLD_HISTORICAL
2023-10-26,SGP_SIN,VLSFO,545.24,BUNKERWORLD_HISTORICAL
2023-10-26,SGP_SIN,MGO,714.93,BUNKERWORLD_HISTORICAL
2023-10-26,LKA_CMB,VLSFO,558.87,BUNKERWORLD_HISTORICAL
2023-10-26,LKA_CMB,MGO,732.8,BUNKERWORLD_HISTORICAL
2023-10-26,ARE_FUJ,VLSFO,539.79,BUNKERWORLD_HISTORICAL
2023-10-26,ARE_FUJ,MGO,707.78,BUNKERWORLD_HISTORICAL
2023-10-27,SGP_SIN,VLSFO,546.83,BUNKERWORLD_HISTORICAL
2023-10-27,SGP_SIN,MGO,704.41,BUNKERWORLD_HISTORICAL
2023-10-27,LKA_CMB,VLSFO,560.5,BUNKERWORLD_HISTORICAL
2023-10-27,LKA_CMB,MGO,722.02,BUNKERWORLD_HISTORICAL
2023-10-27,ARE_FUJ,VLSFO,541.36,BUNKERWORLD_HISTORICAL
2023-10-27,ARE_FUJ,MGO,697.37,BUNKERWORLD_HISTORICAL
2023-10-28,SGP_SIN,VLSFO,555.65,BUNKERWORLD_HISTORICAL
2023-10-28,SGP_SIN,MGO,709.07,BUNKERWORLD_HISTORICAL
2023-10-28,LKA_CMB,VLSFO,569.54,BUNKERWORLD_HISTORICAL
2023-10-28,LKA_CMB,MGO,726.8,BUNKERWORLD_HISTORICAL
2023-10-28,ARE_FUJ,VLSFO,550.09,BUNKERWORLD_HISTORICAL
2023-10-28,ARE_FUJ,MGO,701.98,BUNKERWORLD_HISTORICAL
2023-10-29,SGP_SIN,VLSFO,553.49,BUNKERWORLD_HISTORICAL
2023-10-29,SGP_SIN,MGO,718.34,BUNKERWORLD_HISTORICAL
2023-10-29,LKA_CMB,VLSFO,567.32,BUNKERWORLD_HISTORICAL
2023-10-29,LKA_CMB,MGO,736.3,BUNKERWORLD_HISTORICAL
2023-10-29,ARE_FUJ,VLSFO,547.95,BUNKERWORLD_HISTORICAL
2023-10-29,ARE_FUJ,MGO,711.16,BUNKERWORLD_HISTORICAL
2023-10-30,SGP_SIN,VLSFO,555.58,BUNKERWORLD_HISTORICAL
2023-10-30,SGP_SIN,MGO,702.32,BUNKERWORLD_HISTORICAL
2023-10-30,LKA_CMB,VLSFO,569.47,BUNKERWORLD_HISTORICAL
2023-10-30,LKA_CMB,MGO,719.87,BUNKERWORLD_HISTORICAL
2023-10-30,ARE_FUJ,VLSFO,550.02,BUNKERWORLD_HISTORICAL
2023-10-30,ARE_FUJ,MGO,695.29,BUNKERWORLD_HISTORICAL
2023-10-31,SGP_SIN,VLSFO,561.21,BUNKERWORLD_HISTORICAL
2023-10-31,SGP_SIN,MGO,719.17,BUNKERWORLD_HISTORICAL
2023-10-31,LKA_CMB,VLSFO,575.24,BUNKERWORLD_HISTORICAL
2023-10-31,LKA_CMB,MGO,737.15,BUNKERWORLD_HISTORICAL
2023-10-31,ARE_FUJ,VLSFO,555.6,BUNKERWORLD_HISTORICAL
2023-10-31,ARE_FUJ,MGO,711.98,BUNKERWORLD_HISTORICAL
2023-11-01,SGP_SIN,VLSFO,559.09,BUNKERWORLD_HISTORICAL
2023-11-01,SGP_SIN,MGO,724.84,BUNKERWORLD_HISTORICAL
2023-11-01,LKA_CMB,VLSFO,573.07,BUNKERWORLD_HISTORICAL
2023-11-01,LKA_CMB,MGO,742.96,BUNKERWORLD_HISTORICAL
2023-11-01,ARE_FUJ,VLSFO,553.5,BUNKERWORLD_HISTORICAL
2023-11-01,ARE_FUJ,MGO,717.6,BUNKERWORLD_HISTORICAL
2023-11-02,SGP_SIN,VLSFO,550.19,BUNKERWORLD_HISTORICAL
2023-11-02,SGP_SIN,MGO,703.04,BUNKERWORLD_HISTORICAL
2023-11-02,LKA_CMB,VLSFO,563.94,BUNKERWORLD_HISTORICAL
2023-11-02,LKA_CMB,MGO,720.61,BUNKERWORLD_HISTORICAL
2023-11-02,ARE_FUJ,VLSFO,544.69,BUNKERWORLD_HISTORICAL
2023-11-02,ARE_FUJ,MGO,696.0,BUNKERWORLD_HISTORICAL
2023-11-03,SGP_SIN,VLSFO,563.22,BUNKERWORLD_HISTORICAL
2023-11-03,SGP_SIN,MGO,727.49,BUNKERWORLD_HISTORICAL
2023-11-03,LKA_CMB,VLSFO,577.3,BUNKERWORLD_HISTORICAL
2023-11-03,LKA_CMB,MGO,745.68,BUNKERWORLD_HISTORICAL
2023-11-03,ARE_FUJ,VLSFO,557.59,BUNKERWORLD_HISTORICAL
2023-11-03,ARE_FUJ,MGO,720.22,BUNKERWORLD_HISTORICAL
2023-11-04,SGP_SIN,VLSFO,543.01,BUNKERWORLD_HISTORICAL
2023-11-04,SGP_SIN,MGO,705.83,BUNKERWORLD_HISTORICAL
2023-11-04,LKA_CMB,VLSFO,556.58,BUNKERWORLD_HISTORICAL
2023-11-04,LKA_CMB,MGO,723.47,BUNKERWORLD_HISTORICAL
2023-11-04,ARE_FUJ,VLSFO,537.58,BUNKERWORLD_HISTORICAL
2023-11-04,ARE_FUJ,MGO,698.77,BUNKERWORLD_HISTORICAL
2023-11-05,SGP_SIN,VLSFO,559.75,BUNKERWORLD_HISTORICAL
2023-11-05,SGP_SIN,MGO,710.88,BUNKERWORLD_HISTORICAL
2023-11-05,LKA_CMB,VLSFO,573.74,BUNKERWORLD_HISTORICAL
2023-11-05,LKA_CMB,MGO,728.66,BUNKERWORLD_HISTORICAL
2023-11-05,ARE_FUJ,VLSFO,554.15,BUNKERWORLD_HISTORICAL
2023-11-05,ARE_FUJ,MGO,703.77,BUNKERWORLD_HISTORICAL
2023-11-06,SGP_SIN,VLSFO,553.37,BUNKERWORLD_HISTORICAL
2023-11-06,SGP_SIN,MGO,718.3,BUNKERWORLD_HISTORICAL
2023-11-06,LKA_CMB,VLSFO,567.21,BUNKERWORLD_HISTORICAL
2023-11-06,LKA_CMB,MGO,736.25,BUNKERWORLD_HISTORICAL
2023-11-06,ARE_FUJ,VLSFO,547.84,BUNKERWORLD_HISTORICAL
2023-11-06,ARE_FUJ,MGO,711.11,BUNKERWORLD_HISTORICAL
2023-11-07,SGP_SIN,VLSFO,562.96,BUNKERWORLD_HISTORICAL
2023-11-07,SGP_SIN,MGO,723.1,BUNKERWORLD_HISTORICAL
2023-11-07,LKA_CMB,VLSFO,577.03,BUNKERWORLD_HISTORICAL
2023-11-07,LKA_CMB,MGO,741.18,BUNKERWORLD_HISTORICAL
2023-11-07,ARE_FUJ,VLSFO,557.33,BUNKERWORLD_HISTORICAL
2023-11-07,ARE_FUJ,MGO,715.87,BUNKERWORLD_HISTORICAL
2023-11-08,SGP_SIN,VLSFO,565.1,BUNKERWORLD_HISTORICAL
2023-11-08,SGP_SIN,MGO,713.79,BUNKERWORLD_HISTORICAL
2023-11-08,LKA_CMB,VLSFO,579.23,BUNKERWORLD_HISTORICAL
2023-11-08,LKA_CMB,MGO,731.63,BUNKERWORLD_HISTORICAL
2023-11-08,ARE_FUJ,VLSFO,559.45,BUNKERWORLD_HISTORICAL
2023-11-08,ARE_FUJ,MGO,706.65,BUNKERWORLD_HISTORICAL
2023-11-09,SGP_SIN,VLSFO,553.92,BUNKERWORLD_HISTORICAL
2023-11-09,SGP_SIN,MGO,719.72,BUNKERWORLD_HISTORICAL
2023-11-09,LKA_CMB,VLSFO,567.77,BUNKERWORLD_HISTORICAL
2023-11-09,LKA_CMB,MGO,737.72,BUNKERWORLD_HISTORICAL
2023-11-09,ARE_FUJ,VLSFO,548.38,BUNKERWORLD_HISTORICAL
2023-11-09,ARE_FUJ,MGO,712.53,BUNKERWORLD_HISTORICAL
2023-11-10,SGP_SIN,VLSFO,567.85,BUNKERWORLD_HISTORICAL
2023-11-10,SGP_SIN,MGO,727.71,BUNKERWORLD_HISTORICAL
2023-11-10,LKA_CMB,VLSFO,582.05,BUNKERWORLD_HISTORICAL
2023-11-10,LKA_CMB,MGO,745.91,BUNKERWORLD_HISTORICAL
2023-11-10,ARE_FUJ,VLSFO,562.17,BUNKERWORLD_HISTORICAL
2023-11-10,ARE_FUJ,MGO,720.44,BUNKERWORLD_HISTORICAL
2023-11-11,SGP_SIN,VLSFO,565.32,BUNKERWORLD_HISTORICAL
2023-11-11,SGP_SIN,MGO,725.9,BUNKERWORLD_HISTORICAL
2023-11-11,LKA_CMB,VLSFO,579.45,BUNKERWORLD_HISTORICAL
2023-11-11,LKA_CMB,MGO,744.05,BUNKERWORLD_HISTORICAL
2023-11-11,ARE_FUJ,VLSFO,559.66,BUNKERWORLD_HISTORICAL
2023-11-11,ARE_FUJ,MGO,718.64,BUNKERWORLD_HISTORICAL
2023-11-12,SGP_SIN,VLSFO,565.05,BUNKERWORLD_HISTORICAL
2023-11-12,SGP_SIN,MGO,713.54,BUNKERWORLD_HISTORICAL
2023-11-12,LKA_CMB,VLSFO,579.18,BUNKERWORLD_HISTORICAL
2023-11-12,LKA_CMB,MGO,731.38,BUNKERWORLD_HISTORICAL
2023-11-12,ARE_FUJ,VLSFO,559.4,BUNKERWORLD_HISTORICAL
2023-11-12,ARE_FUJ,MGO,706.4,BUNKERWORLD_HISTORICAL
2023-11-13,SGP_SIN,VLSFO,552.61,BUNKERWORLD_HISTORICAL
2023-11-13,SGP_SIN,MGO,722.37,BUNKERWORLD_HISTORICAL
2023-11-13,LKA_CMB,VLSFO,566.43,BUNKERWORLD_HISTORICAL
2023-11-13,LKA_CMB,MGO,740.43,BUNKERWORLD_HISTORICAL
2023-11-13,ARE_FUJ,VLSFO,547.09,BUNKERWORLD_HISTORICAL
2023-11-13,ARE_FUJ,MGO,715.14,BUNKERWORLD_HISTORICAL
2023-11-14,SGP_SIN,VLSFO,562.17,BUNKERWORLD_HISTORICAL
2023-11-14,SGP_SIN,MGO,729.92,BUNKERWORLD_HISTORICAL
2023-11-14,LKA_CMB,VLSFO,576.23,BUNKERWORLD_HISTORICAL
2023-11-14,LKA_CMB,MGO,748.17,BUNKERWORLD_HISTORICAL
2023-11-14,ARE_FUJ,VLSFO,556.55,BUNKERWORLD_HISTORICAL
2023-11-14,ARE_FUJ,MGO,722.63,BUNKERWORLD_HISTORICAL
2023-11-15,SGP_SIN,VLSFO,567.79,BUNKERWORLD_HISTORICAL
2023-11-15,SGP_SIN,MGO,730.99,BUNKERWORLD_HISTORICAL
2023-11-15,LKA_CMB,VLSFO,581.98,BUNKERWORLD_HISTORICAL
2023-11-15,LKA_CMB,MGO,749.26,BUNKERWORLD_HISTORICAL
2023-11-15,ARE_FUJ,VLSFO,562.11,BUNKERWORLD_HISTORICAL
2023-11-15,ARE_FUJ,MGO,723.68,BUNKERWORLD_HISTORICAL
2023-11-16,SGP_SIN,VLSFO,559.99,BUNKERWORLD_HISTORICAL
2023-11-16,SGP_SIN,MGO,720.85,BUNKERWORLD_HISTORICAL
2023-11-16,LKA_CMB,VLSFO,573.99,BUNKERWORLD_HISTORICAL
2023-11-16,LKA_CMB,MGO,738.87,BUNKERWORLD_HISTORICAL
2023-11-16,ARE_FUJ,VLSFO,554.39,BUNKERWORLD_HISTORICAL
2023-11-16,ARE_FUJ,MGO,713.64,BUNKERWORLD_HISTORICAL
2023-11-17,SGP_SIN,VLSFO,565.25,BUNKERWORLD_HISTORICAL
2023-11-17,SGP_SIN,MGO,728.32,BUNKERWORLD_HISTORICAL
2023-11-17,LKA_CMB,VLSFO,579.39,BUNKERWORLD_HISTORICAL
2023-11-17,LKA_CMB,MGO,746.52,BUNKERWORLD_HISTORICAL
2023-11-17,ARE_FUJ,VLSFO,559.6,BUNKERWORLD_HISTORICAL
2023-11-17,ARE_FUJ,MGO,721.03,BUNKERWORLD_HISTORICAL
2023-11-18,SGP_SIN,VLSFO,565.03,BUNKERWORLD_HISTORICAL
2023-11-18,SGP_SIN,MGO,723.64,BUNKERWORLD_HISTORICAL
2023-11-18,LKA_CMB,VLSFO,579.16,BUNKERWORLD_HISTORICAL
2023-11-18,LKA_CMB,MGO,741.74,BUNKERWORLD_HISTORICAL
2023-11-18,ARE_FUJ,VLSFO,559.38,BUNKERWORLD_HISTORICAL
2023-11-18,ARE_FUJ,MGO,716.41,BUNKERWORLD_HISTORICAL
2023-11-19,SGP_SIN,VLSFO,560.75,BUNKERWORLD_HISTORICAL
2023-11-19,SGP_SIN,MGO,713.25,BUNKERWORLD_HISTORICAL
2023-11-19,LKA_CMB,VLSFO,574.76,BUNKERWORLD_HISTORICAL
2023-11-19,LKA_CMB,MGO,731.08,BUNKERWORLD_HISTORICAL
2023-11-19,ARE_FUJ,VLSFO,555.14,BUNKERWORLD_HISTORICAL
2023-11-19,ARE_FUJ,MGO,706.12,BUNKERWORLD_HISTORICAL
2023-11-20,SGP_SIN,VLSFO,561.79,BUNKERWORLD_HISTORICAL
2023-11-20,SGP_SIN,MGO,735.9,BUNKERWORLD_HISTORICAL
2023-11-20,LKA_CMB,VLSFO,575.83,BUNKERWORLD_HISTORICAL
2023-11-20,LKA_CMB,MGO,754.3,BUNKERWORLD_HISTORICAL
2023-11-20,ARE_FUJ,VLSFO,556.17,BUNKERWORLD_HISTORICAL
2023-11-20,ARE_FUJ,MGO,728.55,BUNKERWORLD_HISTORICAL
2023-11-21,SGP_SIN,VLSFO,550.41,BUNKERWORLD_HISTORICAL
2023-11-21,SGP_SIN,MGO,705.32,BUNKERWORLD_HISTORICAL
2023-11-21,LKA_CMB,VLSFO,564.17,BUNKERWORLD_HISTORICAL
2023-11-21,LKA_CMB,MGO,722.95,BUNKERWORLD_HISTORICAL
2023-11-21,ARE_FUJ,VLSFO,544.9,BUNKERWORLD_HISTORICAL
2023-11-21,ARE_FUJ,MGO,698.26,BUNKERWORLD_HISTORICAL
2023-11-22,SGP_SIN,VLSFO,567.77,BUNKERWORLD_HISTORICAL
2023-11-22,SGP_SIN,MGO,711.78,BUNKERWORLD_HISTORICAL
2023-11-22,LKA_CMB,VLSFO,581.97,BUNKERWORLD_HISTORICAL
2023-11-22,LKA_CMB,MGO,729.57,BUNKERWORLD_HISTORICAL
2023-11-22,ARE_FUJ,VLSFO,562.09,BUNKERWORLD_HISTORICAL
2023-11-22,ARE_FUJ,MGO,704.66,BUNKERWORLD_HISTORICAL
2023-11-23,SGP_SIN,VLSFO,558.64,BUNKERWORLD_HISTORICAL
2023-11-23,SGP_SIN,MGO,717.55,BUNKERWORLD_HISTORICAL
2023-11-23,LKA_CMB,VLSFO,572.61,BUNKERWORLD_HISTORICAL
2023-11-23,LKA_CMB,MGO,735.49,BUNKERWORLD_HISTORICAL
2023-11-23,ARE_FUJ,VLSFO,553.06,BUNKERWORLD_HISTORICAL
2023-11-23,ARE_FUJ,MGO,710.37,BUNKERWORLD_HISTORICAL
2023-11-24,SGP_SIN,VLSFO,552.52,BUNKERWORLD_HISTORICAL
2023-11-24,SGP_SIN,MGO,702.54,BUNKERWORLD_HISTORICAL
2023-11-24,LKA_CMB,VLSFO,566.33,BUNKERWORLD_HISTORICAL
2023-11-24,LKA_CMB,MGO,720.11,BUNKERWORLD_HISTORICAL
2023-11-24,ARE_FUJ,VLSFO,546.99,BUNKERWORLD_HISTORICAL
2023-11-24,ARE_FUJ,MGO,695.52,BUNKERWORLD_HISTORICAL
2023-11-25,SGP_SIN,VLSFO,555.81,BUNKERWORLD_HISTORICAL
2023-11-25,SGP_SIN,MGO,710.17,BUNKERWORLD_HISTORICAL
2023-11-25,LKA_CMB,VLSFO,569.71,BUNKERWORLD_HISTORICAL
2023-11-25,LKA_CMB,MGO,727.93,BUNKERWORLD_HISTORICAL
2023-11-25,ARE_FUJ,VLSFO,550.26,BUNKERWORLD_HISTORICAL
2023-11-25,ARE_FUJ,MGO,703.07,BUNKERWORLD_HISTORICAL
2023-11-26,SGP_SIN,VLSFO,559.44,BUNKERWORLD_HISTORICAL
2023-11-26,SGP_SIN,MGO,706.75,BUNKERWORLD_HISTORICAL
2023-11-26,LKA_CMB,VLSFO,573.43,BUNKERWORLD_HISTORICAL
2023-11-26,LKA_CMB,MGO,724.42,BUNKERWORLD_HISTORICAL
2023-11-26,ARE_FUJ,VLSFO,553.85,BUNKERWORLD_HISTORICAL
2023-11-26,ARE_FUJ,MGO,699.68,BUNKERWORLD_HISTORICAL
2023-11-27,SGP_SIN,VLSFO,559.07,BUNKERWORLD_HISTORICAL
2023-11-27,SGP_SIN,MGO,725.28,BUNKERWORLD_HISTORICAL
2023-11-27,LKA_CMB,VLSFO,573.04,BUNKERWORLD_HISTORICAL
2023-11-27,LKA_CMB,MGO,743.41,BUNKERWORLD_HISTORICAL
2023-11-27,ARE_FUJ,VLSFO,553.48,BUNKERWORLD_HISTORICAL
2023-11-27,ARE_FUJ,MGO,718.03,BUNKERWORLD_HISTORICAL
2023-11-28,SGP_SIN,VLSFO,568.88,BUNKERWORLD_HISTORICAL
2023-11-28,SGP_SIN,MGO,724.44,BUNKERWORLD_HISTORICAL
2023-11-28,LKA_CMB,VLSFO,583.1,BUNKERWORLD_HISTORICAL
2023-11-28,LKA_CMB,MGO,742.55,BUNKERWORLD_HISTORICAL
2023-11-28,ARE_FUJ,VLSFO,563.19,BUNKERWORLD_HISTORICAL
2023-11-28,ARE_FUJ,MGO,717.2,BUNKERWORLD_HISTORICAL
2023-11-29,SGP_SIN,VLSFO,557.52,BUNKERWORLD_HISTORICAL
2023-11-29,SGP_SIN,MGO,710.62,BUNKERWORLD_HISTORICAL
2023-11-29,LKA_CMB,VLSFO,571.45,BUNKERWORLD_HISTORICAL
2023-11-29,LKA_CMB,MGO,728.39,BUNKERWORLD_HISTORICAL
2023-11-29,ARE_FUJ,VLSFO,551.94,BUNKERWORLD_HISTORICAL
2023-11-29,ARE_FUJ,MGO,703.52,BUNKERWORLD_HISTORICAL
2023-11-30,SGP_SIN,VLSFO,565.61,BUNKERWORLD_HISTORICAL
2023-11-30,SGP_SIN,MGO,719.52,BUNKERWORLD_HISTORICAL
2023-11-30,LKA_CMB,VLSFO,579.75,BUNKERWORLD_HISTORICAL
2023-11-30,LKA_CMB,MGO,737.51,BUNKERWORLD_HISTORICAL
2023-11-30,ARE_FUJ,VLSFO,559.95,BUNKERWORLD_HISTORICAL
2023-11-30,ARE_FUJ,MGO,712.33,BUNKERWORLD_HISTORICAL
2023-12-01,SGP_SIN,VLSFO,557.05,BUNKERWORLD_HISTORICAL
2023-12-01,SGP_SIN,MGO,720.74,BUNKERWORLD_HISTORICAL
2023-12-01,LKA_CMB,VLSFO,570.98,BUNKERWORLD_HISTORICAL
2023-12-01,LKA_CMB,MGO,738.76,BUNKERWORLD_HISTORICAL
2023-12-01,ARE_FUJ,VLSFO,551.48,BUNKERWORLD_HISTORICAL
2023-12-01,ARE_FUJ,MGO,713.53,BUNKERWORLD_HISTORICAL
2023-12-02,SGP_SIN,VLSFO,557.67,BUNKERWORLD_HISTORICAL
2023-12-02,SGP_SIN,MGO,720.03,BUNKERWORLD_HISTORICAL
2023-12-02,LKA_CMB,VLSFO,571.61,BUNKERWORLD_HISTORICAL
2023-12-02,LKA_CMB,MGO,738.03,BUNKERWORLD_HISTORICAL
2023-12-02,ARE_FUJ,VLSFO,552.09,BUNKERWORLD_HISTORICAL
2023-12-02,ARE_FUJ,MGO,712.83,BUNKERWORLD_HISTORICAL
2023-12-03,SGP_SIN,VLSFO,557.38,BUNKERWORLD_HISTORICAL
2023-12-03,SGP_SIN,MGO,706.27,BUNKERWORLD_HISTORICAL
2023-12-03,LKA_CMB,VLSFO,571.31,BUNKERWORLD_HISTORICAL
2023-12-03,LKA_CMB,MGO,723.93,BUNKERWORLD_HISTORICAL
2023-12-03,ARE_FUJ,VLSFO,551.8,BUNKERWORLD_HISTORICAL
2023-12-03,ARE_FUJ,MGO,699.21,BUNKERWORLD_HISTORICAL
2023-12-04,SGP_SIN,VLSFO,561.75,BUNKERWORLD_HISTORICAL
2023-12-04,SGP_SIN,MGO,711.72,BUNKERWORLD_HISTORICAL
2023-12-04,LKA_CMB,VLSFO,575.79,BUNKERWORLD_HISTORICAL
2023-12-04,LKA_CMB,MGO,729.51,BUNKERWORLD_HISTORICAL
2023-12-04,ARE_FUJ,VLSFO,556.13,BUNKERWORLD_HISTORICAL
2023-12-04,ARE_FUJ,MGO,704.6,BUNKERWORLD_HISTORICAL
2023-12-05,SGP_SIN,VLSFO,568.56,BUNKERWORLD_HISTORICAL
2023-12-05,SGP_SIN,MGO,724.37,BUNKERWORLD_HISTORICAL
2023-12-05,LKA_CMB,VLSFO,582.77,BUNKERWORLD_HISTORICAL
2023-12-05,LKA_CMB,MGO,742.48,BUNKERWORLD_HISTORICAL
2023-12-05,ARE_FUJ,VLSFO,562.87,BUNKERWORLD_HISTORICAL
2023-12-05,ARE_FUJ,MGO,717.13,BUNKERWORLD_HISTORICAL
2023-12-06,SGP_SIN,VLSFO,557.35,BUNKERWORLD_HISTORICAL
2023-12-06,SGP_SIN,MGO,728.99,BUNKERWORLD_HISTORICAL
2023-12-06,LKA_CMB,VLSFO,571.28,BUNKERWORLD_HISTORICAL
2023-12-06,LKA_CMB,MGO,747.22,BUNKERWORLD_HISTORICAL
2023-12-06,ARE_FUJ,VLSFO,551.77,BUNKERWORLD_HISTORICAL
2023-12-06,ARE_FUJ,MGO,721.7,BUNKERWORLD_HISTORICAL
2023-12-07,SGP_SIN,VLSFO,564.36,BUNKERWORLD_HISTORICAL
2023-12-07,SGP_SIN,MGO,718.11,BUNKERWORLD_HISTORICAL
2023-12-07,LKA_CMB,VLSFO,578.47,BUNKERWORLD_HISTORICAL
2023-12-07,LKA_CMB,MGO,736.06,BUNKERWORLD_HISTORICAL
2023-12-07,ARE_FUJ,VLSFO,558.72,BUNKERWORLD_HISTORICAL
2023-12-07,ARE_FUJ,MGO,710.93,BUNKERWORLD_HISTORICAL
2023-12-08,SGP_SIN,VLSFO,567.09,BUNKERWORLD_HISTORICAL
2023-12-08,SGP_SIN,MGO,721.32,BUNKERWORLD_HISTORICAL
2023-12-08,LKA_CMB,VLSFO,581.26,BUNKERWORLD_HISTORICAL
2023-12-08,LKA_CMB,MGO,739.35,BUNKERWORLD_HISTORICAL
2023-12-08,ARE_FUJ,VLSFO,561.42,BUNKERWORLD_HISTORICAL
2023-12-08,ARE_FUJ,MGO,714.11,BUNKERWORLD_HISTORICAL
2023-12-09,SGP_SIN,VLSFO,573.29,BUNKERWORLD_HISTORICAL
2023-12-09,SGP_SIN,MGO,726.81,BUNKERWORLD_HISTORICAL
2023-12-09,LKA_CMB,VLSFO,587.63,BUNKERWORLD_HISTORICAL
2023-12-09,LKA_CMB,MGO,744.98,BUNKERWORLD_HISTORICAL
2023-12-09,ARE_FUJ,VLSFO,567.56,BUNKERWORLD_HISTORICAL
2023-12-09,ARE_FUJ,MGO,719.54,BUNKERWORLD_HISTORICAL
2023-12-10,SGP_SIN,VLSFO,562.24,BUNKERWORLD_HISTORICAL
2023-12-10,SGP_SIN,MGO,719.55,BUNKERWORLD_HISTORICAL
2023-12-10,LKA_CMB,VLSFO,576.3,BUNKERWORLD_HISTORICAL
2023-12-10,LKA_CMB,MGO,737.53,BUNKERWORLD_HISTORICAL
2023-12-10,ARE_FUJ,VLSFO,556.62,BUNKERWORLD_HISTORICAL
2023-12-10,ARE_FUJ,MGO,712.35,BUNKERWORLD_HISTORICAL
2023-12-11,SGP_SIN,VLSFO,572.33,BUNKERWORLD_HISTORICAL
2023-12-11,SGP_SIN,MGO,729.51,BUNKERWORLD_HISTORICAL
2023-12-11,LKA_CMB,VLSFO,586.64,BUNKERWORLD_HISTORICAL
2023-12-11,LKA_CMB,MGO,747.75,BUNKERWORLD_HISTORICAL
2023-12-11,ARE_FUJ,VLSFO,566.61,BUNKERWORLD_HISTORICAL
2023-12-11,ARE_FUJ,MGO,722.22,BUNKERWORLD_HISTORICAL
2023-12-12,SGP_SIN,VLSFO,567.41,BUNKERWORLD_HISTORICAL
2023-12-12,SGP_SIN,MGO,727.76,BUNKERWORLD_HISTORICAL
2023-12-12,LKA_CMB,VLSFO,581.6,BUNKERWORLD_HISTORICAL
2023-12-12,LKA_CMB,MGO,745.95,BUNKERWORLD_HISTORICAL
2023-12-12,ARE_FUJ,VLSFO,561.74,BUNKERWORLD_HISTORICAL
2023-12-12,ARE_FUJ,MGO,720.48,BUNKERWORLD_HISTORICAL
2023-12-13,SGP_SIN,VLSFO,552.7,BUNKERWORLD_HISTORICAL
2023-12-13,SGP_SIN,MGO,703.7,BUNKERWORLD_HISTORICAL
2023-12-13,LKA_CMB,VLSFO,566.52,BUNKERWORLD_HISTORICAL
2023-12-13,LKA_CMB,MGO,721.29,BUNKERWORLD_HISTORICAL
2023-12-13,ARE_FUJ,VLSFO,547.17,BUNKERWORLD_HISTORICAL
2023-12-13,ARE_FUJ,MGO,696.66,BUNKERWORLD_HISTORICAL
2023-12-14,SGP_SIN,VLSFO,557.63,BUNKERWORLD_HISTORICAL
2023-12-14,SGP_SIN,MGO,726.43,BUNKERWORLD_HISTORICAL
2023-12-14,LKA_CMB,VLSFO,571.57,BUNKERWORLD_HISTORICAL
2023-12-14,LKA_CMB,MGO,744.59,BUNKERWORLD_HISTORICAL
2023-12-14,ARE_FUJ,VLSFO,552.05,BUNKERWORLD_HISTORICAL
2023-12-14,ARE_FUJ,MGO,719.16,BUNKERWORLD_HISTORICAL
2023-12-15,SGP_SIN,VLSFO,558.4,BUNKERWORLD_HISTORICAL
2023-12-15,SGP_SIN,MGO,710.69,BUNKERWORLD_HISTORICAL
2023-12-15,LKA_CMB,VLSFO,572.36,BUNKERWORLD_HISTORICAL
2023-12-15,LKA_CMB,MGO,728.46,BUNKERWORLD_HISTORICAL
2023-12-15,ARE_FUJ,VLSFO,552.82,BUNKERWORLD_HISTORICAL
2023-12-15,ARE_FUJ,MGO,703.59,BUNKERWORLD_HISTORICAL
2023-12-16,SGP_SIN,VLSFO,555.75,BUNKERWORLD_HISTORICAL
2023-12-16,SGP_SIN,MGO,698.08,BUNKERWORLD_HISTORICAL
2023-12-16,LKA_CMB,VLSFO,569.64,BUNKERWORLD_HISTORICAL
2023-12-16,LKA_CMB,MGO,715.54,BUNKERWORLD_HISTORICAL
2023-12-16,ARE_FUJ,VLSFO,550.19,BUNKERWORLD_HISTORICAL
2023-12-16,ARE_FUJ,MGO,691.1,BUNKERWORLD_HISTORICAL
2023-12-17,SGP_SIN,VLSFO,559.66,BUNKERWORLD_HISTORICAL
2023-12-17,SGP_SIN,MGO,719.18,BUNKERWORLD_HISTORICAL
2023-12-17,LKA_CMB,VLSFO,573.65,BUNKERWORLD_HISTORICAL
2023-12-17,LKA_CMB,MGO,737.16,BUNKERWORLD_HISTORICAL
2023-12-17,ARE_FUJ,VLSFO,554.07,BUNKERWORLD_HISTORICAL
2023-12-17,ARE_FUJ,MGO,711.99,BUNKERWORLD_HISTORICAL
2023-12-18,SGP_SIN,VLSFO,556.57,BUNKERWORLD_HISTORICAL
2023-12-18,SGP_SIN,MGO,721.09,BUNKERWORLD_HISTORICAL
2023-12-18,LKA_CMB,VLSFO,570.48,BUNKERWORLD_HISTORICAL
2023-12-18,LKA_CMB,MGO,739.12,BUNKERWORLD_HISTORICAL
2023-12-18,ARE_FUJ,VLSFO,551.0,BUNKERWORLD_HISTORICAL
2023-12-18,ARE_FUJ,MGO,713.88,BUNKERWORLD_HISTORICAL
2023-12-19,SGP_SIN,VLSFO,546.98,BUNKERWORLD_HISTORICAL
2023-12-19,SGP_SIN,MGO,688.65,BUNKERWORLD_HISTORICAL
2023-12-19,LKA_CMB,VLSFO,560.65,BUNKERWORLD_HISTORICAL
2023-12-19,LKA_CMB,MGO,705.86,BUNKERWORLD_HISTORICAL
2023-12-19,ARE_FUJ,VLSFO,541.51,BUNKERWORLD_HISTORICAL
2023-12-19,ARE_FUJ,MGO,681.76,BUNKERWORLD_HISTORICAL
2023-12-20,SGP_SIN,VLSFO,536.25,BUNKERWORLD_HISTORICAL
2023-12-20,SGP_SIN,MGO,690.0,BUNKERWORLD_HISTORICAL
2023-12-20,LKA_CMB,VLSFO,549.66,BUNKERWORLD_HISTORICAL
2023-12-20,LKA_CMB,MGO,707.25,BUNKERWORLD_HISTORICAL
2023-12-20,ARE_FUJ,VLSFO,530.89,BUNKERWORLD_HISTORICAL
2023-12-20,ARE_FUJ,MGO,683.1,BUNKERWORLD_HISTORICAL
2023-12-21,SGP_SIN,VLSFO,538.77,BUNKERWORLD_HISTORICAL
2023-12-21,SGP_SIN,MGO,686.88,BUNKERWORLD_HISTORICAL
2023-12-21,LKA_CMB,VLSFO,552.24,BUNKERWORLD_HISTORICAL
2023-12-21,LKA_CMB,MGO,704.05,BUNKERWORLD_HISTORICAL
2023-12-21,ARE_FUJ,VLSFO,533.38,BUNKERWORLD_HISTORICAL
2023-12-21,ARE_FUJ,MGO,680.01,BUNKERWORLD_HISTORICAL
2023-12-22,SGP_SIN,VLSFO,539.97,BUNKERWORLD_HISTORICAL
2023-12-22,SGP_SIN,MGO,689.32,BUNKERWORLD_HISTORICAL
2023-12-22,LKA_CMB,VLSFO,553.47,BUNKERWORLD_HISTORICAL
2023-12-22,LKA_CMB,MGO,706.56,BUNKERWORLD_HISTORICAL
2023-12-22,ARE_FUJ,VLSFO,534.57,BUNKERWORLD_HISTORICAL
2023-12-22,ARE_FUJ,MGO,682.43,BUNKERWORLD_HISTORICAL
2023-12-23,SGP_SIN,VLSFO,533.1,BUNKERWORLD_HISTORICAL
2023-12-23,SGP_SIN,MGO,680.0,BUNKERWORLD_HISTORICAL
2023-12-23,LKA_CMB,VLSFO,546.43,BUNKERWORLD_HISTORICAL
2023-12-23,LKA_CMB,MGO,697.0,BUNKERWORLD_HISTORICAL
2023-12-23,ARE_FUJ,VLSFO,527.77,BUNKERWORLD_HISTORICAL
2023-12-23,ARE_FUJ,MGO,673.2,BUNKERWORLD_HISTORICAL
2023-12-24,SGP_SIN,VLSFO,531.39,BUNKERWORLD_HISTORICAL
2023-12-24,SGP_SIN,MGO,685.35,BUNKERWORLD_HISTORICAL
2023-12-24,LKA_CMB,VLSFO,544.67,BUNKERWORLD_HISTORICAL
2023-12-24,LKA_CMB,MGO,702.48,BUNKERWORLD_HISTORICAL
2023-12-24,ARE_FUJ,VLSFO,526.07,BUNKERWORLD_HISTORICAL
2023-12-24,ARE_FUJ,MGO,678.49,BUNKERWORLD_HISTORICAL
2023-12-25,SGP_SIN,VLSFO,540.31,BUNKERWORLD_HISTORICAL
2023-12-25,SGP_SIN,MGO,695.31,BUNKERWORLD_HISTORICAL
2023-12-25,LKA_CMB,VLSFO,553.82,BUNKERWORLD_HISTORICAL
2023-12-25,LKA_CMB,MGO,712.69,BUNKERWORLD_HISTORICAL
2023-12-25,ARE_FUJ,VLSFO,534.91,BUNKERWORLD_HISTORICAL
2023-12-25,ARE_FUJ,MGO,688.35,BUNKERWORLD_HISTORICAL
2023-12-26,SGP_SIN,VLSFO,532.28,BUNKERWORLD_HISTORICAL
2023-12-26,SGP_SIN,MGO,680.0,BUNKERWORLD_HISTORICAL
2023-12-26,LKA_CMB,VLSFO,545.59,BUNKERWORLD_HISTORICAL
2023-12-26,LKA_CMB,MGO,697.0,BUNKERWORLD_HISTORICAL
2023-12-26,ARE_FUJ,VLSFO,526.96,BUNKERWORLD_HISTORICAL
2023-12-26,ARE_FUJ,MGO,673.2,BUNKERWORLD_HISTORICAL
2023-12-27,SGP_SIN,VLSFO,545.55,BUNKERWORLD_HISTORICAL
2023-12-27,SGP_SIN,MGO,686.27,BUNKERWORLD_HISTORICAL
2023-12-27,LKA_CMB,VLSFO,559.19,BUNKERWORLD_HISTORICAL
2023-12-27,LKA_CMB,MGO,703.43,BUNKERWORLD_HISTORICAL
2023-12-27,ARE_FUJ,VLSFO,540.09,BUNKERWORLD_HISTORICAL
2023-12-27,ARE_FUJ,MGO,679.41,BUNKERWORLD_HISTORICAL
2023-12-28,SGP_SIN,VLSFO,539.54,BUNKERWORLD_HISTORICAL
2023-12-28,SGP_SIN,MGO,681.44,BUNKERWORLD_HISTORICAL
2023-12-28,LKA_CMB,VLSFO,553.03,BUNKERWORLD_HISTORICAL
2023-12-28,LKA_CMB,MGO,698.47,BUNKERWORLD_HISTORICAL
2023-12-28,ARE_FUJ,VLSFO,534.15,BUNKERWORLD_HISTORICAL
2023-12-28,ARE_FUJ,MGO,674.62,BUNKERWORLD_HISTORICAL
2023-12-29,SGP_SIN,VLSFO,546.86,BUNKERWORLD_HISTORICAL
2023-12-29,SGP_SIN,MGO,694.11,BUNKERWORLD_HISTORICAL
2023-12-29,LKA_CMB,VLSFO,560.53,BUNKERWORLD_HISTORICAL
2023-12-29,LKA_CMB,MGO,711.46,BUNKERWORLD_HISTORICAL
2023-12-29,ARE_FUJ,VLSFO,541.39,BUNKERWORLD_HISTORICAL
2023-12-29,ARE_FUJ,MGO,687.17,BUNKERWORLD_HISTORICAL
2023-12-30,SGP_SIN,VLSFO,537.02,BUNKERWORLD_HISTORICAL
2023-12-30,SGP_SIN,MGO,689.07,BUNKERWORLD_HISTORICAL
2023-12-30,LKA_CMB,VLSFO,550.45,BUNKERWORLD_HISTORICAL
2023-12-30,LKA_CMB,MGO,706.29,BUNKERWORLD_HISTORICAL
2023-12-30,ARE_FUJ,VLSFO,531.65,BUNKERWORLD_HISTORICAL
2023-12-30,ARE_FUJ,MGO,682.18,BUNKERWORLD_HISTORICAL
2023-12-31,SGP_SIN,VLSFO,546.86,BUNKERWORLD_HISTORICAL
2023-12-31,SGP_SIN,MGO,694.29,BUNKERWORLD_HISTORICAL
2023-12-31,LKA_CMB,VLSFO,560.54,BUNKERWORLD_HISTORICAL
2023-12-31,LKA_CMB,MGO,711.65,BUNKERWORLD_HISTORICAL
2023-12-31,ARE_FUJ,VLSFO,541.4,BUNKERWORLD_HISTORICAL
2023-12-31,ARE_FUJ,MGO,687.35,BUNKERWORLD_HISTORICAL
2024-01-01,SGP_SIN,VLSFO,526.97,BUNKERWORLD_HISTORICAL
2024-01-01,SGP_SIN,MGO,680.0,BUNKERWORLD_HISTORICAL
2024-01-01,LKA_CMB,VLSFO,540.15,BUNKERWORLD_HISTORICAL
2024-01-01,LKA_CMB,MGO,697.0,BUNKERWORLD_HISTORICAL
2024-01-01,ARE_FUJ,VLSFO,521.7,BUNKERWORLD_HISTORICAL
2024-01-01,ARE_FUJ,MGO,673.2,BUNKERWORLD_HISTORICAL
2024-01-02,SGP_SIN,VLSFO,543.99,BUNKERWORLD_HISTORICAL
2024-01-02,SGP_SIN,MGO,703.18,BUNKERWORLD_HISTORICAL
2024-01-02,LKA_CMB,VLSFO,557.59,BUNKERWORLD_HISTORICAL
2024-01-02,LKA_CMB,MGO,720.76,BUNKERWORLD_HISTORICAL
2024-01-02,ARE_FUJ,VLSFO,538.55,BUNKERWORLD_HISTORICAL
2024-01-02,ARE_FUJ,MGO,696.15,BUNKERWORLD_HISTORICAL
2024-01-03,SGP_SIN,VLSFO,538.09,BUNKERWORLD_HISTORICAL
2024-01-03,SGP_SIN,MGO,680.0,BUNKERWORLD_HISTORICAL
2024-01-03,LKA_CMB,VLSFO,551.54,BUNKERWORLD_HISTORICAL
2024-01-03,LKA_CMB,MGO,697.0,BUNKERWORLD_HISTORICAL
2024-01-03,ARE_FUJ,VLSFO,532.71,BUNKERWORLD_HISTORICAL
2024-01-03,ARE_FUJ,MGO,673.2,BUNKERWORLD_HISTORICAL
2024-01-04,SGP_SIN,VLSFO,526.94,BUNKERWORLD_HISTORICAL
2024-01-04,SGP_SIN,MGO,680.0,BUNKERWORLD_HISTORICAL
2024-01-04,LKA_CMB,VLSFO,540.12,BUNKERWORLD_HISTORICAL
2024-01-04,LKA_CMB,MGO,697.0,BUNKERWORLD_HISTORICAL
2024-01-04,ARE_FUJ,VLSFO,521.67,BUNKERWORLD_HISTORICAL
2024-01-04,ARE_FUJ,MGO,673.2,BUNKERWORLD_HISTORICAL
2024-01-05,SGP_SIN,VLSFO,538.94,BUNKERWORLD_HISTORICAL
2024-01-05,SGP_SIN,MGO,690.74,BUNKERWORLD_HISTORICAL
2024-01-05,LKA_CMB,VLSFO,552.41,BUNKERWORLD_HISTORICAL
2024-01-05,LKA_CMB,MGO,708.01,BUNKERWORLD_HISTORICAL
2024-01-05,ARE_FUJ,VLSFO,533.55,BUNKERWORLD_HISTORICAL
2024-01-05,ARE_FUJ,MGO,683.84,BUNKERWORLD_HISTORICAL
2024-01-06,SGP_SIN,VLSFO,536.42,BUNKERWORLD_HISTORICAL
2024-01-06,SGP_SIN,MGO,687.56,BUNKERWORLD_HISTORICAL
2024-01-06,LKA_CMB,VLSFO,549.83,BUNKERWORLD_HISTORICAL
2024-01-06,LKA_CMB,MGO,704.75,BUNKERWORLD_HISTORICAL
2024-01-06,ARE_FUJ,VLSFO,531.05,BUNKERWORLD_HISTORICAL
2024-01-06,ARE_FUJ,MGO,680.69,BUNKERWORLD_HISTORICAL
2024-01-07,SGP_SIN,VLSFO,540.94,BUNKERWORLD_HISTORICAL
2024-01-07,SGP_SIN,MGO,698.82,BUNKERWORLD_HISTORICAL
2024-01-07,LKA_CMB,VLSFO,554.47,BUNKERWORLD_HISTORICAL
2024-01-07,LKA_CMB,MGO,716.29,BUNKERWORLD_HISTORICAL
2024-01-07,ARE_FUJ,VLSFO,535.53,BUNKERWORLD_HISTORICAL
2024-01-07,ARE_FUJ,MGO,691.83,BUNKERWORLD_HISTORICAL
2024-01-08,SGP_SIN,VLSFO,535.07,BUNKERWORLD_HISTORICAL
2024-01-08,SGP_SIN,MGO,682.21,BUNKERWORLD_HISTORICAL
2024-01-08,LKA_CMB,VLSFO,548.45,BUNKERWORLD_HISTORICAL
2024-01-08,LKA_CMB,MGO,699.26,BUNKERWORLD_HISTORICAL
2024-01-08,ARE_FUJ,VLSFO,529.72,BUNKERWORLD_HISTORICAL
2024-01-08,ARE_FUJ,MGO,675.39,BUNKERWORLD_HISTORICAL
2024-01-09,SGP_SIN,VLSFO,541.76,BUNKERWORLD_HISTORICAL
2024-01-09,SGP_SIN,MGO,684.57,BUNKERWORLD_HISTORICAL
2024-01-09,LKA_CMB,VLSFO,555.3,BUNKERWORLD_HISTORICAL
2024-01-09,LKA_CMB,MGO,701.68,BUNKERWORLD_HISTORICAL
2024-01-09,ARE_FUJ,VLSFO,536.34,BUNKERWORLD_HISTORICAL
2024-01-09,ARE_FUJ,MGO,677.72,BUNKERWORLD_HISTORICAL
2024-01-10,SGP_SIN,VLSFO,549.74,BUNKERWORLD_HISTORICAL
2024-01-10,SGP_SIN,MGO,707.53,BUNKERWORLD_HISTORICAL
2024-01-10,LKA_CMB,VLSFO,563.48,BUNKERWORLD_HISTORICAL
2024-01-10,LKA_CMB,MGO,725.22,BUNKERWORLD_HISTORICAL
2024-01-10,ARE_FUJ,VLSFO,544.24,BUNKERWORLD_HISTORICAL
2024-01-10,ARE_FUJ,MGO,700.46,BUNKERWORLD_HISTORICAL
2024-01-11,SGP_SIN,VLSFO,542.46,BUNKERWORLD_HISTORICAL
2024-01-11,SGP_SIN,MGO,698.47,BUNKERWORLD_HISTORICAL
2024-01-11,LKA_CMB,VLSFO,556.02,BUNKERWORLD_HISTORICAL
2024-01-11,LKA_CMB,MGO,715.94,BUNKERWORLD_HISTORICAL
2024-01-11,ARE_FUJ,VLSFO,537.03,BUNKERWORLD_HISTORICAL
2024-01-11,ARE_FUJ,MGO,691.49,BUNKERWORLD_HISTORICAL
2024-01-12,SGP_SIN,VLSFO,560.69,BUNKERWORLD_HISTORICAL
2024-01-12,SGP_SIN,MGO,724.72,BUNKERWORLD_HISTORICAL
2024-01-12,LKA_CMB,VLSFO,574.71,BUNKERWORLD_HISTORICAL
2024-01-12,LKA_CMB,MGO,742.84,BUNKERWORLD_HISTORICAL
2024-01-12,ARE_FUJ,VLSFO,555.09,BUNKERWORLD_HISTORICAL
2024-01-12,ARE_FUJ,MGO,717.47,BUNKERWORLD_HISTORICAL
2024-01-13,SGP_SIN,VLSFO,543.88,BUNKERWORLD_HISTORICAL
2024-01-13,SGP_SIN,MGO,700.97,BUNKERWORLD_HISTORICAL
2024-01-13,LKA_CMB,VLSFO,557.47,BUNKERWORLD_HISTORICAL
2024-01-13,LKA_CMB,MGO,718.49,BUNKERWORLD_HISTORICAL
2024-01-13,ARE_FUJ,VLSFO,538.44,BUNKERWORLD_HISTORICAL
2024-01-13,ARE_FUJ,MGO,693.96,BUNKERWORLD_HISTORICAL
2024-01-14,SGP_SIN,VLSFO,548.37,BUNKERWORLD_HISTORICAL
2024-01-14,SGP_SIN,MGO,697.47,BUNKERWORLD_HISTORICAL
2024-01-14,LKA_CMB,VLSFO,562.08,BUNKERWORLD_HISTORICAL
2024-01-14,LKA_CMB,MGO,714.91,BUNKERWORLD_HISTORICAL
2024-01-14,ARE_FUJ,VLSFO,542.88,BUNKERWORLD_HISTORICAL
2024-01-14,ARE_FUJ,MGO,690.49,BUNKERWORLD_HISTORICAL
2024-01-15,SGP_SIN,VLSFO,549.78,BUNKERWORLD_HISTORICAL
2024-01-15,SGP_SIN,MGO,706.43,BUNKERWORLD_HISTORICAL
2024-01-15,LKA_CMB,VLSFO,563.53,BUNKERWORLD_HISTORICAL
2024-01-15,LKA_CMB,MGO,724.09,BUNKERWORLD_HISTORICAL
2024-01-15,ARE_FUJ,VLSFO,544.29,BUNKERWORLD_HISTORICAL
2024-01-15,ARE_FUJ,MGO,699.36,BUNKERWORLD_HISTORICAL
2024-01-16,SGP_SIN,VLSFO,558.62,BUNKERWORLD_HISTORICAL
2024-01-16,SGP_SIN,MGO,717.05,BUNKERWORLD_HISTORICAL
2024-01-16,LKA_CMB,VLSFO,572.59,BUNKERWORLD_HISTORICAL
2024-01-16,LKA_CMB,MGO,734.97,BUNKERWORLD_HISTORICAL
2024-01-16,ARE_FUJ,VLSFO,553.04,BUNKERWORLD_HISTORICAL
2024-01-16,ARE_FUJ,MGO,709.88,BUNKERWORLD_HISTORICAL
2024-01-17,SGP_SIN,VLSFO,556.18,BUNKERWORLD_HISTORICAL
2024-01-17,SGP_SIN,MGO,721.3,BUNKERWORLD_HISTORICAL
2024-01-17,LKA_CMB,VLSFO,570.09,BUNKERWORLD_HISTORICAL
2024-01-17,LKA_CMB,MGO,739.33,BUNKERWORLD_HISTORICAL
2024-01-17,ARE_FUJ,VLSFO,550.62,BUNKERWORLD_HISTORICAL
2024-01-17,ARE_FUJ,MGO,714.09,BUNKERWORLD_HISTORICAL
2024-01-18,SGP_SIN,VLSFO,546.01,BUNKERWORLD_HISTORICAL
2024-01-18,SGP_SIN,MGO,692.36,BUNKERWORLD_HISTORICAL
2024-01-18,LKA_CMB,VLSFO,559.66,BUNKERWORLD_HISTORICAL
2024-01-18,LKA_CMB,MGO,709.67,BUNKERWORLD_HISTORICAL
2024-01-18,ARE_FUJ,VLSFO,540.55,BUNKERWORLD_HISTORICAL
2024-01-18,ARE_FUJ,MGO,685.44,BUNKERWORLD_HISTORICAL
2024-01-19,SGP_SIN,VLSFO,551.8,BUNKERWORLD_HISTORICAL
2024-01-19,SGP_SIN,MGO,696.06,BUNKERWORLD_HISTORICAL
2024-01-19,LKA_CMB,VLSFO,565.6,BUNKERWORLD_HISTORICAL
2024-01-19,LKA_CMB,MGO,713.46,BUNKERWORLD_HISTORICAL
2024-01-19,ARE_FUJ,VLSFO,546.28,BUNKERWORLD_HISTORICAL
2024-01-19,ARE_FUJ,MGO,689.1,BUNKERWORLD_HISTORICAL
2024-01-20,SGP_SIN,VLSFO,558.54,BUNKERWORLD_HISTORICAL
2024-01-20,SGP_SIN,MGO,715.3,BUNKERWORLD_HISTORICAL
2024-01-20,LKA_CMB,VLSFO,572.5,BUNKERWORLD_HISTORICAL
2024-01-20,LKA_CMB,MGO,733.18,BUNKERWORLD_HISTORICAL
2024-01-20,ARE_FUJ,VLSFO,552.95,BUNKERWORLD_HISTORICAL
2024-01-20,ARE_FUJ,MGO,708.15,BUNKERWORLD_HISTORICAL
2024-01-21,SGP_SIN,VLSFO,540.61,BUNKERWORLD_HISTORICAL
2024-01-21,SGP_SIN,MGO,689.68,BUNKERWORLD_HISTORICAL
2024-01-21,LKA_CMB,VLSFO,554.13,BUNKERWORLD_HISTORICAL
2024-01-21,LKA_CMB,MGO,706.92,BUNKERWORLD_HISTORICAL
2024-01-21,ARE_FUJ,VLSFO,535.21,BUNKERWORLD_HISTORICAL
2024-01-21,ARE_FUJ,MGO,682.79,BUNKERWORLD_HISTORICAL
2024-01-22,SGP_SIN,VLSFO,553.71,BUNKERWORLD_HISTORICAL
2024-01-22,SGP_SIN,MGO,720.55,BUNKERWORLD_HISTORICAL
2024-01-22,LKA_CMB,VLSFO,567.56,BUNKERWORLD_HISTORICAL
2024-01-22,LKA_CMB,MGO,738.57,BUNKERWORLD_HISTORICAL
2024-01-22,ARE_FUJ,VLSFO,548.18,BUNKERWORLD_HISTORICAL
2024-01-22,ARE_FUJ,MGO,713.35,BUNKERWORLD_HISTORICAL
2024-01-23,SGP_SIN,VLSFO,547.27,BUNKERWORLD_HISTORICAL
2024-01-23,SGP_SIN,MGO,715.71,BUNKERWORLD_HISTORICAL
2024-01-23,LKA_CMB,VLSFO,560.95,BUNKERWORLD_HISTORICAL
2024-01-23,LKA_CMB,MGO,733.6,BUNKERWORLD_HISTORICAL
2024-01-23,ARE_FUJ,VLSFO,541.8,BUNKERWORLD_HISTORICAL
2024-01-23,ARE_FUJ,MGO,708.55,BUNKERWORLD_HISTORICAL
2024-01-24,SGP_SIN,VLSFO,548.49,BUNKERWORLD_HISTORICAL
2024-01-24,SGP_SIN,MGO,709.49,BUNKERWORLD_HISTORICAL
2024-01-24,LKA_CMB,VLSFO,562.2,BUNKERWORLD_HISTORICAL
2024-01-24,LKA_CMB,MGO,727.23,BUNKERWORLD_HISTORICAL
2024-01-24,ARE_FUJ,VLSFO,543.01,BUNKERWORLD_HISTORICAL
2024-01-24,ARE_FUJ,MGO,702.4,BUNKERWORLD_HISTORICAL
2024-01-25,SGP_SIN,VLSFO,559.47,BUNKERWORLD_HISTORICAL
2024-01-25,SGP_SIN,MGO,718.9,BUNKERWORLD_HISTORICAL
2024-01-25,LKA_CMB,VLSFO,573.45,BUNKERWORLD_HISTORICAL
2024-01-25,LKA_CMB,MGO,736.88,BUNKERWORLD_HISTORICAL
2024-01-25,ARE_FUJ,VLSFO,553.87,BUNKERWORLD_HISTORICAL
2024-01-25,ARE_FUJ,MGO,711.71,BUNKERWORLD_HISTORICAL
2024-01-26,SGP_SIN,VLSFO,548.28,BUNKERWORLD_HISTORICAL
2024-01-26,SGP_SIN,MGO,700.58,BUNKERWORLD_HISTORICAL
2024-01-26,LKA_CMB,VLSFO,561.98,BUNKERWORLD_HISTORICAL
2024-01-26,LKA_CMB,MGO,718.1,BUNKERWORLD_HISTORICAL
2024-01-26,ARE_FUJ,VLSFO,542.79,BUNKERWORLD_HISTORICAL
2024-01-26,ARE_FUJ,MGO,693.58,BUNKERWORLD_HISTORICAL
2024-01-27,SGP_SIN,VLSFO,567.94,BUNKERWORLD_HISTORICAL
2024-01-27,SGP_SIN,MGO,726.37,BUNKERWORLD_HISTORICAL
2024-01-27,LKA_CMB,VLSFO,582.13,BUNKERWORLD_HISTORICAL
2024-01-27,LKA_CMB,MGO,744.53,BUNKERWORLD_HISTORICAL
2024-01-27,ARE_FUJ,VLSFO,562.26,BUNKERWORLD_HISTORICAL
2024-01-27,ARE_FUJ,MGO,719.11,BUNKERWORLD_HISTORICAL
2024-01-28,SGP_SIN,VLSFO,551.19,BUNKERWORLD_HISTORICAL
2024-01-28,SGP_SIN,MGO,709.54,BUNKERWORLD_HISTORICAL
2024-01-28,LKA_CMB,VLSFO,564.97,BUNKERWORLD_HISTORICAL
2024-01-28,LKA_CMB,MGO,727.28,BUNKERWORLD_HISTORICAL
2024-01-28,ARE_FUJ,VLSFO,545.68,BUNKERWORLD_HISTORICAL
2024-01-28,ARE_FUJ,MGO,702.44,BUNKERWORLD_HISTORICAL
2024-01-29,SGP_SIN,VLSFO,560.67,BUNKERWORLD_HISTORICAL
2024-01-29,SGP_SIN,MGO,722.83,BUNKERWORLD_HISTORICAL
2024-01-29,LKA_CMB,VLSFO,574.69,BUNKERWORLD_HISTORICAL
2024-01-29,LKA_CMB,MGO,740.9,BUNKERWORLD_HISTORICAL
2024-01-29,ARE_FUJ,VLSFO,555.07,BUNKERWORLD_HISTORICAL
2024-01-29,ARE_FUJ,MGO,715.6,BUNKERWORLD_HISTORICAL
2024-01-30,SGP_SIN,VLSFO,562.29,BUNKERWORLD_HISTORICAL
2024-01-30,SGP_SIN,MGO,718.66,BUNKERWORLD_HISTORICAL
2024-01-30,LKA_CMB,VLSFO,576.35,BUNKERWORLD_HISTORICAL
2024-01-30,LKA_CMB,MGO,736.63,BUNKERWORLD_HISTORICAL
2024-01-30,ARE_FUJ,VLSFO,556.67,BUNKERWORLD_HISTORICAL
2024-01-30,ARE_FUJ,MGO,711.48,BUNKERWORLD_HISTORICAL
2024-01-31,SGP_SIN,VLSFO,572.95,BUNKERWORLD_HISTORICAL
2024-01-31,SGP_SIN,MGO,729.32,BUNKERWORLD_HISTORICAL
2024-01-31,LKA_CMB,VLSFO,587.28,BUNKERWORLD_HISTORICAL
2024-01-31,LKA_CMB,MGO,747.56,BUNKERWORLD_HISTORICAL
2024-01-31,ARE_FUJ,VLSFO,567.22,BUNKERWORLD_HISTORICAL
2024-01-31,ARE_FUJ,MGO,722.03,BUNKERWORLD_HISTORICAL
2024-02-01,SGP_SIN,VLSFO,572.84,BUNKERWORLD_HISTORICAL
2024-02-01,SGP_SIN,MGO,737.59,BUNKERWORLD_HISTORICAL
2024-02-01,LKA_CMB,VLSFO,587.16,BUNKERWORLD_HISTORICAL
2024-02-01,LKA_CMB,MGO,756.03,BUNKERWORLD_HISTORICAL
2024-02-01,ARE_FUJ,VLSFO,567.11,BUNKERWORLD_HISTORICAL
2024-02-01,ARE_FUJ,MGO,730.21,BUNKERWORLD_HISTORICAL
2024-02-02,SGP_SIN,VLSFO,568.92,BUNKERWORLD_HISTORICAL
2024-02-02,SGP_SIN,MGO,726.67,BUNKERWORLD_HISTORICAL
2024-02-02,LKA_CMB,VLSFO,583.15,BUNKERWORLD_HISTORICAL
2024-02-02,LKA_CMB,MGO,744.84,BUNKERWORLD_HISTORICAL
2024-02-02,ARE_FUJ,VLSFO,563.23,BUNKERWORLD_HISTORICAL
2024-02-02,ARE_FUJ,MGO,719.4,BUNKERWORLD_HISTORICAL
2024-02-03,SGP_SIN,VLSFO,567.75,BUNKERWORLD_HISTORICAL
2024-02-03,SGP_SIN,MGO,723.24,BUNKERWORLD_HISTORICAL
2024-02-03,LKA_CMB,VLSFO,581.94,BUNKERWORLD_HISTORICAL
2024-02-03,LKA_CMB,MGO,741.33,BUNKERWORLD_HISTORICAL
2024-02-03,ARE_FUJ,VLSFO,562.07,BUNKERWORLD_HISTORICAL
2024-02-03,ARE_FUJ,MGO,716.01,BUNKERWORLD_HISTORICAL
2024-02-04,SGP_SIN,VLSFO,569.28,BUNKERWORLD_HISTORICAL
2024-02-04,SGP_SIN,MGO,743.92,BUNKERWORLD_HISTORICAL
2024-02-04,LKA_CMB,VLSFO,583.51,BUNKERWORLD_HISTORICAL
2024-02-04,LKA_CMB,MGO,762.52,BUNKERWORLD_HISTORICAL
2024-02-04,ARE_FUJ,VLSFO,563.59,BUNKERWORLD_HISTORICAL
2024-02-04,ARE_FUJ,MGO,736.48,BUNKERWORLD_HISTORICAL
2024-02-05,SGP_SIN,VLSFO,563.43,BUNKERWORLD_HISTORICAL
2024-02-05,SGP_SIN,MGO,730.88,BUNKERWORLD_HISTORICAL
2024-02-05,LKA_CMB,VLSFO,577.52,BUNKERWORLD_HISTORICAL
2024-02-05,LKA_CMB,MGO,749.15,BUNKERWORLD_HISTORICAL
2024-02-05,ARE_FUJ,VLSFO,557.8,BUNKERWORLD_HISTORICAL
2024-02-05,ARE_FUJ,MGO,723.57,BUNKERWORLD_HISTORICAL
2024-02-06,SGP_SIN,VLSFO,582.15,BUNKERWORLD_HISTORICAL
2024-02-06,SGP_SIN,MGO,753.32,BUNKERWORLD_HISTORICAL
2024-02-06,LKA_CMB,VLSFO,596.71,BUNKERWORLD_HISTORICAL
2024-02-06,LKA_CMB,MGO,772.15,BUNKERWORLD_HISTORICAL
2024-02-06,ARE_FUJ,VLSFO,576.33,BUNKERWORLD_HISTORICAL
2024-02-06,ARE_FUJ,MGO,745.78,BUNKERWORLD_HISTORICAL
2024-02-07,SGP_SIN,VLSFO,579.43,BUNKERWORLD_HISTORICAL
2024-02-07,SGP_SIN,MGO,750.43,BUNKERWORLD_HISTORICAL
2024-02-07,LKA_CMB,VLSFO,593.92,BUNKERWORLD_HISTORICAL
2024-02-07,LKA_CMB,MGO,769.2,BUNKERWORLD_HISTORICAL
2024-02-07,ARE_FUJ,VLSFO,573.64,BUNKERWORLD_HISTORICAL
2024-02-07,ARE_FUJ,MGO,742.93,BUNKERWORLD_HISTORICAL
2024-02-08,SGP_SIN,VLSFO,580.25,BUNKERWORLD_HISTORICAL
2024-02-08,SGP_SIN,MGO,748.51,BUNKERWORLD_HISTORICAL
2024-02-08,LKA_CMB,VLSFO,594.75,BUNKERWORLD_HISTORICAL
2024-02-08,LKA_CMB,MGO,767.22,BUNKERWORLD_HISTORICAL
2024-02-08,ARE_FUJ,VLSFO,574.44,BUNKERWORLD_HISTORICAL
2024-02-08,ARE_FUJ,MGO,741.02,BUNKERWORLD_HISTORICAL
2024-02-09,SGP_SIN,VLSFO,574.2,BUNKERWORLD_HISTORICAL
2024-02-09,SGP_SIN,MGO,724.26,BUNKERWORLD_HISTORICAL
2024-02-09,LKA_CMB,VLSFO,588.55,BUNKERWORLD_HISTORICAL
2024-02-09,LKA_CMB,MGO,742.36,BUNKERWORLD_HISTORICAL
2024-02-09,ARE_FUJ,VLSFO,568.45,BUNKERWORLD_HISTORICAL
2024-02-09,ARE_FUJ,MGO,717.01,BUNKERWORLD_HISTORICAL
2024-02-10,SGP_SIN,VLSFO,586.44,BUNKERWORLD_HISTORICAL
2024-02-10,SGP_SIN,MGO,731.92,BUNKERWORLD_HISTORICAL
2024-02-10,LKA_CMB,VLSFO,601.1,BUNKERWORLD_HISTORICAL
2024-02-10,LKA_CMB,MGO,750.21,BUNKERWORLD_HISTORICAL
2024-02-10,ARE_FUJ,VLSFO,580.57,BUNKERWORLD_HISTORICAL
2024-02-10,ARE_FUJ,MGO,724.6,BUNKERWORLD_HISTORICAL
2024-02-11,SGP_SIN,VLSFO,576.2,BUNKERWORLD_HISTORICAL
2024-02-11,SGP_SIN,MGO,744.94,BUNKERWORLD_HISTORICAL
2024-02-11,LKA_CMB,VLSFO,590.61,BUNKERWORLD_HISTORICAL
2024-02-11,LKA_CMB,MGO,763.57,BUNKERWORLD_HISTORICAL
2024-02-11,ARE_FUJ,VLSFO,570.44,BUNKERWORLD_HISTORICAL
2024-02-11,ARE_FUJ,MGO,737.49,BUNKERWORLD_HISTORICAL
2024-02-12,SGP_SIN,VLSFO,584.08,BUNKERWORLD_HISTORICAL
2024-02-12,SGP_SIN,MGO,739.09,BUNKERWORLD_HISTORICAL
2024-02-12,LKA_CMB,VLSFO,598.68,BUNKERWORLD_HISTORICAL
2024-02-12,LKA_CMB,MGO,757.56,BUNKERWORLD_HISTORICAL
2024-02-12,ARE_FUJ,VLSFO,578.24,BUNKERWORLD_HISTORICAL
2024-02-12,ARE_FUJ,MGO,731.7,BUNKERWORLD_HISTORICAL
2024-02-13,SGP_SIN,VLSFO,601.31,BUNKERWORLD_HISTORICAL
2024-02-13,SGP_SIN,MGO,763.54,BUNKERWORLD_HISTORICAL
2024-02-13,LKA_CMB,VLSFO,616.34,BUNKERWORLD_HISTORICAL
2024-02-13,LKA_CMB,MGO,782.62,BUNKERWORLD_HISTORICAL
2024-02-13,ARE_FUJ,VLSFO,595.29,BUNKERWORLD_HISTORICAL
2024-02-13,ARE_FUJ,MGO,755.9,BUNKERWORLD_HISTORICAL
2024-02-14,SGP_SIN,VLSFO,583.75,BUNKERWORLD_HISTORICAL
2024-02-14,SGP_SIN,MGO,746.44,BUNKERWORLD_HISTORICAL
2024-02-14,LKA_CMB,VLSFO,598.35,BUNKERWORLD_HISTORICAL
2024-02-14,LKA_CMB,MGO,765.1,BUNKERWORLD_HISTORICAL
2024-02-14,ARE_FUJ,VLSFO,577.92,BUNKERWORLD_HISTORICAL
2024-02-14,ARE_FUJ,MGO,738.98,BUNKERWORLD_HISTORICAL
2024-02-15,SGP_SIN,VLSFO,587.22,BUNKERWORLD_HISTORICAL
2024-02-15,SGP_SIN,MGO,759.21,BUNKERWORLD_HISTORICAL
2024-02-15,LKA_CMB,VLSFO,601.9,BUNKERWORLD_HISTORICAL
2024-02-15,LKA_CMB,MGO,778.19,BUNKERWORLD_HISTORICAL
2024-02-15,ARE_FUJ,VLSFO,581.34,BUNKERWORLD_HISTORICAL
2024-02-15,ARE_FUJ,MGO,751.62,BUNKERWORLD_HISTORICAL
2024-02-16,SGP_SIN,VLSFO,581.81,BUNKERWORLD_HISTORICAL
2024-02-16,SGP_SIN,MGO,743.48,BUNKERWORLD_HISTORICAL
2024-02-16,LKA_CMB,VLSFO,596.36,BUNKERWORLD_HISTORICAL
2024-02-16,LKA_CMB,MGO,762.07,BUNKERWORLD_HISTORICAL
2024-02-16,ARE_FUJ,VLSFO,575.99,BUNKERWORLD_HISTORICAL
2024-02-16,ARE_FUJ,MGO,736.05,BUNKERWORLD_HISTORICAL
2024-02-17,SGP_SIN,VLSFO,585.31,BUNKERWORLD_HISTORICAL
2024-02-17,SGP_SIN,MGO,752.76,BUNKERWORLD_HISTORICAL
2024-02-17,LKA_CMB,VLSFO,599.94,BUNKERWORLD_HISTORICAL
2024-02-17,LKA_CMB,MGO,771.57,BUNKERWORLD_HISTORICAL
2024-02-17,ARE_FUJ,VLSFO,579.46,BUNKERWORLD_HISTORICAL
2024-02-17,ARE_FUJ,MGO,745.23,BUNKERWORLD_HISTORICAL
2024-02-18,SGP_SIN,VLSFO,573.12,BUNKERWORLD_HISTORICAL
2024-02-18,SGP_SIN,MGO,739.67,BUNKERWORLD_HISTORICAL
2024-02-18,LKA_CMB,VLSFO,587.45,BUNKERWORLD_HISTORICAL
2024-02-18,LKA_CMB,MGO,758.16,BUNKERWORLD_HISTORICAL
2024-02-18,ARE_FUJ,VLSFO,567.39,BUNKERWORLD_HISTORICAL
2024-02-18,ARE_FUJ,MGO,732.27,BUNKERWORLD_HISTORICAL
2024-02-19,SGP_SIN,VLSFO,569.76,BUNKERWORLD_HISTORICAL
2024-02-19,SGP_SIN,MGO,730.85,BUNKERWORLD_HISTORICAL
2024-02-19,LKA_CMB,VLSFO,584.0,BUNKERWORLD_HISTORICAL
2024-02-19,LKA_CMB,MGO,749.12,BUNKERWORLD_HISTORICAL
2024-02-19,ARE_FUJ,VLSFO,564.06,BUNKERWORLD_HISTORICAL
2024-02-19,ARE_FUJ,MGO,723.54,BUNKERWORLD_HISTORICAL
2024-02-20,SGP_SIN,VLSFO,575.14,BUNKERWORLD_HISTORICAL
2024-02-20,SGP_SIN,MGO,731.62,BUNKERWORLD_HISTORICAL
2024-02-20,LKA_CMB,VLSFO,589.52,BUNKERWORLD_HISTORICAL
2024-02-20,LKA_CMB,MGO,749.91,BUNKERWORLD_HISTORICAL
2024-02-20,ARE_FUJ,VLSFO,569.39,BUNKERWORLD_HISTORICAL
2024-02-20,ARE_FUJ,MGO,724.3,BUNKERWORLD_HISTORICAL
2024-02-21,SGP_SIN,VLSFO,565.55,BUNKERWORLD_HISTORICAL
2024-02-21,SGP_SIN,MGO,730.05,BUNKERWORLD_HISTORICAL
2024-02-21,LKA_CMB,VLSFO,579.69,BUNKERWORLD_HISTORICAL
2024-02-21,LKA_CMB,MGO,748.3,BUNKERWORLD_HISTORICAL
2024-02-21,ARE_FUJ,VLSFO,559.89,BUNKERWORLD_HISTORICAL
2024-02-21,ARE_FUJ,MGO,722.75,BUNKERWORLD_HISTORICAL
2024-02-22,SGP_SIN,VLSFO,575.68,BUNKERWORLD_HISTORICAL
2024-02-22,SGP_SIN,MGO,728.23,BUNKERWORLD_HISTORICAL
2024-02-22,LKA_CMB,VLSFO,590.08,BUNKERWORLD_HISTORICAL
2024-02-22,LKA_CMB,MGO,746.44,BUNKERWORLD_HISTORICAL
2024-02-22,ARE_FUJ,VLSFO,569.93,BUNKERWORLD_HISTORICAL
2024-02-22,ARE_FUJ,MGO,720.95,BUNKERWORLD_HISTORICAL
2024-02-23,SGP_SIN,VLSFO,570.96,BUNKERWORLD_HISTORICAL
2024-02-23,SGP_SIN,MGO,738.77,BUNKERWORLD_HISTORICAL
2024-02-23,LKA_CMB,VLSFO,585.24,BUNKERWORLD_HISTORICAL
2024-02-23,LKA_CMB,MGO,757.24,BUNKERWORLD_HISTORICAL
2024-02-23,ARE_FUJ,VLSFO,565.25,BUNKERWORLD_HISTORICAL
2024-02-23,ARE_FUJ,MGO,731.39,BUNKERWORLD_HISTORICAL
2024-02-24,SGP_SIN,VLSFO,576.87,BUNKERWORLD_HISTORICAL
2024-02-24,SGP_SIN,MGO,742.24,BUNKERWORLD_HISTORICAL
2024-02-24,LKA_CMB,VLSFO,591.29,BUNKERWORLD_HISTORICAL
2024-02-24,LKA_CMB,MGO,760.8,BUNKERWORLD_HISTORICAL
2024-02-24,ARE_FUJ,VLSFO,571.1,BUNKERWORLD_HISTORICAL
2024-02-24,ARE_FUJ,MGO,734.82,BUNKERWORLD_HISTORICAL
2024-02-25,SGP_SIN,VLSFO,581.34,BUNKERWORLD_HISTORICAL
2024-02-25,SGP_SIN,MGO,739.69,BUNKERWORLD_HISTORICAL
2024-02-25,LKA_CMB,VLSFO,595.87,BUNKERWORLD_HISTORICAL
2024-02-25,LKA_CMB,MGO,758.18,BUNKERWORLD_HISTORICAL
2024-02-25,ARE_FUJ,VLSFO,575.52,BUNKERWORLD_HISTORICAL
2024-02-25,ARE_FUJ,MGO,732.29,BUNKERWORLD_HISTORICAL
2024-02-26,SGP_SIN,VLSFO,583.16,BUNKERWORLD_HISTORICAL
2024-02-26,SGP_SIN,MGO,736.26,BUNKERWORLD_HISTORICAL
2024-02-26,LKA_CMB,VLSFO,597.74,BUNKERWORLD_HISTORICAL
2024-02-26,LKA_CMB,MGO,754.67,BUNKERWORLD_HISTORICAL
2024-02-26,ARE_FUJ,VLSFO,577.33,BUNKERWORLD_HISTORICAL
2024-02-26,ARE_FUJ,MGO,728.9,BUNKERWORLD_HISTORICAL
2024-02-27,SGP_SIN,VLSFO,568.49,BUNKERWORLD_HISTORICAL
2024-02-27,SGP_SIN,MGO,725.86,BUNKERWORLD_HISTORICAL
2024-02-27,LKA_CMB,VLSFO,582.71,BUNKERWORLD_HISTORICAL
2024-02-27,LKA_CMB,MGO,744.01,BUNKERWORLD_HISTORICAL
2024-02-27,ARE_FUJ,VLSFO,562.81,BUNKERWORLD_HISTORICAL
2024-02-27,ARE_FUJ,MGO,718.6,BUNKERWORLD_HISTORICAL
2024-02-28,SGP_SIN,VLSFO,593.5,BUNKERWORLD_HISTORICAL
2024-02-28,SGP_SIN,MGO,745.28,BUNKERWORLD_HISTORICAL
2024-02-28,LKA_CMB,VLSFO,608.34,BUNKERWORLD_HISTORICAL
2024-02-28,LKA_CMB,MGO,763.91,BUNKERWORLD_HISTORICAL
2024-02-28,ARE_FUJ,VLSFO,587.56,BUNKERWORLD_HISTORICAL
2024-02-28,ARE_FUJ,MGO,737.83,BUNKERWORLD_HISTORICAL
2024-02-29,SGP_SIN,VLSFO,580.63,BUNKERWORLD_HISTORICAL
2024-02-29,SGP_SIN,MGO,746.42,BUNKERWORLD_HISTORICAL
2024-02-29,LKA_CMB,VLSFO,595.14,BUNKERWORLD_HISTORICAL
2024-02-29,LKA_CMB,MGO,765.08,BUNKERWORLD_HISTORICAL
2024-02-29,ARE_FUJ,VLSFO,574.82,BUNKERWORLD_HISTORICAL
2024-02-29,ARE_FUJ,MGO,738.95,BUNKERWORLD_HISTORICAL
2024-03-01,SGP_SIN,VLSFO,570.05,BUNKERWORLD_HISTORICAL
2024-03-01,SGP_SIN,MGO,726.95,BUNKERWORLD_HISTORICAL
2024-03-01,LKA_CMB,VLSFO,584.3,BUNKERWORLD_HISTORICAL
2024-03-01,LKA_CMB,MGO,745.12,BUNKERWORLD_HISTORICAL
2024-03-01,ARE_FUJ,VLSFO,564.35,BUNKERWORLD_HISTORICAL
2024-03-01,ARE_FUJ,MGO,719.68,BUNKERWORLD_HISTORICAL
2024-03-02,SGP_SIN,VLSFO,567.11,BUNKERWORLD_HISTORICAL
2024-03-02,SGP_SIN,MGO,717.1,BUNKERWORLD_HISTORICAL
2024-03-02,LKA_CMB,VLSFO,581.29,BUNKERWORLD_HISTORICAL
2024-03-02,LKA_CMB,MGO,735.03,BUNKERWORLD_HISTORICAL
2024-03-02,ARE_FUJ,VLSFO,561.44,BUNKERWORLD_HISTORICAL
2024-03-02,ARE_FUJ,MGO,709.93,BUNKERWORLD_HISTORICAL
2024-03-03,SGP_SIN,VLSFO,566.98,BUNKERWORLD_HISTORICAL
2024-03-03,SGP_SIN,MGO,715.66,BUNKERWORLD_HISTORICAL
2024-03-03,LKA_CMB,VLSFO,581.16,BUNKERWORLD_HISTORICAL
2024-03-03,LKA_CMB,MGO,733.56,BUNKERWORLD_HISTORICAL
2024-03-03,ARE_FUJ,VLSFO,561.31,BUNKERWORLD_HISTORICAL
2024-03-03,ARE_FUJ,MGO,708.51,BUNKERWORLD_HISTORICAL
2024-03-04,SGP_SIN,VLSFO,567.4,BUNKERWORLD_HISTORICAL
2024-03-04,SGP_SIN,MGO,738.86,BUNKERWORLD_HISTORICAL
2024-03-04,LKA_CMB,VLSFO,581.59,BUNKERWORLD_HISTORICAL
2024-03-04,LKA_CMB,MGO,757.34,BUNKERWORLD_HISTORICAL
2024-03-04,ARE_FUJ,VLSFO,561.73,BUNKERWORLD_HISTORICAL
2024-03-04,ARE_FUJ,MGO,731.48,BUNKERWORLD_HISTORICAL
2024-03-05,SGP_SIN,VLSFO,553.43,BUNKERWORLD_HISTORICAL
2024-03-05,SGP_SIN,MGO,706.42,BUNKERWORLD_HISTORICAL
2024-03-05,LKA_CMB,VLSFO,567.26,BUNKERWORLD_HISTORICAL
2024-03-05,LKA_CMB,MGO,724.08,BUNKERWORLD_HISTORICAL
2024-03-05,ARE_FUJ,VLSFO,547.89,BUNKERWORLD_HISTORICAL
2024-03-05,ARE_FUJ,MGO,699.36,BUNKERWORLD_HISTORICAL
2024-03-06,SGP_SIN,VLSFO,575.66,BUNKERWORLD_HISTORICAL
2024-03-06,SGP_SIN,MGO,726.17,BUNKERWORLD_HISTORICAL
2024-03-06,LKA_CMB,VLSFO,590.05,BUNKERWORLD_HISTORICAL
2024-03-06,LKA_CMB,MGO,744.33,BUNKERWORLD_HISTORICAL
2024-03-06,ARE_FUJ,VLSFO,569.9,BUNKERWORLD_HISTORICAL
2024-03-06,ARE_FUJ,MGO,718.91,BUNKERWORLD_HISTORICAL
2024-03-07,SGP_SIN,VLSFO,575.63,BUNKERWORLD_HISTORICAL
2024-03-07,SGP_SIN,MGO,745.68,BUNKERWORLD_HISTORICAL
2024-03-07,LKA_CMB,VLSFO,590.02,BUNKERWORLD_HISTORICAL
2024-03-07,LKA_CMB,MGO,764.32,BUNKERWORLD_HISTORICAL
2024-03-07,ARE_FUJ,VLSFO,569.87,BUNKERWORLD_HISTORICAL
2024-03-07,ARE_FUJ,MGO,738.22,BUNKERWORLD_HISTORICAL
2024-03-08,SGP_SIN,VLSFO,583.63,BUNKERWORLD_HISTORICAL
2024-03-08,SGP_SIN,MGO,744.59,BUNKERWORLD_HISTORICAL
2024-03-08,LKA_CMB,VLSFO,598.22,BUNKERWORLD_HISTORICAL
2024-03-08,LKA_CMB,MGO,763.2,BUNKERWORLD_HISTORICAL
2024-03-08,ARE_FUJ,VLSFO,577.79,BUNKERWORLD_HISTORICAL
2024-03-08,ARE_FUJ,MGO,737.14,BUNKERWORLD_HISTORICAL
2024-03-09,SGP_SIN,VLSFO,582.17,BUNKERWORLD_HISTORICAL
2024-03-09,SGP_SIN,MGO,745.99,BUNKERWORLD_HISTORICAL
2024-03-09,LKA_CMB,VLSFO,596.73,BUNKERWORLD_HISTORICAL
2024-03-09,LKA_CMB,MGO,764.64,BUNKERWORLD_HISTORICAL
2024-03-09,ARE_FUJ,VLSFO,576.35,BUNKERWORLD_HISTORICAL
2024-03-09,ARE_FUJ,MGO,738.53,BUNKERWORLD_HISTORICAL
2024-03-10,SGP_SIN,VLSFO,586.03,BUNKERWORLD_HISTORICAL
2024-03-10,SGP_SIN,MGO,739.81,BUNKERWORLD_HISTORICAL
2024-03-10,LKA_CMB,VLSFO,600.69,BUNKERWORLD_HISTORICAL
2024-03-10,LKA_CMB,MGO,758.3,BUNKERWORLD_HISTORICAL
2024-03-10,ARE_FUJ,VLSFO,580.17,BUNKERWORLD_HISTORICAL
2024-03-10,ARE_FUJ,MGO,732.41,BUNKERWORLD_HISTORICAL
2024-03-11,SGP_SIN,VLSFO,580.6,BUNKERWORLD_HISTORICAL
2024-03-11,SGP_SIN,MGO,748.07,BUNKERWORLD_HISTORICAL
2024-03-11,LKA_CMB,VLSFO,595.11,BUNKERWORLD_HISTORICAL
2024-03-11,LKA_CMB,MGO,766.77,BUNKERWORLD_HISTORICAL
2024-03-11,ARE_FUJ,VLSFO,574.79,BUNKERWORLD_HISTORICAL
2024-03-11,ARE_FUJ,MGO,740.59,BUNKERWORLD_HISTORICAL
2024-03-12,SGP_SIN,VLSFO,585.68,BUNKERWORLD_HISTORICAL
2024-03-12,SGP_SIN,MGO,747.02,BUNKERWORLD_HISTORICAL
2024-03-12,LKA_CMB,VLSFO,600.32,BUNKERWORLD_HISTORICAL
2024-03-12,LKA_CMB,MGO,765.7,BUNKERWORLD_HISTORICAL
2024-03-12,ARE_FUJ,VLSFO,579.82,BUNKERWORLD_HISTORICAL
2024-03-12,ARE_FUJ,MGO,739.55,BUNKERWORLD_HISTORICAL
2024-03-13,SGP_SIN,VLSFO,586.06,BUNKERWORLD_HISTORICAL
2024-03-13,SGP_SIN,MGO,740.21,BUNKERWORLD_HISTORICAL
2024-03-13,LKA_CMB,VLSFO,600.71,BUNKERWORLD_HISTORICAL
2024-03-13,LKA_CMB,MGO,758.71,BUNKERWORLD_HISTORICAL
2024-03-13,ARE_FUJ,VLSFO,580.2,BUNKERWORLD_HISTORICAL
2024-03-13,ARE_FUJ,MGO,732.81,BUNKERWORLD_HISTORICAL
2024-03-14,SGP_SIN,VLSFO,583.1,BUNKERWORLD_HISTORICAL
2024-03-14,SGP_SIN,MGO,738.75,BUNKERWORLD_HISTORICAL
2024-03-14,LKA_CMB,VLSFO,597.68,BUNKERWORLD_HISTORICAL
2024-03-14,LKA_CMB,MGO,757.22,BUNKERWORLD_HISTORICAL
2024-03-14,ARE_FUJ,VLSFO,577.27,BUNKERWORLD_HISTORICAL
2024-03-14,ARE_FUJ,MGO,731.37,BUNKERWORLD_HISTORICAL
2024-03-15,SGP_SIN,VLSFO,586.27,BUNKERWORLD_HISTORICAL
2024-03-15,SGP_SIN,MGO,742.22,BUNKERWORLD_HISTORICAL
2024-03-15,LKA_CMB,VLSFO,600.93,BUNKERWORLD_HISTORICAL
2024-03-15,LKA_CMB,MGO,760.78,BUNKERWORLD_HISTORICAL
2024-03-15,ARE_FUJ,VLSFO,580.41,BUNKERWORLD_HISTORICAL
2024-03-15,ARE_FUJ,MGO,734.8,BUNKERWORLD_HISTORICAL
2024-03-16,SGP_SIN,VLSFO,602.61,BUNKERWORLD_HISTORICAL
2024-03-16,SGP_SIN,MGO,773.34,BUNKERWORLD_HISTORICAL
2024-03-16,LKA_CMB,VLSFO,617.68,BUNKERWORLD_HISTORICAL
2024-03-16,LKA_CMB,MGO,792.68,BUNKERWORLD_HISTORICAL
2024-03-16,ARE_FUJ,VLSFO,596.59,BUNKERWORLD_HISTORICAL
2024-03-16,ARE_FUJ,MGO,765.61,BUNKERWORLD_HISTORICAL
2024-03-17,SGP_SIN,VLSFO,584.95,BUNKERWORLD_HISTORICAL
2024-03-17,SGP_SIN,MGO,762.52,BUNKERWORLD_HISTORICAL
2024-03-17,LKA_CMB,VLSFO,599.58,BUNKERWORLD_HISTORICAL
2024-03-17,LKA_CMB,MGO,781.59,BUNKERWORLD_HISTORICAL
2024-03-17,ARE_FUJ,VLSFO,579.1,BUNKERWORLD_HISTORICAL
2024-03-17,ARE_FUJ,MGO,754.9,BUNKERWORLD_HISTORICAL
2024-03-18,SGP_SIN,VLSFO,589.82,BUNKERWORLD_HISTORICAL
2024-03-18,SGP_SIN,MGO,763.47,BUNKERWORLD_HISTORICAL
2024-03-18,LKA_CMB,VLSFO,604.57,BUNKERWORLD_HISTORICAL
2024-03-18,LKA_CMB,MGO,782.56,BUNKERWORLD_HISTORICAL
2024-03-18,ARE_FUJ,VLSFO,583.93,BUNKERWORLD_HISTORICAL
2024-03-18,ARE_FUJ,MGO,755.84,BUNKERWORLD_HISTORICAL
2024-03-19,SGP_SIN,VLSFO,587.93,BUNKERWORLD_HISTORICAL
2024-03-19,SGP_SIN,MGO,764.99,BUNKERWORLD_HISTORICAL
2024-03-19,LKA_CMB,VLSFO,602.63,BUNKERWORLD_HISTORICAL
2024-03-19,LKA_CMB,MGO,784.11,BUNKERWORLD_HISTORICAL
2024-03-19,ARE_FUJ,VLSFO,582.05,BUNKERWORLD_HISTORICAL
2024-03-19,ARE_FUJ,MGO,757.34,BUNKERWORLD_HISTORICAL
2024-03-20,SGP_SIN,VLSFO,587.48,BUNKERWORLD_HISTORICAL
2024-03-20,SGP_SIN,MGO,742.43,BUNKERWORLD_HISTORICAL
2024-03-20,LKA_CMB,VLSFO,602.17,BUNKERWORLD_HISTORICAL
2024-03-20,LKA_CMB,MGO,760.99,BUNKERWORLD_HISTORICAL
2024-03-20,ARE_FUJ,VLSFO,581.61,BUNKERWORLD_HISTORICAL
2024-03-20,ARE_FUJ,MGO,735.01,BUNKERWORLD_HISTORICAL
2024-03-21,SGP_SIN,VLSFO,582.93,BUNKERWORLD_HISTORICAL
2024-03-21,SGP_SIN,MGO,742.94,BUNKERWORLD_HISTORICAL
2024-03-21,LKA_CMB,VLSFO,597.5,BUNKERWORLD_HISTORICAL
2024-03-21,LKA_CMB,MGO,761.52,BUNKERWORLD_HISTORICAL
2024-03-21,ARE_FUJ,VLSFO,577.1,BUNKERWORLD_HISTORICAL
2024-03-21,ARE_FUJ,MGO,735.51,BUNKERWORLD_HISTORICAL
2024-03-22,SGP_SIN,VLSFO,589.5,BUNKERWORLD_HISTORICAL
2024-03-22,SGP_SIN,MGO,754.01,BUNKERWORLD_HISTORICAL
2024-03-22,LKA_CMB,VLSFO,604.23,BUNKERWORLD_HISTORICAL
2024-03-22,LKA_CMB,MGO,772.87,BUNKERWORLD_HISTORICAL
2024-03-22,ARE_FUJ,VLSFO,583.6,BUNKERWORLD_HISTORICAL
2024-03-22,ARE_FUJ,MGO,746.47,BUNKERWORLD_HISTORICAL
2024-03-23,SGP_SIN,VLSFO,594.01,BUNKERWORLD_HISTORICAL
2024-03-23,SGP_SIN,MGO,757.19,BUNKERWORLD_HISTORICAL
2024-03-23,LKA_CMB,VLSFO,608.86,BUNKERWORLD_HISTORICAL
2024-03-23,LKA_CMB,MGO,776.12,BUNKERWORLD_HISTORICAL
2024-03-23,ARE_FUJ,VLSFO,588.07,BUNKERWORLD_HISTORICAL
2024-03-23,ARE_FUJ,MGO,749.62,BUNKERWORLD_HISTORICAL
2024-03-24,SGP_SIN,VLSFO,583.82,BUNKERWORLD_HISTORICAL
2024-03-24,SGP_SIN,MGO,744.26,BUNKERWORLD_HISTORICAL
2024-03-24,LKA_CMB,VLSFO,598.41,BUNKERWORLD_HISTORICAL
2024-03-24,LKA_CMB,MGO,762.87,BUNKERWORLD_HISTORICAL
2024-03-24,ARE_FUJ,VLSFO,577.98,BUNKERWORLD_HISTORICAL
2024-03-24,ARE_FUJ,MGO,736.82,BUNKERWORLD_HISTORICAL
2024-03-25,SGP_SIN,VLSFO,596.63,BUNKERWORLD_HISTORICAL
2024-03-25,SGP_SIN,MGO,757.38,BUNKERWORLD_HISTORICAL
2024-03-25,LKA_CMB,VLSFO,611.54,BUNKERWORLD_HISTORICAL
2024-03-25,LKA_CMB,MGO,776.32,BUNKERWORLD_HISTORICAL
2024-03-25,ARE_FUJ,VLSFO,590.66,BUNKERWORLD_HISTORICAL
2024-03-25,ARE_FUJ,MGO,749.81,BUNKERWORLD_HISTORICAL
2024-03-26,SGP_SIN,VLSFO,578.67,BUNKERWORLD_HISTORICAL
2024-03-26,SGP_SIN,MGO,729.02,BUNKERWORLD_HISTORICAL
2024-03-26,LKA_CMB,VLSFO,593.13,BUNKERWORLD_HISTORICAL
2024-03-26,LKA_CMB,MGO,747.24,BUNKERWORLD_HISTORICAL
2024-03-26,ARE_FUJ,VLSFO,572.88,BUNKERWORLD_HISTORICAL
2024-03-26,ARE_FUJ,MGO,721.73,BUNKERWORLD_HISTORICAL
2024-03-27,SGP_SIN,VLSFO,579.14,BUNKERWORLD_HISTORICAL
2024-03-27,SGP_SIN,MGO,745.51,BUNKERWORLD_HISTORICAL
2024-03-27,LKA_CMB,VLSFO,593.62,BUNKERWORLD_HISTORICAL
2024-03-27,LKA_CMB,MGO,764.15,BUNKERWORLD_HISTORICAL
2024-03-27,ARE_FUJ,VLSFO,573.35,BUNKERWORLD_HISTORICAL
2024-03-27,ARE_FUJ,MGO,738.06,BUNKERWORLD_HISTORICAL
2024-03-28,SGP_SIN,VLSFO,583.12,BUNKERWORLD_HISTORICAL
2024-03-28,SGP_SIN,MGO,752.55,BUNKERWORLD_HISTORICAL
2024-03-28,LKA_CMB,VLSFO,597.7,BUNKERWORLD_HISTORICAL
2024-03-28,LKA_CMB,MGO,771.37,BUNKERWORLD_HISTORICAL
2024-03-28,ARE_FUJ,VLSFO,577.29,BUNKERWORLD_HISTORICAL
2024-03-28,ARE_FUJ,MGO,745.03,BUNKERWORLD_HISTORICAL
2024-03-29,SGP_SIN,VLSFO,559.89,BUNKERWORLD_HISTORICAL
2024-03-29,SGP_SIN,MGO,721.28,BUNKERWORLD_HISTORICAL
2024-03-29,LKA_CMB,VLSFO,573.88,BUNKERWORLD_HISTORICAL
2024-03-29,LKA_CMB,MGO,739.31,BUNKERWORLD_HISTORICAL
2024-03-29,ARE_FUJ,VLSFO,554.29,BUNKERWORLD_HISTORICAL
2024-03-29,ARE_FUJ,MGO,714.07,BUNKERWORLD_HISTORICAL
2024-03-30,SGP_SIN,VLSFO,563.77,BUNKERWORLD_HISTORICAL
2024-03-30,SGP_SIN,MGO,710.87,BUNKERWORLD_HISTORICAL
2024-03-30,LKA_CMB,VLSFO,577.87,BUNKERWORLD_HISTORICAL
2024-03-30,LKA_CMB,MGO,728.65,BUNKERWORLD_HISTORICAL
2024-03-30,ARE_FUJ,VLSFO,558.14,BUNKERWORLD_HISTORICAL
2024-03-30,ARE_FUJ,MGO,703.76,BUNKERWORLD_HISTORICAL
2024-03-31,SGP_SIN,VLSFO,575.11,BUNKERWORLD_HISTORICAL
2024-03-31,SGP_SIN,MGO,739.11,BUNKERWORLD_HISTORICAL
2024-03-31,LKA_CMB,VLSFO,589.49,BUNKERWORLD_HISTORICAL
2024-03-31,LKA_CMB,MGO,757.59,BUNKERWORLD_HISTORICAL
2024-03-31,ARE_FUJ,VLSFO,569.36,BUNKERWORLD_HISTORICAL
2024-03-31,ARE_FUJ,MGO,731.72,BUNKERWORLD_HISTORICAL
2024-04-01,SGP_SIN,VLSFO,578.43,BUNKERWORLD_HISTORICAL
2024-04-01,SGP_SIN,MGO,730.24,BUNKERWORLD_HISTORICAL
2024-04-01,LKA_CMB,VLSFO,592.89,BUNKERWORLD_HISTORICAL
2024-04-01,LKA_CMB,MGO,748.5,BUNKERWORLD_HISTORICAL
2024-04-01,ARE_FUJ,VLSFO,572.65,BUNKERWORLD_HISTORICAL
2024-04-01,ARE_FUJ,MGO,722.94,BUNKERWORLD_HISTORICAL
2024-04-02,SGP_SIN,VLSFO,563.52,BUNKERWORLD_HISTORICAL
2024-04-02,SGP_SIN,MGO,721.07,BUNKERWORLD_HISTORICAL
2024-04-02,LKA_CMB,VLSFO,577.61,BUNKERWORLD_HISTORICAL
2024-04-02,LKA_CMB,MGO,739.1,BUNKERWORLD_HISTORICAL
2024-04-02,ARE_FUJ,VLSFO,557.89,BUNKERWORLD_HISTORICAL
2024-04-02,ARE_FUJ,MGO,713.86,BUNKERWORLD_HISTORICAL
2024-04-03,SGP_SIN,VLSFO,563.35,BUNKERWORLD_HISTORICAL
2024-04-03,SGP_SIN,MGO,714.94,BUNKERWORLD_HISTORICAL
2024-04-03,LKA_CMB,VLSFO,577.43,BUNKERWORLD_HISTORICAL
2024-04-03,LKA_CMB,MGO,732.82,BUNKERWORLD_HISTORICAL
2024-04-03,ARE_FUJ,VLSFO,557.71,BUNKERWORLD_HISTORICAL
2024-04-03,ARE_FUJ,MGO,707.79,BUNKERWORLD_HISTORICAL
2024-04-04,SGP_SIN,VLSFO,570.45,BUNKERWORLD_HISTORICAL
2024-04-04,SGP_SIN,MGO,731.22,BUNKERWORLD_HISTORICAL
2024-04-04,LKA_CMB,VLSFO,584.71,BUNKERWORLD_HISTORICAL
2024-04-04,LKA_CMB,MGO,749.5,BUNKERWORLD_HISTORICAL
2024-04-04,ARE_FUJ,VLSFO,564.74,BUNKERWORLD_HISTORICAL
2024-04-04,ARE_FUJ,MGO,723.91,BUNKERWORLD_HISTORICAL
2024-04-05,SGP_SIN,VLSFO,576.94,BUNKERWORLD_HISTORICAL
2024-04-05,SGP_SIN,MGO,737.75,BUNKERWORLD_HISTORICAL
2024-04-05,LKA_CMB,VLSFO,591.37,BUNKERWORLD_HISTORICAL
2024-04-05,LKA_CMB,MGO,756.19,BUNKERWORLD_HISTORICAL
2024-04-05,ARE_FUJ,VLSFO,571.17,BUNKERWORLD_HISTORICAL
2024-04-05,ARE_FUJ,MGO,730.37,BUNKERWORLD_HISTORICAL
2024-04-06,SGP_SIN,VLSFO,575.4,BUNKERWORLD_HISTORICAL
2024-04-06,SGP_SIN,MGO,739.67,BUNKERWORLD_HISTORICAL
2024-04-06,LKA_CMB,VLSFO,589.78,BUNKERWORLD_HISTORICAL
2024-04-06,LKA_CMB,MGO,758.16,BUNKERWORLD_HISTORICAL
2024-04-06,ARE_FUJ,VLSFO,569.65,BUNKERWORLD_HISTORICAL
2024-04-06,ARE_FUJ,MGO,732.27,BUNKERWORLD_HISTORICAL
2024-04-07,SGP_SIN,VLSFO,557.25,BUNKERWORLD_HISTORICAL
2024-04-07,SGP_SIN,MGO,707.02,BUNKERWORLD_HISTORICAL
2024-04-07,LKA_CMB,VLSFO,571.19,BUNKERWORLD_HISTORICAL
2024-04-07,LKA_CMB,MGO,724.69,BUNKERWORLD_HISTORICAL
2024-04-07,ARE_FUJ,VLSFO,551.68,BUNKERWORLD_HISTORICAL
2024-04-07,ARE_FUJ,MGO,699.95,BUNKERWORLD_HISTORICAL
2024-04-08,SGP_SIN,VLSFO,573.13,BUNKERWORLD_HISTORICAL
2024-04-08,SGP_SIN,MGO,725.83,BUNKERWORLD_HISTORICAL
2024-04-08,LKA_CMB,VLSFO,587.46,BUNKERWORLD_HISTORICAL
2024-04-08,LKA_CMB,MGO,743.98,BUNKERWORLD_HISTORICAL
2024-04-08,ARE_FUJ,VLSFO,567.4,BUNKERWORLD_HISTORICAL
2024-04-08,ARE_FUJ,MGO,718.57,BUNKERWORLD_HISTORICAL
2024-04-09,SGP_SIN,VLSFO,559.66,BUNKERWORLD_HISTORICAL
2024-04-09,SGP_SIN,MGO,713.88,BUNKERWORLD_HISTORICAL
2024-04-09,LKA_CMB,VLSFO,573.65,BUNKERWORLD_HISTORICAL
2024-04-09,LKA_CMB,MGO,731.73,BUNKERWORLD_HISTORICAL
2024-04-09,ARE_FUJ,VLSFO,554.06,BUNKERWORLD_HISTORICAL
2024-04-09,ARE_FUJ,MGO,706.75,BUNKERWORLD_HISTORICAL
2024-04-10,SGP_SIN,VLSFO,563.65,BUNKERWORLD_HISTORICAL
2024-04-10,SGP_SIN,MGO,727.22,BUNKERWORLD_HISTORICAL
2024-04-10,LKA_CMB,VLSFO,577.74,BUNKERWORLD_HISTORICAL
2024-04-10,LKA_CMB,MGO,745.4,BUNKERWORLD_HISTORICAL
2024-04-10,ARE_FUJ,VLSFO,558.01,BUNKERWORLD_HISTORICAL
2024-04-10,ARE_FUJ,MGO,719.95,BUNKERWORLD_HISTORICAL
2024-04-11,SGP_SIN,VLSFO,576.25,BUNKERWORLD_HISTORICAL
2024-04-11,SGP_SIN,MGO,735.44,BUNKERWORLD_HISTORICAL
2024-04-11,LKA_CMB,VLSFO,590.66,BUNKERWORLD_HISTORICAL
2024-04-11,LKA_CMB,MGO,753.83,BUNKERWORLD_HISTORICAL
2024-04-11,ARE_FUJ,VLSFO,570.49,BUNKERWORLD_HISTORICAL
2024-04-11,ARE_FUJ,MGO,728.09,BUNKERWORLD_HISTORICAL
2024-04-12,SGP_SIN,VLSFO,571.26,BUNKERWORLD_HISTORICAL
2024-04-12,SGP_SIN,MGO,733.15,BUNKERWORLD_HISTORICAL
2024-04-12,LKA_CMB,VLSFO,585.54,BUNKERWORLD_HISTORICAL
2024-04-12,LKA_CMB,MGO,751.48,BUNKERWORLD_HISTORICAL
2024-04-12,ARE_FUJ,VLSFO,565.55,BUNKERWORLD_HISTORICAL
2024-04-12,ARE_FUJ,MGO,725.82,BUNKERWORLD_HISTORICAL
2024-04-13,SGP_SIN,VLSFO,594.5,BUNKERWORLD_HISTORICAL
2024-04-13,SGP_SIN,MGO,762.05,BUNKERWORLD_HISTORICAL
2024-04-13,LKA_CMB,VLSFO,609.37,BUNKERWORLD_HISTORICAL
2024-04-13,LKA_CMB,MGO,781.1,BUNKERWORLD_HISTORICAL
2024-04-13,ARE_FUJ,VLSFO,588.56,BUNKERWORLD_HISTORICAL
2024-04-13,ARE_FUJ,MGO,754.43,BUNKERWORLD_HISTORICAL
2024-04-14,SGP_SIN,VLSFO,591.97,BUNKERWORLD_HISTORICAL
2024-04-14,SGP_SIN,MGO,755.15,BUNKERWORLD_HISTORICAL
2024-04-14,LKA_CMB,VLSFO,606.77,BUNKERWORLD_HISTORICAL
2024-04-14,LKA_CMB,MGO,774.03,BUNKERWORLD_HISTORICAL
2024-04-14,ARE_FUJ,VLSFO,586.05,BUNKERWORLD_HISTORICAL
2024-04-14,ARE_FUJ,MGO,747.6,BUNKERWORLD_HISTORICAL
2024-04-15,SGP_SIN,VLSFO,582.77,BUNKERWORLD_HISTORICAL
2024-04-15,SGP_SIN,MGO,725.29,BUNKERWORLD_HISTORICAL
2024-04-15,LKA_CMB,VLSFO,597.34,BUNKERWORLD_HISTORICAL
2024-04-15,LKA_CMB,MGO,743.42,BUNKERWORLD_HISTORICAL
2024-04-15,ARE_FUJ,VLSFO,576.94,BUNKERWORLD_HISTORICAL
2024-04-15,ARE_FUJ,MGO,718.03,BUNKERWORLD_HISTORICAL
2024-04-16,SGP_SIN,VLSFO,598.37,BUNKERWORLD_HISTORICAL
2024-04-16,SGP_SIN,MGO,781.23,BUNKERWORLD_HISTORICAL
2024-04-16,LKA_CMB,VLSFO,613.33,BUNKERWORLD_HISTORICAL
2024-04-16,LKA_CMB,MGO,800.76,BUNKERWORLD_HISTORICAL
2024-04-16,ARE_FUJ,VLSFO,592.39,BUNKERWORLD_HISTORICAL
2024-04-16,ARE_FUJ,MGO,773.42,BUNKERWORLD_HISTORICAL
2024-04-17,SGP_SIN,VLSFO,591.83,BUNKERWORLD_HISTORICAL
2024-04-17,SGP_SIN,MGO,752.91,BUNKERWORLD_HISTORICAL
2024-04-17,LKA_CMB,VLSFO,606.63,BUNKERWORLD_HISTORICAL
2024-04-17,LKA_CMB,MGO,771.73,BUNKERWORLD_HISTORICAL
2024-04-17,ARE_FUJ,VLSFO,585.91,BUNKERWORLD_HISTORICAL
2024-04-17,ARE_FUJ,MGO,745.38,BUNKERWORLD_HISTORICAL
2024-04-18,SGP_SIN,VLSFO,593.82,BUNKERWORLD_HISTORICAL
2024-04-18,SGP_SIN,MGO,764.26,BUNKERWORLD_HISTORICAL
2024-04-18,LKA_CMB,VLSFO,608.67,BUNKERWORLD_HISTORICAL
2024-04-18,LKA_CMB,MGO,783.37,BUNKERWORLD_HISTORICAL
2024-04-18,ARE_FUJ,VLSFO,587.88,BUNKERWORLD_HISTORICAL
2024-04-18,ARE_FUJ,MGO,756.62,BUNKERWORLD_HISTORICAL
2024-04-19,SGP_SIN,VLSFO,595.34,BUNKERWORLD_HISTORICAL
2024-04-19,SGP_SIN,MGO,755.64,BUNKERWORLD_HISTORICAL
2024-04-19,LKA_CMB,VLSFO,610.22,BUNKERWORLD_HISTORICAL
2024-04-19,LKA_CMB,MGO,774.53,BUNKERWORLD_HISTORICAL
2024-04-19,ARE_FUJ,VLSFO,589.38,BUNKERWORLD_HISTORICAL
2024-04-19,ARE_FUJ,MGO,748.08,BUNKERWORLD_HISTORICAL
2024-04-20,SGP_SIN,VLSFO,590.93,BUNKERWORLD_HISTORICAL
2024-04-20,SGP_SIN,MGO,751.68,BUNKERWORLD_HISTORICAL
2024-04-20,LKA_CMB,VLSFO,605.7,BUNKERWORLD_HISTORICAL
2024-04-20,LKA_CMB,MGO,770.47,BUNKERWORLD_HISTORICAL
2024-04-20,ARE_FUJ,VLSFO,585.02,BUNKERWORLD_HISTORICAL
2024-04-20,ARE_FUJ,MGO,744.16,BUNKERWORLD_HISTORICAL
2024-04-21,SGP_SIN,VLSFO,600.54,BUNKERWORLD_HISTORICAL
2024-04-21,SGP_SIN,MGO,775.43,BUNKERWORLD_HISTORICAL
2024-04-21,LKA_CMB,VLSFO,615.56,BUNKERWORLD_HISTORICAL
2024-04-21,LKA_CMB,MGO,794.82,BUNKERWORLD_HISTORICAL
2024-04-21,ARE_FUJ,VLSFO,594.54,BUNKERWORLD_HISTORICAL
2024-04-21,ARE_FUJ,MGO,767.68,BUNKERWORLD_HISTORICAL
2024-04-22,SGP_SIN,VLSFO,591.76,BUNKERWORLD_HISTORICAL
2024-04-22,SGP_SIN,MGO,761.5,BUNKERWORLD_HISTORICAL
2024-04-22,LKA_CMB,VLSFO,606.56,BUNKERWORLD_HISTORICAL
2024-04-22,LKA_CMB,MGO,780.54,BUNKERWORLD_HISTORICAL
2024-04-22,ARE_FUJ,VLSFO,585.84,BUNKERWORLD_HISTORICAL
2024-04-22,ARE_FUJ,MGO,753.89,BUNKERWORLD_HISTORICAL
2024-04-23,SGP_SIN,VLSFO,587.96,BUNKERWORLD_HISTORICAL
2024-04-23,SGP_SIN,MGO,759.36,BUNKERWORLD_HISTORICAL
2024-04-23,LKA_CMB,VLSFO,602.66,BUNKERWORLD_HISTORICAL
2024-04-23,LKA_CMB,MGO,778.34,BUNKERWORLD_HISTORICAL
2024-04-23,ARE_FUJ,VLSFO,582.08,BUNKERWORLD_HISTORICAL
2024-04-23,ARE_FUJ,MGO,751.77,BUNKERWORLD_HISTORICAL
2024-04-24,SGP_SIN,VLSFO,593.56,BUNKERWORLD_HISTORICAL
2024-04-24,SGP_SIN,MGO,779.67,BUNKERWORLD_HISTORICAL
2024-04-24,LKA_CMB,VLSFO,608.4,BUNKERWORLD_HISTORICAL
2024-04-24,LKA_CMB,MGO,799.16,BUNKERWORLD_HISTORICAL
2024-04-24,ARE_FUJ,VLSFO,587.62,BUNKERWORLD_HISTORICAL
2024-04-24,ARE_FUJ,MGO,771.87,BUNKERWORLD_HISTORICAL
2024-04-25,SGP_SIN,VLSFO,592.54,BUNKERWORLD_HISTORICAL
2024-04-25,SGP_SIN,MGO,771.35,BUNKERWORLD_HISTORICAL
2024-04-25,LKA_CMB,VLSFO,607.35,BUNKERWORLD_HISTORICAL
2024-04-25,LKA_CMB,MGO,790.63,BUNKERWORLD_HISTORICAL
2024-04-25,ARE_FUJ,VLSFO,586.61,BUNKERWORLD_HISTORICAL
2024-04-25,ARE_FUJ,MGO,763.63,BUNKERWORLD_HISTORICAL
2024-04-26,SGP_SIN,VLSFO,595.36,BUNKERWORLD_HISTORICAL
2024-04-26,SGP_SIN,MGO,751.77,BUNKERWORLD_HISTORICAL
2024-04-26,LKA_CMB,VLSFO,610.24,BUNKERWORLD_HISTORICAL
2024-04-26,LKA_CMB,MGO,770.56,BUNKERWORLD_HISTORICAL
2024-04-26,ARE_FUJ,VLSFO,589.4,BUNKERWORLD_HISTORICAL
2024-04-26,ARE_FUJ,MGO,744.25,BUNKERWORLD_HISTORICAL
2024-04-27,SGP_SIN,VLSFO,593.71,BUNKERWORLD_HISTORICAL
2024-04-27,SGP_SIN,MGO,782.76,BUNKERWORLD_HISTORICAL
2024-04-27,LKA_CMB,VLSFO,608.55,BUNKERWORLD_HISTORICAL
2024-04-27,LKA_CMB,MGO,802.33,BUNKERWORLD_HISTORICAL
2024-04-27,ARE_FUJ,VLSFO,587.77,BUNKERWORLD_HISTORICAL
2024-04-27,ARE_FUJ,MGO,774.93,BUNKERWORLD_HISTORICAL
2024-04-28,SGP_SIN,VLSFO,604.1,BUNKERWORLD_HISTORICAL
2024-04-28,SGP_SIN,MGO,775.0,BUNKERWORLD_HISTORICAL
2024-04-28,LKA_CMB,VLSFO,619.2,BUNKERWORLD_HISTORICAL
2024-04-28,LKA_CMB,MGO,794.38,BUNKERWORLD_HISTORICAL
2024-04-28,ARE_FUJ,VLSFO,598.06,BUNKERWORLD_HISTORICAL
2024-04-28,ARE_FUJ,MGO,767.25,BUNKERWORLD_HISTORICAL
2024-04-29,SGP_SIN,VLSFO,584.72,BUNKERWORLD_HISTORICAL
2024-04-29,SGP_SIN,MGO,738.22,BUNKERWORLD_HISTORICAL
2024-04-29,LKA_CMB,VLSFO,599.34,BUNKERWORLD_HISTORICAL
2024-04-29,LKA_CMB,MGO,756.67,BUNKERWORLD_HISTORICAL
2024-04-29,ARE_FUJ,VLSFO,578.87,BUNKERWORLD_HISTORICAL
2024-04-29,ARE_FUJ,MGO,730.83,BUNKERWORLD_HISTORICAL
2024-04-30,SGP_SIN,VLSFO,595.61,BUNKERWORLD_HISTORICAL
2024-04-30,SGP_SIN,MGO,774.04,BUNKERWORLD_HISTORICAL
2024-04-30,LKA_CMB,VLSFO,610.5,BUNKERWORLD_HISTORICAL
2024-04-30,LKA_CMB,MGO,793.39,BUNKERWORLD_HISTORICAL
2024-04-30,ARE_FUJ,VLSFO,589.65,BUNKERWORLD_HISTORICAL
2024-04-30,ARE_FUJ,MGO,766.3,BUNKERWORLD_HISTORICAL
2024-05-01,SGP_SIN,VLSFO,599.32,BUNKERWORLD_HISTORICAL
2024-05-01,SGP_SIN,MGO,775.33,BUNKERWORLD_HISTORICAL
2024-05-01,LKA_CMB,VLSFO,614.3,BUNKERWORLD_HISTORICAL
2024-05-01,LKA_CMB,MGO,794.71,BUNKERWORLD_HISTORICAL
2024-05-01,ARE_FUJ,VLSFO,593.32,BUNKERWORLD_HISTORICAL
2024-05-01,ARE_FUJ,MGO,767.57,BUNKERWORLD_HISTORICAL
2024-05-02,SGP_SIN,VLSFO,587.94,BUNKERWORLD_HISTORICAL
2024-05-02,SGP_SIN,MGO,761.38,BUNKERWORLD_HISTORICAL
2024-05-02,LKA_CMB,VLSFO,602.64,BUNKERWORLD_HISTORICAL
2024-05-02,LKA_CMB,MGO,780.41,BUNKERWORLD_HISTORICAL
2024-05-02,ARE_FUJ,VLSFO,582.06,BUNKERWORLD_HISTORICAL
2024-05-02,ARE_FUJ,MGO,753.76,BUNKERWORLD_HISTORICAL
2024-05-03,SGP_SIN,VLSFO,594.89,BUNKERWORLD_HISTORICAL
2024-05-03,SGP_SIN,MGO,757.23,BUNKERWORLD_HISTORICAL
2024-05-03,LKA_CMB,VLSFO,609.76,BUNKERWORLD_HISTORICAL
2024-05-03,LKA_CMB,MGO,776.16,BUNKERWORLD_HISTORICAL
2024-05-03,ARE_FUJ,VLSFO,588.94,BUNKERWORLD_HISTORICAL
2024-05-03,ARE_FUJ,MGO,749.66,BUNKERWORLD_HISTORICAL
2024-05-04,SGP_SIN,VLSFO,596.22,BUNKERWORLD_HISTORICAL
2024-05-04,SGP_SIN,MGO,752.4,BUNKERWORLD_HISTORICAL
2024-05-04,LKA_CMB,VLSFO,611.13,BUNKERWORLD_HISTORICAL
2024-05-04,LKA_CMB,MGO,771.21,BUNKERWORLD_HISTORICAL
2024-05-04,ARE_FUJ,VLSFO,590.26,BUNKERWORLD_HISTORICAL
2024-05-04,ARE_FUJ,MGO,744.87,BUNKERWORLD_HISTORICAL
2024-05-05,SGP_SIN,VLSFO,591.2,BUNKERWORLD_HISTORICAL
2024-05-05,SGP_SIN,MGO,770.66,BUNKERWORLD_HISTORICAL
2024-05-05,LKA_CMB,VLSFO,605.98,BUNKERWORLD_HISTORICAL
2024-05-05,LKA_CMB,MGO,789.93,BUNKERWORLD_HISTORICAL
2024-05-05,ARE_FUJ,VLSFO,585.29,BUNKERWORLD_HISTORICAL
2024-05-05,ARE_FUJ,MGO,762.95,BUNKERWORLD_HISTORICAL
2024-05-06,SGP_SIN,VLSFO,565.76,BUNKERWORLD_HISTORICAL
2024-05-06,SGP_SIN,MGO,725.8,BUNKERWORLD_HISTORICAL
2024-05-06,LKA_CMB,VLSFO,579.91,BUNKERWORLD_HISTORICAL
2024-05-06,LKA_CMB,MGO,743.94,BUNKERWORLD_HISTORICAL
2024-05-06,ARE_FUJ,VLSFO,560.11,BUNKERWORLD_HISTORICAL
2024-05-06,ARE_FUJ,MGO,718.54,BUNKERWORLD_HISTORICAL
2024-05-07,SGP_SIN,VLSFO,577.4,BUNKERWORLD_HISTORICAL
2024-05-07,SGP_SIN,MGO,736.74,BUNKERWORLD_HISTORICAL
2024-05-07,LKA_CMB,VLSFO,591.83,BUNKERWORLD_HISTORICAL
2024-05-07,LKA_CMB,MGO,755.15,BUNKERWORLD_HISTORICAL
2024-05-07,ARE_FUJ,VLSFO,571.62,BUNKERWORLD_HISTORICAL
2024-05-07,ARE_FUJ,MGO,729.37,BUNKERWORLD_HISTORICAL
2024-05-08,SGP_SIN,VLSFO,579.66,BUNKERWORLD_HISTORICAL
2024-05-08,SGP_SIN,MGO,753.73,BUNKERWORLD_HISTORICAL
2024-05-08,LKA_CMB,VLSFO,594.15,BUNKERWORLD_HISTORICAL
2024-05-08,LKA_CMB,MGO,772.58,BUNKERWORLD_HISTORICAL
2024-05-08,ARE_FUJ,VLSFO,573.86,BUNKERWORLD_HISTORICAL
2024-05-08,ARE_FUJ,MGO,746.2,BUNKERWORLD_HISTORICAL
2024-05-09,SGP_SIN,VLSFO,582.09,BUNKERWORLD_HISTORICAL
2024-05-09,SGP_SIN,MGO,756.73,BUNKERWORLD_HISTORICAL
2024-05-09,LKA_CMB,VLSFO,596.64,BUNKERWORLD_HISTORICAL
2024-05-09,LKA_CMB,MGO,775.65,BUNKERWORLD_HISTORICAL
2024-05-09,ARE_FUJ,VLSFO,576.27,BUNKERWORLD_HISTORICAL
2024-05-09,ARE_FUJ,MGO,749.16,BUNKERWORLD_HISTORICAL
2024-05-10,SGP_SIN,VLSFO,570.23,BUNKERWORLD_HISTORICAL
2024-05-10,SGP_SIN,MGO,732.12,BUNKERWORLD_HISTORICAL
2024-05-10,LKA_CMB,VLSFO,584.48,BUNKERWORLD_HISTORICAL
2024-05-10,LKA_CMB,MGO,750.42,BUNKERWORLD_HISTORICAL
2024-05-10,ARE_FUJ,VLSFO,564.52,BUNKERWORLD_HISTORICAL
2024-05-10,ARE_FUJ,MGO,724.8,BUNKERWORLD_HISTORICAL
2024-05-11,SGP_SIN,VLSFO,578.56,BUNKERWORLD_HISTORICAL
2024-05-11,SGP_SIN,MGO,755.13,BUNKERWORLD_HISTORICAL
2024-05-11,LKA_CMB,VLSFO,593.03,BUNKERWORLD_HISTORICAL
2024-05-11,LKA_CMB,MGO,774.01,BUNKERWORLD_HISTORICAL
2024-05-11,ARE_FUJ,VLSFO,572.78,BUNKERWORLD_HISTORICAL
2024-05-11,ARE_FUJ,MGO,747.58,BUNKERWORLD_HISTORICAL
2024-05-12,SGP_SIN,VLSFO,578.55,BUNKERWORLD_HISTORICAL
2024-05-12,SGP_SIN,MGO,725.57,BUNKERWORLD_HISTORICAL
2024-05-12,LKA_CMB,VLSFO,593.01,BUNKERWORLD_HISTORICAL
2024-05-12,LKA_CMB,MGO,743.71,BUNKERWORLD_HISTORICAL
2024-05-12,ARE_FUJ,VLSFO,572.76,BUNKERWORLD_HISTORICAL
2024-05-12,ARE_FUJ,MGO,718.31,BUNKERWORLD_HISTORICAL
2024-05-13,SGP_SIN,VLSFO,580.32,BUNKERWORLD_HISTORICAL
2024-05-13,SGP_SIN,MGO,736.18,BUNKERWORLD_HISTORICAL
2024-05-13,LKA_CMB,VLSFO,594.83,BUNKERWORLD_HISTORICAL
2024-05-13,LKA_CMB,MGO,754.58,BUNKERWORLD_HISTORICAL
2024-05-13,ARE_FUJ,VLSFO,574.52,BUNKERWORLD_HISTORICAL
2024-05-13,ARE_FUJ,MGO,728.82,BUNKERWORLD_HISTORICAL
2024-05-14,SGP_SIN,VLSFO,579.49,BUNKERWORLD_HISTORICAL
2024-05-14,SGP_SIN,MGO,745.9,BUNKERWORLD_HISTORICAL
2024-05-14,LKA_CMB,VLSFO,593.98,BUNKERWORLD_HISTORICAL
2024-05-14,LKA_CMB,MGO,764.54,BUNKERWORLD_HISTORICAL
2024-05-14,ARE_FUJ,VLSFO,573.7,BUNKERWORLD_HISTORICAL
2024-05-14,ARE_FUJ,MGO,738.44,BUNKERWORLD_HISTORICAL
2024-05-15,SGP_SIN,VLSFO,574.65,BUNKERWORLD_HISTORICAL
2024-05-15,SGP_SIN,MGO,747.36,BUNKERWORLD_HISTORICAL
2024-05-15,LKA_CMB,VLSFO,589.02,BUNKERWORLD_HISTORICAL
2024-05-15,LKA_CMB,MGO,766.04,BUNKERWORLD_HISTORICAL
2024-05-15,ARE_FUJ,VLSFO,568.9,BUNKERWORLD_HISTORICAL
2024-05-15,ARE_FUJ,MGO,739.88,BUNKERWORLD_HISTORICAL
2024-05-16,SGP_SIN,VLSFO,587.67,BUNKERWORLD_HISTORICAL
2024-05-16,SGP_SIN,MGO,772.95,BUNKERWORLD_HISTORICAL
2024-05-16,LKA_CMB,VLSFO,602.36,BUNKERWORLD_HISTORICAL
2024-05-16,LKA_CMB,MGO,792.28,BUNKERWORLD_HISTORICAL
2024-05-16,ARE_FUJ,VLSFO,581.79,BUNKERWORLD_HISTORICAL
2024-05-16,ARE_FUJ,MGO,765.22,BUNKERWORLD_HISTORICAL
2024-05-17,SGP_SIN,VLSFO,584.02,BUNKERWORLD_HISTORICAL
2024-05-17,SGP_SIN,MGO,741.21,BUNKERWORLD_HISTORICAL
2024-05-17,LKA_CMB,VLSFO,598.62,BUNKERWORLD_HISTORICAL
2024-05-17,LKA_CMB,MGO,759.75,BUNKERWORLD_HISTORICAL
2024-05-17,ARE_FUJ,VLSFO,578.18,BUNKERWORLD_HISTORICAL
2024-05-17,ARE_FUJ,MGO,733.8,BUNKERWORLD_HISTORICAL
2024-05-18,SGP_SIN,VLSFO,582.18,BUNKERWORLD_HISTORICAL
2024-05-18,SGP_SIN,MGO,741.91,BUNKERWORLD_HISTORICAL
2024-05-18,LKA_CMB,VLSFO,596.73,BUNKERWORLD_HISTORICAL
2024-05-18,LKA_CMB,MGO,760.45,BUNKERWORLD_HISTORICAL
2024-05-18,ARE_FUJ,VLSFO,576.35,BUNKERWORLD_HISTORICAL
2024-05-18,ARE_FUJ,MGO,734.49,BUNKERWORLD_HISTORICAL
2024-05-19,SGP_SIN,VLSFO,576.14,BUNKERWORLD_HISTORICAL
2024-05-19,SGP_SIN,MGO,744.82,BUNKERWORLD_HISTORICAL
2024-05-19,LKA_CMB,VLSFO,590.54,BUNKERWORLD_HISTORICAL
2024-05-19,LKA_CMB,MGO,763.44,BUNKERWORLD_HISTORICAL
2024-05-19,ARE_FUJ,VLSFO,570.38,BUNKERWORLD_HISTORICAL
2024-05-19,ARE_FUJ,MGO,737.37,BUNKERWORLD_HISTORICAL
2024-05-20,SGP_SIN,VLSFO,588.75,BUNKERWORLD_HISTORICAL
2024-05-20,SGP_SIN,MGO,751.02,BUNKERWORLD_HISTORICAL
2024-05-20,LKA_CMB,VLSFO,603.47,BUNKERWORLD_HISTORICAL
2024-05-20,LKA_CMB,MGO,769.79,BUNKERWORLD_HISTORICAL
2024-05-20,ARE_FUJ,VLSFO,582.86,BUNKERWORLD_HISTORICAL
2024-05-20,ARE_FUJ,MGO,743.51,BUNKERWORLD_HISTORICAL
2024-05-21,SGP_SIN,VLSFO,574.61,BUNKERWORLD_HISTORICAL
2024-05-21,SGP_SIN,MGO,741.25,BUNKERWORLD_HISTORICAL
2024-05-21,LKA_CMB,VLSFO,588.98,BUNKERWORLD_HISTORICAL
2024-05-21,LKA_CMB,MGO,759.78,BUNKERWORLD_HISTORICAL
2024-05-21,ARE_FUJ,VLSFO,568.87,BUNKERWORLD_HISTORICAL
2024-05-21,ARE_FUJ,MGO,733.84,BUNKERWORLD_HISTORICAL
2024-05-22,SGP_SIN,VLSFO,585.11,BUNKERWORLD_HISTORICAL
2024-05-22,SGP_SIN,MGO,757.54,BUNKERWORLD_HISTORICAL
2024-05-22,LKA_CMB,VLSFO,599.73,BUNKERWORLD_HISTORICAL
2024-05-22,LKA_CMB,MGO,776.48,BUNKERWORLD_HISTORICAL
2024-05-22,ARE_FUJ,VLSFO,579.25,BUNKERWORLD_HISTORICAL
2024-05-22,ARE_FUJ,MGO,749.96,BUNKERWORLD_HISTORICAL
2024-05-23,SGP_SIN,VLSFO,585.14,BUNKERWORLD_HISTORICAL
2024-05-23,SGP_SIN,MGO,755.25,BUNKERWORLD_HISTORICAL
2024-05-23,LKA_CMB,VLSFO,599.77,BUNKERWORLD_HISTORICAL
2024-05-23,LKA_CMB,MGO,774.13,BUNKERWORLD_HISTORICAL
2024-05-23,ARE_FUJ,VLSFO,579.29,BUNKERWORLD_HISTORICAL
2024-05-23,ARE_FUJ,MGO,747.69,BUNKERWORLD_HISTORICAL
2024-05-24,SGP_SIN,VLSFO,589.97,BUNKERWORLD_HISTORICAL
2024-05-24,SGP_SIN,MGO,741.57,BUNKERWORLD_HISTORICAL
2024-05-24,LKA_CMB,VLSFO,604.72,BUNKERWORLD_HISTORICAL
2024-05-24,LKA_CMB,MGO,760.11,BUNKERWORLD_HISTORICAL
2024-05-24,ARE_FUJ,VLSFO,584.07,BUNKERWORLD_HISTORICAL
2024-05-24,ARE_FUJ,MGO,734.15,BUNKERWORLD_HISTORICAL
2024-05-25,SGP_SIN,VLSFO,580.23,BUNKERWORLD_HISTORICAL
2024-05-25,SGP_SIN,MGO,755.62,BUNKERWORLD_HISTORICAL
2024-05-25,LKA_CMB,VLSFO,594.74,BUNKERWORLD_HISTORICAL
2024-05-25,LKA_CMB,MGO,774.51,BUNKERWORLD_HISTORICAL
2024-05-25,ARE_FUJ,VLSFO,574.43,BUNKERWORLD_HISTORICAL
2024-05-25,ARE_FUJ,MGO,748.07,BUNKERWORLD_HISTORICAL
2024-05-26,SGP_SIN,VLSFO,585.33,BUNKERWORLD_HISTORICAL
2024-05-26,SGP_SIN,MGO,737.83,BUNKERWORLD_HISTORICAL
2024-05-26,LKA_CMB,VLSFO,599.97,BUNKERWORLD_HISTORICAL
2024-05-26,LKA_CMB,MGO,756.28,BUNKERWORLD_HISTORICAL
2024-05-26,ARE_FUJ,VLSFO,579.48,BUNKERWORLD_HISTORICAL
2024-05-26,ARE_FUJ,MGO,730.46,BUNKERWORLD_HISTORICAL
2024-05-27,SGP_SIN,VLSFO,584.13,BUNKERWORLD_HISTORICAL
2024-05-27,SGP_SIN,MGO,740.29,BUNKERWORLD_HISTORICAL
2024-05-27,LKA_CMB,VLSFO,598.74,BUNKERWORLD_HISTORICAL
2024-05-27,LKA_CMB,MGO,758.79,BUNKERWORLD_HISTORICAL
2024-05-27,ARE_FUJ,VLSFO,578.29,BUNKERWORLD_HISTORICAL
2024-05-27,ARE_FUJ,MGO,732.88,BUNKERWORLD_HISTORICAL
2024-05-28,SGP_SIN,VLSFO,588.72,BUNKERWORLD_HISTORICAL
2024-05-28,SGP_SIN,MGO,761.64,BUNKERWORLD_HISTORICAL
2024-05-28,LKA_CMB,VLSFO,603.43,BUNKERWORLD_HISTORICAL
2024-05-28,LKA_CMB,MGO,780.68,BUNKERWORLD_HISTORICAL
2024-05-28,ARE_FUJ,VLSFO,582.83,BUNKERWORLD_HISTORICAL
2024-05-28,ARE_FUJ,MGO,754.02,BUNKERWORLD_HISTORICAL
2024-05-29,SGP_SIN,VLSFO,590.96,BUNKERWORLD_HISTORICAL
2024-05-29,SGP_SIN,MGO,754.59,BUNKERWORLD_HISTORICAL
2024-05-29,LKA_CMB,VLSFO,605.73,BUNKERWORLD_HISTORICAL
2024-05-29,LKA_CMB,MGO,773.45,BUNKERWORLD_HISTORICAL
2024-05-29,ARE_FUJ,VLSFO,585.05,BUNKERWORLD_HISTORICAL
2024-05-29,ARE_FUJ,MGO,747.04,BUNKERWORLD_HISTORICAL
2024-05-30,SGP_SIN,VLSFO,576.95,BUNKERWORLD_HISTORICAL
2024-05-30,SGP_SIN,MGO,735.81,BUNKERWORLD_HISTORICAL
2024-05-30,LKA_CMB,VLSFO,591.37,BUNKERWORLD_HISTORICAL
2024-05-30,LKA_CMB,MGO,754.21,BUNKERWORLD_HISTORICAL
2024-05-30,ARE_FUJ,VLSFO,571.18,BUNKERWORLD_HISTORICAL
2024-05-30,ARE_FUJ,MGO,728.45,BUNKERWORLD_HISTORICAL
2024-05-31,SGP_SIN,VLSFO,589.19,BUNKERWORLD_HISTORICAL
2024-05-31,SGP_SIN,MGO,743.08,BUNKERWORLD_HISTORICAL
2024-05-31,LKA_CMB,VLSFO,603.92,BUNKERWORLD_HISTORICAL
2024-05-31,LKA_CMB,MGO,761.66,BUNKERWORLD_HISTORICAL
2024-05-31,ARE_FUJ,VLSFO,583.3,BUNKERWORLD_HISTORICAL
2024-05-31,ARE_FUJ,MGO,735.65,BUNKERWORLD_HISTORICAL
2024-06-01,SGP_SIN,VLSFO,583.5,BUNKERWORLD_HISTORICAL
2024-06-01,SGP_SIN,MGO,742.0,BUNKERWORLD_HISTORICAL
2024-06-01,LKA_CMB,VLSFO,598.09,BUNKERWORLD_HISTORICAL
2024-06-01,LKA_CMB,MGO,760.55,BUNKERWORLD_HISTORICAL
2024-06-01,ARE_FUJ,VLSFO,577.67,BUNKERWORLD_HISTORICAL
2024-06-01,ARE_FUJ,MGO,734.58,BUNKERWORLD_HISTORICAL
2024-06-02,SGP_SIN,VLSFO,594.36,BUNKERWORLD_HISTORICAL
2024-06-02,SGP_SIN,MGO,765.15,BUNKERWORLD_HISTORICAL
2024-06-02,LKA_CMB,VLSFO,609.22,BUNKERWORLD_HISTORICAL
2024-06-02,LKA_CMB,MGO,784.27,BUNKERWORLD_HISTORICAL
2024-06-02,ARE_FUJ,VLSFO,588.42,BUNKERWORLD_HISTORICAL
2024-06-02,ARE_FUJ,MGO,757.49,BUNKERWORLD_HISTORICAL
2024-06-03,SGP_SIN,VLSFO,594.48,BUNKERWORLD_HISTORICAL
2024-06-03,SGP_SIN,MGO,769.52,BUNKERWORLD_HISTORICAL
2024-06-03,LKA_CMB,VLSFO,609.34,BUNKERWORLD_HISTORICAL
2024-06-03,LKA_CMB,MGO,788.76,BUNKERWORLD_HISTORICAL
2024-06-03,ARE_FUJ,VLSFO,588.53,BUNKERWORLD_HISTORICAL
2024-06-03,ARE_FUJ,MGO,761.82,BUNKERWORLD_HISTORICAL
2024-06-04,SGP_SIN,VLSFO,598.73,BUNKERWORLD_HISTORICAL
2024-06-04,SGP_SIN,MGO,755.55,BUNKERWORLD_HISTORICAL
2024-06-04,LKA_CMB,VLSFO,613.7,BUNKERWORLD_HISTORICAL
2024-06-04,LKA_CMB,MGO,774.44,BUNKERWORLD_HISTORICAL
2024-06-04,ARE_FUJ,VLSFO,592.74,BUNKERWORLD_HISTORICAL
2024-06-04,ARE_FUJ,MGO,748.0,BUNKERWORLD_HISTORICAL
2024-06-05,SGP_SIN,VLSFO,603.71,BUNKERWORLD_HISTORICAL
2024-06-05,SGP_SIN,MGO,762.69,BUNKERWORLD_HISTORICAL
2024-06-05,LKA_CMB,VLSFO,618.8,BUNKERWORLD_HISTORICAL
2024-06-05,LKA_CMB,MGO,781.76,BUNKERWORLD_HISTORICAL
2024-06-05,ARE_FUJ,VLSFO,597.67,BUNKERWORLD_HISTORICAL
2024-06-05,ARE_FUJ,MGO,755.07,BUNKERWORLD_HISTORICAL
2024-06-06,SGP_SIN,VLSFO,600.92,BUNKERWORLD_HISTORICAL
2024-06-06,SGP_SIN,MGO,762.51,BUNKERWORLD_HISTORICAL
2024-06-06,LKA_CMB,VLSFO,615.94,BUNKERWORLD_HISTORICAL
2024-06-06,LKA_CMB,MGO,781.57,BUNKERWORLD_HISTORICAL
2024-06-06,ARE_FUJ,VLSFO,594.91,BUNKERWORLD_HISTORICAL
2024-06-06,ARE_FUJ,MGO,754.89,BUNKERWORLD_HISTORICAL
2024-06-07,SGP_SIN,VLSFO,575.17,BUNKERWORLD_HISTORICAL
2024-06-07,SGP_SIN,MGO,730.93,BUNKERWORLD_HISTORICAL
2024-06-07,LKA_CMB,VLSFO,589.55,BUNKERWORLD_HISTORICAL
2024-06-07,LKA_CMB,MGO,749.2,BUNKERWORLD_HISTORICAL
2024-06-07,ARE_FUJ,VLSFO,569.42,BUNKERWORLD_HISTORICAL
2024-06-07,ARE_FUJ,MGO,723.62,BUNKERWORLD_HISTORICAL
2024-06-08,SGP_SIN,VLSFO,584.26,BUNKERWORLD_HISTORICAL
2024-06-08,SGP_SIN,MGO,721.98,BUNKERWORLD_HISTORICAL
2024-06-08,LKA_CMB,VLSFO,598.87,BUNKERWORLD_HISTORICAL
2024-06-08,LKA_CMB,MGO,740.03,BUNKERWORLD_HISTORICAL
2024-06-08,ARE_FUJ,VLSFO,578.42,BUNKERWORLD_HISTORICAL
2024-06-08,ARE_FUJ,MGO,714.76,BUNKERWORLD_HISTORICAL
2024-06-09,SGP_SIN,VLSFO,590.81,BUNKERWORLD_HISTORICAL
2024-06-09,SGP_SIN,MGO,762.69,BUNKERWORLD_HISTORICAL
2024-06-09,LKA_CMB,VLSFO,605.58,BUNKERWORLD_HISTORICAL
2024-06-09,LKA_CMB,MGO,781.75,BUNKERWORLD_HISTORICAL
2024-06-09,ARE_FUJ,VLSFO,584.9,BUNKERWORLD_HISTORICAL
2024-06-09,ARE_FUJ,MGO,755.06,BUNKERWORLD_HISTORICAL
2024-06-10,SGP_SIN,VLSFO,588.59,BUNKERWORLD_HISTORICAL
2024-06-10,SGP_SIN,MGO,738.97,BUNKERWORLD_HISTORICAL
2024-06-10,LKA_CMB,VLSFO,603.31,BUNKERWORLD_HISTORICAL
2024-06-10,LKA_CMB,MGO,757.45,BUNKERWORLD_HISTORICAL
2024-06-10,ARE_FUJ,VLSFO,582.71,BUNKERWORLD_HISTORICAL
2024-06-10,ARE_FUJ,MGO,731.58,BUNKERWORLD_HISTORICAL
2024-06-11,SGP_SIN,VLSFO,582.09,BUNKERWORLD_HISTORICAL
2024-06-11,SGP_SIN,MGO,738.74,BUNKERWORLD_HISTORICAL
2024-06-11,LKA_CMB,VLSFO,596.65,BUNKERWORLD_HISTORICAL
2024-06-11,LKA_CMB,MGO,757.21,BUNKERWORLD_HISTORICAL
2024-06-11,ARE_FUJ,VLSFO,576.27,BUNKERWORLD_HISTORICAL
2024-06-11,ARE_FUJ,MGO,731.36,BUNKERWORLD_HISTORICAL
2024-06-12,SGP_SIN,VLSFO,587.49,BUNKERWORLD_HISTORICAL
2024-06-12,SGP_SIN,MGO,748.14,BUNKERWORLD_HISTORICAL
2024-06-12,LKA_CMB,VLSFO,602.18,BUNKERWORLD_HISTORICAL
2024-06-12,LKA_CMB,MGO,766.84,BUNKERWORLD_HISTORICAL
2024-06-12,ARE_FUJ,VLSFO,581.62,BUNKERWORLD_HISTORICAL
2024-06-12,ARE_FUJ,MGO,740.66,BUNKERWORLD_HISTORICAL
2024-06-13,SGP_SIN,VLSFO,587.7,BUNKERWORLD_HISTORICAL
2024-06-13,SGP_SIN,MGO,744.01,BUNKERWORLD_HISTORICAL
2024-06-13,LKA_CMB,VLSFO,602.39,BUNKERWORLD_HISTORICAL
2024-06-13,LKA_CMB,MGO,762.62,BUNKERWORLD_HISTORICAL
2024-06-13,ARE_FUJ,VLSFO,581.82,BUNKERWORLD_HISTORICAL
2024-06-13,ARE_FUJ,MGO,736.57,BUNKERWORLD_HISTORICAL
2024-06-14,SGP_SIN,VLSFO,591.14,BUNKERWORLD_HISTORICAL
2024-06-14,SGP_SIN,MGO,759.61,BUNKERWORLD_HISTORICAL
2024-06-14,LKA_CMB,VLSFO,605.92,BUNKERWORLD_HISTORICAL
2024-06-14,LKA_CMB,MGO,778.6,BUNKERWORLD_HISTORICAL
2024-06-14,ARE_FUJ,VLSFO,585.23,BUNKERWORLD_HISTORICAL
2024-06-14,ARE_FUJ,MGO,752.01,BUNKERWORLD_HISTORICAL
2024-06-15,SGP_SIN,VLSFO,593.51,BUNKERWORLD_HISTORICAL
2024-06-15,SGP_SIN,MGO,757.75,BUNKERWORLD_HISTORICAL
2024-06-15,LKA_CMB,VLSFO,608.35,BUNKERWORLD_HISTORICAL
2024-06-15,LKA_CMB,MGO,776.7,BUNKERWORLD_HISTORICAL
2024-06-15,ARE_FUJ,VLSFO,587.58,BUNKERWORLD_HISTORICAL
2024-06-15,ARE_FUJ,MGO,750.17,BUNKERWORLD_HISTORICAL
2024-06-16,SGP_SIN,VLSFO,593.79,BUNKERWORLD_HISTORICAL
2024-06-16,SGP_SIN,MGO,750.91,BUNKERWORLD_HISTORICAL
2024-06-16,LKA_CMB,VLSFO,608.63,BUNKERWORLD_HISTORICAL
2024-06-16,LKA_CMB,MGO,769.68,BUNKERWORLD_HISTORICAL
2024-06-16,ARE_FUJ,VLSFO,587.85,BUNKERWORLD_HISTORICAL
2024-06-16,ARE_FUJ,MGO,743.4,BUNKERWORLD_HISTORICAL
2024-06-17,SGP_SIN,VLSFO,592.32,BUNKERWORLD_HISTORICAL
2024-06-17,SGP_SIN,MGO,754.73,BUNKERWORLD_HISTORICAL
2024-06-17,LKA_CMB,VLSFO,607.12,BUNKERWORLD_HISTORICAL
2024-06-17,LKA_CMB,MGO,773.6,BUNKERWORLD_HISTORICAL
2024-06-17,ARE_FUJ,VLSFO,586.39,BUNKERWORLD_HISTORICAL
2024-06-17,ARE_FUJ,MGO,747.18,BUNKERWORLD_HISTORICAL
2024-06-18,SGP_SIN,VLSFO,595.15,BUNKERWORLD_HISTORICAL
2024-06-18,SGP_SIN,MGO,761.41,BUNKERWORLD_HISTORICAL
2024-06-18,LKA_CMB,VLSFO,610.03,BUNKERWORLD_HISTORICAL
2024-06-18,LKA_CMB,MGO,780.44,BUNKERWORLD_HISTORICAL
2024-06-18,ARE_FUJ,VLSFO,589.2,BUNKERWORLD_HISTORICAL
2024-06-18,ARE_FUJ,MGO,753.79,BUNKERWORLD_HISTORICAL
2024-06-19,SGP_SIN,VLSFO,598.25,BUNKERWORLD_HISTORICAL
2024-06-19,SGP_SIN,MGO,767.62,BUNKERWORLD_HISTORICAL
2024-06-19,LKA_CMB,VLSFO,613.2,BUNKERWORLD_HISTORICAL
2024-06-19,LKA_CMB,MGO,786.81,BUNKERWORLD_HISTORICAL
2024-06-19,ARE_FUJ,VLSFO,592.26,BUNKERWORLD_HISTORICAL
2024-06-19,ARE_FUJ,MGO,759.95,BUNKERWORLD_HISTORICAL
2024-06-20,SGP_SIN,VLSFO,602.5,BUNKERWORLD_HISTORICAL
2024-06-20,SGP_SIN,MGO,771.94,BUNKERWORLD_HISTORICAL
2024-06-20,LKA_CMB,VLSFO,617.56,BUNKERWORLD_HISTORICAL
2024-06-20,LKA_CMB,MGO,791.24,BUNKERWORLD_HISTORICAL
2024-06-20,ARE_FUJ,VLSFO,596.47,BUNKERWORLD_HISTORICAL
2024-06-20,ARE_FUJ,MGO,764.22,BUNKERWORLD_HISTORICAL
2024-06-21,SGP_SIN,VLSFO,599.33,BUNKERWORLD_HISTORICAL
2024-06-21,SGP_SIN,MGO,770.04,BUNKERWORLD_HISTORICAL
2024-06-21,LKA_CMB,VLSFO,614.32,BUNKERWORLD_HISTORICAL
2024-06-21,LKA_CMB,MGO,789.29,BUNKERWORLD_HISTORICAL
2024-06-21,ARE_FUJ,VLSFO,593.34,BUNKERWORLD_HISTORICAL
2024-06-21,ARE_FUJ,MGO,762.34,BUNKERWORLD_HISTORICAL
2024-06-22,SGP_SIN,VLSFO,599.01,BUNKERWORLD_HISTORICAL
2024-06-22,SGP_SIN,MGO,767.76,BUNKERWORLD_HISTORICAL
2024-06-22,LKA_CMB,VLSFO,613.99,BUNKERWORLD_HISTORICAL
2024-06-22,LKA_CMB,MGO,786.96,BUNKERWORLD_HISTORICAL
2024-06-22,ARE_FUJ,VLSFO,593.02,BUNKERWORLD_HISTORICAL
2024-06-22,ARE_FUJ,MGO,760.09,BUNKERWORLD_HISTORICAL
2024-06-23,SGP_SIN,VLSFO,599.02,BUNKERWORLD_HISTORICAL
2024-06-23,SGP_SIN,MGO,759.14,BUNKERWORLD_HISTORICAL
2024-06-23,LKA_CMB,VLSFO,613.99,BUNKERWORLD_HISTORICAL
2024-06-23,LKA_CMB,MGO,778.12,BUNKERWORLD_HISTORICAL
2024-06-23,ARE_FUJ,VLSFO,593.03,BUNKERWORLD_HISTORICAL
2024-06-23,ARE_FUJ,MGO,751.55,BUNKERWORLD_HISTORICAL
2024-06-24,SGP_SIN,VLSFO,598.54,BUNKERWORLD_HISTORICAL
2024-06-24,SGP_SIN,MGO,760.56,BUNKERWORLD_HISTORICAL
2024-06-24,LKA_CMB,VLSFO,613.5,BUNKERWORLD_HISTORICAL
2024-06-24,LKA_CMB,MGO,779.57,BUNKERWORLD_HISTORICAL
2024-06-24,ARE_FUJ,VLSFO,592.55,BUNKERWORLD_HISTORICAL
2024-06-24,ARE_FUJ,MGO,752.95,BUNKERWORLD_HISTORICAL
2024-06-25,SGP_SIN,VLSFO,595.78,BUNKERWORLD_HISTORICAL
2024-06-25,SGP_SIN,MGO,757.58,BUNKERWORLD_HISTORICAL
2024-06-25,LKA_CMB,VLSFO,610.68,BUNKERWORLD_HISTORICAL
2024-06-25,LKA_CMB,MGO,776.52,BUNKERWORLD_HISTORICAL
2024-06-25,ARE_FUJ,VLSFO,589.83,BUNKERWORLD_HISTORICAL
2024-06-25,ARE_FUJ,MGO,750.01,BUNKERWORLD_HISTORICAL
2024-06-26,SGP_SIN,VLSFO,603.47,BUNKERWORLD_HISTORICAL
2024-06-26,SGP_SIN,MGO,767.48,BUNKERWORLD_HISTORICAL
2024-06-26,LKA_CMB,VLSFO,618.56,BUNKERWORLD_HISTORICAL
2024-06-26,LKA_CMB,MGO,786.66,BUNKERWORLD_HISTORICAL
2024-06-26,ARE_FUJ,VLSFO,597.44,BUNKERWORLD_HISTORICAL
2024-06-26,ARE_FUJ,MGO,759.8,BUNKERWORLD_HISTORICAL
2024-06-27,SGP_SIN,VLSFO,609.05,BUNKERWORLD_HISTORICAL
2024-06-27,SGP_SIN,MGO,784.13,BUNKERWORLD_HISTORICAL
2024-06-27,LKA_CMB,VLSFO,624.28,BUNKERWORLD_HISTORICAL
2024-06-27,LKA_CMB,MGO,803.73,BUNKERWORLD_HISTORICAL
2024-06-27,ARE_FUJ,VLSFO,602.96,BUNKERWORLD_HISTORICAL
2024-06-27,ARE_FUJ,MGO,776.29,BUNKERWORLD_HISTORICAL
2024-06-28,SGP_SIN,VLSFO,603.18,BUNKERWORLD_HISTORICAL
2024-06-28,SGP_SIN,MGO,782.28,BUNKERWORLD_HISTORICAL
2024-06-28,LKA_CMB,VLSFO,618.26,BUNKERWORLD_HISTORICAL
2024-06-28,LKA_CMB,MGO,801.83,BUNKERWORLD_HISTORICAL
2024-06-28,ARE_FUJ,VLSFO,597.14,BUNKERWORLD_HISTORICAL
2024-06-28,ARE_FUJ,MGO,774.45,BUNKERWORLD_HISTORICAL
2024-06-29,SGP_SIN,VLSFO,618.62,BUNKERWORLD_HISTORICAL
2024-06-29,SGP_SIN,MGO,769.94,BUNKERWORLD_HISTORICAL
2024-06-29,LKA_CMB,VLSFO,634.08,BUNKERWORLD_HISTORICAL
2024-06-29,LKA_CMB,MGO,789.19,BUNKERWORLD_HISTORICAL
2024-06-29,ARE_FUJ,VLSFO,612.43,BUNKERWORLD_HISTORICAL
2024-06-29,ARE_FUJ,MGO,762.24,BUNKERWORLD_HISTORICAL
2024-06-30,SGP_SIN,VLSFO,607.25,BUNKERWORLD_HISTORICAL
2024-06-30,SGP_SIN,MGO,779.81,BUNKERWORLD_HISTORICAL
2024-06-30,LKA_CMB,VLSFO,622.44,BUNKERWORLD_HISTORICAL
2024-06-30,LKA_CMB,MGO,799.3,BUNKERWORLD_HISTORICAL
2024-06-30,ARE_FUJ,VLSFO,601.18,BUNKERWORLD_HISTORICAL
2024-06-30,ARE_FUJ,MGO,772.01,BUNKERWORLD_HISTORICAL
2024-07-01,SGP_SIN,VLSFO,602.41,BUNKERWORLD_HISTORICAL
2024-07-01,SGP_SIN,MGO,777.76,BUNKERWORLD_HISTORICAL
2024-07-01,LKA_CMB,VLSFO,617.47,BUNKERWORLD_HISTORICAL
2024-07-01,LKA_CMB,MGO,797.21,BUNKERWORLD_HISTORICAL
2024-07-01,ARE_FUJ,VLSFO,596.38,BUNKERWORLD_HISTORICAL
2024-07-01,ARE_FUJ,MGO,769.99,BUNKERWORLD_HISTORICAL
2024-07-02,SGP_SIN,VLSFO,614.96,BUNKERWORLD_HISTORICAL
2024-07-02,SGP_SIN,MGO,775.28,BUNKERWORLD_HISTORICAL
2024-07-02,LKA_CMB,VLSFO,630.33,BUNKERWORLD_HISTORICAL
2024-07-02,LKA_CMB,MGO,794.66,BUNKERWORLD_HISTORICAL
2024-07-02,ARE_FUJ,VLSFO,608.81,BUNKERWORLD_HISTORICAL
2024-07-02,ARE_FUJ,MGO,767.53,BUNKERWORLD_HISTORICAL
2024-07-03,SGP_SIN,VLSFO,602.42,BUNKERWORLD_HISTORICAL
2024-07-03,SGP_SIN,MGO,785.31,BUNKERWORLD_HISTORICAL
2024-07-03,LKA_CMB,VLSFO,617.48,BUNKERWORLD_HISTORICAL
2024-07-03,LKA_CMB,MGO,804.94,BUNKERWORLD_HISTORICAL
2024-07-03,ARE_FUJ,VLSFO,596.4,BUNKERWORLD_HISTORICAL
2024-07-03,ARE_FUJ,MGO,777.46,BUNKERWORLD_HISTORICAL
2024-07-04,SGP_SIN,VLSFO,612.36,BUNKERWORLD_HISTORICAL
2024-07-04,SGP_SIN,MGO,781.75,BUNKERWORLD_HISTORICAL
2024-07-04,LKA_CMB,VLSFO,627.67,BUNKERWORLD_HISTORICAL
2024-07-04,LKA_CMB,MGO,801.29,BUNKERWORLD_HISTORICAL
2024-07-04,ARE_FUJ,VLSFO,606.24,BUNKERWORLD_HISTORICAL
2024-07-04,ARE_FUJ,MGO,773.93,BUNKERWORLD_HISTORICAL
2024-07-05,SGP_SIN,VLSFO,605.29,BUNKERWORLD_HISTORICAL
2024-07-05,SGP_SIN,MGO,781.34,BUNKERWORLD_HISTORICAL
2024-07-05,LKA_CMB,VLSFO,620.42,BUNKERWORLD_HISTORICAL
2024-07-05,LKA_CMB,MGO,800.87,BUNKERWORLD_HISTORICAL
2024-07-05,ARE_FUJ,VLSFO,599.23,BUNKERWORLD_HISTORICAL
2024-07-05,ARE_FUJ,MGO,773.52,BUNKERWORLD_HISTORICAL
2024-07-06,SGP_SIN,VLSFO,600.02,BUNKERWORLD_HISTORICAL
2024-07-06,SGP_SIN,MGO,761.12,BUNKERWORLD_HISTORICAL
2024-07-06,LKA_CMB,VLSFO,615.02,BUNKERWORLD_HISTORICAL
2024-07-06,LKA_CMB,MGO,780.15,BUNKERWORLD_HISTORICAL
2024-07-06,ARE_FUJ,VLSFO,594.02,BUNKERWORLD_HISTORICAL
2024-07-06,ARE_FUJ,MGO,753.51,BUNKERWORLD_HISTORICAL
2024-07-07,SGP_SIN,VLSFO,590.09,BUNKERWORLD_HISTORICAL
2024-07-07,SGP_SIN,MGO,760.96,BUNKERWORLD_HISTORICAL
2024-07-07,LKA_CMB,VLSFO,604.85,BUNKERWORLD_HISTORICAL
2024-07-07,LKA_CMB,MGO,779.98,BUNKERWORLD_HISTORICAL
2024-07-07,ARE_FUJ,VLSFO,584.19,BUNKERWORLD_HISTORICAL
2024-07-07,ARE_FUJ,MGO,753.35,BUNKERWORLD_HISTORICAL
2024-07-08,SGP_SIN,VLSFO,614.76,BUNKERWORLD_HISTORICAL
2024-07-08,SGP_SIN,MGO,789.61,BUNKERWORLD_HISTORICAL
2024-07-08,LKA_CMB,VLSFO,630.13,BUNKERWORLD_HISTORICAL
2024-07-08,LKA_CMB,MGO,809.35,BUNKERWORLD_HISTORICAL
2024-07-08,ARE_FUJ,VLSFO,608.61,BUNKERWORLD_HISTORICAL
2024-07-08,ARE_FUJ,MGO,781.71,BUNKERWORLD_HISTORICAL
2024-07-09,SGP_SIN,VLSFO,620.03,BUNKERWORLD_HISTORICAL
2024-07-09,SGP_SIN,MGO,781.58,BUNKERWORLD_HISTORICAL
2024-07-09,LKA_CMB,VLSFO,635.53,BUNKERWORLD_HISTORICAL
2024-07-09,LKA_CMB,MGO,801.12,BUNKERWORLD_HISTORICAL
2024-07-09,ARE_FUJ,VLSFO,613.83,BUNKERWORLD_HISTORICAL
2024-07-09,ARE_FUJ,MGO,773.77,BUNKERWORLD_HISTORICAL
2024-07-10,SGP_SIN,VLSFO,610.12,BUNKERWORLD_HISTORICAL
2024-07-10,SGP_SIN,MGO,770.88,BUNKERWORLD_HISTORICAL
2024-07-10,LKA_CMB,VLSFO,625.38,BUNKERWORLD_HISTORICAL
2024-07-10,LKA_CMB,MGO,790.15,BUNKERWORLD_HISTORICAL
2024-07-10,ARE_FUJ,VLSFO,604.02,BUNKERWORLD_HISTORICAL
2024-07-10,ARE_FUJ,MGO,763.17,BUNKERWORLD_HISTORICAL
2024-07-11,SGP_SIN,VLSFO,617.45,BUNKERWORLD_HISTORICAL
2024-07-11,SGP_SIN,MGO,786.67,BUNKERWORLD_HISTORICAL
2024-07-11,LKA_CMB,VLSFO,632.89,BUNKERWORLD_HISTORICAL
2024-07-11,LKA_CMB,MGO,806.33,BUNKERWORLD_HISTORICAL
2024-07-11,ARE_FUJ,VLSFO,611.28,BUNKERWORLD_HISTORICAL
2024-07-11,ARE_FUJ,MGO,778.8,BUNKERWORLD_HISTORICAL
2024-07-12,SGP_SIN,VLSFO,609.05,BUNKERWORLD_HISTORICAL
2024-07-12,SGP_SIN,MGO,786.06,BUNKERWORLD_HISTORICAL
2024-07-12,LKA_CMB,VLSFO,624.28,BUNKERWORLD_HISTORICAL
2024-07-12,LKA_CMB,MGO,805.72,BUNKERWORLD_HISTORICAL
2024-07-12,ARE_FUJ,VLSFO,602.96,BUNKERWORLD_HISTORICAL
2024-07-12,ARE_FUJ,MGO,778.2,BUNKERWORLD_HISTORICAL
2024-07-13,SGP_SIN,VLSFO,612.58,BUNKERWORLD_HISTORICAL
2024-07-13,SGP_SIN,MGO,782.73,BUNKERWORLD_HISTORICAL
2024-07-13,LKA_CMB,VLSFO,627.89,BUNKERWORLD_HISTORICAL
2024-07-13,LKA_CMB,MGO,802.3,BUNKERWORLD_HISTORICAL
2024-07-13,ARE_FUJ,VLSFO,606.45,BUNKERWORLD_HISTORICAL
2024-07-13,ARE_FUJ,MGO,774.9,BUNKERWORLD_HISTORICAL
2024-07-14,SGP_SIN,VLSFO,618.52,BUNKERWORLD_HISTORICAL
2024-07-14,SGP_SIN,MGO,789.36,BUNKERWORLD_HISTORICAL
2024-07-14,LKA_CMB,VLSFO,633.98,BUNKERWORLD_HISTORICAL
2024-07-14,LKA_CMB,MGO,809.09,BUNKERWORLD_HISTORICAL
2024-07-14,ARE_FUJ,VLSFO,612.34,BUNKERWORLD_HISTORICAL
2024-07-14,ARE_FUJ,MGO,781.46,BUNKERWORLD_HISTORICAL
2024-07-15,SGP_SIN,VLSFO,610.83,BUNKERWORLD_HISTORICAL
2024-07-15,SGP_SIN,MGO,775.05,BUNKERWORLD_HISTORICAL
2024-07-15,LKA_CMB,VLSFO,626.1,BUNKERWORLD_HISTORICAL
2024-07-15,LKA_CMB,MGO,794.43,BUNKERWORLD_HISTORICAL
2024-07-15,ARE_FUJ,VLSFO,604.72,BUNKERWORLD_HISTORICAL
2024-07-15,ARE_FUJ,MGO,767.3,BUNKERWORLD_HISTORICAL
2024-07-16,SGP_SIN,VLSFO,617.73,BUNKERWORLD_HISTORICAL
2024-07-16,SGP_SIN,MGO,802.93,BUNKERWORLD_HISTORICAL
2024-07-16,LKA_CMB,VLSFO,633.17,BUNKERWORLD_HISTORICAL
2024-07-16,LKA_CMB,MGO,823.0,BUNKERWORLD_HISTORICAL
2024-07-16,ARE_FUJ,VLSFO,611.55,BUNKERWORLD_HISTORICAL
2024-07-16,ARE_FUJ,MGO,794.9,BUNKERWORLD_HISTORICAL
2024-07-17,SGP_SIN,VLSFO,600.03,BUNKERWORLD_HISTORICAL
2024-07-17,SGP_SIN,MGO,775.04,BUNKERWORLD_HISTORICAL
2024-07-17,LKA_CMB,VLSFO,615.03,BUNKERWORLD_HISTORICAL
2024-07-17,LKA_CMB,MGO,794.41,BUNKERWORLD_HISTORICAL
2024-07-17,ARE_FUJ,VLSFO,594.03,BUNKERWORLD_HISTORICAL
2024-07-17,ARE_FUJ,MGO,767.29,BUNKERWORLD_HISTORICAL
2024-07-18,SGP_SIN,VLSFO,613.31,BUNKERWORLD_HISTORICAL
2024-07-18,SGP_SIN,MGO,785.18,BUNKERWORLD_HISTORICAL
2024-07-18,LKA_CMB,VLSFO,628.64,BUNKERWORLD_HISTORICAL
2024-07-18,LKA_CMB,MGO,804.8,BUNKERWORLD_HISTORICAL
2024-07-18,ARE_FUJ,VLSFO,607.18,BUNKERWORLD_HISTORICAL
2024-07-18,ARE_FUJ,MGO,777.32,BUNKERWORLD_HISTORICAL
2024-07-19,SGP_SIN,VLSFO,604.06,BUNKERWORLD_HISTORICAL
2024-07-19,SGP_SIN,MGO,777.12,BUNKERWORLD_HISTORICAL
2024-07-19,LKA_CMB,VLSFO,619.16,BUNKERWORLD_HISTORICAL
2024-07-19,LKA_CMB,MGO,796.55,BUNKERWORLD_HISTORICAL
2024-07-19,ARE_FUJ,VLSFO,598.02,BUNKERWORLD_HISTORICAL
2024-07-19,ARE_FUJ,MGO,769.35,BUNKERWORLD_HISTORICAL
2024-07-20,SGP_SIN,VLSFO,593.94,BUNKERWORLD_HISTORICAL
2024-07-20,SGP_SIN,MGO,767.62,BUNKERWORLD_HISTORICAL
2024-07-20,LKA_CMB,VLSFO,608.78,BUNKERWORLD_HISTORICAL
2024-07-20,LKA_CMB,MGO,786.81,BUNKERWORLD_HISTORICAL
2024-07-20,ARE_FUJ,VLSFO,588.0,BUNKERWORLD_HISTORICAL
2024-07-20,ARE_FUJ,MGO,759.94,BUNKERWORLD_HISTORICAL
2024-07-21,SGP_SIN,VLSFO,614.88,BUNKERWORLD_HISTORICAL
2024-07-21,SGP_SIN,MGO,782.36,BUNKERWORLD_HISTORICAL
2024-07-21,LKA_CMB,VLSFO,630.25,BUNKERWORLD_HISTORICAL
2024-07-21,LKA_CMB,MGO,801.92,BUNKERWORLD_HISTORICAL
2024-07-21,ARE_FUJ,VLSFO,608.73,BUNKERWORLD_HISTORICAL
2024-07-21,ARE_FUJ,MGO,774.54,BUNKERWORLD_HISTORICAL
2024-07-22,SGP_SIN,VLSFO,607.54,BUNKERWORLD_HISTORICAL
2024-07-22,SGP_SIN,MGO,772.42,BUNKERWORLD_HISTORICAL
2024-07-22,LKA_CMB,VLSFO,622.73,BUNKERWORLD_HISTORICAL
2024-07-22,LKA_CMB,MGO,791.73,BUNKERWORLD_HISTORICAL
2024-07-22,ARE_FUJ,VLSFO,601.47,BUNKERWORLD_HISTORICAL
2024-07-22,ARE_FUJ,MGO,764.69,BUNKERWORLD_HISTORICAL
2024-07-23,SGP_SIN,VLSFO,593.96,BUNKERWORLD_HISTORICAL
2024-07-23,SGP_SIN,MGO,753.13,BUNKERWORLD_HISTORICAL
2024-07-23,LKA_CMB,VLSFO,608.81,BUNKERWORLD_HISTORICAL
2024-07-23,LKA_CMB,MGO,771.95,BUNKERWORLD_HISTORICAL
2024-07-23,ARE_FUJ,VLSFO,588.02,BUNKERWORLD_HISTORICAL
2024-07-23,ARE_FUJ,MGO,745.6,BUNKERWORLD_HISTORICAL
2024-07-24,SGP_SIN,VLSFO,604.78,BUNKERWORLD_HISTORICAL
2024-07-24,SGP_SIN,MGO,772.18,BUNKERWORLD_HISTORICAL
2024-07-24,LKA_CMB,VLSFO,619.9,BUNKERWORLD_HISTORICAL
2024-07-24,LKA_CMB,MGO,791.49,BUNKERWORLD_HISTORICAL
2024-07-24,ARE_FUJ,VLSFO,598.74,BUNKERWORLD_HISTORICAL
2024-07-24,ARE_FUJ,MGO,764.46,BUNKERWORLD_HISTORICAL
2024-07-25,SGP_SIN,VLSFO,619.69,BUNKERWORLD_HISTORICAL
2024-07-25,SGP_SIN,MGO,789.93,BUNKERWORLD_HISTORICAL
2024-07-25,LKA_CMB,VLSFO,635.18,BUNKERWORLD_HISTORICAL
2024-07-25,LKA_CMB,MGO,809.68,BUNKERWORLD_HISTORICAL
2024-07-25,ARE_FUJ,VLSFO,613.49,BUNKERWORLD_HISTORICAL
2024-07-25,ARE_FUJ,MGO,782.03,BUNKERWORLD_HISTORICAL
2024-07-26,SGP_SIN,VLSFO,604.5,BUNKERWORLD_HISTORICAL
2024-07-26,SGP_SIN,MGO,767.86,BUNKERWORLD_HISTORICAL
2024-07-26,LKA_CMB,VLSFO,619.62,BUNKERWORLD_HISTORICAL
2024-07-26,LKA_CMB,MGO,787.06,BUNKERWORLD_HISTORICAL
2024-07-26,ARE_FUJ,VLSFO,598.46,BUNKERWORLD_HISTORICAL
2024-07-26,ARE_FUJ,MGO,760.18,BUNKERWORLD_HISTORICAL
2024-07-27,SGP_SIN,VLSFO,592.23,BUNKERWORLD_HISTORICAL
2024-07-27,SGP_SIN,MGO,769.21,BUNKERWORLD_HISTORICAL
2024-07-27,LKA_CMB,VLSFO,607.04,BUNKERWORLD_HISTORICAL
2024-07-27,LKA_CMB,MGO,788.44,BUNKERWORLD_HISTORICAL
2024-07-27,ARE_FUJ,VLSFO,586.31,BUNKERWORLD_HISTORICAL
2024-07-27,ARE_FUJ,MGO,761.51,BUNKERWORLD_HISTORICAL
2024-07-28,SGP_SIN,VLSFO,598.63,BUNKERWORLD_HISTORICAL
2024-07-28,SGP_SIN,MGO,771.08,BUNKERWORLD_HISTORICAL
2024-07-28,LKA_CMB,VLSFO,613.59,BUNKERWORLD_HISTORICAL
2024-07-28,LKA_CMB,MGO,790.36,BUNKERWORLD_HISTORICAL
2024-07-28,ARE_FUJ,VLSFO,592.64,BUNKERWORLD_HISTORICAL
2024-07-28,ARE_FUJ,MGO,763.37,BUNKERWORLD_HISTORICAL
2024-07-29,SGP_SIN,VLSFO,603.05,BUNKERWORLD_HISTORICAL
2024-07-29,SGP_SIN,MGO,772.45,BUNKERWORLD_HISTORICAL
2024-07-29,LKA_CMB,VLSFO,618.13,BUNKERWORLD_HISTORICAL
2024-07-29,LKA_CMB,MGO,791.76,BUNKERWORLD_HISTORICAL
2024-07-29,ARE_FUJ,VLSFO,597.02,BUNKERWORLD_HISTORICAL
2024-07-29,ARE_FUJ,MGO,764.72,BUNKERWORLD_HISTORICAL
2024-07-30,SGP_SIN,VLSFO,589.28,BUNKERWORLD_HISTORICAL
2024-07-30,SGP_SIN,MGO,753.73,BUNKERWORLD_HISTORICAL
2024-07-30,LKA_CMB,VLSFO,604.01,BUNKERWORLD_HISTORICAL
2024-07-30,LKA_CMB,MGO,772.57,BUNKERWORLD_HISTORICAL
2024-07-30,ARE_FUJ,VLSFO,583.39,BUNKERWORLD_HISTORICAL
2024-07-30,ARE_FUJ,MGO,746.19,BUNKERWORLD_HISTORICAL
2024-07-31,SGP_SIN,VLSFO,595.54,BUNKERWORLD_HISTORICAL
2024-07-31,SGP_SIN,MGO,763.4,BUNKERWORLD_HISTORICAL
2024-07-31,LKA_CMB,VLSFO,610.43,BUNKERWORLD_HISTORICAL
2024-07-31,LKA_CMB,MGO,782.48,BUNKERWORLD_HISTORICAL
2024-07-31,ARE_FUJ,VLSFO,589.58,BUNKERWORLD_HISTORICAL
2024-07-31,ARE_FUJ,MGO,755.76,BUNKERWORLD_HISTORICAL
2024-08-01,SGP_SIN,VLSFO,589.63,BUNKERWORLD_HISTORICAL
2024-08-01,SGP_SIN,MGO,758.75,BUNKERWORLD_HISTORICAL
2024-08-01,LKA_CMB,VLSFO,604.37,BUNKERWORLD_HISTORICAL
2024-08-01,LKA_CMB,MGO,777.72,BUNKERWORLD_HISTORICAL
2024-08-01,ARE_FUJ,VLSFO,583.74,BUNKERWORLD_HISTORICAL
2024-08-01,ARE_FUJ,MGO,751.16,BUNKERWORLD_HISTORICAL
2024-08-02,SGP_SIN,VLSFO,597.84,BUNKERWORLD_HISTORICAL
2024-08-02,SGP_SIN,MGO,764.88,BUNKERWORLD_HISTORICAL
2024-08-02,LKA_CMB,VLSFO,612.78,BUNKERWORLD_HISTORICAL
2024-08-02,LKA_CMB,MGO,784.0,BUNKERWORLD_HISTORICAL
2024-08-02,ARE_FUJ,VLSFO,591.86,BUNKERWORLD_HISTORICAL
2024-08-02,ARE_FUJ,MGO,757.23,BUNKERWORLD_HISTORICAL
2024-08-03,SGP_SIN,VLSFO,590.97,BUNKERWORLD_HISTORICAL
2024-08-03,SGP_SIN,MGO,740.38,BUNKERWORLD_HISTORICAL
2024-08-03,LKA_CMB,VLSFO,605.74,BUNKERWORLD_HISTORICAL
2024-08-03,LKA_CMB,MGO,758.89,BUNKERWORLD_HISTORICAL
2024-08-03,ARE_FUJ,VLSFO,585.06,BUNKERWORLD_HISTORICAL
2024-08-03,ARE_FUJ,MGO,732.98,BUNKERWORLD_HISTORICAL
2024-08-04,SGP_SIN,VLSFO,605.92,BUNKERWORLD_HISTORICAL
2024-08-04,SGP_SIN,MGO,774.01,BUNKERWORLD_HISTORICAL
2024-08-04,LKA_CMB,VLSFO,621.07,BUNKERWORLD_HISTORICAL
2024-08-04,LKA_CMB,MGO,793.36,BUNKERWORLD_HISTORICAL
2024-08-04,ARE_FUJ,VLSFO,599.86,BUNKERWORLD_HISTORICAL
2024-08-04,ARE_FUJ,MGO,766.27,BUNKERWORLD_HISTORICAL
2024-08-05,SGP_SIN,VLSFO,607.54,BUNKERWORLD_HISTORICAL
2024-08-05,SGP_SIN,MGO,772.94,BUNKERWORLD_HISTORICAL
2024-08-05,LKA_CMB,VLSFO,622.73,BUNKERWORLD_HISTORICAL
2024-08-05,LKA_CMB,MGO,792.26,BUNKERWORLD_HISTORICAL
2024-08-05,ARE_FUJ,VLSFO,601.47,BUNKERWORLD_HISTORICAL
2024-08-05,ARE_FUJ,MGO,765.21,BUNKERWORLD_HISTORICAL
2024-08-06,SGP_SIN,VLSFO,601.8,BUNKERWORLD_HISTORICAL
2024-08-06,SGP_SIN,MGO,769.53,BUNKERWORLD_HISTORICAL
2024-08-06,LKA_CMB,VLSFO,616.85,BUNKERWORLD_HISTORICAL
2024-08-06,LKA_CMB,MGO,788.77,BUNKERWORLD_HISTORICAL
2024-08-06,ARE_FUJ,VLSFO,595.79,BUNKERWORLD_HISTORICAL
2024-08-06,ARE_FUJ,MGO,761.84,BUNKERWORLD_HISTORICAL
2024-08-07,SGP_SIN,VLSFO,601.87,BUNKERWORLD_HISTORICAL
2024-08-07,SGP_SIN,MGO,781.14,BUNKERWORLD_HISTORICAL
2024-08-07,LKA_CMB,VLSFO,616.91,BUNKERWORLD_HISTORICAL
2024-08-07,LKA_CMB,MGO,800.67,BUNKERWORLD_HISTORICAL
2024-08-07,ARE_FUJ,VLSFO,595.85,BUNKERWORLD_HISTORICAL
2024-08-07,ARE_FUJ,MGO,773.33,BUNKERWORLD_HISTORICAL
2024-08-08,SGP_SIN,VLSFO,593.69,BUNKERWORLD_HISTORICAL
2024-08-08,SGP_SIN,MGO,770.19,BUNKERWORLD_HISTORICAL
2024-08-08,LKA_CMB,VLSFO,608.53,BUNKERWORLD_HISTORICAL
2024-08-08,LKA_CMB,MGO,789.44,BUNKERWORLD_HISTORICAL
2024-08-08,ARE_FUJ,VLSFO,587.75,BUNKERWORLD_HISTORICAL
2024-08-08,ARE_FUJ,MGO,762.48,BUNKERWORLD_HISTORICAL
2024-08-09,SGP_SIN,VLSFO,592.66,BUNKERWORLD_HISTORICAL
2024-08-09,SGP_SIN,MGO,753.36,BUNKERWORLD_HISTORICAL
2024-08-09,LKA_CMB,VLSFO,607.47,BUNKERWORLD_HISTORICAL
2024-08-09,LKA_CMB,MGO,772.19,BUNKERWORLD_HISTORICAL
2024-08-09,ARE_FUJ,VLSFO,586.73,BUNKERWORLD_HISTORICAL
2024-08-09,ARE_FUJ,MGO,745.82,BUNKERWORLD_HISTORICAL
2024-08-10,SGP_SIN,VLSFO,575.09,BUNKERWORLD_HISTORICAL
2024-08-10,SGP_SIN,MGO,736.87,BUNKERWORLD_HISTORICAL
2024-08-10,LKA_CMB,VLSFO,589.47,BUNKERWORLD_HISTORICAL
2024-08-10,LKA_CMB,MGO,755.29,BUNKERWORLD_HISTORICAL
2024-08-10,ARE_FUJ,VLSFO,569.34,BUNKERWORLD_HISTORICAL
2024-08-10,ARE_FUJ,MGO,729.5,BUNKERWORLD_HISTORICAL
2024-08-11,SGP_SIN,VLSFO,578.54,BUNKERWORLD_HISTORICAL
2024-08-11,SGP_SIN,MGO,764.34,BUNKERWORLD_HISTORICAL
2024-08-11,LKA_CMB,VLSFO,593.01,BUNKERWORLD_HISTORICAL
2024-08-11,LKA_CMB,MGO,783.45,BUNKERWORLD_HISTORICAL
2024-08-11,ARE_FUJ,VLSFO,572.76,BUNKERWORLD_HISTORICAL
2024-08-11,ARE_FUJ,MGO,756.7,BUNKERWORLD_HISTORICAL
2024-08-12,SGP_SIN,VLSFO,575.0,BUNKERWORLD_HISTORICAL
2024-08-12,SGP_SIN,MGO,745.46,BUNKERWORLD_HISTORICAL
2024-08-12,LKA_CMB,VLSFO,589.38,BUNKERWORLD_HISTORICAL
2024-08-12,LKA_CMB,MGO,764.1,BUNKERWORLD_HISTORICAL
2024-08-12,ARE_FUJ,VLSFO,569.25,BUNKERWORLD_HISTORICAL
2024-08-12,ARE_FUJ,MGO,738.01,BUNKERWORLD_HISTORICAL
2024-08-13,SGP_SIN,VLSFO,575.12,BUNKERWORLD_HISTORICAL
2024-08-13,SGP_SIN,MGO,752.18,BUNKERWORLD_HISTORICAL
2024-08-13,LKA_CMB,VLSFO,589.5,BUNKERWORLD_HISTORICAL
2024-08-13,LKA_CMB,MGO,770.99,BUNKERWORLD_HISTORICAL
2024-08-13,ARE_FUJ,VLSFO,569.37,BUNKERWORLD_HISTORICAL
2024-08-13,ARE_FUJ,MGO,744.66,BUNKERWORLD_HISTORICAL
2024-08-14,SGP_SIN,VLSFO,574.98,BUNKERWORLD_HISTORICAL
2024-08-14,SGP_SIN,MGO,741.04,BUNKERWORLD_HISTORICAL
2024-08-14,LKA_CMB,VLSFO,589.35,BUNKERWORLD_HISTORICAL
2024-08-14,LKA_CMB,MGO,759.56,BUNKERWORLD_HISTORICAL
2024-08-14,ARE_FUJ,VLSFO,569.23,BUNKERWORLD_HISTORICAL
2024-08-14,ARE_FUJ,MGO,733.63,BUNKERWORLD_HISTORICAL
2024-08-15,SGP_SIN,VLSFO,580.12,BUNKERWORLD_HISTORICAL
2024-08-15,SGP_SIN,MGO,739.87,BUNKERWORLD_HISTORICAL
2024-08-15,LKA_CMB,VLSFO,594.62,BUNKERWORLD_HISTORICAL
2024-08-15,LKA_CMB,MGO,758.37,BUNKERWORLD_HISTORICAL
2024-08-15,ARE_FUJ,VLSFO,574.31,BUNKERWORLD_HISTORICAL
2024-08-15,ARE_FUJ,MGO,732.47,BUNKERWORLD_HISTORICAL
2024-08-16,SGP_SIN,VLSFO,578.99,BUNKERWORLD_HISTORICAL
2024-08-16,SGP_SIN,MGO,750.85,BUNKERWORLD_HISTORICAL
2024-08-16,LKA_CMB,VLSFO,593.47,BUNKERWORLD_HISTORICAL
2024-08-16,LKA_CMB,MGO,769.62,BUNKERWORLD_HISTORICAL
2024-08-16,ARE_FUJ,VLSFO,573.2,BUNKERWORLD_HISTORICAL
2024-08-16,ARE_FUJ,MGO,743.34,BUNKERWORLD_HISTORICAL
2024-08-17,SGP_SIN,VLSFO,588.25,BUNKERWORLD_HISTORICAL
2024-08-17,SGP_SIN,MGO,741.78,BUNKERWORLD_HISTORICAL
2024-08-17,LKA_CMB,VLSFO,602.96,BUNKERWORLD_HISTORICAL
2024-08-17,LKA_CMB,MGO,760.32,BUNKERWORLD_HISTORICAL
2024-08-17,ARE_FUJ,VLSFO,582.37,BUNKERWORLD_HISTORICAL
2024-08-17,ARE_FUJ,MGO,734.36,BUNKERWORLD_HISTORICAL
2024-08-18,SGP_SIN,VLSFO,586.8,BUNKERWORLD_HISTORICAL
2024-08-18,SGP_SIN,MGO,760.29,BUNKERWORLD_HISTORICAL
2024-08-18,LKA_CMB,VLSFO,601.47,BUNKERWORLD_HISTORICAL
2024-08-18,LKA_CMB,MGO,779.29,BUNKERWORLD_HISTORICAL
2024-08-18,ARE_FUJ,VLSFO,580.93,BUNKERWORLD_HISTORICAL
2024-08-18,ARE_FUJ,MGO,752.68,BUNKERWORLD_HISTORICAL
2024-08-19,SGP_SIN,VLSFO,589.14,BUNKERWORLD_HISTORICAL
2024-08-19,SGP_SIN,MGO,756.14,BUNKERWORLD_HISTORICAL
2024-08-19,LKA_CMB,VLSFO,603.87,BUNKERWORLD_HISTORICAL
2024-08-19,LKA_CMB,MGO,775.04,BUNKERWORLD_HISTORICAL
2024-08-19,ARE_FUJ,VLSFO,583.25,BUNKERWORLD_HISTORICAL
2024-08-19,ARE_FUJ,MGO,748.58,BUNKERWORLD_HISTORICAL
2024-08-20,SGP_SIN,VLSFO,600.25,BUNKERWORLD_HISTORICAL
2024-08-20,SGP_SIN,MGO,780.65,BUNKERWORLD_HISTORICAL
2024-08-20,LKA_CMB,VLSFO,615.25,BUNKERWORLD_HISTORICAL
2024-08-20,LKA_CMB,MGO,800.17,BUNKERWORLD_HISTORICAL
2024-08-20,ARE_FUJ,VLSFO,594.25,BUNKERWORLD_HISTORICAL
2024-08-20,ARE_FUJ,MGO,772.85,BUNKERWORLD_HISTORICAL
2024-08-21,SGP_SIN,VLSFO,590.63,BUNKERWORLD_HISTORICAL
2024-08-21,SGP_SIN,MGO,764.54,BUNKERWORLD_HISTORICAL
2024-08-21,LKA_CMB,VLSFO,605.4,BUNKERWORLD_HISTORICAL
2024-08-21,LKA_CMB,MGO,783.65,BUNKERWORLD_HISTORICAL
2024-08-21,ARE_FUJ,VLSFO,584.73,BUNKERWORLD_HISTORICAL
2024-08-21,ARE_FUJ,MGO,756.89,BUNKERWORLD_HISTORICAL
2024-08-22,SGP_SIN,VLSFO,595.67,BUNKERWORLD_HISTORICAL
2024-08-22,SGP_SIN,MGO,766.9,BUNKERWORLD_HISTORICAL
2024-08-22,LKA_CMB,VLSFO,610.56,BUNKERWORLD_HISTORICAL
2024-08-22,LKA_CMB,MGO,786.07,BUNKERWORLD_HISTORICAL
2024-08-22,ARE_FUJ,VLSFO,589.71,BUNKERWORLD_HISTORICAL
2024-08-22,ARE_FUJ,MGO,759.23,BUNKERWORLD_HISTORICAL
2024-08-23,SGP_SIN,VLSFO,612.48,BUNKERWORLD_HISTORICAL
2024-08-23,SGP_SIN,MGO,784.3,BUNKERWORLD_HISTORICAL
2024-08-23,LKA_CMB,VLSFO,627.79,BUNKERWORLD_HISTORICAL
2024-08-23,LKA_CMB,MGO,803.91,BUNKERWORLD_HISTORICAL
2024-08-23,ARE_FUJ,VLSFO,606.36,BUNKERWORLD_HISTORICAL
2024-08-23,ARE_FUJ,MGO,776.46,BUNKERWORLD_HISTORICAL
2024-08-24,SGP_SIN,VLSFO,617.1,BUNKERWORLD_HISTORICAL
2024-08-24,SGP_SIN,MGO,787.3,BUNKERWORLD_HISTORICAL
2024-08-24,LKA_CMB,VLSFO,632.53,BUNKERWORLD_HISTORICAL
2024-08-24,LKA_CMB,MGO,806.98,BUNKERWORLD_HISTORICAL
2024-08-24,ARE_FUJ,VLSFO,610.93,BUNKERWORLD_HISTORICAL
2024-08-24,ARE_FUJ,MGO,779.42,BUNKERWORLD_HISTORICAL
2024-08-25,SGP_SIN,VLSFO,616.97,BUNKERWORLD_HISTORICAL
2024-08-25,SGP_SIN,MGO,785.02,BUNKERWORLD_HISTORICAL
2024-08-25,LKA_CMB,VLSFO,632.4,BUNKERWORLD_HISTORICAL
2024-08-25,LKA_CMB,MGO,804.65,BUNKERWORLD_HISTORICAL
2024-08-25,ARE_FUJ,VLSFO,610.8,BUNKERWORLD_HISTORICAL
2024-08-25,ARE_FUJ,MGO,777.17,BUNKERWORLD_HISTORICAL
2024-08-26,SGP_SIN,VLSFO,598.61,BUNKERWORLD_HISTORICAL
2024-08-26,SGP_SIN,MGO,767.54,BUNKERWORLD_HISTORICAL
2024-08-26,LKA_CMB,VLSFO,613.57,BUNKERWORLD_HISTORICAL
2024-08-26,LKA_CMB,MGO,786.73,BUNKERWORLD_HISTORICAL
2024-08-26,ARE_FUJ,VLSFO,592.62,BUNKERWORLD_HISTORICAL
2024-08-26,ARE_FUJ,MGO,759.86,BUNKERWORLD_HISTORICAL
2024-08-27,SGP_SIN,VLSFO,599.95,BUNKERWORLD_HISTORICAL
2024-08-27,SGP_SIN,MGO,779.72,BUNKERWORLD_HISTORICAL
2024-08-27,LKA_CMB,VLSFO,614.95,BUNKERWORLD_HISTORICAL
2024-08-27,LKA_CMB,MGO,799.22,BUNKERWORLD_HISTORICAL
2024-08-27,ARE_FUJ,VLSFO,593.95,BUNKERWORLD_HISTORICAL
2024-08-27,ARE_FUJ,MGO,771.93,BUNKERWORLD_HISTORICAL
2024-08-28,SGP_SIN,VLSFO,611.34,BUNKERWORLD_HISTORICAL
2024-08-28,SGP_SIN,MGO,783.45,BUNKERWORLD_HISTORICAL
2024-08-28,LKA_CMB,VLSFO,626.63,BUNKERWORLD_HISTORICAL
2024-08-28,LKA_CMB,MGO,803.04,BUNKERWORLD_HISTORICAL
2024-08-28,ARE_FUJ,VLSFO,605.23,BUNKERWORLD_HISTORICAL
2024-08-28,ARE_FUJ,MGO,775.62,BUNKERWORLD_HISTORICAL
2024-08-29,SGP_SIN,VLSFO,597.65,BUNKERWORLD_HISTORICAL
2024-08-29,SGP_SIN,MGO,767.26,BUNKERWORLD_HISTORICAL
2024-08-29,LKA_CMB,VLSFO,612.59,BUNKERWORLD_HISTORICAL
2024-08-29,LKA_CMB,MGO,786.44,BUNKERWORLD_HISTORICAL
2024-08-29,ARE_FUJ,VLSFO,591.68,BUNKERWORLD_HISTORICAL
2024-08-29,ARE_FUJ,MGO,759.59,BUNKERWORLD_HISTORICAL
2024-08-30,SGP_SIN,VLSFO,608.2,BUNKERWORLD_HISTORICAL
2024-08-30,SGP_SIN,MGO,768.64,BUNKERWORLD_HISTORICAL
2024-08-30,LKA_CMB,VLSFO,623.41,BUNKERWORLD_HISTORICAL
2024-08-30,LKA_CMB,MGO,787.86,BUNKERWORLD_HISTORICAL
2024-08-30,ARE_FUJ,VLSFO,602.12,BUNKERWORLD_HISTORICAL
2024-08-30,ARE_FUJ,MGO,760.96,BUNKERWORLD_HISTORICAL
2024-08-31,SGP_SIN,VLSFO,598.52,BUNKERWORLD_HISTORICAL
2024-08-31,SGP_SIN,MGO,750.41,BUNKERWORLD_HISTORICAL
2024-08-31,LKA_CMB,VLSFO,613.48,BUNKERWORLD_HISTORICAL
2024-08-31,LKA_CMB,MGO,769.17,BUNKERWORLD_HISTORICAL
2024-08-31,ARE_FUJ,VLSFO,592.53,BUNKERWORLD_HISTORICAL
2024-08-31,ARE_FUJ,MGO,742.91,BUNKERWORLD_HISTORICAL
2024-09-01,SGP_SIN,VLSFO,618.07,BUNKERWORLD_HISTORICAL
2024-09-01,SGP_SIN,MGO,806.43,BUNKERWORLD_HISTORICAL
2024-09-01,LKA_CMB,VLSFO,633.52,BUNKERWORLD_HISTORICAL
2024-09-01,LKA_CMB,MGO,826.59,BUNKERWORLD_HISTORICAL
2024-09-01,ARE_FUJ,VLSFO,611.88,BUNKERWORLD_HISTORICAL
2024-09-01,ARE_FUJ,MGO,798.36,BUNKERWORLD_HISTORICAL
2024-09-02,SGP_SIN,VLSFO,617.26,BUNKERWORLD_HISTORICAL
2024-09-02,SGP_SIN,MGO,790.0,BUNKERWORLD_HISTORICAL
2024-09-02,LKA_CMB,VLSFO,632.7,BUNKERWORLD_HISTORICAL
2024-09-02,LKA_CMB,MGO,809.75,BUNKERWORLD_HISTORICAL
2024-09-02,ARE_FUJ,VLSFO,611.09,BUNKERWORLD_HISTORICAL
2024-09-02,ARE_FUJ,MGO,782.1,BUNKERWORLD_HISTORICAL
2024-09-03,SGP_SIN,VLSFO,603.08,BUNKERWORLD_HISTORICAL
2024-09-03,SGP_SIN,MGO,773.68,BUNKERWORLD_HISTORICAL
2024-09-03,LKA_CMB,VLSFO,618.16,BUNKERWORLD_HISTORICAL
2024-09-03,LKA_CMB,MGO,793.02,BUNKERWORLD_HISTORICAL
2024-09-03,ARE_FUJ,VLSFO,597.05,BUNKERWORLD_HISTORICAL
2024-09-03,ARE_FUJ,MGO,765.94,BUNKERWORLD_HISTORICAL
2024-09-04,SGP_SIN,VLSFO,616.1,BUNKERWORLD_HISTORICAL
2024-09-04,SGP_SIN,MGO,783.44,BUNKERWORLD_HISTORICAL
2024-09-04,LKA_CMB,VLSFO,631.5,BUNKERWORLD_HISTORICAL
2024-09-04,LKA_CMB,MGO,803.03,BUNKERWORLD_HISTORICAL
2024-09-04,ARE_FUJ,VLSFO,609.94,BUNKERWORLD_HISTORICAL
2024-09-04,ARE_FUJ,MGO,775.61,BUNKERWORLD_HISTORICAL
2024-09-05,SGP_SIN,VLSFO,616.37,BUNKERWORLD_HISTORICAL
2024-09-05,SGP_SIN,MGO,803.1,BUNKERWORLD_HISTORICAL
2024-09-05,LKA_CMB,VLSFO,631.77,BUNKERWORLD_HISTORICAL
2024-09-05,LKA_CMB,MGO,823.18,BUNKERWORLD_HISTORICAL
2024-09-05,ARE_FUJ,VLSFO,610.2,BUNKERWORLD_HISTORICAL
2024-09-05,ARE_FUJ,MGO,795.07,BUNKERWORLD_HISTORICAL
2024-09-06,SGP_SIN,VLSFO,636.2,BUNKERWORLD_HISTORICAL
2024-09-06,SGP_SIN,MGO,807.58,BUNKERWORLD_HISTORICAL
2024-09-06,LKA_CMB,VLSFO,652.1,BUNKERWORLD_HISTORICAL
2024-09-06,LKA_CMB,MGO,827.77,BUNKERWORLD_HISTORICAL
2024-09-06,ARE_FUJ,VLSFO,629.84,BUNKERWORLD_HISTORICAL
2024-09-06,ARE_FUJ,MGO,799.51,BUNKERWORLD_HISTORICAL
2024-09-07,SGP_SIN,VLSFO,612.85,BUNKERWORLD_HISTORICAL
2024-09-07,SGP_SIN,MGO,772.95,BUNKERWORLD_HISTORICAL
2024-09-07,LKA_CMB,VLSFO,628.17,BUNKERWORLD_HISTORICAL
2024-09-07,LKA_CMB,MGO,792.27,BUNKERWORLD_HISTORICAL
2024-09-07,ARE_FUJ,VLSFO,606.72,BUNKERWORLD_HISTORICAL
2024-09-07,ARE_FUJ,MGO,765.22,BUNKERWORLD_HISTORICAL
2024-09-08,SGP_SIN,VLSFO,615.54,BUNKERWORLD_HISTORICAL
2024-09-08,SGP_SIN,MGO,794.49,BUNKERWORLD_HISTORICAL
2024-09-08,LKA_CMB,VLSFO,630.92,BUNKERWORLD_HISTORICAL
2024-09-08,LKA_CMB,MGO,814.35,BUNKERWORLD_HISTORICAL
2024-09-08,ARE_FUJ,VLSFO,609.38,BUNKERWORLD_HISTORICAL
2024-09-08,ARE_FUJ,MGO,786.55,BUNKERWORLD_HISTORICAL
2024-09-09,SGP_SIN,VLSFO,622.17,BUNKERWORLD_HISTORICAL
2024-09-09,SGP_SIN,MGO,785.67,BUNKERWORLD_HISTORICAL
2024-09-09,LKA_CMB,VLSFO,637.73,BUNKERWORLD_HISTORICAL
2024-09-09,LKA_CMB,MGO,805.31,BUNKERWORLD_HISTORICAL
2024-09-09,ARE_FUJ,VLSFO,615.95,BUNKERWORLD_HISTORICAL
2024-09-09,ARE_FUJ,MGO,777.81,BUNKERWORLD_HISTORICAL
2024-09-10,SGP_SIN,VLSFO,610.88,BUNKERWORLD_HISTORICAL
2024-09-10,SGP_SIN,MGO,790.1,BUNKERWORLD_HISTORICAL
2024-09-10,LKA_CMB,VLSFO,626.15,BUNKERWORLD_HISTORICAL
2024-09-10,LKA_CMB,MGO,809.85,BUNKERWORLD_HISTORICAL
2024-09-10,ARE_FUJ,VLSFO,604.77,BUNKERWORLD_HISTORICAL
2024-09-10,ARE_FUJ,MGO,782.2,BUNKERWORLD_HISTORICAL
2024-09-11,SGP_SIN,VLSFO,620.24,BUNKERWORLD_HISTORICAL
2024-09-11,SGP_SIN,MGO,772.93,BUNKERWORLD_HISTORICAL
2024-09-11,LKA_CMB,VLSFO,635.74,BUNKERWORLD_HISTORICAL
2024-09-11,LKA_CMB,MGO,792.25,BUNKERWORLD_HISTORICAL
2024-09-11,ARE_FUJ,VLSFO,614.03,BUNKERWORLD_HISTORICAL
2024-09-11,ARE_FUJ,MGO,765.2,BUNKERWORLD_HISTORICAL
2024-09-12,SGP_SIN,VLSFO,607.81,BUNKERWORLD_HISTORICAL
2024-09-12,SGP_SIN,MGO,776.34,BUNKERWORLD_HISTORICAL
2024-09-12,LKA_CMB,VLSFO,623.01,BUNKERWORLD_HISTORICAL
2024-09-12,LKA_CMB,MGO,795.75,BUNKERWORLD_HISTORICAL
2024-09-12,ARE_FUJ,VLSFO,601.74,BUNKERWORLD_HISTORICAL
2024-09-12,ARE_FUJ,MGO,768.58,BUNKERWORLD_HISTORICAL
2024-09-13,SGP_SIN,VLSFO,609.25,BUNKERWORLD_HISTORICAL
2024-09-13,SGP_SIN,MGO,763.21,BUNKERWORLD_HISTORICAL
2024-09-13,LKA_CMB,VLSFO,624.48,BUNKERWORLD_HISTORICAL
2024-09-13,LKA_CMB,MGO,782.29,BUNKERWORLD_HISTORICAL
2024-09-13,ARE_FUJ,VLSFO,603.15,BUNKERWORLD_HISTORICAL
2024-09-13,ARE_FUJ,MGO,755.58,BUNKERWORLD_HISTORICAL
2024-09-14,SGP_SIN,VLSFO,606.71,BUNKERWORLD_HISTORICAL
2024-09-14,SGP_SIN,MGO,778.74,BUNKERWORLD_HISTORICAL
2024-09-14,LKA_CMB,VLSFO,621.88,BUNKERWORLD_HISTORICAL
2024-09-14,LKA_CMB,MGO,798.21,BUNKERWORLD_HISTORICAL
2024-09-14,ARE_FUJ,VLSFO,600.64,BUNKERWORLD_HISTORICAL
2024-09-14,ARE_FUJ,MGO,770.96,BUNKERWORLD_HISTORICAL
2024-09-15,SGP_SIN,VLSFO,607.76,BUNKERWORLD_HISTORICAL
2024-09-15,SGP_SIN,MGO,765.58,BUNKERWORLD_HISTORICAL
2024-09-15,LKA_CMB,VLSFO,622.95,BUNKERWORLD_HISTORICAL
2024-09-15,LKA_CMB,MGO,784.72,BUNKERWORLD_HISTORICAL
2024-09-15,ARE_FUJ,VLSFO,601.68,BUNKERWORLD_HISTORICAL
2024-09-15,ARE_FUJ,MGO,757.93,BUNKERWORLD_HISTORICAL
2024-09-16,SGP_SIN,VLSFO,610.64,BUNKERWORLD_HISTORICAL
2024-09-16,SGP_SIN,MGO,776.3,BUNKERWORLD_HISTORICAL
2024-09-16,LKA_CMB,VLSFO,625.91,BUNKERWORLD_HISTORICAL
2024-09-16,LKA_CMB,MGO,795.71,BUNKERWORLD_HISTORICAL
2024-09-16,ARE_FUJ,VLSFO,604.54,BUNKERWORLD_HISTORICAL
2024-09-16,ARE_FUJ,MGO,768.54,BUNKERWORLD_HISTORICAL
2024-09-17,SGP_SIN,VLSFO,621.8,BUNKERWORLD_HISTORICAL
2024-09-17,SGP_SIN,MGO,795.47,BUNKERWORLD_HISTORICAL
2024-09-17,LKA_CMB,VLSFO,637.34,BUNKERWORLD_HISTORICAL
2024-09-17,LKA_CMB,MGO,815.36,BUNKERWORLD_HISTORICAL
2024-09-17,ARE_FUJ,VLSFO,615.58,BUNKERWORLD_HISTORICAL
2024-09-17,ARE_FUJ,MGO,787.52,BUNKERWORLD_HISTORICAL
2024-09-18,SGP_SIN,VLSFO,611.14,BUNKERWORLD_HISTORICAL
2024-09-18,SGP_SIN,MGO,795.25,BUNKERWORLD_HISTORICAL
2024-09-18,LKA_CMB,VLSFO,626.41,BUNKERWORLD_HISTORICAL
2024-09-18,LKA_CMB,MGO,815.13,BUNKERWORLD_HISTORICAL
2024-09-18,ARE_FUJ,VLSFO,605.03,BUNKERWORLD_HISTORICAL
2024-09-18,ARE_FUJ,MGO,787.3,BUNKERWORLD_HISTORICAL
2024-09-19,SGP_SIN,VLSFO,616.33,BUNKERWORLD_HISTORICAL
2024-09-19,SGP_SIN,MGO,808.11,BUNKERWORLD_HISTORICAL
2024-09-19,LKA_CMB,VLSFO,631.74,BUNKERWORLD_HISTORICAL
2024-09-19,LKA_CMB,MGO,828.31,BUNKERWORLD_HISTORICAL
2024-09-19,ARE_FUJ,VLSFO,610.16,BUNKERWORLD_HISTORICAL
2024-09-19,ARE_FUJ,MGO,800.03,BUNKERWORLD_HISTORICAL
2024-09-20,SGP_SIN,VLSFO,612.15,BUNKERWORLD_HISTORICAL
2024-09-20,SGP_SIN,MGO,778.53,BUNKERWORLD_HISTORICAL
2024-09-20,LKA_CMB,VLSFO,627.46,BUNKERWORLD_HISTORICAL
2024-09-20,LKA_CMB,MGO,798.0,BUNKERWORLD_HISTORICAL
2024-09-20,ARE_FUJ,VLSFO,606.03,BUNKERWORLD_HISTORICAL
2024-09-20,ARE_FUJ,MGO,770.75,BUNKERWORLD_HISTORICAL
2024-09-21,SGP_SIN,VLSFO,614.31,BUNKERWORLD_HISTORICAL
2024-09-21,SGP_SIN,MGO,795.47,BUNKERWORLD_HISTORICAL
2024-09-21,LKA_CMB,VLSFO,629.67,BUNKERWORLD_HISTORICAL
2024-09-21,LKA_CMB,MGO,815.36,BUNKERWORLD_HISTORICAL
2024-09-21,ARE_FUJ,VLSFO,608.17,BUNKERWORLD_HISTORICAL
2024-09-21,ARE_FUJ,MGO,787.52,BUNKERWORLD_HISTORICAL
2024-09-22,SGP_SIN,VLSFO,594.42,BUNKERWORLD_HISTORICAL
2024-09-22,SGP_SIN,MGO,748.37,BUNKERWORLD_HISTORICAL
2024-09-22,LKA_CMB,VLSFO,609.28,BUNKERWORLD_HISTORICAL
2024-09-22,LKA_CMB,MGO,767.08,BUNKERWORLD_HISTORICAL
2024-09-22,ARE_FUJ,VLSFO,588.47,BUNKERWORLD_HISTORICAL
2024-09-22,ARE_FUJ,MGO,740.88,BUNKERWORLD_HISTORICAL
2024-09-23,SGP_SIN,VLSFO,592.97,BUNKERWORLD_HISTORICAL
2024-09-23,SGP_SIN,MGO,755.38,BUNKERWORLD_HISTORICAL
2024-09-23,LKA_CMB,VLSFO,607.79,BUNKERWORLD_HISTORICAL
2024-09-23,LKA_CMB,MGO,774.27,BUNKERWORLD_HISTORICAL
2024-09-23,ARE_FUJ,VLSFO,587.04,BUNKERWORLD_HISTORICAL
2024-09-23,ARE_FUJ,MGO,747.83,BUNKERWORLD_HISTORICAL
2024-09-24,SGP_SIN,VLSFO,606.36,BUNKERWORLD_HISTORICAL
2024-09-24,SGP_SIN,MGO,778.64,BUNKERWORLD_HISTORICAL
2024-09-24,LKA_CMB,VLSFO,621.52,BUNKERWORLD_HISTORICAL
2024-09-24,LKA_CMB,MGO,798.11,BUNKERWORLD_HISTORICAL
2024-09-24,ARE_FUJ,VLSFO,600.3,BUNKERWORLD_HISTORICAL
2024-09-24,ARE_FUJ,MGO,770.85,BUNKERWORLD_HISTORICAL
2024-09-25,SGP_SIN,VLSFO,596.82,BUNKERWORLD_HISTORICAL
2024-09-25,SGP_SIN,MGO,744.29,BUNKERWORLD_HISTORICAL
2024-09-25,LKA_CMB,VLSFO,611.75,BUNKERWORLD_HISTORICAL
2024-09-25,LKA_CMB,MGO,762.9,BUNKERWORLD_HISTORICAL
2024-09-25,ARE_FUJ,VLSFO,590.86,BUNKERWORLD_HISTORICAL
2024-09-25,ARE_FUJ,MGO,736.85,BUNKERWORLD_HISTORICAL
2024-09-26,SGP_SIN,VLSFO,592.59,BUNKERWORLD_HISTORICAL
2024-09-26,SGP_SIN,MGO,769.59,BUNKERWORLD_HISTORICAL
2024-09-26,LKA_CMB,VLSFO,607.41,BUNKERWORLD_HISTORICAL
2024-09-26,LKA_CMB,MGO,788.83,BUNKERWORLD_HISTORICAL
2024-09-26,ARE_FUJ,VLSFO,586.67,BUNKERWORLD_HISTORICAL
2024-09-26,ARE_FUJ,MGO,761.89,BUNKERWORLD_HISTORICAL
2024-09-27,SGP_SIN,VLSFO,611.92,BUNKERWORLD_HISTORICAL
2024-09-27,SGP_SIN,MGO,777.14,BUNKERWORLD_HISTORICAL
2024-09-27,LKA_CMB,VLSFO,627.21,BUNKERWORLD_HISTORICAL
2024-09-27,LKA_CMB,MGO,796.57,BUNKERWORLD_HISTORICAL
2024-09-27,ARE_FUJ,VLSFO,605.8,BUNKERWORLD_HISTORICAL
2024-09-27,ARE_FUJ,MGO,769.37,BUNKERWORLD_HISTORICAL
2024-09-28,SGP_SIN,VLSFO,603.23,BUNKERWORLD_HISTORICAL
2024-09-28,SGP_SIN,MGO,768.66,BUNKERWORLD_HISTORICAL
2024-09-28,LKA_CMB,VLSFO,618.31,BUNKERWORLD_HISTORICAL
2024-09-28,LKA_CMB,MGO,787.88,BUNKERWORLD_HISTORICAL
2024-09-28,ARE_FUJ,VLSFO,597.2,BUNKERWORLD_HISTORICAL
2024-09-28,ARE_FUJ,MGO,760.97,BUNKERWORLD_HISTORICAL
2024-09-29,SGP_SIN,VLSFO,604.18,BUNKERWORLD_HISTORICAL
2024-09-29,SGP_SIN,MGO,778.83,BUNKERWORLD_HISTORICAL
2024-09-29,LKA_CMB,VLSFO,619.29,BUNKERWORLD_HISTORICAL
2024-09-29,LKA_CMB,MGO,798.3,BUNKERWORLD_HISTORICAL
2024-09-29,ARE_FUJ,VLSFO,598.14,BUNKERWORLD_HISTORICAL
2024-09-29,ARE_FUJ,MGO,771.04,BUNKERWORLD_HISTORICAL
2024-09-30,SGP_SIN,VLSFO,606.01,BUNKERWORLD_HISTORICAL
2024-09-30,SGP_SIN,MGO,784.21,BUNKERWORLD_HISTORICAL
2024-09-30,LKA_CMB,VLSFO,621.16,BUNKERWORLD_HISTORICAL
2024-09-30,LKA_CMB,MGO,803.82,BUNKERWORLD_HISTORICAL
2024-09-30,ARE_FUJ,VLSFO,599.95,BUNKERWORLD_HISTORICAL
2024-09-30,ARE_FUJ,MGO,776.37,BUNKERWORLD_HISTORICAL
2024-10-01,SGP_SIN,VLSFO,607.22,BUNKERWORLD_HISTORICAL
2024-10-01,SGP_SIN,MGO,775.05,BUNKERWORLD_HISTORICAL
2024-10-01,LKA_CMB,VLSFO,622.4,BUNKERWORLD_HISTORICAL
2024-10-01,LKA_CMB,MGO,794.42,BUNKERWORLD_HISTORICAL
2024-10-01,ARE_FUJ,VLSFO,601.15,BUNKERWORLD_HISTORICAL
2024-10-01,ARE_FUJ,MGO,767.3,BUNKERWORLD_HISTORICAL
2024-10-02,SGP_SIN,VLSFO,607.92,BUNKERWORLD_HISTORICAL
2024-10-02,SGP_SIN,MGO,779.45,BUNKERWORLD_HISTORICAL
2024-10-02,LKA_CMB,VLSFO,623.12,BUNKERWORLD_HISTORICAL
2024-10-02,LKA_CMB,MGO,798.93,BUNKERWORLD_HISTORICAL
2024-10-02,ARE_FUJ,VLSFO,601.84,BUNKERWORLD_HISTORICAL
2024-10-02,ARE_FUJ,MGO,771.65,BUNKERWORLD_HISTORICAL
2024-10-03,SGP_SIN,VLSFO,626.34,BUNKERWORLD_HISTORICAL
2024-10-03,SGP_SIN,MGO,808.6,BUNKERWORLD_HISTORICAL
2024-10-03,LKA_CMB,VLSFO,641.99,BUNKERWORLD_HISTORICAL
2024-10-03,LKA_CMB,MGO,828.82,BUNKERWORLD_HISTORICAL
2024-10-03,ARE_FUJ,VLSFO,620.07,BUNKERWORLD_HISTORICAL
2024-10-03,ARE_FUJ,MGO,800.51,BUNKERWORLD_HISTORICAL
2024-10-04,SGP_SIN,VLSFO,620.2,BUNKERWORLD_HISTORICAL
2024-10-04,SGP_SIN,MGO,795.69,BUNKERWORLD_HISTORICAL
2024-10-04,LKA_CMB,VLSFO,635.7,BUNKERWORLD_HISTORICAL
2024-10-04,LKA_CMB,MGO,815.58,BUNKERWORLD_HISTORICAL
2024-10-04,ARE_FUJ,VLSFO,614.0,BUNKERWORLD_HISTORICAL
2024-10-04,ARE_FUJ,MGO,787.73,BUNKERWORLD_HISTORICAL
2024-10-05,SGP_SIN,VLSFO,626.63,BUNKERWORLD_HISTORICAL
2024-10-05,SGP_SIN,MGO,786.97,BUNKERWORLD_HISTORICAL
2024-10-05,LKA_CMB,VLSFO,642.3,BUNKERWORLD_HISTORICAL
2024-10-05,LKA_CMB,MGO,806.65,BUNKERWORLD_HISTORICAL
2024-10-05,ARE_FUJ,VLSFO,620.37,BUNKERWORLD_HISTORICAL
2024-10-05,ARE_FUJ,MGO,779.1,BUNKERWORLD_HISTORICAL
2024-10-06,SGP_SIN,VLSFO,620.9,BUNKERWORLD_HISTORICAL
2024-10-06,SGP_SIN,MGO,794.95,BUNKERWORLD_HISTORICAL
2024-10-06,LKA_CMB,VLSFO,636.42,BUNKERWORLD_HISTORICAL
2024-10-06,LKA_CMB,MGO,814.83,BUNKERWORLD_HISTORICAL
2024-10-06,ARE_FUJ,VLSFO,614.69,BUNKERWORLD_HISTORICAL
2024-10-06,ARE_FUJ,MGO,787.0,BUNKERWORLD_HISTORICAL
2024-10-07,SGP_SIN,VLSFO,632.02,BUNKERWORLD_HISTORICAL
2024-10-07,SGP_SIN,MGO,818.31,BUNKERWORLD_HISTORICAL
2024-10-07,LKA_CMB,VLSFO,647.82,BUNKERWORLD_HISTORICAL
2024-10-07,LKA_CMB,MGO,838.77,BUNKERWORLD_HISTORICAL
2024-10-07,ARE_FUJ,VLSFO,625.7,BUNKERWORLD_HISTORICAL
2024-10-07,ARE_FUJ,MGO,810.13,BUNKERWORLD_HISTORICAL
2024-10-08,SGP_SIN,VLSFO,619.75,BUNKERWORLD_HISTORICAL
2024-10-08,SGP_SIN,MGO,799.43,BUNKERWORLD_HISTORICAL
2024-10-08,LKA_CMB,VLSFO,635.25,BUNKERWORLD_HISTORICAL
2024-10-08,LKA_CMB,MGO,819.41,BUNKERWORLD_HISTORICAL
2024-10-08,ARE_FUJ,VLSFO,613.55,BUNKERWORLD_HISTORICAL
2024-10-08,ARE_FUJ,MGO,791.43,BUNKERWORLD_HISTORICAL
2024-10-09,SGP_SIN,VLSFO,626.51,BUNKERWORLD_HISTORICAL
2024-10-09,SGP_SIN,MGO,799.78,BUNKERWORLD_HISTORICAL
2024-10-09,LKA_CMB,VLSFO,642.17,BUNKERWORLD_HISTORICAL
2024-10-09,LKA_CMB,MGO,819.77,BUNKERWORLD_HISTORICAL
2024-10-09,ARE_FUJ,VLSFO,620.25,BUNKERWORLD_HISTORICAL
2024-10-09,ARE_FUJ,MGO,791.78,BUNKERWORLD_HISTORICAL
2024-10-10,SGP_SIN,VLSFO,627.41,BUNKERWORLD_HISTORICAL
2024-10-10,SGP_SIN,MGO,807.88,BUNKERWORLD_HISTORICAL
2024-10-10,LKA_CMB,VLSFO,643.1,BUNKERWORLD_HISTORICAL
2024-10-10,LKA_CMB,MGO,828.08,BUNKERWORLD_HISTORICAL
2024-10-10,ARE_FUJ,VLSFO,621.14,BUNKERWORLD_HISTORICAL
2024-10-10,ARE_FUJ,MGO,799.8,BUNKERWORLD_HISTORICAL
2024-10-11,SGP_SIN,VLSFO,629.12,BUNKERWORLD_HISTORICAL
2024-10-11,SGP_SIN,MGO,807.16,BUNKERWORLD_HISTORICAL
2024-10-11,LKA_CMB,VLSFO,644.85,BUNKERWORLD_HISTORICAL
2024-10-11,LKA_CMB,MGO,827.33,BUNKERWORLD_HISTORICAL
2024-10-11,ARE_FUJ,VLSFO,622.83,BUNKERWORLD_HISTORICAL
2024-10-11,ARE_FUJ,MGO,799.08,BUNKERWORLD_HISTORICAL
2024-10-12,SGP_SIN,VLSFO,614.11,BUNKERWORLD_HISTORICAL
2024-10-12,SGP_SIN,MGO,769.77,BUNKERWORLD_HISTORICAL
2024-10-12,LKA_CMB,VLSFO,629.46,BUNKERWORLD_HISTORICAL
2024-10-12,LKA_CMB,MGO,789.02,BUNKERWORLD_HISTORICAL
2024-10-12,ARE_FUJ,VLSFO,607.97,BUNKERWORLD_HISTORICAL
2024-10-12,ARE_FUJ,MGO,762.07,BUNKERWORLD_HISTORICAL
2024-10-13,SGP_SIN,VLSFO,621.52,BUNKERWORLD_HISTORICAL
2024-10-13,SGP_SIN,MGO,792.92,BUNKERWORLD_HISTORICAL
2024-10-13,LKA_CMB,VLSFO,637.06,BUNKERWORLD_HISTORICAL
2024-10-13,LKA_CMB,MGO,812.74,BUNKERWORLD_HISTORICAL
2024-10-13,ARE_FUJ,VLSFO,615.31,BUNKERWORLD_HISTORICAL
2024-10-13,ARE_FUJ,MGO,784.99,BUNKERWORLD_HISTORICAL
2024-10-14,SGP_SIN,VLSFO,632.22,BUNKERWORLD_HISTORICAL
2024-10-14,SGP_SIN,MGO,813.21,BUNKERWORLD_HISTORICAL
2024-10-14,LKA_CMB,VLSFO,648.03,BUNKERWORLD_HISTORICAL
2024-10-14,LKA_CMB,MGO,833.54,BUNKERWORLD_HISTORICAL
2024-10-14,ARE_FUJ,VLSFO,625.9,BUNKERWORLD_HISTORICAL
2024-10-14,ARE_FUJ,MGO,805.08,BUNKERWORLD_HISTORICAL
2024-10-15,SGP_SIN,VLSFO,628.61,BUNKERWORLD_HISTORICAL
2024-10-15,SGP_SIN,MGO,811.64,BUNKERWORLD_HISTORICAL
2024-10-15,LKA_CMB,VLSFO,644.32,BUNKERWORLD_HISTORICAL
2024-10-15,LKA_CMB,MGO,831.93,BUNKERWORLD_HISTORICAL
2024-10-15,ARE_FUJ,VLSFO,622.32,BUNKERWORLD_HISTORICAL
2024-10-15,ARE_FUJ,MGO,803.52,BUNKERWORLD_HISTORICAL
2024-10-16,SGP_SIN,VLSFO,619.53,BUNKERWORLD_HISTORICAL
2024-10-16,SGP_SIN,MGO,790.93,BUNKERWORLD_HISTORICAL
2024-10-16,LKA_CMB,VLSFO,635.02,BUNKERWORLD_HISTORICAL
2024-10-16,LKA_CMB,MGO,810.7,BUNKERWORLD_HISTORICAL
2024-10-16,ARE_FUJ,VLSFO,613.33,BUNKERWORLD_HISTORICAL
2024-10-16,ARE_FUJ,MGO,783.02,BUNKERWORLD_HISTORICAL
2024-10-17,SGP_SIN,VLSFO,624.69,BUNKERWORLD_HISTORICAL
2024-10-17,SGP_SIN,MGO,801.91,BUNKERWORLD_HISTORICAL
2024-10-17,LKA_CMB,VLSFO,640.31,BUNKERWORLD_HISTORICAL
2024-10-17,LKA_CMB,MGO,821.96,BUNKERWORLD_HISTORICAL
2024-10-17,ARE_FUJ,VLSFO,618.45,BUNKERWORLD_HISTORICAL
2024-10-17,ARE_FUJ,MGO,793.89,BUNKERWORLD_HISTORICAL
2024-10-18,SGP_SIN,VLSFO,640.0,BUNKERWORLD_HISTORICAL
2024-10-18,SGP_SIN,MGO,808.54,BUNKERWORLD_HISTORICAL
2024-10-18,LKA_CMB,VLSFO,656.0,BUNKERWORLD_HISTORICAL
2024-10-18,LKA_CMB,MGO,828.76,BUNKERWORLD_HISTORICAL
2024-10-18,ARE_FUJ,VLSFO,633.6,BUNKERWORLD_HISTORICAL
2024-10-18,ARE_FUJ,MGO,800.46,BUNKERWORLD_HISTORICAL
2024-10-19,SGP_SIN,VLSFO,629.3,BUNKERWORLD_HISTORICAL
2024-10-19,SGP_SIN,MGO,811.76,BUNKERWORLD_HISTORICAL
2024-10-19,LKA_CMB,VLSFO,645.03,BUNKERWORLD_HISTORICAL
2024-10-19,LKA_CMB,MGO,832.05,BUNKERWORLD_HISTORICAL
2024-10-19,ARE_FUJ,VLSFO,623.01,BUNKERWORLD_HISTORICAL
2024-10-19,ARE_FUJ,MGO,803.64,BUNKERWORLD_HISTORICAL
2024-10-20,SGP_SIN,VLSFO,630.72,BUNKERWORLD_HISTORICAL
2024-10-20,SGP_SIN,MGO,818.07,BUNKERWORLD_HISTORICAL
2024-10-20,LKA_CMB,VLSFO,646.49,BUNKERWORLD_HISTORICAL
2024-10-20,LKA_CMB,MGO,838.53,BUNKERWORLD_HISTORICAL
2024-10-20,ARE_FUJ,VLSFO,624.41,BUNKERWORLD_HISTORICAL
2024-10-20,ARE_FUJ,MGO,809.89,BUNKERWORLD_HISTORICAL
2024-10-21,SGP_SIN,VLSFO,643.89,BUNKERWORLD_HISTORICAL
2024-10-21,SGP_SIN,MGO,829.55,BUNKERWORLD_HISTORICAL
2024-10-21,LKA_CMB,VLSFO,659.99,BUNKERWORLD_HISTORICAL
2024-10-21,LKA_CMB,MGO,850.29,BUNKERWORLD_HISTORICAL
2024-10-21,ARE_FUJ,VLSFO,637.45,BUNKERWORLD_HISTORICAL
2024-10-21,ARE_FUJ,MGO,821.25,BUNKERWORLD_HISTORICAL
2024-10-22,SGP_SIN,VLSFO,640.88,BUNKERWORLD_HISTORICAL
2024-10-22,SGP_SIN,MGO,825.06,BUNKERWORLD_HISTORICAL
2024-10-22,LKA_CMB,VLSFO,656.9,BUNKERWORLD_HISTORICAL
2024-10-22,LKA_CMB,MGO,845.68,BUNKERWORLD_HISTORICAL
2024-10-22,ARE_FUJ,VLSFO,634.47,BUNKERWORLD_HISTORICAL
2024-10-22,ARE_FUJ,MGO,816.81,BUNKERWORLD_HISTORICAL
2024-10-23,SGP_SIN,VLSFO,639.51,BUNKERWORLD_HISTORICAL
2024-10-23,SGP_SIN,MGO,824.7,BUNKERWORLD_HISTORICAL
2024-10-23,LKA_CMB,VLSFO,655.5,BUNKERWORLD_HISTORICAL
2024-10-23,LKA_CMB,MGO,845.32,BUNKERWORLD_HISTORICAL
2024-10-23,ARE_FUJ,VLSFO,633.11,BUNKERWORLD_HISTORICAL
2024-10-23,ARE_FUJ,MGO,816.46,BUNKERWORLD_HISTORICAL
2024-10-24,SGP_SIN,VLSFO,639.83,BUNKERWORLD_HISTORICAL
2024-10-24,SGP_SIN,MGO,831.17,BUNKERWORLD_HISTORICAL
2024-10-24,LKA_CMB,VLSFO,655.83,BUNKERWORLD_HISTORICAL
2024-10-24,LKA_CMB,MGO,851.95,BUNKERWORLD_HISTORICAL
2024-10-24,ARE_FUJ,VLSFO,633.44,BUNKERWORLD_HISTORICAL
2024-10-24,ARE_FUJ,MGO,822.86,BUNKERWORLD_HISTORICAL
2024-10-25,SGP_SIN,VLSFO,640.56,BUNKERWORLD_HISTORICAL
2024-10-25,SGP_SIN,MGO,833.07,BUNKERWORLD_HISTORICAL
2024-10-25,LKA_CMB,VLSFO,656.57,BUNKERWORLD_HISTORICAL
2024-10-25,LKA_CMB,MGO,853.9,BUNKERWORLD_HISTORICAL
2024-10-25,ARE_FUJ,VLSFO,634.15,BUNKERWORLD_HISTORICAL
2024-10-25,ARE_FUJ,MGO,824.74,BUNKERWORLD_HISTORICAL
2024-10-26,SGP_SIN,VLSFO,633.99,BUNKERWORLD_HISTORICAL
2024-10-26,SGP_SIN,MGO,806.43,BUNKERWORLD_HISTORICAL
2024-10-26,LKA_CMB,VLSFO,649.84,BUNKERWORLD_HISTORICAL
2024-10-26,LKA_CMB,MGO,826.59,BUNKERWORLD_HISTORICAL
2024-10-26,ARE_FUJ,VLSFO,627.65,BUNKERWORLD_HISTORICAL
2024-10-26,ARE_FUJ,MGO,798.36,BUNKERWORLD_HISTORICAL
2024-10-27,SGP_SIN,VLSFO,635.15,BUNKERWORLD_HISTORICAL
2024-10-27,SGP_SIN,MGO,817.04,BUNKERWORLD_HISTORICAL
2024-10-27,LKA_CMB,VLSFO,651.03,BUNKERWORLD_HISTORICAL
2024-10-27,LKA_CMB,MGO,837.47,BUNKERWORLD_HISTORICAL
2024-10-27,ARE_FUJ,VLSFO,628.79,BUNKERWORLD_HISTORICAL
2024-10-27,ARE_FUJ,MGO,808.87,BUNKERWORLD_HISTORICAL
2024-10-28,SGP_SIN,VLSFO,626.69,BUNKERWORLD_HISTORICAL
2024-10-28,SGP_SIN,MGO,799.16,BUNKERWORLD_HISTORICAL
2024-10-28,LKA_CMB,VLSFO,642.36,BUNKERWORLD_HISTORICAL
2024-10-28,LKA_CMB,MGO,819.14,BUNKERWORLD_HISTORICAL
2024-10-28,ARE_FUJ,VLSFO,620.42,BUNKERWORLD_HISTORICAL
2024-10-28,ARE_FUJ,MGO,791.17,BUNKERWORLD_HISTORICAL
2024-10-29,SGP_SIN,VLSFO,639.63,BUNKERWORLD_HISTORICAL
2024-10-29,SGP_SIN,MGO,827.75,BUNKERWORLD_HISTORICAL
2024-10-29,LKA_CMB,VLSFO,655.63,BUNKERWORLD_HISTORICAL
2024-10-29,LKA_CMB,MGO,848.45,BUNKERWORLD_HISTORICAL
2024-10-29,ARE_FUJ,VLSFO,633.24,BUNKERWORLD_HISTORICAL
2024-10-29,ARE_FUJ,MGO,819.48,BUNKERWORLD_HISTORICAL
2024-10-30,SGP_SIN,VLSFO,616.72,BUNKERWORLD_HISTORICAL
2024-10-30,SGP_SIN,MGO,790.09,BUNKERWORLD_HISTORICAL
2024-10-30,LKA_CMB,VLSFO,632.14,BUNKERWORLD_HISTORICAL
2024-10-30,LKA_CMB,MGO,809.84,BUNKERWORLD_HISTORICAL
2024-10-30,ARE_FUJ,VLSFO,610.56,BUNKERWORLD_HISTORICAL
2024-10-30,ARE_FUJ,MGO,782.19,BUNKERWORLD_HISTORICAL
2024-10-31,SGP_SIN,VLSFO,625.1,BUNKERWORLD_HISTORICAL
2024-10-31,SGP_SIN,MGO,804.3,BUNKERWORLD_HISTORICAL
2024-10-31,LKA_CMB,VLSFO,640.72,BUNKERWORLD_HISTORICAL
2024-10-31,LKA_CMB,MGO,824.41,BUNKERWORLD_HISTORICAL
2024-10-31,ARE_FUJ,VLSFO,618.85,BUNKERWORLD_HISTORICAL
2024-10-31,ARE_FUJ,MGO,796.26,BUNKERWORLD_HISTORICAL
2024-11-01,SGP_SIN,VLSFO,628.86,BUNKERWORLD_HISTORICAL
2024-11-01,SGP_SIN,MGO,801.37,BUNKERWORLD_HISTORICAL
2024-11-01,LKA_CMB,VLSFO,644.58,BUNKERWORLD_HISTORICAL
2024-11-01,LKA_CMB,MGO,821.4,BUNKERWORLD_HISTORICAL
2024-11-01,ARE_FUJ,VLSFO,622.57,BUNKERWORLD_HISTORICAL
2024-11-01,ARE_FUJ,MGO,793.35,BUNKERWORLD_HISTORICAL
2024-11-02,SGP_SIN,VLSFO,620.59,BUNKERWORLD_HISTORICAL
2024-11-02,SGP_SIN,MGO,801.68,BUNKERWORLD_HISTORICAL
2024-11-02,LKA_CMB,VLSFO,636.11,BUNKERWORLD_HISTORICAL
2024-11-02,LKA_CMB,MGO,821.72,BUNKERWORLD_HISTORICAL
2024-11-02,ARE_FUJ,VLSFO,614.39,BUNKERWORLD_HISTORICAL
2024-11-02,ARE_FUJ,MGO,793.66,BUNKERWORLD_HISTORICAL
2024-11-03,SGP_SIN,VLSFO,621.78,BUNKERWORLD_HISTORICAL
2024-11-03,SGP_SIN,MGO,798.32,BUNKERWORLD_HISTORICAL
2024-11-03,LKA_CMB,VLSFO,637.32,BUNKERWORLD_HISTORICAL
2024-11-03,LKA_CMB,MGO,818.27,BUNKERWORLD_HISTORICAL
2024-11-03,ARE_FUJ,VLSFO,615.56,BUNKERWORLD_HISTORICAL
2024-11-03,ARE_FUJ,MGO,790.33,BUNKERWORLD_HISTORICAL
2024-11-04,SGP_SIN,VLSFO,606.02,BUNKERWORLD_HISTORICAL
2024-11-04,SGP_SIN,MGO,779.56,BUNKERWORLD_HISTORICAL
2024-11-04,LKA_CMB,VLSFO,621.18,BUNKERWORLD_HISTORICAL
2024-11-04,LKA_CMB,MGO,799.05,BUNKERWORLD_HISTORICAL
2024-11-04,ARE_FUJ,VLSFO,599.96,BUNKERWORLD_HISTORICAL
2024-11-04,ARE_FUJ,MGO,771.76,BUNKERWORLD_HISTORICAL
2024-11-05,SGP_SIN,VLSFO,614.5,BUNKERWORLD_HISTORICAL
2024-11-05,SGP_SIN,MGO,788.46,BUNKERWORLD_HISTORICAL
2024-11-05,LKA_CMB,VLSFO,629.87,BUNKERWORLD_HISTORICAL
2024-11-05,LKA_CMB,MGO,808.17,BUNKERWORLD_HISTORICAL
2024-11-05,ARE_FUJ,VLSFO,608.36,BUNKERWORLD_HISTORICAL
2024-11-05,ARE_FUJ,MGO,780.57,BUNKERWORLD_HISTORICAL
2024-11-06,SGP_SIN,VLSFO,609.84,BUNKERWORLD_HISTORICAL
2024-11-06,SGP_SIN,MGO,785.63,BUNKERWORLD_HISTORICAL
2024-11-06,LKA_CMB,VLSFO,625.09,BUNKERWORLD_HISTORICAL
2024-11-06,LKA_CMB,MGO,805.27,BUNKERWORLD_HISTORICAL
2024-11-06,ARE_FUJ,VLSFO,603.75,BUNKERWORLD_HISTORICAL
2024-11-06,ARE_FUJ,MGO,777.77,BUNKERWORLD_HISTORICAL
2024-11-07,SGP_SIN,VLSFO,611.62,BUNKERWORLD_HISTORICAL
2024-11-07,SGP_SIN,MGO,787.19,BUNKERWORLD_HISTORICAL
2024-11-07,LKA_CMB,VLSFO,626.91,BUNKERWORLD_HISTORICAL
2024-11-07,LKA_CMB,MGO,806.87,BUNKERWORLD_HISTORICAL
2024-11-07,ARE_FUJ,VLSFO,605.5,BUNKERWORLD_HISTORICAL
2024-11-07,ARE_FUJ,MGO,779.32,BUNKERWORLD_HISTORICAL
2024-11-08,SGP_SIN,VLSFO,605.07,BUNKERWORLD_HISTORICAL
2024-11-08,SGP_SIN,MGO,781.3,BUNKERWORLD_HISTORICAL
2024-11-08,LKA_CMB,VLSFO,620.19,BUNKERWORLD_HISTORICAL
2024-11-08,LKA_CMB,MGO,800.84,BUNKERWORLD_HISTORICAL
2024-11-08,ARE_FUJ,VLSFO,599.01,BUNKERWORLD_HISTORICAL
2024-11-08,ARE_FUJ,MGO,773.49,BUNKERWORLD_HISTORICAL
2024-11-09,SGP_SIN,VLSFO,610.37,BUNKERWORLD_HISTORICAL
2024-11-09,SGP_SIN,MGO,787.24,BUNKERWORLD_HISTORICAL
2024-11-09,LKA_CMB,VLSFO,625.63,BUNKERWORLD_HISTORICAL
2024-11-09,LKA_CMB,MGO,806.92,BUNKERWORLD_HISTORICAL
2024-11-09,ARE_FUJ,VLSFO,604.27,BUNKERWORLD_HISTORICAL
2024-11-09,ARE_FUJ,MGO,779.37,BUNKERWORLD_HISTORICAL
2024-11-10,SGP_SIN,VLSFO,611.85,BUNKERWORLD_HISTORICAL
2024-11-10,SGP_SIN,MGO,782.16,BUNKERWORLD_HISTORICAL
2024-11-10,LKA_CMB,VLSFO,627.15,BUNKERWORLD_HISTORICAL
2024-11-10,LKA_CMB,MGO,801.71,BUNKERWORLD_HISTORICAL
2024-11-10,ARE_FUJ,VLSFO,605.74,BUNKERWORLD_HISTORICAL
2024-11-10,ARE_FUJ,MGO,774.34,BUNKERWORLD_HISTORICAL
2024-11-11,SGP_SIN,VLSFO,615.38,BUNKERWORLD_HISTORICAL
2024-11-11,SGP_SIN,MGO,784.57,BUNKERWORLD_HISTORICAL
2024-11-11,LKA_CMB,VLSFO,630.77,BUNKERWORLD_HISTORICAL
2024-11-11,LKA_CMB,MGO,804.19,BUNKERWORLD_HISTORICAL
2024-11-11,ARE_FUJ,VLSFO,609.23,BUNKERWORLD_HISTORICAL
2024-11-11,ARE_FUJ,MGO,776.73,BUNKERWORLD_HISTORICAL
2024-11-12,SGP_SIN,VLSFO,627.38,BUNKERWORLD_HISTORICAL
2024-11-12,SGP_SIN,MGO,805.27,BUNKERWORLD_HISTORICAL
2024-11-12,LKA_CMB,VLSFO,643.06,BUNKERWORLD_HISTORICAL
2024-11-12,LKA_CMB,MGO,825.4,BUNKERWORLD_HISTORICAL
2024-11-12,ARE_FUJ,VLSFO,621.1,BUNKERWORLD_HISTORICAL
2024-11-12,ARE_FUJ,MGO,797.22,BUNKERWORLD_HISTORICAL
2024-11-13,SGP_SIN,VLSFO,624.53,BUNKERWORLD_HISTORICAL
2024-11-13,SGP_SIN,MGO,791.89,BUNKERWORLD_HISTORICAL
2024-11-13,LKA_CMB,VLSFO,640.15,BUNKERWORLD_HISTORICAL
2024-11-13,LKA_CMB,MGO,811.69,BUNKERWORLD_HISTORICAL
2024-11-13,ARE_FUJ,VLSFO,618.29,BUNKERWORLD_HISTORICAL
2024-11-13,ARE_FUJ,MGO,783.98,BUNKERWORLD_HISTORICAL
2024-11-14,SGP_SIN,VLSFO,611.07,BUNKERWORLD_HISTORICAL
2024-11-14,SGP_SIN,MGO,793.36,BUNKERWORLD_HISTORICAL
2024-11-14,LKA_CMB,VLSFO,626.34,BUNKERWORLD_HISTORICAL
2024-11-14,LKA_CMB,MGO,813.2,BUNKERWORLD_HISTORICAL
2024-11-14,ARE_FUJ,VLSFO,604.96,BUNKERWORLD_HISTORICAL
2024-11-14,ARE_FUJ,MGO,785.43,BUNKERWORLD_HISTORICAL
2024-11-15,SGP_SIN,VLSFO,618.13,BUNKERWORLD_HISTORICAL
2024-11-15,SGP_SIN,MGO,807.29,BUNKERWORLD_HISTORICAL
2024-11-15,LKA_CMB,VLSFO,633.58,BUNKERWORLD_HISTORICAL
2024-11-15,LKA_CMB,MGO,827.47,BUNKERWORLD_HISTORICAL
2024-11-15,ARE_FUJ,VLSFO,611.95,BUNKERWORLD_HISTORICAL
2024-11-15,ARE_FUJ,MGO,799.22,BUNKERWORLD_HISTORICAL
2024-11-16,SGP_SIN,VLSFO,624.69,BUNKERWORLD_HISTORICAL
2024-11-16,SGP_SIN,MGO,798.22,BUNKERWORLD_HISTORICAL
2024-11-16,LKA_CMB,VLSFO,640.31,BUNKERWORLD_HISTORICAL
2024-11-16,LKA_CMB,MGO,818.18,BUNKERWORLD_HISTORICAL
2024-11-16,ARE_FUJ,VLSFO,618.45,BUNKERWORLD_HISTORICAL
2024-11-16,ARE_FUJ,MGO,790.24,BUNKERWORLD_HISTORICAL
2024-11-17,SGP_SIN,VLSFO,614.51,BUNKERWORLD_HISTORICAL
2024-11-17,SGP_SIN,MGO,794.98,BUNKERWORLD_HISTORICAL
2024-11-17,LKA_CMB,VLSFO,629.87,BUNKERWORLD_HISTORICAL
2024-11-17,LKA_CMB,MGO,814.85,BUNKERWORLD_HISTORICAL
2024-11-17,ARE_FUJ,VLSFO,608.36,BUNKERWORLD_HISTORICAL
2024-11-17,ARE_FUJ,MGO,787.03,BUNKERWORLD_HISTORICAL
2024-11-18,SGP_SIN,VLSFO,617.59,BUNKERWORLD_HISTORICAL
2024-11-18,SGP_SIN,MGO,786.14,BUNKERWORLD_HISTORICAL
2024-11-18,LKA_CMB,VLSFO,633.03,BUNKERWORLD_HISTORICAL
2024-11-18,LKA_CMB,MGO,805.8,BUNKERWORLD_HISTORICAL
2024-11-18,ARE_FUJ,VLSFO,611.42,BUNKERWORLD_HISTORICAL
2024-11-18,ARE_FUJ,MGO,778.28,BUNKERWORLD_HISTORICAL
2024-11-19,SGP_SIN,VLSFO,623.76,BUNKERWORLD_HISTORICAL
2024-11-19,SGP_SIN,MGO,787.29,BUNKERWORLD_HISTORICAL
2024-11-19,LKA_CMB,VLSFO,639.35,BUNKERWORLD_HISTORICAL
2024-11-19,LKA_CMB,MGO,806.98,BUNKERWORLD_HISTORICAL
2024-11-19,ARE_FUJ,VLSFO,617.52,BUNKERWORLD_HISTORICAL
2024-11-19,ARE_FUJ,MGO,779.42,BUNKERWORLD_HISTORICAL
2024-11-20,SGP_SIN,VLSFO,641.23,BUNKERWORLD_HISTORICAL
2024-11-20,SGP_SIN,MGO,810.99,BUNKERWORLD_HISTORICAL
2024-11-20,LKA_CMB,VLSFO,657.26,BUNKERWORLD_HISTORICAL
2024-11-20,LKA_CMB,MGO,831.26,BUNKERWORLD_HISTORICAL
2024-11-20,ARE_FUJ,VLSFO,634.81,BUNKERWORLD_HISTORICAL
2024-11-20,ARE_FUJ,MGO,802.88,BUNKERWORLD_HISTORICAL
2024-11-21,SGP_SIN,VLSFO,631.34,BUNKERWORLD_HISTORICAL
2024-11-21,SGP_SIN,MGO,803.28,BUNKERWORLD_HISTORICAL
2024-11-21,LKA_CMB,VLSFO,647.12,BUNKERWORLD_HISTORICAL
2024-11-21,LKA_CMB,MGO,823.36,BUNKERWORLD_HISTORICAL
2024-11-21,ARE_FUJ,VLSFO,625.03,BUNKERWORLD_HISTORICAL
2024-11-21,ARE_FUJ,MGO,795.25,BUNKERWORLD_HISTORICAL
2024-11-22,SGP_SIN,VLSFO,626.6,BUNKERWORLD_HISTORICAL
2024-11-22,SGP_SIN,MGO,793.03,BUNKERWORLD_HISTORICAL
2024-11-22,LKA_CMB,VLSFO,642.26,BUNKERWORLD_HISTORICAL
2024-11-22,LKA_CMB,MGO,812.86,BUNKERWORLD_HISTORICAL
2024-11-22,ARE_FUJ,VLSFO,620.33,BUNKERWORLD_HISTORICAL
2024-11-22,ARE_FUJ,MGO,785.1,BUNKERWORLD_HISTORICAL
2024-11-23,SGP_SIN,VLSFO,631.58,BUNKERWORLD_HISTORICAL
2024-11-23,SGP_SIN,MGO,819.2,BUNKERWORLD_HISTORICAL
2024-11-23,LKA_CMB,VLSFO,647.37,BUNKERWORLD_HISTORICAL
2024-11-23,LKA_CMB,MGO,839.69,BUNKERWORLD_HISTORICAL
2024-11-23,ARE_FUJ,VLSFO,625.27,BUNKERWORLD_HISTORICAL
2024-11-23,ARE_FUJ,MGO,811.01,BUNKERWORLD_HISTORICAL
2024-11-24,SGP_SIN,VLSFO,627.43,BUNKERWORLD_HISTORICAL
2024-11-24,SGP_SIN,MGO,807.36,BUNKERWORLD_HISTORICAL
2024-11-24,LKA_CMB,VLSFO,643.12,BUNKERWORLD_HISTORICAL
2024-11-24,LKA_CMB,MGO,827.54,BUNKERWORLD_HISTORICAL
2024-11-24,ARE_FUJ,VLSFO,621.16,BUNKERWORLD_HISTORICAL
2024-11-24,ARE_FUJ,MGO,799.28,BUNKERWORLD_HISTORICAL
2024-11-25,SGP_SIN,VLSFO,637.88,BUNKERWORLD_HISTORICAL
2024-11-25,SGP_SIN,MGO,820.07,BUNKERWORLD_HISTORICAL
2024-11-25,LKA_CMB,VLSFO,653.83,BUNKERWORLD_HISTORICAL
2024-11-25,LKA_CMB,MGO,840.57,BUNKERWORLD_HISTORICAL
2024-11-25,ARE_FUJ,VLSFO,631.5,BUNKERWORLD_HISTORICAL
2024-11-25,ARE_FUJ,MGO,811.87,BUNKERWORLD_HISTORICAL
2024-11-26,SGP_SIN,VLSFO,629.65,BUNKERWORLD_HISTORICAL
2024-11-26,SGP_SIN,MGO,814.57,BUNKERWORLD_HISTORICAL
2024-11-26,LKA_CMB,VLSFO,645.4,BUNKERWORLD_HISTORICAL
2024-11-26,LKA_CMB,MGO,834.94,BUNKERWORLD_HISTORICAL
2024-11-26,ARE_FUJ,VLSFO,623.36,BUNKERWORLD_HISTORICAL
2024-11-26,ARE_FUJ,MGO,806.43,BUNKERWORLD_HISTORICAL
2024-11-27,SGP_SIN,VLSFO,628.76,BUNKERWORLD_HISTORICAL
2024-11-27,SGP_SIN,MGO,807.95,BUNKERWORLD_HISTORICAL
2024-11-27,LKA_CMB,VLSFO,644.48,BUNKERWORLD_HISTORICAL
2024-11-27,LKA_CMB,MGO,828.15,BUNKERWORLD_HISTORICAL
2024-11-27,ARE_FUJ,VLSFO,622.48,BUNKERWORLD_HISTORICAL
2024-11-27,ARE_FUJ,MGO,799.87,BUNKERWORLD_HISTORICAL
2024-11-28,SGP_SIN,VLSFO,636.23,BUNKERWORLD_HISTORICAL
2024-11-28,SGP_SIN,MGO,811.18,BUNKERWORLD_HISTORICAL
2024-11-28,LKA_CMB,VLSFO,652.13,BUNKERWORLD_HISTORICAL
2024-11-28,LKA_CMB,MGO,831.46,BUNKERWORLD_HISTORICAL
2024-11-28,ARE_FUJ,VLSFO,629.87,BUNKERWORLD_HISTORICAL
2024-11-28,ARE_FUJ,MGO,803.07,BUNKERWORLD_HISTORICAL
2024-11-29,SGP_SIN,VLSFO,624.04,BUNKERWORLD_HISTORICAL
2024-11-29,SGP_SIN,MGO,788.95,BUNKERWORLD_HISTORICAL
2024-11-29,LKA_CMB,VLSFO,639.64,BUNKERWORLD_HISTORICAL
2024-11-29,LKA_CMB,MGO,808.68,BUNKERWORLD_HISTORICAL
2024-11-29,ARE_FUJ,VLSFO,617.8,BUNKERWORLD_HISTORICAL
2024-11-29,ARE_FUJ,MGO,781.06,BUNKERWORLD_HISTORICAL
2024-11-30,SGP_SIN,VLSFO,632.7,BUNKERWORLD_HISTORICAL
2024-11-30,SGP_SIN,MGO,790.95,BUNKERWORLD_HISTORICAL
2024-11-30,LKA_CMB,VLSFO,648.52,BUNKERWORLD_HISTORICAL
2024-11-30,LKA_CMB,MGO,810.72,BUNKERWORLD_HISTORICAL
2024-11-30,ARE_FUJ,VLSFO,626.38,BUNKERWORLD_HISTORICAL
2024-11-30,ARE_FUJ,MGO,783.04,BUNKERWORLD_HISTORICAL
2024-12-01,SGP_SIN,VLSFO,629.74,BUNKERWORLD_HISTORICAL
2024-12-01,SGP_SIN,MGO,792.67,BUNKERWORLD_HISTORICAL
2024-12-01,LKA_CMB,VLSFO,645.49,BUNKERWORLD_HISTORICAL
2024-12-01,LKA_CMB,MGO,812.49,BUNKERWORLD_HISTORICAL
2024-12-01,ARE_FUJ,VLSFO,623.45,BUNKERWORLD_HISTORICAL
2024-12-01,ARE_FUJ,MGO,784.74,BUNKERWORLD_HISTORICAL
2024-12-02,SGP_SIN,VLSFO,634.44,BUNKERWORLD_HISTORICAL
2024-12-02,SGP_SIN,MGO,816.64,BUNKERWORLD_HISTORICAL
2024-12-02,LKA_CMB,VLSFO,650.3,BUNKERWORLD_HISTORICAL
2024-12-02,LKA_CMB,MGO,837.06,BUNKERWORLD_HISTORICAL
2024-12-02,ARE_FUJ,VLSFO,628.09,BUNKERWORLD_HISTORICAL
2024-12-02,ARE_FUJ,MGO,808.48,BUNKERWORLD_HISTORICAL
2024-12-03,SGP_SIN,VLSFO,638.94,BUNKERWORLD_HISTORICAL
2024-12-03,SGP_SIN,MGO,822.43,BUNKERWORLD_HISTORICAL
2024-12-03,LKA_CMB,VLSFO,654.91,BUNKERWORLD_HISTORICAL
2024-12-03,LKA_CMB,MGO,843.0,BUNKERWORLD_HISTORICAL
2024-12-03,ARE_FUJ,VLSFO,632.55,BUNKERWORLD_HISTORICAL
2024-12-03,ARE_FUJ,MGO,814.21,BUNKERWORLD_HISTORICAL
2024-12-04,SGP_SIN,VLSFO,640.21,BUNKERWORLD_HISTORICAL
2024-12-04,SGP_SIN,MGO,808.0,BUNKERWORLD_HISTORICAL
2024-12-04,LKA_CMB,VLSFO,656.21,BUNKERWORLD_HISTORICAL
2024-12-04,LKA_CMB,MGO,828.2,BUNKERWORLD_HISTORICAL
2024-12-04,ARE_FUJ,VLSFO,633.81,BUNKERWORLD_HISTORICAL
2024-12-04,ARE_FUJ,MGO,799.92,BUNKERWORLD_HISTORICAL
2024-12-05,SGP_SIN,VLSFO,626.23,BUNKERWORLD_HISTORICAL
2024-12-05,SGP_SIN,MGO,803.44,BUNKERWORLD_HISTORICAL
2024-12-05,LKA_CMB,VLSFO,641.89,BUNKERWORLD_HISTORICAL
2024-12-05,LKA_CMB,MGO,823.53,BUNKERWORLD_HISTORICAL
2024-12-05,ARE_FUJ,VLSFO,619.97,BUNKERWORLD_HISTORICAL
2024-12-05,ARE_FUJ,MGO,795.41,BUNKERWORLD_HISTORICAL
2024-12-06,SGP_SIN,VLSFO,641.56,BUNKERWORLD_HISTORICAL
2024-12-06,SGP_SIN,MGO,821.63,BUNKERWORLD_HISTORICAL
2024-12-06,LKA_CMB,VLSFO,657.6,BUNKERWORLD_HISTORICAL
2024-12-06,LKA_CMB,MGO,842.17,BUNKERWORLD_HISTORICAL
2024-12-06,ARE_FUJ,VLSFO,635.15,BUNKERWORLD_HISTORICAL
2024-12-06,ARE_FUJ,MGO,813.41,BUNKERWORLD_HISTORICAL
2024-12-07,SGP_SIN,VLSFO,624.95,BUNKERWORLD_HISTORICAL
2024-12-07,SGP_SIN,MGO,802.75,BUNKERWORLD_HISTORICAL
2024-12-07,LKA_CMB,VLSFO,640.58,BUNKERWORLD_HISTORICAL
2024-12-07,LKA_CMB,MGO,822.82,BUNKERWORLD_HISTORICAL
2024-12-07,ARE_FUJ,VLSFO,618.7,BUNKERWORLD_HISTORICAL
2024-12-07,ARE_FUJ,MGO,794.73,BUNKERWORLD_HISTORICAL
2024-12-08,SGP_SIN,VLSFO,631.2,BUNKERWORLD_HISTORICAL
2024-12-08,SGP_SIN,MGO,793.84,BUNKERWORLD_HISTORICAL
2024-12-08,LKA_CMB,VLSFO,646.98,BUNKERWORLD_HISTORICAL
2024-12-08,LKA_CMB,MGO,813.69,BUNKERWORLD_HISTORICAL
2024-12-08,ARE_FUJ,VLSFO,624.89,BUNKERWORLD_HISTORICAL
2024-12-08,ARE_FUJ,MGO,785.91,BUNKERWORLD_HISTORICAL
2024-12-09,SGP_SIN,VLSFO,640.37,BUNKERWORLD_HISTORICAL
2024-12-09,SGP_SIN,MGO,815.65,BUNKERWORLD_HISTORICAL
2024-12-09,LKA_CMB,VLSFO,656.38,BUNKERWORLD_HISTORICAL
2024-12-09,LKA_CMB,MGO,836.04,BUNKERWORLD_HISTORICAL
2024-12-09,ARE_FUJ,VLSFO,633.96,BUNKERWORLD_HISTORICAL
2024-12-09,ARE_FUJ,MGO,807.49,BUNKERWORLD_HISTORICAL
2024-12-10,SGP_SIN,VLSFO,636.77,BUNKERWORLD_HISTORICAL
2024-12-10,SGP_SIN,MGO,806.67,BUNKERWORLD_HISTORICAL
2024-12-10,LKA_CMB,VLSFO,652.69,BUNKERWORLD_HISTORICAL
2024-12-10,LKA_CMB,MGO,826.83,BUNKERWORLD_HISTORICAL
2024-12-10,ARE_FUJ,VLSFO,630.4,BUNKERWORLD_HISTORICAL
2024-12-10,ARE_FUJ,MGO,798.6,BUNKERWORLD_HISTORICAL
2024-12-11,SGP_SIN,VLSFO,635.08,BUNKERWORLD_HISTORICAL
2024-12-11,SGP_SIN,MGO,810.15,BUNKERWORLD_HISTORICAL
2024-12-11,LKA_CMB,VLSFO,650.96,BUNKERWORLD_HISTORICAL
2024-12-11,LKA_CMB,MGO,830.4,BUNKERWORLD_HISTORICAL
2024-12-11,ARE_FUJ,VLSFO,628.73,BUNKERWORLD_HISTORICAL
2024-12-11,ARE_FUJ,MGO,802.05,BUNKERWORLD_HISTORICAL
2024-12-12,SGP_SIN,VLSFO,633.08,BUNKERWORLD_HISTORICAL
2024-12-12,SGP_SIN,MGO,832.6,BUNKERWORLD_HISTORICAL
2024-12-12,LKA_CMB,VLSFO,648.9,BUNKERWORLD_HISTORICAL
2024-12-12,LKA_CMB,MGO,853.42,BUNKERWORLD_HISTORICAL
2024-12-12,ARE_FUJ,VLSFO,626.74,BUNKERWORLD_HISTORICAL
2024-12-12,ARE_FUJ,MGO,824.28,BUNKERWORLD_HISTORICAL
2024-12-13,SGP_SIN,VLSFO,635.88,BUNKERWORLD_HISTORICAL
2024-12-13,SGP_SIN,MGO,810.43,BUNKERWORLD_HISTORICAL
2024-12-13,LKA_CMB,VLSFO,651.77,BUNKERWORLD_HISTORICAL
2024-12-13,LKA_CMB,MGO,830.69,BUNKERWORLD_HISTORICAL
2024-12-13,ARE_FUJ,VLSFO,629.52,BUNKERWORLD_HISTORICAL
2024-12-13,ARE_FUJ,MGO,802.32,BUNKERWORLD_HISTORICAL
2024-12-14,SGP_SIN,VLSFO,628.05,BUNKERWORLD_HISTORICAL
2024-12-14,SGP_SIN,MGO,812.7,BUNKERWORLD_HISTORICAL
2024-12-14,LKA_CMB,VLSFO,643.75,BUNKERWORLD_HISTORICAL
2024-12-14,LKA_CMB,MGO,833.02,BUNKERWORLD_HISTORICAL
2024-12-14,ARE_FUJ,VLSFO,621.77,BUNKERWORLD_HISTORICAL
2024-12-14,ARE_FUJ,MGO,804.57,BUNKERWORLD_HISTORICAL
2024-12-15,SGP_SIN,VLSFO,633.05,BUNKERWORLD_HISTORICAL
2024-12-15,SGP_SIN,MGO,809.03,BUNKERWORLD_HISTORICAL
2024-12-15,LKA_CMB,VLSFO,648.87,BUNKERWORLD_HISTORICAL
2024-12-15,LKA_CMB,MGO,829.25,BUNKERWORLD_HISTORICAL
2024-12-15,ARE_FUJ,VLSFO,626.72,BUNKERWORLD_HISTORICAL
2024-12-15,ARE_FUJ,MGO,800.94,BUNKERWORLD_HISTORICAL
2024-12-16,SGP_SIN,VLSFO,629.39,BUNKERWORLD_HISTORICAL
2024-12-16,SGP_SIN,MGO,806.88,BUNKERWORLD_HISTORICAL
2024-12-16,LKA_CMB,VLSFO,645.13,BUNKERWORLD_HISTORICAL
2024-12-16,LKA_CMB,MGO,827.06,BUNKERWORLD_HISTORICAL
2024-12-16,ARE_FUJ,VLSFO,623.1,BUNKERWORLD_HISTORICAL
2024-12-16,ARE_FUJ,MGO,798.81,BUNKERWORLD_HISTORICAL
2024-12-17,SGP_SIN,VLSFO,624.87,BUNKERWORLD_HISTORICAL
2024-12-17,SGP_SIN,MGO,793.81,BUNKERWORLD_HISTORICAL
2024-12-17,LKA_CMB,VLSFO,640.49,BUNKERWORLD_HISTORICAL
2024-12-17,LKA_CMB,MGO,813.66,BUNKERWORLD_HISTORICAL
2024-12-17,ARE_FUJ,VLSFO,618.62,BUNKERWORLD_HISTORICAL
2024-12-17,ARE_FUJ,MGO,785.87,BUNKERWORLD_HISTORICAL
2024-12-18,SGP_SIN,VLSFO,618.01,BUNKERWORLD_HISTORICAL
2024-12-18,SGP_SIN,MGO,800.13,BUNKERWORLD_HISTORICAL
2024-12-18,LKA_CMB,VLSFO,633.46,BUNKERWORLD_HISTORICAL
2024-12-18,LKA_CMB,MGO,820.13,BUNKERWORLD_HISTORICAL
2024-12-18,ARE_FUJ,VLSFO,611.83,BUNKERWORLD_HISTORICAL
2024-12-18,ARE_FUJ,MGO,792.13,BUNKERWORLD_HISTORICAL
2024-12-19,SGP_SIN,VLSFO,627.61,BUNKERWORLD_HISTORICAL
2024-12-19,SGP_SIN,MGO,797.31,BUNKERWORLD_HISTORICAL
2024-12-19,LKA_CMB,VLSFO,643.3,BUNKERWORLD_HISTORICAL
2024-12-19,LKA_CMB,MGO,817.24,BUNKERWORLD_HISTORICAL
2024-12-19,ARE_FUJ,VLSFO,621.33,BUNKERWORLD_HISTORICAL
2024-12-19,ARE_FUJ,MGO,789.33,BUNKERWORLD_HISTORICAL
2024-12-20,SGP_SIN,VLSFO,629.09,BUNKERWORLD_HISTORICAL
2024-12-20,SGP_SIN,MGO,812.99,BUNKERWORLD_HISTORICAL
2024-12-20,LKA_CMB,VLSFO,644.82,BUNKERWORLD_HISTORICAL
2024-12-20,LKA_CMB,MGO,833.31,BUNKERWORLD_HISTORICAL
2024-12-20,ARE_FUJ,VLSFO,622.8,BUNKERWORLD_HISTORICAL
2024-12-20,ARE_FUJ,MGO,804.86,BUNKERWORLD_HISTORICAL
2024-12-21,SGP_SIN,VLSFO,616.26,BUNKERWORLD_HISTORICAL
2024-12-21,SGP_SIN,MGO,787.84,BUNKERWORLD_HISTORICAL
2024-12-21,LKA_CMB,VLSFO,631.67,BUNKERWORLD_HISTORICAL
2024-12-21,LKA_CMB,MGO,807.54,BUNKERWORLD_HISTORICAL
2024-12-21,ARE_FUJ,VLSFO,610.1,BUNKERWORLD_HISTORICAL
2024-12-21,ARE_FUJ,MGO,779.96,BUNKERWORLD_HISTORICAL
2024-12-22,SGP_SIN,VLSFO,617.67,BUNKERWORLD_HISTORICAL
2024-12-22,SGP_SIN,MGO,786.89,BUNKERWORLD_HISTORICAL
2024-12-22,LKA_CMB,VLSFO,633.11,BUNKERWORLD_HISTORICAL
2024-12-22,LKA_CMB,MGO,806.56,BUNKERWORLD_HISTORICAL
2024-12-22,ARE_FUJ,VLSFO,611.49,BUNKERWORLD_HISTORICAL
2024-12-22,ARE_FUJ,MGO,779.02,BUNKERWORLD_HISTORICAL
2024-12-23,SGP_SIN,VLSFO,612.26,BUNKERWORLD_HISTORICAL
2024-12-23,SGP_SIN,MGO,787.28,BUNKERWORLD_HISTORICAL
2024-12-23,LKA_CMB,VLSFO,627.57,BUNKERWORLD_HISTORICAL
2024-12-23,LKA_CMB,MGO,806.96,BUNKERWORLD_HISTORICAL
2024-12-23,ARE_FUJ,VLSFO,606.14,BUNKERWORLD_HISTORICAL
2024-12-23,ARE_FUJ,MGO,779.41,BUNKERWORLD_HISTORICAL
2024-12-24,SGP_SIN,VLSFO,624.44,BUNKERWORLD_HISTORICAL
2024-12-24,SGP_SIN,MGO,799.5,BUNKERWORLD_HISTORICAL
2024-12-24,LKA_CMB,VLSFO,640.05,BUNKERWORLD_HISTORICAL
2024-12-24,LKA_CMB,MGO,819.49,BUNKERWORLD_HISTORICAL
2024-12-24,ARE_FUJ,VLSFO,618.19,BUNKERWORLD_HISTORICAL
2024-12-24,ARE_FUJ,MGO,791.5,BUNKERWORLD_HISTORICAL
2024-12-25,SGP_SIN,VLSFO,609.64,BUNKERWORLD_HISTORICAL
2024-12-25,SGP_SIN,MGO,785.5,BUNKERWORLD_HISTORICAL
2024-12-25,LKA_CMB,VLSFO,624.88,BUNKERWORLD_HISTORICAL
2024-12-25,LKA_CMB,MGO,805.14,BUNKERWORLD_HISTORICAL
2024-12-25,ARE_FUJ,VLSFO,603.54,BUNKERWORLD_HISTORICAL
2024-12-25,ARE_FUJ,MGO,777.64,BUNKERWORLD_HISTORICAL
2024-12-26,SGP_SIN,VLSFO,620.15,BUNKERWORLD_HISTORICAL
2024-12-26,SGP_SIN,MGO,805.66,BUNKERWORLD_HISTORICAL
2024-12-26,LKA_CMB,VLSFO,635.66,BUNKERWORLD_HISTORICAL
2024-12-26,LKA_CMB,MGO,825.8,BUNKERWORLD_HISTORICAL
2024-12-26,ARE_FUJ,VLSFO,613.95,BUNKERWORLD_HISTORICAL
2024-12-26,ARE_FUJ,MGO,797.6,BUNKERWORLD_HISTORICAL
2024-12-27,SGP_SIN,VLSFO,616.14,BUNKERWORLD_HISTORICAL
2024-12-27,SGP_SIN,MGO,772.93,BUNKERWORLD_HISTORICAL
2024-12-27,LKA_CMB,VLSFO,631.54,BUNKERWORLD_HISTORICAL
2024-12-27,LKA_CMB,MGO,792.26,BUNKERWORLD_HISTORICAL
2024-12-27,ARE_FUJ,VLSFO,609.97,BUNKERWORLD_HISTORICAL
2024-12-27,ARE_FUJ,MGO,765.2,BUNKERWORLD_HISTORICAL
2024-12-28,SGP_SIN,VLSFO,623.87,BUNKERWORLD_HISTORICAL
2024-12-28,SGP_SIN,MGO,801.63,BUNKERWORLD_HISTORICAL
2024-12-28,LKA_CMB,VLSFO,639.47,BUNKERWORLD_HISTORICAL
2024-12-28,LKA_CMB,MGO,821.67,BUNKERWORLD_HISTORICAL
2024-12-28,ARE_FUJ,VLSFO,617.63,BUNKERWORLD_HISTORICAL
2024-12-28,ARE_FUJ,MGO,793.61,BUNKERWORLD_HISTORICAL
2024-12-29,SGP_SIN,VLSFO,626.03,BUNKERWORLD_HISTORICAL
2024-12-29,SGP_SIN,MGO,810.86,BUNKERWORLD_HISTORICAL
2024-12-29,LKA_CMB,VLSFO,641.68,BUNKERWORLD_HISTORICAL
2024-12-29,LKA_CMB,MGO,831.14,BUNKERWORLD_HISTORICAL
2024-12-29,ARE_FUJ,VLSFO,619.77,BUNKERWORLD_HISTORICAL
2024-12-29,ARE_FUJ,MGO,802.76,BUNKERWORLD_HISTORICAL
2024-12-30,SGP_SIN,VLSFO,626.97,BUNKERWORLD_HISTORICAL
2024-12-30,SGP_SIN,MGO,793.89,BUNKERWORLD_HISTORICAL
2024-12-30,LKA_CMB,VLSFO,642.65,BUNKERWORLD_HISTORICAL
2024-12-30,LKA_CMB,MGO,813.74,BUNKERWORLD_HISTORICAL
2024-12-30,ARE_FUJ,VLSFO,620.7,BUNKERWORLD_HISTORICAL
2024-12-30,ARE_FUJ,MGO,785.96,BUNKERWORLD_HISTORICAL
2024-12-31,SGP_SIN,VLSFO,634.36,BUNKERWORLD_HISTORICAL
2024-12-31,SGP_SIN,MGO,795.36,BUNKERWORLD_HISTORICAL
2024-12-31,LKA_CMB,VLSFO,650.22,BUNKERWORLD_HISTORICAL
2024-12-31,LKA_CMB,MGO,815.25,BUNKERWORLD_HISTORICAL
2024-12-31,ARE_FUJ,VLSFO,628.02,BUNKERWORLD_HISTORICAL
2024-12-31,ARE_FUJ,MGO,787.41,BUNKERWORLD_HISTORICAL
