date,indicator_name,value,unit,source
2019-01-01,USD_INR,83.1,INR,RBI_REFERENCE
2019-01-01,INDIA_MANUFACTURING_PMI,57.2,index_points,S_AND_P_GLOBAL
2019-01-02,USD_INR,83.004,INR,RBI_REFERENCE
2019-01-02,INDIA_MANUFACTURING_PMI,57.2,index_points,S_AND_P_GLOBAL
2019-01-03,USD_INR,83.008,INR,RBI_REFERENCE
2019-01-03,INDIA_MANUFACTURING_PMI,57.2,index_points,S_AND_P_GLOBAL
2019-01-04,USD_INR,83.087,INR,RBI_REFERENCE
2019-01-04,INDIA_MANUFACTURING_PMI,57.2,index_points,S_AND_P_GLOBAL
2019-01-05,USD_INR,83.093,INR,RBI_REFERENCE
2019-01-05,INDIA_MANUFACTURING_PMI,57.2,index_points,S_AND_P_GLOBAL
2019-01-06,USD_INR,83.125,INR,RBI_REFERENCE
2019-01-06,INDIA_MANUFACTURING_PMI,57.2,index_points,S_AND_P_GLOBAL
2019-01-07,USD_INR,83.096,INR,RBI_REFERENCE
2019-01-07,INDIA_MANUFACTURING_PMI,57.2,index_points,S_AND_P_GLOBAL
2019-01-08,USD_INR,83.021,INR,RBI_REFERENCE
2019-01-08,INDIA_MANUFACTURING_PMI,57.2,index_points,S_AND_P_GLOBAL
2019-01-09,USD_INR,82.988,INR,RBI_REFERENCE
2019-01-09,INDIA_MANUFACTURING_PMI,57.2,index_points,S_AND_P_GLOBAL
2019-01-10,USD_INR,82.948,INR,RBI_REFERENCE
2019-01-10,INDIA_MANUFACTURING_PMI,57.2,index_points,S_AND_P_GLOBAL
2019-01-11,USD_INR,82.987,INR,RBI_REFERENCE
2019-01-11,INDIA_MANUFACTURING_PMI,57.2,index_points,S_AND_P_GLOBAL
2019-01-12,USD_INR,82.985,INR,RBI_REFERENCE
2019-01-12,INDIA_MANUFACTURING_PMI,57.2,index_points,S_AND_P_GLOBAL
2019-01-13,USD_INR,82.991,INR,RBI_REFERENCE
2019-01-13,INDIA_MANUFACTURING_PMI,57.2,index_points,S_AND_P_GLOBAL
2019-01-14,USD_INR,83.04,INR,RBI_REFERENCE
2019-01-14,INDIA_MANUFACTURING_PMI,57.2,index_points,S_AND_P_GLOBAL
2019-01-15,USD_INR,82.971,INR,RBI_REFERENCE
2019-01-15,INDIA_MANUFACTURING_PMI,57.2,index_points,S_AND_P_GLOBAL
2019-01-16,USD_INR,82.978,INR,RBI_REFERENCE
2019-01-16,INDIA_MANUFACTURING_PMI,57.2,index_points,S_AND_P_GLOBAL
2019-01-17,USD_INR,82.971,INR,RBI_REFERENCE
2019-01-17,INDIA_MANUFACTURING_PMI,57.2,index_points,S_AND_P_GLOBAL
2019-01-18,USD_INR,82.982,INR,RBI_REFERENCE
2019-01-18,INDIA_MANUFACTURING_PMI,57.2,index_points,S_AND_P_GLOBAL
2019-01-19,USD_INR,83.092,INR,RBI_REFERENCE
2019-01-19,INDIA_MANUFACTURING_PMI,57.2,index_points,S_AND_P_GLOBAL
2019-01-20,USD_INR,83.1,INR,RBI_REFERENCE
2019-01-20,INDIA_MANUFACTURING_PMI,57.2,index_points,S_AND_P_GLOBAL
2019-01-21,USD_INR,83.133,INR,RBI_REFERENCE
2019-01-21,INDIA_MANUFACTURING_PMI,57.2,index_points,S_AND_P_GLOBAL
2019-01-22,USD_INR,83.107,INR,RBI_REFERENCE
2019-01-22,INDIA_MANUFACTURING_PMI,57.2,index_points,S_AND_P_GLOBAL
2019-01-23,USD_INR,83.109,INR,RBI_REFERENCE
2019-01-23,INDIA_MANUFACTURING_PMI,57.2,index_points,S_AND_P_GLOBAL
2019-01-24,USD_INR,83.127,INR,RBI_REFERENCE
2019-01-24,INDIA_MANUFACTURING_PMI,57.2,index_points,S_AND_P_GLOBAL
2019-01-25,USD_INR,83.161,INR,RBI_REFERENCE
2019-01-25,INDIA_MANUFACTURING_PMI,57.2,index_points,S_AND_P_GLOBAL
2019-01-26,USD_INR,83.198,INR,RBI_REFERENCE
2019-01-26,INDIA_MANUFACTURING_PMI,57.2,index_points,S_AND_P_GLOBAL
2019-01-27,USD_INR,83.256,INR,RBI_REFERENCE
2019-01-27,INDIA_MANUFACTURING_PMI,57.2,index_points,S_AND_P_GLOBAL
2019-01-28,USD_INR,83.288,INR,RBI_REFERENCE
2019-01-28,INDIA_MANUFACTURING_PMI,57.2,index_points,S_AND_P_GLOBAL
2019-01-29,USD_INR,83.285,INR,RBI_REFERENCE
2019-01-29,INDIA_MANUFACTURING_PMI,57.2,index_points,S_AND_P_GLOBAL
2019-01-30,USD_INR,83.296,INR,RBI_REFERENCE
2019-01-30,INDIA_MANUFACTURING_PMI,57.2,index_points,S_AND_P_GLOBAL
2019-01-31,USD_INR,83.393,INR,RBI_REFERENCE
2019-01-31,INDIA_MANUFACTURING_PMI,57.2,index_points,S_AND_P_GLOBAL
2019-02-01,USD_INR,83.399,INR,RBI_REFERENCE
2019-02-01,INDIA_MANUFACTURING_PMI,57.2,index_points,S_AND_P_GLOBAL
2019-02-02,USD_INR,83.414,INR,RBI_REFERENCE
2019-02-02,INDIA_MANUFACTURING_PMI,57.2,index_points,S_AND_P_GLOBAL
2019-02-03,USD_INR,83.395,INR,RBI_REFERENCE
2019-02-03,INDIA_MANUFACTURING_PMI,57.2,index_points,S_AND_P_GLOBAL
2019-02-04,USD_INR,83.361,INR,RBI_REFERENCE
2019-02-04,INDIA_MANUFACTURING_PMI,57.2,index_points,S_AND_P_GLOBAL
2019-02-05,USD_INR,83.391,INR,RBI_REFERENCE
2019-02-05,INDIA_MANUFACTURING_PMI,57.2,index_points,S_AND_P_GLOBAL
2019-02-06,USD_INR,83.425,INR,RBI_REFERENCE
2019-02-06,INDIA_MANUFACTURING_PMI,57.2,index_points,S_AND_P_GLOBAL
2019-02-07,USD_INR,83.465,INR,RBI_REFERENCE
2019-02-07,INDIA_MANUFACTURING_PMI,57.2,index_points,S_AND_P_GLOBAL
2019-02-08,USD_INR,83.49,INR,RBI_REFERENCE
2019-02-08,INDIA_MANUFACTURING_PMI,57.2,index_points,S_AND_P_GLOBAL
2019-02-09,USD_INR,83.565,INR,RBI_REFERENCE
2019-02-09,INDIA_MANUFACTURING_PMI,57.2,index_points,S_AND_P_GLOBAL
2019-02-10,USD_INR,83.481,INR,RBI_REFERENCE
2019-02-10,INDIA_MANUFACTURING_PMI,57.2,index_points,S_AND_P_GLOBAL
2019-02-11,USD_INR,83.467,INR,RBI_REFERENCE
2019-02-11,INDIA_MANUFACTURING_PMI,57.2,index_points,S_AND_P_GLOBAL
2019-02-12,USD_INR,83.494,INR,RBI_REFERENCE
2019-02-12,INDIA_MANUFACTURING_PMI,57.2,index_points,S_AND_P_GLOBAL
2019-02-13,USD_INR,83.464,INR,RBI_REFERENCE
2019-02-13,INDIA_MANUFACTURING_PMI,57.2,index_points,S_AND_P_GLOBAL
2019-02-14,USD_INR,83.51,INR,RBI_REFERENCE
2019-02-14,INDIA_MANUFACTURING_PMI,57.2,index_points,S_AND_P_GLOBAL
2019-02-15,USD_INR,83.373,INR,RBI_REFERENCE
2019-02-15,INDIA_MANUFACTURING_PMI,57.2,index_points,S_AND_P_GLOBAL
2019-02-16,USD_INR,83.412,INR,RBI_REFERENCE
2019-02-16,INDIA_MANUFACTURING_PMI,57.2,index_points,S_AND_P_GLOBAL
2019-02-17,USD_INR,83.376,INR,RBI_REFERENCE
2019-02-17,INDIA_MANUFACTURING_PMI,57.2,index_points,S_AND_P_GLOBAL
2019-02-18,USD_INR,83.334,INR,RBI_REFERENCE
2019-02-18,INDIA_MANUFACTURING_PMI,57.2,index_points,S_AND_P_GLOBAL
2019-02-19,USD_INR,83.25,INR,RBI_REFERENCE
2019-02-19,INDIA_MANUFACTURING_PMI,57.2,index_points,S_AND_P_GLOBAL
2019-02-20,USD_INR,83.235,INR,RBI_REFERENCE
2019-02-20,INDIA_MANUFACTURING_PMI,57.2,index_points,S_AND_P_GLOBAL
2019-02-21,USD_INR,83.277,INR,RBI_REFERENCE
2019-02-21,INDIA_MANUFACTURING_PMI,57.2,index_points,S_AND_P_GLOBAL
2019-02-22,USD_INR,83.31,INR,RBI_REFERENCE
2019-02-22,INDIA_MANUFACTURING_PMI,57.2,index_points,S_AND_P_GLOBAL
2019-02-23,USD_INR,83.315,INR,RBI_REFERENCE
2019-02-23,INDIA_MANUFACTURING_PMI,57.2,index_points,S_AND_P_GLOBAL
2019-02-24,USD_INR,83.28,INR,RBI_REFERENCE
2019-02-24,INDIA_MANUFACTURING_PMI,57.2,index_points,S_AND_P_GLOBAL
2019-02-25,USD_INR,83.272,INR,RBI_REFERENCE
2019-02-25,INDIA_MANUFACTURING_PMI,57.2,index_points,S_AND_P_GLOBAL
2019-02-26,USD_INR,83.293,INR,RBI_REFERENCE
2019-02-26,INDIA_MANUFACTURING_PMI,57.2,index_points,S_AND_P_GLOBAL
2019-02-27,USD_INR,83.312,INR,RBI_REFERENCE
2019-02-27,INDIA_MANUFACTURING_PMI,57.2,index_points,S_AND_P_GLOBAL
2019-02-28,USD_INR,83.332,INR,RBI_REFERENCE
2019-02-28,INDIA_MANUFACTURING_PMI,57.2,index_points,S_AND_P_GLOBAL
2019-03-01,USD_INR,83.3,INR,RBI_REFERENCE
2019-03-01,INDIA_MANUFACTURING_PMI,57.2,index_points,S_AND_P_GLOBAL
2019-03-02,USD_INR,83.283,INR,RBI_REFERENCE
2019-03-02,INDIA_MANUFACTURING_PMI,57.2,index_points,S_AND_P_GLOBAL
2019-03-03,USD_INR,83.248,INR,RBI_REFERENCE
2019-03-03,INDIA_MANUFACTURING_PMI,57.2,index_points,S_AND_P_GLOBAL
2019-03-04,USD_INR,83.267,INR,RBI_REFERENCE
2019-03-04,INDIA_MANUFACTURING_PMI,57.2,index_points,S_AND_P_GLOBAL
2019-03-05,USD_INR,83.206,INR,RBI_REFERENCE
2019-03-05,INDIA_MANUFACTURING_PMI,57.2,index_points,S_AND_P_GLOBAL
2019-03-06,USD_INR,83.272,INR,RBI_REFERENCE
2019-03-06,INDIA_MANUFACTURING_PMI,57.2,index_points,S_AND_P_GLOBAL
2019-03-07,USD_INR,83.24,INR,RBI_REFERENCE
2019-03-07,INDIA_MANUFACTURING_PMI,57.2,index_points,S_AND_P_GLOBAL
2019-03-08,USD_INR,83.211,INR,RBI_REFERENCE
2019-03-08,INDIA_MANUFACTURING_PMI,57.2,index_points,S_AND_P_GLOBAL
2019-03-09,USD_INR,83.229,INR,RBI_REFERENCE
2019-03-09,INDIA_MANUFACTURING_PMI,57.2,index_points,S_AND_P_GLOBAL
2019-03-10,USD_INR,83.265,INR,RBI_REFERENCE
2019-03-10,INDIA_MANUFACTURING_PMI,57.2,index_points,S_AND_P_GLOBAL
2019-03-11,USD_INR,83.311,INR,RBI_REFERENCE
2019-03-11,INDIA_MANUFACTURING_PMI,57.2,index_points,S_AND_P_GLOBAL
2019-03-12,USD_INR,83.338,INR,RBI_REFERENCE
2019-03-12,INDIA_MANUFACTURING_PMI,57.2,index_points,S_AND_P_GLOBAL
2019-03-13,USD_INR,83.326,INR,RBI_REFERENCE
2019-03-13,INDIA_MANUFACTURING_PMI,57.2,index_points,S_AND_P_GLOBAL
2019-03-14,USD_INR,83.362,INR,RBI_REFERENCE
2019-03-14,INDIA_MANUFACTURING_PMI,57.2,index_points,S_AND_P_GLOBAL
2019-03-15,USD_INR,83.327,INR,RBI_REFERENCE
2019-03-15,INDIA_MANUFACTURING_PMI,57.2,index_points,S_AND_P_GLOBAL
2019-03-16,USD_INR,83.262,INR,RBI_REFERENCE
2019-03-16,INDIA_MANUFACTURING_PMI,57.2,index_points,S_AND_P_GLOBAL
2019-03-17,USD_INR,83.279,INR,RBI_REFERENCE
2019-03-17,INDIA_MANUFACTURING_PMI,57.2,index_points,S_AND_P_GLOBAL
2019-03-18,USD_INR,83.273,INR,RBI_REFERENCE
2019-03-18,INDIA_MANUFACTURING_PMI,57.2,index_points,S_AND_P_GLOBAL
2019-03-19,USD_INR,83.244,INR,RBI_REFERENCE
2019-03-19,INDIA_MANUFACTURING_PMI,57.2,index_points,S_AND_P_GLOBAL
2019-03-20,USD_INR,83.24,INR,RBI_REFERENCE
2019-03-20,INDIA_MANUFACTURING_PMI,57.2,index_points,S_AND_P_GLOBAL
2019-03-21,USD_INR,83.255,INR,RBI_REFERENCE
2019-03-21,INDIA_MANUFACTURING_PMI,57.2,index_points,S_AND_P_GLOBAL
2019-03-22,USD_INR,83.266,INR,RBI_REFERENCE
2019-03-22,INDIA_MANUFACTURING_PMI,57.2,index_points,S_AND_P_GLOBAL
2019-03-23,USD_INR,83.246,INR,RBI_REFERENCE
2019-03-23,INDIA_MANUFACTURING_PMI,57.2,index_points,S_AND_P_GLOBAL
2019-03-24,USD_INR,83.24,INR,RBI_REFERENCE
2019-03-24,INDIA_MANUFACTURING_PMI,57.2,index_points,S_AND_P_GLOBAL
2019-03-25,USD_INR,83.291,INR,RBI_REFERENCE
2019-03-25,INDIA_MANUFACTURING_PMI,57.2,index_points,S_AND_P_GLOBAL
2019-03-26,USD_INR,83.291,INR,RBI_REFERENCE
2019-03-26,INDIA_MANUFACTURING_PMI,57.2,index_points,S_AND_P_GLOBAL
2019-03-27,USD_INR,83.3,INR,RBI_REFERENCE
2019-03-27,INDIA_MANUFACTURING_PMI,57.2,index_points,S_AND_P_GLOBAL
2019-03-28,USD_INR,83.274,INR,RBI_REFERENCE
2019-03-28,INDIA_MANUFACTURING_PMI,57.2,index_points,S_AND_P_GLOBAL
2019-03-29,USD_INR,83.282,INR,RBI_REFERENCE
2019-03-29,INDIA_MANUFACTURING_PMI,57.2,index_points,S_AND_P_GLOBAL
2019-03-30,USD_INR,83.25,INR,RBI_REFERENCE
2019-03-30,INDIA_MANUFACTURING_PMI,57.2,index_points,S_AND_P_GLOBAL
2019-03-31,USD_INR,83.254,INR,RBI_REFERENCE
2019-03-31,INDIA_MANUFACTURING_PMI,57.2,index_points,S_AND_P_GLOBAL
2019-04-01,USD_INR,83.293,INR,RBI_REFERENCE
2019-04-01,INDIA_MANUFACTURING_PMI,57.2,index_points,S_AND_P_GLOBAL
2019-04-02,USD_INR,83.21,INR,RBI_REFERENCE
2019-04-02,INDIA_MANUFACTURING_PMI,57.2,index_points,S_AND_P_GLOBAL
2019-04-03,USD_INR,83.266,INR,RBI_REFERENCE
2019-04-03,INDIA_MANUFACTURING_PMI,57.2,index_points,S_AND_P_GLOBAL
2019-04-04,USD_INR,83.322,INR,RBI_REFERENCE
2019-04-04,INDIA_MANUFACTURING_PMI,57.2,index_points,S_AND_P_GLOBAL
2019-04-05,USD_INR,83.337,INR,RBI_REFERENCE
2019-04-05,INDIA_MANUFACTURING_PMI,57.2,index_points,S_AND_P_GLOBAL
2019-04-06,USD_INR,83.319,INR,RBI_REFERENCE
2019-04-06,INDIA_MANUFACTURING_PMI,57.2,index_points,S_AND_P_GLOBAL
2019-04-07,USD_INR,83.334,INR,RBI_REFERENCE
2019-04-07,INDIA_MANUFACTURING_PMI,57.2,index_points,S_AND_P_GLOBAL
2019-04-08,USD_INR,83.299,INR,RBI_REFERENCE
2019-04-08,INDIA_MANUFACTURING_PMI,57.2,index_points,S_AND_P_GLOBAL
2019-04-09,USD_INR,83.326,INR,RBI_REFERENCE
2019-04-09,INDIA_MANUFACTURING_PMI,57.2,index_points,S_AND_P_GLOBAL
2019-04-10,USD_INR,83.226,INR,RBI_REFERENCE
2019-04-10,INDIA_MANUFACTURING_PMI,57.2,index_points,S_AND_P_GLOBAL
2019-04-11,USD_INR,83.18,INR,RBI_REFERENCE
2019-04-11,INDIA_MANUFACTURING_PMI,57.2,index_points,S_AND_P_GLOBAL
2019-04-12,USD_INR,83.166,INR,RBI_REFERENCE
2019-04-12,INDIA_MANUFACTURING_PMI,57.2,index_points,S_AND_P_GLOBAL
2019-04-13,USD_INR,83.189,INR,RBI_REFERENCE
2019-04-13,INDIA_MANUFACTURING_PMI,57.2,index_points,S_AND_P_GLOBAL
2019-04-14,USD_INR,83.221,INR,RBI_REFERENCE
2019-04-14,INDIA_MANUFACTURING_PMI,57.2,index_points,S_AND_P_GLOBAL
2019-04-15,USD_INR,83.236,INR,RBI_REFERENCE
2019-04-15,INDIA_MANUFACTURING_PMI,57.2,index_points,S_AND_P_GLOBAL
2019-04-16,USD_INR,83.24,INR,RBI_REFERENCE
2019-04-16,INDIA_MANUFACTURING_PMI,57.2,index_points,S_AND_P_GLOBAL
2019-04-17,USD_INR,83.208,INR,RBI_REFERENCE
2019-04-17,INDIA_MANUFACTURING_PMI,57.2,index_points,S_AND_P_GLOBAL
2019-04-18,USD_INR,83.181,INR,RBI_REFERENCE
2019-04-18,INDIA_MANUFACTURING_PMI,57.2,index_points,S_AND_P_GLOBAL
2019-04-19,USD_INR,83.219,INR,RBI_REFERENCE
2019-04-19,INDIA_MANUFACTURING_PMI,57.2,index_points,S_AND_P_GLOBAL
2019-04-20,USD_INR,83.224,INR,RBI_REFERENCE
2019-04-20,INDIA_MANUFACTURING_PMI,57.2,index_points,S_AND_P_GLOBAL
2019-04-21,USD_INR,83.211,INR,RBI_REFERENCE
2019-04-21,INDIA_MANUFACTURING_PMI,57.2,index_points,S_AND_P_GLOBAL
2019-04-22,USD_INR,83.245,INR,RBI_REFERENCE
2019-04-22,INDIA_MANUFACTURING_PMI,57.2,index_points,S_AND_P_GLOBAL
2019-04-23,USD_INR,83.304,INR,RBI_REFERENCE
2019-04-23,INDIA_MANUFACTURING_PMI,57.2,index_points,S_AND_P_GLOBAL
2019-04-24,USD_INR,83.326,INR,RBI_REFERENCE
2019-04-24,INDIA_MANUFACTURING_PMI,57.2,index_points,S_AND_P_GLOBAL
2019-04-25,USD_INR,83.287,INR,RBI_REFERENCE
2019-04-25,INDIA_MANUFACTURING_PMI,57.2,index_points,S_AND_P_GLOBAL
2019-04-26,USD_INR,83.326,INR,RBI_REFERENCE
2019-04-26,INDIA_MANUFACTURING_PMI,57.2,index_points,S_AND_P_GLOBAL
2019-04-27,USD_INR,83.273,INR,RBI_REFERENCE
2019-04-27,INDIA_MANUFACTURING_PMI,57.2,index_points,S_AND_P_GLOBAL
2019-04-28,USD_INR,83.241,INR,RBI_REFERENCE
2019-04-28,INDIA_MANUFACTURING_PMI,57.2,index_points,S_AND_P_GLOBAL
2019-04-29,USD_INR,83.254,INR,RBI_REFERENCE
2019-04-29,INDIA_MANUFACTURING_PMI,57.2,index_points,S_AND_P_GLOBAL
2019-04-30,USD_INR,83.27,INR,RBI_REFERENCE
2019-04-30,INDIA_MANUFACTURING_PMI,57.2,index_points,S_AND_P_GLOBAL
2019-05-01,USD_INR,83.326,INR,RBI_REFERENCE
2019-05-01,INDIA_MANUFACTURING_PMI,57.2,index_points,S_AND_P_GLOBAL
2019-05-02,USD_INR,83.31,INR,RBI_REFERENCE
2019-05-02,INDIA_MANUFACTURING_PMI,57.2,index_points,S_AND_P_GLOBAL
2019-05-03,USD_INR,83.296,INR,RBI_REFERENCE
2019-05-03,INDIA_MANUFACTURING_PMI,57.2,index_points,S_AND_P_GLOBAL
2019-05-04,USD_INR,83.293,INR,RBI_REFERENCE
2019-05-04,INDIA_MANUFACTURING_PMI,57.2,index_points,S_AND_P_GLOBAL
2019-05-05,USD_INR,83.323,INR,RBI_REFERENCE
2019-05-05,INDIA_MANUFACTURING_PMI,57.2,index_points,S_AND_P_GLOBAL
2019-05-06,USD_INR,83.298,INR,RBI_REFERENCE
2019-05-06,INDIA_MANUFACTURING_PMI,57.2,index_points,S_AND_P_GLOBAL
2019-05-07,USD_INR,83.278,INR,RBI_REFERENCE
2019-05-07,INDIA_MANUFACTURING_PMI,57.2,index_points,S_AND_P_GLOBAL
2019-05-08,USD_INR,83.296,INR,RBI_REFERENCE
2019-05-08,INDIA_MANUFACTURING_PMI,57.2,index_points,S_AND_P_GLOBAL
2019-05-09,USD_INR,83.227,INR,RBI_REFERENCE
2019-05-09,INDIA_MANUFACTURING_PMI,57.2,index_points,S_AND_P_GLOBAL
2019-05-10,USD_INR,83.265,INR,RBI_REFERENCE
2019-05-10,INDIA_MANUFACTURING_PMI,57.2,index_points,S_AND_P_GLOBAL
2019-05-11,USD_INR,83.294,INR,RBI_REFERENCE
2019-05-11,INDIA_MANUFACTURING_PMI,57.2,index_points,S_AND_P_GLOBAL
2019-05-12,USD_INR,83.282,INR,RBI_REFERENCE
2019-05-12,INDIA_MANUFACTURING_PMI,57.2,index_points,S_AND_P_GLOBAL
2019-05-13,USD_INR,83.329,INR,RBI_REFERENCE
2019-05-13,INDIA_MANUFACTURING_PMI,57.2,index_points,S_AND_P_GLOBAL
2019-05-14,USD_INR,83.277,INR,RBI_REFERENCE
2019-05-14,INDIA_MANUFACTURING_PMI,57.2,index_points,S_AND_P_GLOBAL
2019-05-15,USD_INR,83.28,INR,RBI_REFERENCE
2019-05-15,INDIA_MANUFACTURING_PMI,57.2,index_points,S_AND_P_GLOBAL
2019-05-16,USD_INR,83.247,INR,RBI_REFERENCE
2019-05-16,INDIA_MANUFACTURING_PMI,57.2,index_points,S_AND_P_GLOBAL
2019-05-17,USD_INR,83.219,INR,RBI_REFERENCE
2019-05-17,INDIA_MANUFACTURING_PMI,57.2,index_points,S_AND_P_GLOBAL
2019-05-18,USD_INR,83.272,INR,RBI_REFERENCE
2019-05-18,INDIA_MANUFACTURING_PMI,57.2,index_points,S_AND_P_GLOBAL
2019-05-19,USD_INR,83.273,INR,RBI_REFERENCE
2019-05-19,INDIA_MANUFACTURING_PMI,57.2,index_points,S_AND_P_GLOBAL
2019-05-20,USD_INR,83.295,INR,RBI_REFERENCE
2019-05-20,INDIA_MANUFACTURING_PMI,57.2,index_points,S_AND_P_GLOBAL
2019-05-21,USD_INR,83.275,INR,RBI_REFERENCE
2019-05-21,INDIA_MANUFACTURING_PMI,57.2,index_points,S_AND_P_GLOBAL
2019-05-22,USD_INR,83.267,INR,RBI_REFERENCE
2019-05-22,INDIA_MANUFACTURING_PMI,57.2,index_points,S_AND_P_GLOBAL
2019-05-23,USD_INR,83.228,INR,RBI_REFERENCE
2019-05-23,INDIA_MANUFACTURING_PMI,57.2,index_points,S_AND_P_GLOBAL
2019-05-24,USD_INR,83.289,INR,RBI_REFERENCE
2019-05-24,INDIA_MANUFACTURING_PMI,57.2,index_points,S_AND_P_GLOBAL
2019-05-25,USD_INR,83.318,INR,RBI_REFERENCE
2019-05-25,INDIA_MANUFACTURING_PMI,57.2,index_points,S_AND_P_GLOBAL
2019-05-26,USD_INR,83.346,INR,RBI_REFERENCE
2019-05-26,INDIA_MANUFACTURING_PMI,57.2,index_points,S_AND_P_GLOBAL
2019-05-27,USD_INR,83.333,INR,RBI_REFERENCE
2019-05-27,INDIA_MANUFACTURING_PMI,57.2,index_points,S_AND_P_GLOBAL
2019-05-28,USD_INR,83.406,INR,RBI_REFERENCE
2019-05-28,INDIA_MANUFACTURING_PMI,57.2,index_points,S_AND_P_GLOBAL
2019-05-29,USD_INR,83.343,INR,RBI_REFERENCE
2019-05-29,INDIA_MANUFACTURING_PMI,57.2,index_points,S_AND_P_GLOBAL
2019-05-30,USD_INR,83.357,INR,RBI_REFERENCE
2019-05-30,INDIA_MANUFACTURING_PMI,57.2,index_points,S_AND_P_GLOBAL
2019-05-31,USD_INR,83.35,INR,RBI_REFERENCE
2019-05-31,INDIA_MANUFACTURING_PMI,57.2,index_points,S_AND_P_GLOBAL
2019-06-01,USD_INR,83.35,INR,RBI_REFERENCE
2019-06-01,INDIA_MANUFACTURING_PMI,57.2,index_points,S_AND_P_GLOBAL
2019-06-02,USD_INR,83.345,INR,RBI_REFERENCE
2019-06-02,INDIA_MANUFACTURING_PMI,57.2,index_points,S_AND_P_GLOBAL
2019-06-03,USD_INR,83.283,INR,RBI_REFERENCE
2019-06-03,INDIA_MANUFACTURING_PMI,57.2,index_points,S_AND_P_GLOBAL
2019-06-04,USD_INR,83.253,INR,RBI_REFERENCE
2019-06-04,INDIA_MANUFACTURING_PMI,57.2,index_points,S_AND_P_GLOBAL
2019-06-05,USD_INR,83.323,INR,RBI_REFERENCE
2019-06-05,INDIA_MANUFACTURING_PMI,57.2,index_points,S_AND_P_GLOBAL
2019-06-06,USD_INR,83.289,INR,RBI_REFERENCE
2019-06-06,INDIA_MANUFACTURING_PMI,57.2,index_points,S_AND_P_GLOBAL
2019-06-07,USD_INR,83.302,INR,RBI_REFERENCE
2019-06-07,INDIA_MANUFACTURING_PMI,57.2,index_points,S_AND_P_GLOBAL
2019-06-08,USD_INR,83.277,INR,RBI_REFERENCE
2019-06-08,INDIA_MANUFACTURING_PMI,57.2,index_points,S_AND_P_GLOBAL
2019-06-09,USD_INR,83.271,INR,RBI_REFERENCE
2019-06-09,INDIA_MANUFACTURING_PMI,57.2,index_points,S_AND_P_GLOBAL
2019-06-10,USD_INR,83.267,INR,RBI_REFERENCE
2019-06-10,INDIA_MANUFACTURING_PMI,57.2,index_points,S_AND_P_GLOBAL
2019-06-11,USD_INR,83.211,INR,RBI_REFERENCE
2019-06-11,INDIA_MANUFACTURING_PMI,57.2,index_points,S_AND_P_GLOBAL
2019-06-12,USD_INR,83.259,INR,RBI_REFERENCE
2019-06-12,INDIA_MANUFACTURING_PMI,57.2,index_points,S_AND_P_GLOBAL
2019-06-13,USD_INR,83.338,INR,RBI_REFERENCE
2019-06-13,INDIA_MANUFACTURING_PMI,57.2,index_points,S_AND_P_GLOBAL
2019-06-14,USD_INR,83.374,INR,RBI_REFERENCE
2019-06-14,INDIA_MANUFACTURING_PMI,57.2,index_points,S_AND_P_GLOBAL
2019-06-15,USD_INR,83.333,INR,RBI_REFERENCE
2019-06-15,INDIA_MANUFACTURING_PMI,57.2,index_points,S_AND_P_GLOBAL
2019-06-16,USD_INR,83.404,INR,RBI_REFERENCE
2019-06-16,INDIA_MANUFACTURING_PMI,57.2,index_points,S_AND_P_GLOBAL
2019-06-17,USD_INR,83.485,INR,RBI_REFERENCE
2019-06-17,INDIA_MANUFACTURING_PMI,57.2,index_points,S_AND_P_GLOBAL
2019-06-18,USD_INR,83.471,INR,RBI_REFERENCE
2019-06-18,INDIA_MANUFACTURING_PMI,57.2,index_points,S_AND_P_GLOBAL
2019-06-19,USD_INR,83.495,INR,RBI_REFERENCE
2019-06-19,INDIA_MANUFACTURING_PMI,57.2,index_points,S_AND_P_GLOBAL
2019-06-20,USD_INR,83.553,INR,RBI_REFERENCE
2019-06-20,INDIA_MANUFACTURING_PMI,57.2,index_points,S_AND_P_GLOBAL
2019-06-21,USD_INR,83.598,INR,RBI_REFERENCE
2019-06-21,INDIA_MANUFACTURING_PMI,57.2,index_points,S_AND_P_GLOBAL
2019-06-22,USD_INR,83.602,INR,RBI_REFERENCE
2019-06-22,INDIA_MANUFACTURING_PMI,57.2,index_points,S_AND_P_GLOBAL
2019-06-23,USD_INR,83.625,INR,RBI_REFERENCE
2019-06-23,INDIA_MANUFACTURING_PMI,57.2,index_points,S_AND_P_GLOBAL
2019-06-24,USD_INR,83.598,INR,RBI_REFERENCE
2019-06-24,INDIA_MANUFACTURING_PMI,57.2,index_points,S_AND_P_GLOBAL
2019-06-25,USD_INR,83.576,INR,RBI_REFERENCE
2019-06-25,INDIA_MANUFACTURING_PMI,57.2,index_points,S_AND_P_GLOBAL
2019-06-26,USD_INR,83.593,INR,RBI_REFERENCE
2019-06-26,INDIA_MANUFACTURING_PMI,57.2,index_points,S_AND_P_GLOBAL
2019-06-27,USD_INR,83.576,INR,RBI_REFERENCE
2019-06-27,INDIA_MANUFACTURING_PMI,57.2,index_points,S_AND_P_GLOBAL
2019-06-28,USD_INR,83.654,INR,RBI_REFERENCE
2019-06-28,INDIA_MANUFACTURING_PMI,57.2,index_points,S_AND_P_GLOBAL
2019-06-29,USD_INR,83.638,INR,RBI_REFERENCE
2019-06-29,INDIA_MANUFACTURING_PMI,57.2,index_points,S_AND_P_GLOBAL
2019-06-30,USD_INR,83.623,INR,RBI_REFERENCE
2019-06-30,INDIA_MANUFACTURING_PMI,57.2,index_points,S_AND_P_GLOBAL
2019-07-01,USD_INR,83.602,INR,RBI_REFERENCE
2019-07-01,INDIA_MANUFACTURING_PMI,57.2,index_points,S_AND_P_GLOBAL
2019-07-02,USD_INR,83.566,INR,RBI_REFERENCE
2019-07-02,INDIA_MANUFACTURING_PMI,57.2,index_points,S_AND_P_GLOBAL
2019-07-03,USD_INR,83.596,INR,RBI_REFERENCE
2019-07-03,INDIA_MANUFACTURING_PMI,57.2,index_points,S_AND_P_GLOBAL
2019-07-04,USD_INR,83.544,INR,RBI_REFERENCE
2019-07-04,INDIA_MANUFACTURING_PMI,57.2,index_points,S_AND_P_GLOBAL
2019-07-05,USD_INR,83.484,INR,RBI_REFERENCE
2019-07-05,INDIA_MANUFACTURING_PMI,57.2,index_points,S_AND_P_GLOBAL
2019-07-06,USD_INR,83.445,INR,RBI_REFERENCE
2019-07-06,INDIA_MANUFACTURING_PMI,57.2,index_points,S_AND_P_GLOBAL
2019-07-07,USD_INR,83.449,INR,RBI_REFERENCE
2019-07-07,INDIA_MANUFACTURING_PMI,57.2,index_points,S_AND_P_GLOBAL
2019-07-08,USD_INR,83.447,INR,RBI_REFERENCE
2019-07-08,INDIA_MANUFACTURING_PMI,57.2,index_points,S_AND_P_GLOBAL
2019-07-09,USD_INR,83.384,INR,RBI_REFERENCE
2019-07-09,INDIA_MANUFACTURING_PMI,57.2,index_points,S_AND_P_GLOBAL
2019-07-10,USD_INR,83.359,INR,RBI_REFERENCE
2019-07-10,INDIA_MANUFACTURING_PMI,57.2,index_points,S_AND_P_GLOBAL
2019-07-11,USD_INR,83.349,INR,RBI_REFERENCE
2019-07-11,INDIA_MANUFACTURING_PMI,57.2,index_points,S_AND_P_GLOBAL
2019-07-12,USD_INR,83.343,INR,RBI_REFERENCE
2019-07-12,INDIA_MANUFACTURING_PMI,57.2,index_points,S_AND_P_GLOBAL
2019-07-13,USD_INR,83.339,INR,RBI_REFERENCE
2019-07-13,INDIA_MANUFACTURING_PMI,57.2,index_points,S_AND_P_GLOBAL
2019-07-14,USD_INR,83.376,INR,RBI_REFERENCE
2019-07-14,INDIA_MANUFACTURING_PMI,57.2,index_points,S_AND_P_GLOBAL
2019-07-15,USD_INR,83.36,INR,RBI_REFERENCE
2019-07-15,INDIA_MANUFACTURING_PMI,57.2,index_points,S_AND_P_GLOBAL
2019-07-16,USD_INR,83.378,INR,RBI_REFERENCE
2019-07-16,INDIA_MANUFACTURING_PMI,57.2,index_points,S_AND_P_GLOBAL
2019-07-17,USD_INR,83.318,INR,RBI_REFERENCE
2019-07-17,INDIA_MANUFACTURING_PMI,57.2,index_points,S_AND_P_GLOBAL
2019-07-18,USD_INR,83.328,INR,RBI_REFERENCE
2019-07-18,INDIA_MANUFACTURING_PMI,57.2,index_points,S_AND_P_GLOBAL
2019-07-19,USD_INR,83.375,INR,RBI_REFERENCE
2019-07-19,INDIA_MANUFACTURING_PMI,57.2,index_points,S_AND_P_GLOBAL
2019-07-20,USD_INR,83.307,INR,RBI_REFERENCE
2019-07-20,INDIA_MANUFACTURING_PMI,57.2,index_points,S_AND_P_GLOBAL
2019-07-21,USD_INR,83.313,INR,RBI_REFERENCE
2019-07-21,INDIA_MANUFACTURING_PMI,57.2,index_points,S_AND_P_GLOBAL
2019-07-22,USD_INR,83.283,INR,RBI_REFERENCE
2019-07-22,INDIA_MANUFACTURING_PMI,57.2,index_points,S_AND_P_GLOBAL
2019-07-23,USD_INR,83.29,INR,RBI_REFERENCE
2019-07-23,INDIA_MANUFACTURING_PMI,57.2,index_points,S_AND_P_GLOBAL
2019-07-24,USD_INR,83.246,INR,RBI_REFERENCE
2019-07-24,INDIA_MANUFACTURING_PMI,57.2,index_points,S_AND_P_GLOBAL
2019-07-25,USD_INR,83.193,INR,RBI_REFERENCE
2019-07-25,INDIA_MANUFACTURING_PMI,57.2,index_points,S_AND_P_GLOBAL
2019-07-26,USD_INR,83.174,INR,RBI_REFERENCE
2019-07-26,INDIA_MANUFACTURING_PMI,57.2,index_points,S_AND_P_GLOBAL
2019-07-27,USD_INR,83.151,INR,RBI_REFERENCE
2019-07-27,INDIA_MANUFACTURING_PMI,57.2,index_points,S_AND_P_GLOBAL
2019-07-28,USD_INR,83.095,INR,RBI_REFERENCE
2019-07-28,INDIA_MANUFACTURING_PMI,57.2,index_points,S_AND_P_GLOBAL
2019-07-29,USD_INR,83.152,INR,RBI_REFERENCE
2019-07-29,INDIA_MANUFACTURING_PMI,57.2,index_points,S_AND_P_GLOBAL
2019-07-30,USD_INR,83.133,INR,RBI_REFERENCE
2019-07-30,INDIA_MANUFACTURING_PMI,57.2,index_points,S_AND_P_GLOBAL
2019-07-31,USD_INR,83.183,INR,RBI_REFERENCE
2019-07-31,INDIA_MANUFACTURING_PMI,57.2,index_points,S_AND_P_GLOBAL
2019-08-01,USD_INR,83.143,INR,RBI_REFERENCE
2019-08-01,INDIA_MANUFACTURING_PMI,57.2,index_points,S_AND_P_GLOBAL
2019-08-02,USD_INR,83.189,INR,RBI_REFERENCE
2019-08-02,INDIA_MANUFACTURING_PMI,57.2,index_points,S_AND_P_GLOBAL
2019-08-03,USD_INR,83.168,INR,RBI_REFERENCE
2019-08-03,INDIA_MANUFACTURING_PMI,57.2,index_points,S_AND_P_GLOBAL
2019-08-04,USD_INR,83.253,INR,RBI_REFERENCE
2019-08-04,INDIA_MANUFACTURING_PMI,57.2,index_points,S_AND_P_GLOBAL
2019-08-05,USD_INR,83.265,INR,RBI_REFERENCE
2019-08-05,INDIA_MANUFACTURING_PMI,57.2,index_points,S_AND_P_GLOBAL
2019-08-06,USD_INR,83.316,INR,RBI_REFERENCE
2019-08-06,INDIA_MANUFACTURING_PMI,57.2,index_points,S_AND_P_GLOBAL
2019-08-07,USD_INR,83.3,INR,RBI_REFERENCE
2019-08-07,INDIA_MANUFACTURING_PMI,57.2,index_points,S_AND_P_GLOBAL
2019-08-08,USD_INR,83.256,INR,RBI_REFERENCE
2019-08-08,INDIA_MANUFACTURING_PMI,57.2,index_points,S_AND_P_GLOBAL
2019-08-09,USD_INR,83.235,INR,RBI_REFERENCE
2019-08-09,INDIA_MANUFACTURING_PMI,57.2,index_points,S_AND_P_GLOBAL
2019-08-10,USD_INR,83.223,INR,RBI_REFERENCE
2019-08-10,INDIA_MANUFACTURING_PMI,57.2,index_points,S_AND_P_GLOBAL
2019-08-11,USD_INR,83.207,INR,RBI_REFERENCE
2019-08-11,INDIA_MANUFACTURING_PMI,57.2,index_points,S_AND_P_GLOBAL
2019-08-12,USD_INR,83.222,INR,RBI_REFERENCE
2019-08-12,INDIA_MANUFACTURING_PMI,57.2,index_points,S_AND_P_GLOBAL
2019-08-13,USD_INR,83.229,INR,RBI_REFERENCE
2019-08-13,INDIA_MANUFACTURING_PMI,57.2,index_points,S_AND_P_GLOBAL
2019-08-14,USD_INR,83.245,INR,RBI_REFERENCE
2019-08-14,INDIA_MANUFACTURING_PMI,57.2,index_points,S_AND_P_GLOBAL
2019-08-15,USD_INR,83.26,INR,RBI_REFERENCE
2019-08-15,INDIA_MANUFACTURING_PMI,57.2,index_points,S_AND_P_GLOBAL
2019-08-16,USD_INR,83.214,INR,RBI_REFERENCE
2019-08-16,INDIA_MANUFACTURING_PMI,57.2,index_points,S_AND_P_GLOBAL
2019-08-17,USD_INR,83.188,INR,RBI_REFERENCE
2019-08-17,INDIA_MANUFACTURING_PMI,57.2,index_points,S_AND_P_GLOBAL
2019-08-18,USD_INR,83.159,INR,RBI_REFERENCE
2019-08-18,INDIA_MANUFACTURING_PMI,57.2,index_points,S_AND_P_GLOBAL
2019-08-19,USD_INR,83.199,INR,RBI_REFERENCE
2019-08-19,INDIA_MANUFACTURING_PMI,57.2,index_points,S_AND_P_GLOBAL
2019-08-20,USD_INR,83.164,INR,RBI_REFERENCE
2019-08-20,INDIA_MANUFACTURING_PMI,57.2,index_points,S_AND_P_GLOBAL
2019-08-21,USD_INR,83.215,INR,RBI_REFERENCE
2019-08-21,INDIA_MANUFACTURING_PMI,57.2,index_points,S_AND_P_GLOBAL
2019-08-22,USD_INR,83.262,INR,RBI_REFERENCE
2019-08-22,INDIA_MANUFACTURING_PMI,57.2,index_points,S_AND_P_GLOBAL
2019-08-23,USD_INR,83.284,INR,RBI_REFERENCE
2019-08-23,INDIA_MANUFACTURING_PMI,57.2,index_points,S_AND_P_GLOBAL
2019-08-24,USD_INR,83.289,INR,RBI_REFERENCE
2019-08-24,INDIA_MANUFACTURING_PMI,57.2,index_points,S_AND_P_GLOBAL
2019-08-25,USD_INR,83.303,INR,RBI_REFERENCE
2019-08-25,INDIA_MANUFACTURING_PMI,57.2,index_points,S_AND_P_GLOBAL
2019-08-26,USD_INR,83.39,INR,RBI_REFERENCE
2019-08-26,INDIA_MANUFACTURING_PMI,57.2,index_points,S_AND_P_GLOBAL
2019-08-27,USD_INR,83.384,INR,RBI_REFERENCE
2019-08-27,INDIA_MANUFACTURING_PMI,57.2,index_points,S_AND_P_GLOBAL
2019-08-28,USD_INR,83.317,INR,RBI_REFERENCE
2019-08-28,INDIA_MANUFACTURING_PMI,57.2,index_points,S_AND_P_GLOBAL
2019-08-29,USD_INR,83.315,INR,RBI_REFERENCE
2019-08-29,INDIA_MANUFACTURING_PMI,57.2,index_points,S_AND_P_GLOBAL
2019-08-30,USD_INR,83.321,INR,RBI_REFERENCE
2019-08-30,INDIA_MANUFACTURING_PMI,57.2,index_points,S_AND_P_GLOBAL
2019-08-31,USD_INR,83.384,INR,RBI_REFERENCE
2019-08-31,INDIA_MANUFACTURING_PMI,57.2,index_points,S_AND_P_GLOBAL
2019-09-01,USD_INR,83.435,INR,RBI_REFERENCE
2019-09-01,INDIA_MANUFACTURING_PMI,57.2,index_points,S_AND_P_GLOBAL
2019-09-02,USD_INR,83.431,INR,RBI_REFERENCE
2019-09-02,INDIA_MANUFACTURING_PMI,57.2,index_points,S_AND_P_GLOBAL
2019-09-03,USD_INR,83.402,INR,RBI_REFERENCE
2019-09-03,INDIA_MANUFACTURING_PMI,57.2,index_points,S_AND_P_GLOBAL
2019-09-04,USD_INR,83.47,INR,RBI_REFERENCE
2019-09-04,INDIA_MANUFACTURING_PMI,57.2,index_points,S_AND_P_GLOBAL
2019-09-05,USD_INR,83.46,INR,RBI_REFERENCE
2019-09-05,INDIA_MANUFACTURING_PMI,57.2,index_points,S_AND_P_GLOBAL
2019-09-06,USD_INR,83.435,INR,RBI_REFERENCE
2019-09-06,INDIA_MANUFACTURING_PMI,57.2,index_points,S_AND_P_GLOBAL
2019-09-07,USD_INR,83.492,INR,RBI_REFERENCE
2019-09-07,INDIA_MANUFACTURING_PMI,57.2,index_points,S_AND_P_GLOBAL
2019-09-08,USD_INR,83.467,INR,RBI_REFERENCE
2019-09-08,INDIA_MANUFACTURING_PMI,57.2,index_points,S_AND_P_GLOBAL
2019-09-09,USD_INR,83.458,INR,RBI_REFERENCE
2019-09-09,INDIA_MANUFACTURING_PMI,57.2,index_points,S_AND_P_GLOBAL
2019-09-10,USD_INR,83.466,INR,RBI_REFERENCE
2019-09-10,INDIA_MANUFACTURING_PMI,57.2,index_points,S_AND_P_GLOBAL
2019-09-11,USD_INR,83.397,INR,RBI_REFERENCE
2019-09-11,INDIA_MANUFACTURING_PMI,57.2,index_points,S_AND_P_GLOBAL
2019-09-12,USD_INR,83.38,INR,RBI_REFERENCE
2019-09-12,INDIA_MANUFACTURING_PMI,57.2,index_points,S_AND_P_GLOBAL
2019-09-13,USD_INR,83.396,INR,RBI_REFERENCE
2019-09-13,INDIA_MANUFACTURING_PMI,57.2,index_points,S_AND_P_GLOBAL
2019-09-14,USD_INR,83.423,INR,RBI_REFERENCE
2019-09-14,INDIA_MANUFACTURING_PMI,57.2,index_points,S_AND_P_GLOBAL
2019-09-15,USD_INR,83.475,INR,RBI_REFERENCE
2019-09-15,INDIA_MANUFACTURING_PMI,57.2,index_points,S_AND_P_GLOBAL
2019-09-16,USD_INR,83.477,INR,RBI_REFERENCE
2019-09-16,INDIA_MANUFACTURING_PMI,57.2,index_points,S_AND_P_GLOBAL
2019-09-17,USD_INR,83.496,INR,RBI_REFERENCE
2019-09-17,INDIA_MANUFACTURING_PMI,57.2,index_points,S_AND_P_GLOBAL
2019-09-18,USD_INR,83.574,INR,RBI_REFERENCE
2019-09-18,INDIA_MANUFACTURING_PMI,57.2,index_points,S_AND_P_GLOBAL
2019-09-19,USD_INR,83.604,INR,RBI_REFERENCE
2019-09-19,INDIA_MANUFACTURING_PMI,57.2,index_points,S_AND_P_GLOBAL
2019-09-20,USD_INR,83.579,INR,RBI_REFERENCE
2019-09-20,INDIA_MANUFACTURING_PMI,57.2,index_points,S_AND_P_GLOBAL
2019-09-21,USD_INR,83.554,INR,RBI_REFERENCE
2019-09-21,INDIA_MANUFACTURING_PMI,57.2,index_points,S_AND_P_GLOBAL
2019-09-22,USD_INR,83.594,INR,RBI_REFERENCE
2019-09-22,INDIA_MANUFACTURING_PMI,57.2,index_points,S_AND_P_GLOBAL
2019-09-23,USD_INR,83.511,INR,RBI_REFERENCE
2019-09-23,INDIA_MANUFACTURING_PMI,57.2,index_points,S_AND_P_GLOBAL
2019-09-24,USD_INR,83.489,INR,RBI_REFERENCE
2019-09-24,INDIA_MANUFACTURING_PMI,57.2,index_points,S_AND_P_GLOBAL
2019-09-25,USD_INR,83.485,INR,RBI_REFERENCE
2019-09-25,INDIA_MANUFACTURING_PMI,57.2,index_points,S_AND_P_GLOBAL
2019-09-26,USD_INR,83.465,INR,RBI_REFERENCE
2019-09-26,INDIA_MANUFACTURING_PMI,57.2,index_points,S_AND_P_GLOBAL
2019-09-27,USD_INR,83.444,INR,RBI_REFERENCE
2019-09-27,INDIA_MANUFACTURING_PMI,57.2,index_points,S_AND_P_GLOBAL
2019-09-28,USD_INR,83.454,INR,RBI_REFERENCE
2019-09-28,INDIA_MANUFACTURING_PMI,57.2,index_points,S_AND_P_GLOBAL
2019-09-29,USD_INR,83.496,INR,RBI_REFERENCE
2019-09-29,INDIA_MANUFACTURING_PMI,57.2,index_points,S_AND_P_GLOBAL
2019-09-30,USD_INR,83.505,INR,RBI_REFERENCE
2019-09-30,INDIA_MANUFACTURING_PMI,57.2,index_points,S_AND_P_GLOBAL
2019-10-01,USD_INR,83.537,INR,RBI_REFERENCE
2019-10-01,INDIA_MANUFACTURING_PMI,57.2,index_points,S_AND_P_GLOBAL
2019-10-02,USD_INR,83.468,INR,RBI_REFERENCE
2019-10-02,INDIA_MANUFACTURING_PMI,57.2,index_points,S_AND_P_GLOBAL
2019-10-03,USD_INR,83.545,INR,RBI_REFERENCE
2019-10-03,INDIA_MANUFACTURING_PMI,57.2,index_points,S_AND_P_GLOBAL
2019-10-04,USD_INR,83.622,INR,RBI_REFERENCE
2019-10-04,INDIA_MANUFACTURING_PMI,57.2,index_points,S_AND_P_GLOBAL
2019-10-05,USD_INR,83.609,INR,RBI_REFERENCE
2019-10-05,INDIA_MANUFACTURING_PMI,57.2,index_points,S_AND_P_GLOBAL
2019-10-06,USD_INR,83.577,INR,RBI_REFERENCE
2019-10-06,INDIA_MANUFACTURING_PMI,57.2,index_points,S_AND_P_GLOBAL
2019-10-07,USD_INR,83.606,INR,RBI_REFERENCE
2019-10-07,INDIA_MANUFACTURING_PMI,57.2,index_points,S_AND_P_GLOBAL
2019-10-08,USD_INR,83.609,INR,RBI_REFERENCE
2019-10-08,INDIA_MANUFACTURING_PMI,57.2,index_points,S_AND_P_GLOBAL
2019-10-09,USD_INR,83.539,INR,RBI_REFERENCE
2019-10-09,INDIA_MANUFACTURING_PMI,57.2,index_points,S_AND_P_GLOBAL
2019-10-10,USD_INR,83.516,INR,RBI_REFERENCE
2019-10-10,INDIA_MANUFACTURING_PMI,57.2,index_points,S_AND_P_GLOBAL
2019-10-11,USD_INR,83.507,INR,RBI_REFERENCE
2019-10-11,INDIA_MANUFACTURING_PMI,57.2,index_points,S_AND_P_GLOBAL
2019-10-12,USD_INR,83.557,INR,RBI_REFERENCE
2019-10-12,INDIA_MANUFACTURING_PMI,57.2,index_points,S_AND_P_GLOBAL
2019-10-13,USD_INR,83.627,INR,RBI_REFERENCE
2019-10-13,INDIA_MANUFACTURING_PMI,57.2,index_points,S_AND_P_GLOBAL
2019-10-14,USD_INR,83.658,INR,RBI_REFERENCE
2019-10-14,INDIA_MANUFACTURING_PMI,57.2,index_points,S_AND_P_GLOBAL
2019-10-15,USD_INR,83.642,INR,RBI_REFERENCE
2019-10-15,INDIA_MANUFACTURING_PMI,57.2,index_points,S_AND_P_GLOBAL
2019-10-16,USD_INR,83.636,INR,RBI_REFERENCE
2019-10-16,INDIA_MANUFACTURING_PMI,57.2,index_points,S_AND_P_GLOBAL
2019-10-17,USD_INR,83.675,INR,RBI_REFERENCE
2019-10-17,INDIA_MANUFACTURING_PMI,57.2,index_points,S_AND_P_GLOBAL
2019-10-18,USD_INR,83.736,INR,RBI_REFERENCE
2019-10-18,INDIA_MANUFACTURING_PMI,57.2,index_points,S_AND_P_GLOBAL
2019-10-19,USD_INR,83.745,INR,RBI_REFERENCE
2019-10-19,INDIA_MANUFACTURING_PMI,57.2,index_points,S_AND_P_GLOBAL
2019-10-20,USD_INR,83.766,INR,RBI_REFERENCE
2019-10-20,INDIA_MANUFACTURING_PMI,57.2,index_points,S_AND_P_GLOBAL
2019-10-21,USD_INR,83.761,INR,RBI_REFERENCE
2019-10-21,INDIA_MANUFACTURING_PMI,57.2,index_points,S_AND_P_GLOBAL
2019-10-22,USD_INR,83.805,INR,RBI_REFERENCE
2019-10-22,INDIA_MANUFACTURING_PMI,57.2,index_points,S_AND_P_GLOBAL
2019-10-23,USD_INR,83.807,INR,RBI_REFERENCE
2019-10-23,INDIA_MANUFACTURING_PMI,57.2,index_points,S_AND_P_GLOBAL
2019-10-24,USD_INR,83.799,INR,RBI_REFERENCE
2019-10-24,INDIA_MANUFACTURING_PMI,57.2,index_points,S_AND_P_GLOBAL
2019-10-25,USD_INR,83.829,INR,RBI_REFERENCE
2019-10-25,INDIA_MANUFACTURING_PMI,57.2,index_points,S_AND_P_GLOBAL
2019-10-26,USD_INR,83.779,INR,RBI_REFERENCE
2019-10-26,INDIA_MANUFACTURING_PMI,57.2,index_points,S_AND_P_GLOBAL
2019-10-27,USD_INR,83.799,INR,RBI_REFERENCE
2019-10-27,INDIA_MANUFACTURING_PMI,57.2,index_points,S_AND_P_GLOBAL
2019-10-28,USD_INR,83.802,INR,RBI_REFERENCE
2019-10-28,INDIA_MANUFACTURING_PMI,57.2,index_points,S_AND_P_GLOBAL
2019-10-29,USD_INR,83.785,INR,RBI_REFERENCE
2019-10-29,INDIA_MANUFACTURING_PMI,57.2,index_points,S_AND_P_GLOBAL
2019-10-30,USD_INR,83.785,INR,RBI_REFERENCE
2019-10-30,INDIA_MANUFACTURING_PMI,57.2,index_points,S_AND_P_GLOBAL
2019-10-31,USD_INR,83.786,INR,RBI_REFERENCE
2019-10-31,INDIA_MANUFACTURING_PMI,57.2,index_points,S_AND_P_GLOBAL
2019-11-01,USD_INR,83.738,INR,RBI_REFERENCE
2019-11-01,INDIA_MANUFACTURING_PMI,57.2,index_points,S_AND_P_GLOBAL
2019-11-02,USD_INR,83.674,INR,RBI_REFERENCE
2019-11-02,INDIA_MANUFACTURING_PMI,57.2,index_points,S_AND_P_GLOBAL
2019-11-03,USD_INR,83.681,INR,RBI_REFERENCE
2019-11-03,INDIA_MANUFACTURING_PMI,57.2,index_points,S_AND_P_GLOBAL
2019-11-04,USD_INR,83.689,INR,RBI_REFERENCE
2019-11-04,INDIA_MANUFACTURING_PMI,57.2,index_points,S_AND_P_GLOBAL
2019-11-05,USD_INR,83.652,INR,RBI_REFERENCE
2019-11-05,INDIA_MANUFACTURING_PMI,57.2,index_points,S_AND_P_GLOBAL
2019-11-06,USD_INR,83.578,INR,RBI_REFERENCE
2019-11-06,INDIA_MANUFACTURING_PMI,57.2,index_points,S_AND_P_GLOBAL
2019-11-07,USD_INR,83.604,INR,RBI_REFERENCE
2019-11-07,INDIA_MANUFACTURING_PMI,57.2,index_points,S_AND_P_GLOBAL
2019-11-08,USD_INR,83.584,INR,RBI_REFERENCE
2019-11-08,INDIA_MANUFACTURING_PMI,57.2,index_points,S_AND_P_GLOBAL
2019-11-09,USD_INR,83.571,INR,RBI_REFERENCE
2019-11-09,INDIA_MANUFACTURING_PMI,57.2,index_points,S_AND_P_GLOBAL
2019-11-10,USD_INR,83.572,INR,RBI_REFERENCE
2019-11-10,INDIA_MANUFACTURING_PMI,57.2,index_points,S_AND_P_GLOBAL
2019-11-11,USD_INR,83.475,INR,RBI_REFERENCE
2019-11-11,INDIA_MANUFACTURING_PMI,57.2,index_points,S_AND_P_GLOBAL
2019-11-12,USD_INR,83.493,INR,RBI_REFERENCE
2019-11-12,INDIA_MANUFACTURING_PMI,57.2,index_points,S_AND_P_GLOBAL
2019-11-13,USD_INR,83.486,INR,RBI_REFERENCE
2019-11-13,INDIA_MANUFACTURING_PMI,57.2,index_points,S_AND_P_GLOBAL
2019-11-14,USD_INR,83.466,INR,RBI_REFERENCE
2019-11-14,INDIA_MANUFACTURING_PMI,57.2,index_points,S_AND_P_GLOBAL
2019-11-15,USD_INR,83.495,INR,RBI_REFERENCE
2019-11-15,INDIA_MANUFACTURING_PMI,57.2,index_points,S_AND_P_GLOBAL
2019-11-16,USD_INR,83.526,INR,RBI_REFERENCE
2019-11-16,INDIA_MANUFACTURING_PMI,57.2,index_points,S_AND_P_GLOBAL
2019-11-17,USD_INR,83.532,INR,RBI_REFERENCE
2019-11-17,INDIA_MANUFACTURING_PMI,57.2,index_points,S_AND_P_GLOBAL
2019-11-18,USD_INR,83.529,INR,RBI_REFERENCE
2019-11-18,INDIA_MANUFACTURING_PMI,57.2,index_points,S_AND_P_GLOBAL
2019-11-19,USD_INR,83.616,INR,RBI_REFERENCE
2019-11-19,INDIA_MANUFACTURING_PMI,57.2,index_points,S_AND_P_GLOBAL
2019-11-20,USD_INR,83.593,INR,RBI_REFERENCE
2019-11-20,INDIA_MANUFACTURING_PMI,57.2,index_points,S_AND_P_GLOBAL
2019-11-21,USD_INR,83.6,INR,RBI_REFERENCE
2019-11-21,INDIA_MANUFACTURING_PMI,57.2,index_points,S_AND_P_GLOBAL
2019-11-22,USD_INR,83.616,INR,RBI_REFERENCE
2019-11-22,INDIA_MANUFACTURING_PMI,57.2,index_points,S_AND_P_GLOBAL
2019-11-23,USD_INR,83.612,INR,RBI_REFERENCE
2019-11-23,INDIA_MANUFACTURING_PMI,57.2,index_points,S_AND_P_GLOBAL
2019-11-24,USD_INR,83.61,INR,RBI_REFERENCE
2019-11-24,INDIA_MANUFACTURING_PMI,57.2,index_points,S_AND_P_GLOBAL
2019-11-25,USD_INR,83.567,INR,RBI_REFERENCE
2019-11-25,INDIA_MANUFACTURING_PMI,57.2,index_points,S_AND_P_GLOBAL
2019-11-26,USD_INR,83.557,INR,RBI_REFERENCE
2019-11-26,INDIA_MANUFACTURING_PMI,57.2,index_points,S_AND_P_GLOBAL
2019-11-27,USD_INR,83.567,INR,RBI_REFERENCE
2019-11-27,INDIA_MANUFACTURING_PMI,57.2,index_points,S_AND_P_GLOBAL
2019-11-28,USD_INR,83.584,INR,RBI_REFERENCE
2019-11-28,INDIA_MANUFACTURING_PMI,57.2,index_points,S_AND_P_GLOBAL
2019-11-29,USD_INR,83.545,INR,RBI_REFERENCE
2019-11-29,INDIA_MANUFACTURING_PMI,57.2,index_points,S_AND_P_GLOBAL
2019-11-30,USD_INR,83.57,INR,RBI_REFERENCE
2019-11-30,INDIA_MANUFACTURING_PMI,57.2,index_points,S_AND_P_GLOBAL
2019-12-01,USD_INR,83.596,INR,RBI_REFERENCE
2019-12-01,INDIA_MANUFACTURING_PMI,57.2,index_points,S_AND_P_GLOBAL
2019-12-02,USD_INR,83.55,INR,RBI_REFERENCE
2019-12-02,INDIA_MANUFACTURING_PMI,57.2,index_points,S_AND_P_GLOBAL
2019-12-03,USD_INR,83.581,INR,RBI_REFERENCE
2019-12-03,INDIA_MANUFACTURING_PMI,57.2,index_points,S_AND_P_GLOBAL
2019-12-04,USD_INR,83.557,INR,RBI_REFERENCE
2019-12-04,INDIA_MANUFACTURING_PMI,57.2,index_points,S_AND_P_GLOBAL
2019-12-05,USD_INR,83.566,INR,RBI_REFERENCE
2019-12-05,INDIA_MANUFACTURING_PMI,57.2,index_points,S_AND_P_GLOBAL
2019-12-06,USD_INR,83.544,INR,RBI_REFERENCE
2019-12-06,INDIA_MANUFACTURING_PMI,57.2,index_points,S_AND_P_GLOBAL
2019-12-07,USD_INR,83.578,INR,RBI_REFERENCE
2019-12-07,INDIA_MANUFACTURING_PMI,57.2,index_points,S_AND_P_GLOBAL
2019-12-08,USD_INR,83.466,INR,RBI_REFERENCE
2019-12-08,INDIA_MANUFACTURING_PMI,57.2,index_points,S_AND_P_GLOBAL
2019-12-09,USD_INR,83.47,INR,RBI_REFERENCE
2019-12-09,INDIA_MANUFACTURING_PMI,57.2,index_points,S_AND_P_GLOBAL
2019-12-10,USD_INR,83.437,INR,RBI_REFERENCE
2019-12-10,INDIA_MANUFACTURING_PMI,57.2,index_points,S_AND_P_GLOBAL
2019-12-11,USD_INR,83.447,INR,RBI_REFERENCE
2019-12-11,INDIA_MANUFACTURING_PMI,57.2,index_points,S_AND_P_GLOBAL
2019-12-12,USD_INR,83.469,INR,RBI_REFERENCE
2019-12-12,INDIA_MANUFACTURING_PMI,57.2,index_points,S_AND_P_GLOBAL
2019-12-13,USD_INR,83.46,INR,RBI_REFERENCE
2019-12-13,INDIA_MANUFACTURING_PMI,57.2,index_points,S_AND_P_GLOBAL
2019-12-14,USD_INR,83.422,INR,RBI_REFERENCE
2019-12-14,INDIA_MANUFACTURING_PMI,57.2,index_points,S_AND_P_GLOBAL
2019-12-15,USD_INR,83.417,INR,RBI_REFERENCE
2019-12-15,INDIA_MANUFACTURING_PMI,57.2,index_points,S_AND_P_GLOBAL
2019-12-16,USD_INR,83.418,INR,RBI_REFERENCE
2019-12-16,INDIA_MANUFACTURING_PMI,57.2,index_points,S_AND_P_GLOBAL
2019-12-17,USD_INR,83.39,INR,RBI_REFERENCE
2019-12-17,INDIA_MANUFACTURING_PMI,57.2,index_points,S_AND_P_GLOBAL
2019-12-18,USD_INR,83.366,INR,RBI_REFERENCE
2019-12-18,INDIA_MANUFACTURING_PMI,57.2,index_points,S_AND_P_GLOBAL
2019-12-19,USD_INR,83.369,INR,RBI_REFERENCE
2019-12-19,INDIA_MANUFACTURING_PMI,57.2,index_points,S_AND_P_GLOBAL
2019-12-20,USD_INR,83.332,INR,RBI_REFERENCE
2019-12-20,INDIA_MANUFACTURING_PMI,57.2,index_points,S_AND_P_GLOBAL
2019-12-21,USD_INR,83.316,INR,RBI_REFERENCE
2019-12-21,INDIA_MANUFACTURING_PMI,57.2,index_points,S_AND_P_GLOBAL
2019-12-22,USD_INR,83.284,INR,RBI_REFERENCE
2019-12-22,INDIA_MANUFACTURING_PMI,57.2,index_points,S_AND_P_GLOBAL
2019-12-23,USD_INR,83.316,INR,RBI_REFERENCE
2019-12-23,INDIA_MANUFACTURING_PMI,57.2,index_points,S_AND_P_GLOBAL
2019-12-24,USD_INR,83.359,INR,RBI_REFERENCE
2019-12-24,INDIA_MANUFACTURING_PMI,57.2,index_points,S_AND_P_GLOBAL
2019-12-25,USD_INR,83.423,INR,RBI_REFERENCE
2019-12-25,INDIA_MANUFACTURING_PMI,57.2,index_points,S_AND_P_GLOBAL
2019-12-26,USD_INR,83.501,INR,RBI_REFERENCE
2019-12-26,INDIA_MANUFACTURING_PMI,57.2,index_points,S_AND_P_GLOBAL
2019-12-27,USD_INR,83.463,INR,RBI_REFERENCE
2019-12-27,INDIA_MANUFACTURING_PMI,57.2,index_points,S_AND_P_GLOBAL
2019-12-28,USD_INR,83.443,INR,RBI_REFERENCE
2019-12-28,INDIA_MANUFACTURING_PMI,57.2,index_points,S_AND_P_GLOBAL
2019-12-29,USD_INR,83.374,INR,RBI_REFERENCE
2019-12-29,INDIA_MANUFACTURING_PMI,57.2,index_points,S_AND_P_GLOBAL
2019-12-30,USD_INR,83.395,INR,RBI_REFERENCE
2019-12-30,INDIA_MANUFACTURING_PMI,57.2,index_points,S_AND_P_GLOBAL
2019-12-31,USD_INR,83.458,INR,RBI_REFERENCE
2019-12-31,INDIA_MANUFACTURING_PMI,57.2,index_points,S_AND_P_GLOBAL
2020-01-01,USD_INR,83.432,INR,RBI_REFERENCE
2020-01-01,INDIA_MANUFACTURING_PMI,57.2,index_points,S_AND_P_GLOBAL
2020-01-02,USD_INR,83.472,INR,RBI_REFERENCE
2020-01-02,INDIA_MANUFACTURING_PMI,57.2,index_points,S_AND_P_GLOBAL
2020-01-03,USD_INR,83.464,INR,RBI_REFERENCE
2020-01-03,INDIA_MANUFACTURING_PMI,57.2,index_points,S_AND_P_GLOBAL
2020-01-04,USD_INR,83.523,INR,RBI_REFERENCE
2020-01-04,INDIA_MANUFACTURING_PMI,57.2,index_points,S_AND_P_GLOBAL
2020-01-05,USD_INR,83.511,INR,RBI_REFERENCE
2020-01-05,INDIA_MANUFACTURING_PMI,57.2,index_points,S_AND_P_GLOBAL
2020-01-06,USD_INR,83.523,INR,RBI_REFERENCE
2020-01-06,INDIA_MANUFACTURING_PMI,57.2,index_points,S_AND_P_GLOBAL
2020-01-07,USD_INR,83.507,INR,RBI_REFERENCE
2020-01-07,INDIA_MANUFACTURING_PMI,57.2,index_points,S_AND_P_GLOBAL
2020-01-08,USD_INR,83.551,INR,RBI_REFERENCE
2020-01-08,INDIA_MANUFACTURING_PMI,57.2,index_points,S_AND_P_GLOBAL
2020-01-09,USD_INR,83.579,INR,RBI_REFERENCE
2020-01-09,INDIA_MANUFACTURING_PMI,57.2,index_points,S_AND_P_GLOBAL
2020-01-10,USD_INR,83.56,INR,RBI_REFERENCE
2020-01-10,INDIA_MANUFACTURING_PMI,57.2,index_points,S_AND_P_GLOBAL
2020-01-11,USD_INR,83.547,INR,RBI_REFERENCE
2020-01-11,INDIA_MANUFACTURING_PMI,57.2,index_points,S_AND_P_GLOBAL
2020-01-12,USD_INR,83.548,INR,RBI_REFERENCE
2020-01-12,INDIA_MANUFACTURING_PMI,57.2,index_points,S_AND_P_GLOBAL
2020-01-13,USD_INR,83.657,INR,RBI_REFERENCE
2020-01-13,INDIA_MANUFACTURING_PMI,57.2,index_points,S_AND_P_GLOBAL
2020-01-14,USD_INR,83.677,INR,RBI_REFERENCE
2020-01-14,INDIA_MANUFACTURING_PMI,57.2,index_points,S_AND_P_GLOBAL
2020-01-15,USD_INR,83.691,INR,RBI_REFERENCE
2020-01-15,INDIA_MANUFACTURING_PMI,57.2,index_points,S_AND_P_GLOBAL
2020-01-16,USD_INR,83.634,INR,RBI_REFERENCE
2020-01-16,INDIA_MANUFACTURING_PMI,57.2,index_points,S_AND_P_GLOBAL
2020-01-17,USD_INR,83.574,INR,RBI_REFERENCE
2020-01-17,INDIA_MANUFACTURING_PMI,57.2,index_points,S_AND_P_GLOBAL
2020-01-18,USD_INR,83.571,INR,RBI_REFERENCE
2020-01-18,INDIA_MANUFACTURING_PMI,57.2,index_points,S_AND_P_GLOBAL
2020-01-19,USD_INR,83.612,INR,RBI_REFERENCE
2020-01-19,INDIA_MANUFACTURING_PMI,57.2,index_points,S_AND_P_GLOBAL
2020-01-20,USD_INR,83.698,INR,RBI_REFERENCE
2020-01-20,INDIA_MANUFACTURING_PMI,57.2,index_points,S_AND_P_GLOBAL
2020-01-21,USD_INR,83.659,INR,RBI_REFERENCE
2020-01-21,INDIA_MANUFACTURING_PMI,57.2,index_points,S_AND_P_GLOBAL
2020-01-22,USD_INR,83.618,INR,RBI_REFERENCE
2020-01-22,INDIA_MANUFACTURING_PMI,57.2,index_points,S_AND_P_GLOBAL
2020-01-23,USD_INR,83.61,INR,RBI_REFERENCE
2020-01-23,INDIA_MANUFACTURING_PMI,57.2,index_points,S_AND_P_GLOBAL
2020-01-24,USD_INR,83.573,INR,RBI_REFERENCE
2020-01-24,INDIA_MANUFACTURING_PMI,57.2,index_points,S_AND_P_GLOBAL
2020-01-25,USD_INR,83.623,INR,RBI_REFERENCE
2020-01-25,INDIA_MANUFACTURING_PMI,57.2,index_points,S_AND_P_GLOBAL
2020-01-26,USD_INR,83.639,INR,RBI_REFERENCE
2020-01-26,INDIA_MANUFACTURING_PMI,57.2,index_points,S_AND_P_GLOBAL
2020-01-27,USD_INR,83.627,INR,RBI_REFERENCE
2020-01-27,INDIA_MANUFACTURING_PMI,57.2,index_points,S_AND_P_GLOBAL
2020-01-28,USD_INR,83.622,INR,RBI_REFERENCE
2020-01-28,INDIA_MANUFACTURING_PMI,57.2,index_points,S_AND_P_GLOBAL
2020-01-29,USD_INR,83.667,INR,RBI_REFERENCE
2020-01-29,INDIA_MANUFACTURING_PMI,57.2,index_points,S_AND_P_GLOBAL
2020-01-30,USD_INR,83.697,INR,RBI_REFERENCE
2020-01-30,INDIA_MANUFACTURING_PMI,57.2,index_points,S_AND_P_GLOBAL
2020-01-31,USD_INR,83.726,INR,RBI_REFERENCE
2020-01-31,INDIA_MANUFACTURING_PMI,57.2,index_points,S_AND_P_GLOBAL
2020-02-01,USD_INR,83.775,INR,RBI_REFERENCE
2020-02-01,INDIA_MANUFACTURING_PMI,57.2,index_points,S_AND_P_GLOBAL
2020-02-02,USD_INR,83.763,INR,RBI_REFERENCE
2020-02-02,INDIA_MANUFACTURING_PMI,57.2,index_points,S_AND_P_GLOBAL
2020-02-03,USD_INR,83.745,INR,RBI_REFERENCE
2020-02-03,INDIA_MANUFACTURING_PMI,57.2,index_points,S_AND_P_GLOBAL
2020-02-04,USD_INR,83.728,INR,RBI_REFERENCE
2020-02-04,INDIA_MANUFACTURING_PMI,57.2,index_points,S_AND_P_GLOBAL
2020-02-05,USD_INR,83.653,INR,RBI_REFERENCE
2020-02-05,INDIA_MANUFACTURING_PMI,57.2,index_points,S_AND_P_GLOBAL
2020-02-06,USD_INR,83.646,INR,RBI_REFERENCE
2020-02-06,INDIA_MANUFACTURING_PMI,57.2,index_points,S_AND_P_GLOBAL
2020-02-07,USD_INR,83.671,INR,RBI_REFERENCE
2020-02-07,INDIA_MANUFACTURING_PMI,57.2,index_points,S_AND_P_GLOBAL
2020-02-08,USD_INR,83.618,INR,RBI_REFERENCE
2020-02-08,INDIA_MANUFACTURING_PMI,57.2,index_points,S_AND_P_GLOBAL
2020-02-09,USD_INR,83.639,INR,RBI_REFERENCE
2020-02-09,INDIA_MANUFACTURING_PMI,57.2,index_points,S_AND_P_GLOBAL
2020-02-10,USD_INR,83.688,INR,RBI_REFERENCE
2020-02-10,INDIA_MANUFACTURING_PMI,57.2,index_points,S_AND_P_GLOBAL
2020-02-11,USD_INR,83.718,INR,RBI_REFERENCE
2020-02-11,INDIA_MANUFACTURING_PMI,57.2,index_points,S_AND_P_GLOBAL
2020-02-12,USD_INR,83.67,INR,RBI_REFERENCE
2020-02-12,INDIA_MANUFACTURING_PMI,57.2,index_points,S_AND_P_GLOBAL
2020-02-13,USD_INR,83.687,INR,RBI_REFERENCE
2020-02-13,INDIA_MANUFACTURING_PMI,57.2,index_points,S_AND_P_GLOBAL
2020-02-14,USD_INR,83.719,INR,RBI_REFERENCE
2020-02-14,INDIA_MANUFACTURING_PMI,57.2,index_points,S_AND_P_GLOBAL
2020-02-15,USD_INR,83.712,INR,RBI_REFERENCE
2020-02-15,INDIA_MANUFACTURING_PMI,57.2,index_points,S_AND_P_GLOBAL
2020-02-16,USD_INR,83.673,INR,RBI_REFERENCE
2020-02-16,INDIA_MANUFACTURING_PMI,57.2,index_points,S_AND_P_GLOBAL
2020-02-17,USD_INR,83.688,INR,RBI_REFERENCE
2020-02-17,INDIA_MANUFACTURING_PMI,57.2,index_points,S_AND_P_GLOBAL
2020-02-18,USD_INR,83.652,INR,RBI_REFERENCE
2020-02-18,INDIA_MANUFACTURING_PMI,57.2,index_points,S_AND_P_GLOBAL
2020-02-19,USD_INR,83.699,INR,RBI_REFERENCE
2020-02-19,INDIA_MANUFACTURING_PMI,57.2,index_points,S_AND_P_GLOBAL
2020-02-20,USD_INR,83.745,INR,RBI_REFERENCE
2020-02-20,INDIA_MANUFACTURING_PMI,57.2,index_points,S_AND_P_GLOBAL
2020-02-21,USD_INR,83.741,INR,RBI_REFERENCE
2020-02-21,INDIA_MANUFACTURING_PMI,57.2,index_points,S_AND_P_GLOBAL
2020-02-22,USD_INR,83.771,INR,RBI_REFERENCE
2020-02-22,INDIA_MANUFACTURING_PMI,57.2,index_points,S_AND_P_GLOBAL
2020-02-23,USD_INR,83.762,INR,RBI_REFERENCE
2020-02-23,INDIA_MANUFACTURING_PMI,57.2,index_points,S_AND_P_GLOBAL
2020-02-24,USD_INR,83.81,INR,RBI_REFERENCE
2020-02-24,INDIA_MANUFACTURING_PMI,57.2,index_points,S_AND_P_GLOBAL
2020-02-25,USD_INR,83.784,INR,RBI_REFERENCE
2020-02-25,INDIA_MANUFACTURING_PMI,57.2,index_points,S_AND_P_GLOBAL
2020-02-26,USD_INR,83.75,INR,RBI_REFERENCE
2020-02-26,INDIA_MANUFACTURING_PMI,57.2,index_points,S_AND_P_GLOBAL
2020-02-27,USD_INR,83.723,INR,RBI_REFERENCE
2020-02-27,INDIA_MANUFACTURING_PMI,57.2,index_points,S_AND_P_GLOBAL
2020-02-28,USD_INR,83.774,INR,RBI_REFERENCE
2020-02-28,INDIA_MANUFACTURING_PMI,57.2,index_points,S_AND_P_GLOBAL
2020-02-29,USD_INR,83.789,INR,RBI_REFERENCE
2020-02-29,INDIA_MANUFACTURING_PMI,57.2,index_points,S_AND_P_GLOBAL
2020-03-01,USD_INR,83.686,INR,RBI_REFERENCE
2020-03-01,INDIA_MANUFACTURING_PMI,57.2,index_points,S_AND_P_GLOBAL
2020-03-02,USD_INR,83.761,INR,RBI_REFERENCE
2020-03-02,INDIA_MANUFACTURING_PMI,57.2,index_points,S_AND_P_GLOBAL
2020-03-03,USD_INR,83.771,INR,RBI_REFERENCE
2020-03-03,INDIA_MANUFACTURING_PMI,57.2,index_points,S_AND_P_GLOBAL
2020-03-04,USD_INR,83.73,INR,RBI_REFERENCE
2020-03-04,INDIA_MANUFACTURING_PMI,57.2,index_points,S_AND_P_GLOBAL
2020-03-05,USD_INR,83.719,INR,RBI_REFERENCE
2020-03-05,INDIA_MANUFACTURING_PMI,57.2,index_points,S_AND_P_GLOBAL
2020-03-06,USD_INR,83.737,INR,RBI_REFERENCE
2020-03-06,INDIA_MANUFACTURING_PMI,57.2,index_points,S_AND_P_GLOBAL
2020-03-07,USD_INR,83.731,INR,RBI_REFERENCE
2020-03-07,INDIA_MANUFACTURING_PMI,57.2,index_points,S_AND_P_GLOBAL
2020-03-08,USD_INR,83.699,INR,RBI_REFERENCE
2020-03-08,INDIA_MANUFACTURING_PMI,57.2,index_points,S_AND_P_GLOBAL
2020-03-09,USD_INR,83.701,INR,RBI_REFERENCE
2020-03-09,INDIA_MANUFACTURING_PMI,57.2,index_points,S_AND_P_GLOBAL
2020-03-10,USD_INR,83.682,INR,RBI_REFERENCE
2020-03-10,INDIA_MANUFACTURING_PMI,57.2,index_points,S_AND_P_GLOBAL
2020-03-11,USD_INR,83.646,INR,RBI_REFERENCE
2020-03-11,INDIA_MANUFACTURING_PMI,57.2,index_points,S_AND_P_GLOBAL
2020-03-12,USD_INR,83.606,INR,RBI_REFERENCE
2020-03-12,INDIA_MANUFACTURING_PMI,57.2,index_points,S_AND_P_GLOBAL
2020-03-13,USD_INR,83.599,INR,RBI_REFERENCE
2020-03-13,INDIA_MANUFACTURING_PMI,57.2,index_points,S_AND_P_GLOBAL
2020-03-14,USD_INR,83.494,INR,RBI_REFERENCE
2020-03-14,INDIA_MANUFACTURING_PMI,57.2,index_points,S_AND_P_GLOBAL
2020-03-15,USD_INR,83.489,INR,RBI_REFERENCE
2020-03-15,INDIA_MANUFACTURING_PMI,57.2,index_points,S_AND_P_GLOBAL
2020-03-16,USD_INR,83.542,INR,RBI_REFERENCE
2020-03-16,INDIA_MANUFACTURING_PMI,57.2,index_points,S_AND_P_GLOBAL
2020-03-17,USD_INR,83.546,INR,RBI_REFERENCE
2020-03-17,INDIA_MANUFACTURING_PMI,57.2,index_points,S_AND_P_GLOBAL
2020-03-18,USD_INR,83.521,INR,RBI_REFERENCE
2020-03-18,INDIA_MANUFACTURING_PMI,57.2,index_points,S_AND_P_GLOBAL
2020-03-19,USD_INR,83.474,INR,RBI_REFERENCE
2020-03-19,INDIA_MANUFACTURING_PMI,57.2,index_points,S_AND_P_GLOBAL
2020-03-20,USD_INR,83.408,INR,RBI_REFERENCE
2020-03-20,INDIA_MANUFACTURING_PMI,57.2,index_points,S_AND_P_GLOBAL
2020-03-21,USD_INR,83.352,INR,RBI_REFERENCE
2020-03-21,INDIA_MANUFACTURING_PMI,57.2,index_points,S_AND_P_GLOBAL
2020-03-22,USD_INR,83.308,INR,RBI_REFERENCE
2020-03-22,INDIA_MANUFACTURING_PMI,57.2,index_points,S_AND_P_GLOBAL
2020-03-23,USD_INR,83.32,INR,RBI_REFERENCE
2020-03-23,INDIA_MANUFACTURING_PMI,57.2,index_points,S_AND_P_GLOBAL
2020-03-24,USD_INR,83.338,INR,RBI_REFERENCE
2020-03-24,INDIA_MANUFACTURING_PMI,57.2,index_points,S_AND_P_GLOBAL
2020-03-25,USD_INR,83.341,INR,RBI_REFERENCE
2020-03-25,INDIA_MANUFACTURING_PMI,57.2,index_points,S_AND_P_GLOBAL
2020-03-26,USD_INR,83.303,INR,RBI_REFERENCE
2020-03-26,INDIA_MANUFACTURING_PMI,57.2,index_points,S_AND_P_GLOBAL
2020-03-27,USD_INR,83.292,INR,RBI_REFERENCE
2020-03-27,INDIA_MANUFACTURING_PMI,57.2,index_points,S_AND_P_GLOBAL
2020-03-28,USD_INR,83.284,INR,RBI_REFERENCE
2020-03-28,INDIA_MANUFACTURING_PMI,57.2,index_points,S_AND_P_GLOBAL
2020-03-29,USD_INR,83.212,INR,RBI_REFERENCE
2020-03-29,INDIA_MANUFACTURING_PMI,57.2,index_points,S_AND_P_GLOBAL
2020-03-30,USD_INR,83.254,INR,RBI_REFERENCE
2020-03-30,INDIA_MANUFACTURING_PMI,57.2,index_points,S_AND_P_GLOBAL
2020-03-31,USD_INR,83.213,INR,RBI_REFERENCE
2020-03-31,INDIA_MANUFACTURING_PMI,57.2,index_points,S_AND_P_GLOBAL
2020-04-01,USD_INR,83.309,INR,RBI_REFERENCE
2020-04-01,INDIA_MANUFACTURING_PMI,57.2,index_points,S_AND_P_GLOBAL
2020-04-02,USD_INR,83.337,INR,RBI_REFERENCE
2020-04-02,INDIA_MANUFACTURING_PMI,57.2,index_points,S_AND_P_GLOBAL
2020-04-03,USD_INR,83.312,INR,RBI_REFERENCE
2020-04-03,INDIA_MANUFACTURING_PMI,57.2,index_points,S_AND_P_GLOBAL
2020-04-04,USD_INR,83.365,INR,RBI_REFERENCE
2020-04-04,INDIA_MANUFACTURING_PMI,57.2,index_points,S_AND_P_GLOBAL
2020-04-05,USD_INR,83.378,INR,RBI_REFERENCE
2020-04-05,INDIA_MANUFACTURING_PMI,57.2,index_points,S_AND_P_GLOBAL
2020-04-06,USD_INR,83.357,INR,RBI_REFERENCE
2020-04-06,INDIA_MANUFACTURING_PMI,57.2,index_points,S_AND_P_GLOBAL
2020-04-07,USD_INR,83.419,INR,RBI_REFERENCE
2020-04-07,INDIA_MANUFACTURING_PMI,57.2,index_points,S_AND_P_GLOBAL
2020-04-08,USD_INR,83.442,INR,RBI_REFERENCE
2020-04-08,INDIA_MANUFACTURING_PMI,57.2,index_points,S_AND_P_GLOBAL
2020-04-09,USD_INR,83.408,INR,RBI_REFERENCE
2020-04-09,INDIA_MANUFACTURING_PMI,57.2,index_points,S_AND_P_GLOBAL
2020-04-10,USD_INR,83.48,INR,RBI_REFERENCE
2020-04-10,INDIA_MANUFACTURING_PMI,57.2,index_points,S_AND_P_GLOBAL
2020-04-11,USD_INR,83.467,INR,RBI_REFERENCE
2020-04-11,INDIA_MANUFACTURING_PMI,57.2,index_points,S_AND_P_GLOBAL
2020-04-12,USD_INR,83.476,INR,RBI_REFERENCE
2020-04-12,INDIA_MANUFACTURING_PMI,57.2,index_points,S_AND_P_GLOBAL
2020-04-13,USD_INR,83.508,INR,RBI_REFERENCE
2020-04-13,INDIA_MANUFACTURING_PMI,57.2,index_points,S_AND_P_GLOBAL
2020-04-14,USD_INR,83.508,INR,RBI_REFERENCE
2020-04-14,INDIA_MANUFACTURING_PMI,57.2,index_points,S_AND_P_GLOBAL
2020-04-15,USD_INR,83.54,INR,RBI_REFERENCE
2020-04-15,INDIA_MANUFACTURING_PMI,57.2,index_points,S_AND_P_GLOBAL
2020-04-16,USD_INR,83.537,INR,RBI_REFERENCE
2020-04-16,INDIA_MANUFACTURING_PMI,57.2,index_points,S_AND_P_GLOBAL
2020-04-17,USD_INR,83.491,INR,RBI_REFERENCE
2020-04-17,INDIA_MANUFACTURING_PMI,57.2,index_points,S_AND_P_GLOBAL
2020-04-18,USD_INR,83.503,INR,RBI_REFERENCE
2020-04-18,INDIA_MANUFACTURING_PMI,57.2,index_points,S_AND_P_GLOBAL
2020-04-19,USD_INR,83.533,INR,RBI_REFERENCE
2020-04-19,INDIA_MANUFACTURING_PMI,57.2,index_points,S_AND_P_GLOBAL
2020-04-20,USD_INR,83.561,INR,RBI_REFERENCE
2020-04-20,INDIA_MANUFACTURING_PMI,57.2,index_points,S_AND_P_GLOBAL
2020-04-21,USD_INR,83.618,INR,RBI_REFERENCE
2020-04-21,INDIA_MANUFACTURING_PMI,57.2,index_points,S_AND_P_GLOBAL
2020-04-22,USD_INR,83.576,INR,RBI_REFERENCE
2020-04-22,INDIA_MANUFACTURING_PMI,57.2,index_points,S_AND_P_GLOBAL
2020-04-23,USD_INR,83.545,INR,RBI_REFERENCE
2020-04-23,INDIA_MANUFACTURING_PMI,57.2,index_points,S_AND_P_GLOBAL
2020-04-24,USD_INR,83.6,INR,RBI_REFERENCE
2020-04-24,INDIA_MANUFACTURING_PMI,57.2,index_points,S_AND_P_GLOBAL
2020-04-25,USD_INR,83.652,INR,RBI_REFERENCE
2020-04-25,INDIA_MANUFACTURING_PMI,57.2,index_points,S_AND_P_GLOBAL
2020-04-26,USD_INR,83.572,INR,RBI_REFERENCE
2020-04-26,INDIA_MANUFACTURING_PMI,57.2,index_points,S_AND_P_GLOBAL
2020-04-27,USD_INR,83.597,INR,RBI_REFERENCE
2020-04-27,INDIA_MANUFACTURING_PMI,57.2,index_points,S_AND_P_GLOBAL
2020-04-28,USD_INR,83.681,INR,RBI_REFERENCE
2020-04-28,INDIA_MANUFACTURING_PMI,57.2,index_points,S_AND_P_GLOBAL
2020-04-29,USD_INR,83.675,INR,RBI_REFERENCE
2020-04-29,INDIA_MANUFACTURING_PMI,57.2,index_points,S_AND_P_GLOBAL
2020-04-30,USD_INR,83.64,INR,RBI_REFERENCE
2020-04-30,INDIA_MANUFACTURING_PMI,57.2,index_points,S_AND_P_GLOBAL
2020-05-01,USD_INR,83.62,INR,RBI_REFERENCE
2020-05-01,INDIA_MANUFACTURING_PMI,57.2,index_points,S_AND_P_GLOBAL
2020-05-02,USD_INR,83.541,INR,RBI_REFERENCE
2020-05-02,INDIA_MANUFACTURING_PMI,57.2,index_points,S_AND_P_GLOBAL
2020-05-03,USD_INR,83.575,INR,RBI_REFERENCE
2020-05-03,INDIA_MANUFACTURING_PMI,57.2,index_points,S_AND_P_GLOBAL
2020-05-04,USD_INR,83.568,INR,RBI_REFERENCE
2020-05-04,INDIA_MANUFACTURING_PMI,57.2,index_points,S_AND_P_GLOBAL
2020-05-05,USD_INR,83.539,INR,RBI_REFERENCE
2020-05-05,INDIA_MANUFACTURING_PMI,57.2,index_points,S_AND_P_GLOBAL
2020-05-06,USD_INR,83.57,INR,RBI_REFERENCE
2020-05-06,INDIA_MANUFACTURING_PMI,57.2,index_points,S_AND_P_GLOBAL
2020-05-07,USD_INR,83.608,INR,RBI_REFERENCE
2020-05-07,INDIA_MANUFACTURING_PMI,57.2,index_points,S_AND_P_GLOBAL
2020-05-08,USD_INR,83.567,INR,RBI_REFERENCE
2020-05-08,INDIA_MANUFACTURING_PMI,57.2,index_points,S_AND_P_GLOBAL
2020-05-09,USD_INR,83.527,INR,RBI_REFERENCE
2020-05-09,INDIA_MANUFACTURING_PMI,57.2,index_points,S_AND_P_GLOBAL
2020-05-10,USD_INR,83.585,INR,RBI_REFERENCE
2020-05-10,INDIA_MANUFACTURING_PMI,57.2,index_points,S_AND_P_GLOBAL
2020-05-11,USD_INR,83.59,INR,RBI_REFERENCE
2020-05-11,INDIA_MANUFACTURING_PMI,57.2,index_points,S_AND_P_GLOBAL
2020-05-12,USD_INR,83.596,INR,RBI_REFERENCE
2020-05-12,INDIA_MANUFACTURING_PMI,57.2,index_points,S_AND_P_GLOBAL
2020-05-13,USD_INR,83.665,INR,RBI_REFERENCE
2020-05-13,INDIA_MANUFACTURING_PMI,57.2,index_points,S_AND_P_GLOBAL
2020-05-14,USD_INR,83.649,INR,RBI_REFERENCE
2020-05-14,INDIA_MANUFACTURING_PMI,57.2,index_points,S_AND_P_GLOBAL
2020-05-15,USD_INR,83.693,INR,RBI_REFERENCE
2020-05-15,INDIA_MANUFACTURING_PMI,57.2,index_points,S_AND_P_GLOBAL
2020-05-16,USD_INR,83.753,INR,RBI_REFERENCE
2020-05-16,INDIA_MANUFACTURING_PMI,57.2,index_points,S_AND_P_GLOBAL
2020-05-17,USD_INR,83.733,INR,RBI_REFERENCE
2020-05-17,INDIA_MANUFACTURING_PMI,57.2,index_points,S_AND_P_GLOBAL
2020-05-18,USD_INR,83.7,INR,RBI_REFERENCE
2020-05-18,INDIA_MANUFACTURING_PMI,57.2,index_points,S_AND_P_GLOBAL
2020-05-19,USD_INR,83.724,INR,RBI_REFERENCE
2020-05-19,INDIA_MANUFACTURING_PMI,57.2,index_points,S_AND_P_GLOBAL
2020-05-20,USD_INR,83.667,INR,RBI_REFERENCE
2020-05-20,INDIA_MANUFACTURING_PMI,57.2,index_points,S_AND_P_GLOBAL
2020-05-21,USD_INR,83.616,INR,RBI_REFERENCE
2020-05-21,INDIA_MANUFACTURING_PMI,57.2,index_points,S_AND_P_GLOBAL
2020-05-22,USD_INR,83.683,INR,RBI_REFERENCE
2020-05-22,INDIA_MANUFACTURING_PMI,57.2,index_points,S_AND_P_GLOBAL
2020-05-23,USD_INR,83.696,INR,RBI_REFERENCE
2020-05-23,INDIA_MANUFACTURING_PMI,57.2,index_points,S_AND_P_GLOBAL
2020-05-24,USD_INR,83.707,INR,RBI_REFERENCE
2020-05-24,INDIA_MANUFACTURING_PMI,57.2,index_points,S_AND_P_GLOBAL
2020-05-25,USD_INR,83.693,INR,RBI_REFERENCE
2020-05-25,INDIA_MANUFACTURING_PMI,57.2,index_points,S_AND_P_GLOBAL
2020-05-26,USD_INR,83.693,INR,RBI_REFERENCE
2020-05-26,INDIA_MANUFACTURING_PMI,57.2,index_points,S_AND_P_GLOBAL
2020-05-27,USD_INR,83.743,INR,RBI_REFERENCE
2020-05-27,INDIA_MANUFACTURING_PMI,57.2,index_points,S_AND_P_GLOBAL
2020-05-28,USD_INR,83.722,INR,RBI_REFERENCE
2020-05-28,INDIA_MANUFACTURING_PMI,57.2,index_points,S_AND_P_GLOBAL
2020-05-29,USD_INR,83.695,INR,RBI_REFERENCE
2020-05-29,INDIA_MANUFACTURING_PMI,57.2,index_points,S_AND_P_GLOBAL
2020-05-30,USD_INR,83.751,INR,RBI_REFERENCE
2020-05-30,INDIA_MANUFACTURING_PMI,57.2,index_points,S_AND_P_GLOBAL
2020-05-31,USD_INR,83.719,INR,RBI_REFERENCE
2020-05-31,INDIA_MANUFACTURING_PMI,57.2,index_points,S_AND_P_GLOBAL
2020-06-01,USD_INR,83.7,INR,RBI_REFERENCE
2020-06-01,INDIA_MANUFACTURING_PMI,57.2,index_points,S_AND_P_GLOBAL
2020-06-02,USD_INR,83.744,INR,RBI_REFERENCE
2020-06-02,INDIA_MANUFACTURING_PMI,57.2,index_points,S_AND_P_GLOBAL
2020-06-03,USD_INR,83.773,INR,RBI_REFERENCE
2020-06-03,INDIA_MANUFACTURING_PMI,57.2,index_points,S_AND_P_GLOBAL
2020-06-04,USD_INR,83.801,INR,RBI_REFERENCE
2020-06-04,INDIA_MANUFACTURING_PMI,57.2,index_points,S_AND_P_GLOBAL
2020-06-05,USD_INR,83.78,INR,RBI_REFERENCE
2020-06-05,INDIA_MANUFACTURING_PMI,57.2,index_points,S_AND_P_GLOBAL
2020-06-06,USD_INR,83.754,INR,RBI_REFERENCE
2020-06-06,INDIA_MANUFACTURING_PMI,57.2,index_points,S_AND_P_GLOBAL
2020-06-07,USD_INR,83.756,INR,RBI_REFERENCE
2020-06-07,INDIA_MANUFACTURING_PMI,57.2,index_points,S_AND_P_GLOBAL
2020-06-08,USD_INR,83.757,INR,RBI_REFERENCE
2020-06-08,INDIA_MANUFACTURING_PMI,57.2,index_points,S_AND_P_GLOBAL
2020-06-09,USD_INR,83.716,INR,RBI_REFERENCE
2020-06-09,INDIA_MANUFACTURING_PMI,57.2,index_points,S_AND_P_GLOBAL
2020-06-10,USD_INR,83.732,INR,RBI_REFERENCE
2020-06-10,INDIA_MANUFACTURING_PMI,57.2,index_points,S_AND_P_GLOBAL
2020-06-11,USD_INR,83.645,INR,RBI_REFERENCE
2020-06-11,INDIA_MANUFACTURING_PMI,57.2,index_points,S_AND_P_GLOBAL
2020-06-12,USD_INR,83.656,INR,RBI_REFERENCE
2020-06-12,INDIA_MANUFACTURING_PMI,57.2,index_points,S_AND_P_GLOBAL
2020-06-13,USD_INR,83.589,INR,RBI_REFERENCE
2020-06-13,INDIA_MANUFACTURING_PMI,57.2,index_points,S_AND_P_GLOBAL
2020-06-14,USD_INR,83.656,INR,RBI_REFERENCE
2020-06-14,INDIA_MANUFACTURING_PMI,57.2,index_points,S_AND_P_GLOBAL
2020-06-15,USD_INR,83.667,INR,RBI_REFERENCE
2020-06-15,INDIA_MANUFACTURING_PMI,57.2,index_points,S_AND_P_GLOBAL
2020-06-16,USD_INR,83.566,INR,RBI_REFERENCE
2020-06-16,INDIA_MANUFACTURING_PMI,57.2,index_points,S_AND_P_GLOBAL
2020-06-17,USD_INR,83.591,INR,RBI_REFERENCE
2020-06-17,INDIA_MANUFACTURING_PMI,57.2,index_points,S_AND_P_GLOBAL
2020-06-18,USD_INR,83.642,INR,RBI_REFERENCE
2020-06-18,INDIA_MANUFACTURING_PMI,57.2,index_points,S_AND_P_GLOBAL
2020-06-19,USD_INR,83.558,INR,RBI_REFERENCE
2020-06-19,INDIA_MANUFACTURING_PMI,57.2,index_points,S_AND_P_GLOBAL
2020-06-20,USD_INR,83.631,INR,RBI_REFERENCE
2020-06-20,INDIA_MANUFACTURING_PMI,57.2,index_points,S_AND_P_GLOBAL
2020-06-21,USD_INR,83.671,INR,RBI_REFERENCE
2020-06-21,INDIA_MANUFACTURING_PMI,57.2,index_points,S_AND_P_GLOBAL
2020-06-22,USD_INR,83.704,INR,RBI_REFERENCE
2020-06-22,INDIA_MANUFACTURING_PMI,57.2,index_points,S_AND_P_GLOBAL
2020-06-23,USD_INR,83.698,INR,RBI_REFERENCE
2020-06-23,INDIA_MANUFACTURING_PMI,57.2,index_points,S_AND_P_GLOBAL
2020-06-24,USD_INR,83.688,INR,RBI_REFERENCE
2020-06-24,INDIA_MANUFACTURING_PMI,57.2,index_points,S_AND_P_GLOBAL
2020-06-25,USD_INR,83.658,INR,RBI_REFERENCE
2020-06-25,INDIA_MANUFACTURING_PMI,57.2,index_points,S_AND_P_GLOBAL
2020-06-26,USD_INR,83.717,INR,RBI_REFERENCE
2020-06-26,INDIA_MANUFACTURING_PMI,57.2,index_points,S_AND_P_GLOBAL
2020-06-27,USD_INR,83.757,INR,RBI_REFERENCE
2020-06-27,INDIA_MANUFACTURING_PMI,57.2,index_points,S_AND_P_GLOBAL
2020-06-28,USD_INR,83.716,INR,RBI_REFERENCE
2020-06-28,INDIA_MANUFACTURING_PMI,57.2,index_points,S_AND_P_GLOBAL
2020-06-29,USD_INR,83.717,INR,RBI_REFERENCE
2020-06-29,INDIA_MANUFACTURING_PMI,57.2,index_points,S_AND_P_GLOBAL
2020-06-30,USD_INR,83.788,INR,RBI_REFERENCE
2020-06-30,INDIA_MANUFACTURING_PMI,57.2,index_points,S_AND_P_GLOBAL
2020-07-01,USD_INR,83.785,INR,RBI_REFERENCE
2020-07-01,INDIA_MANUFACTURING_PMI,57.2,index_points,S_AND_P_GLOBAL
2020-07-02,USD_INR,83.794,INR,RBI_REFERENCE
2020-07-02,INDIA_MANUFACTURING_PMI,57.2,index_points,S_AND_P_GLOBAL
2020-07-03,USD_INR,83.729,INR,RBI_REFERENCE
2020-07-03,INDIA_MANUFACTURING_PMI,57.2,index_points,S_AND_P_GLOBAL
2020-07-04,USD_INR,83.783,INR,RBI_REFERENCE
2020-07-04,INDIA_MANUFACTURING_PMI,57.2,index_points,S_AND_P_GLOBAL
2020-07-05,USD_INR,83.733,INR,RBI_REFERENCE
2020-07-05,INDIA_MANUFACTURING_PMI,57.2,index_points,S_AND_P_GLOBAL
2020-07-06,USD_INR,83.707,INR,RBI_REFERENCE
2020-07-06,INDIA_MANUFACTURING_PMI,57.2,index_points,S_AND_P_GLOBAL
2020-07-07,USD_INR,83.747,INR,RBI_REFERENCE
2020-07-07,INDIA_MANUFACTURING_PMI,57.2,index_points,S_AND_P_GLOBAL
2020-07-08,USD_INR,83.752,INR,RBI_REFERENCE
2020-07-08,INDIA_MANUFACTURING_PMI,57.2,index_points,S_AND_P_GLOBAL
2020-07-09,USD_INR,83.722,INR,RBI_REFERENCE
2020-07-09,INDIA_MANUFACTURING_PMI,57.2,index_points,S_AND_P_GLOBAL
2020-07-10,USD_INR,83.696,INR,RBI_REFERENCE
2020-07-10,INDIA_MANUFACTURING_PMI,57.2,index_points,S_AND_P_GLOBAL
2020-07-11,USD_INR,83.696,INR,RBI_REFERENCE
2020-07-11,INDIA_MANUFACTURING_PMI,57.2,index_points,S_AND_P_GLOBAL
2020-07-12,USD_INR,83.647,INR,RBI_REFERENCE
2020-07-12,INDIA_MANUFACTURING_PMI,57.2,index_points,S_AND_P_GLOBAL
2020-07-13,USD_INR,83.659,INR,RBI_REFERENCE
2020-07-13,INDIA_MANUFACTURING_PMI,57.2,index_points,S_AND_P_GLOBAL
2020-07-14,USD_INR,83.661,INR,RBI_REFERENCE
2020-07-14,INDIA_MANUFACTURING_PMI,57.2,index_points,S_AND_P_GLOBAL
2020-07-15,USD_INR,83.731,INR,RBI_REFERENCE
2020-07-15,INDIA_MANUFACTURING_PMI,57.2,index_points,S_AND_P_GLOBAL
2020-07-16,USD_INR,83.675,INR,RBI_REFERENCE
2020-07-16,INDIA_MANUFACTURING_PMI,57.2,index_points,S_AND_P_GLOBAL
2020-07-17,USD_INR,83.702,INR,RBI_REFERENCE
2020-07-17,INDIA_MANUFACTURING_PMI,57.2,index_points,S_AND_P_GLOBAL
2020-07-18,USD_INR,83.73,INR,RBI_REFERENCE
2020-07-18,INDIA_MANUFACTURING_PMI,57.2,index_points,S_AND_P_GLOBAL
2020-07-19,USD_INR,83.735,INR,RBI_REFERENCE
2020-07-19,INDIA_MANUFACTURING_PMI,57.2,index_points,S_AND_P_GLOBAL
2020-07-20,USD_INR,83.723,INR,RBI_REFERENCE
2020-07-20,INDIA_MANUFACTURING_PMI,57.2,index_points,S_AND_P_GLOBAL
2020-07-21,USD_INR,83.783,INR,RBI_REFERENCE
2020-07-21,INDIA_MANUFACTURING_PMI,57.2,index_points,S_AND_P_GLOBAL
2020-07-22,USD_INR,83.779,INR,RBI_REFERENCE
2020-07-22,INDIA_MANUFACTURING_PMI,57.2,index_points,S_AND_P_GLOBAL
2020-07-23,USD_INR,83.77,INR,RBI_REFERENCE
2020-07-23,INDIA_MANUFACTURING_PMI,57.2,index_points,S_AND_P_GLOBAL
2020-07-24,USD_INR,83.738,INR,RBI_REFERENCE
2020-07-24,INDIA_MANUFACTURING_PMI,57.2,index_points,S_AND_P_GLOBAL
2020-07-25,USD_INR,83.679,INR,RBI_REFERENCE
2020-07-25,INDIA_MANUFACTURING_PMI,57.2,index_points,S_AND_P_GLOBAL
2020-07-26,USD_INR,83.729,INR,RBI_REFERENCE
2020-07-26,INDIA_MANUFACTURING_PMI,57.2,index_points,S_AND_P_GLOBAL
2020-07-27,USD_INR,83.763,INR,RBI_REFERENCE
2020-07-27,INDIA_MANUFACTURING_PMI,57.2,index_points,S_AND_P_GLOBAL
2020-07-28,USD_INR,83.763,INR,RBI_REFERENCE
2020-07-28,INDIA_MANUFACTURING_PMI,57.2,index_points,S_AND_P_GLOBAL
2020-07-29,USD_INR,83.735,INR,RBI_REFERENCE
2020-07-29,INDIA_MANUFACTURING_PMI,57.2,index_points,S_AND_P_GLOBAL
2020-07-30,USD_INR,83.784,INR,RBI_REFERENCE
2020-07-30,INDIA_MANUFACTURING_PMI,57.2,index_points,S_AND_P_GLOBAL
2020-07-31,USD_INR,83.873,INR,RBI_REFERENCE
2020-07-31,INDIA_MANUFACTURING_PMI,57.2,index_points,S_AND_P_GLOBAL
2020-08-01,USD_INR,83.882,INR,RBI_REFERENCE
2020-08-01,INDIA_MANUFACTURING_PMI,57.2,index_points,S_AND_P_GLOBAL
2020-08-02,USD_INR,83.994,INR,RBI_REFERENCE
2020-08-02,INDIA_MANUFACTURING_PMI,57.2,index_points,S_AND_P_GLOBAL
2020-08-03,USD_INR,83.985,INR,RBI_REFERENCE
2020-08-03,INDIA_MANUFACTURING_PMI,57.2,index_points,S_AND_P_GLOBAL
2020-08-04,USD_INR,83.951,INR,RBI_REFERENCE
2020-08-04,INDIA_MANUFACTURING_PMI,57.2,index_points,S_AND_P_GLOBAL
2020-08-05,USD_INR,83.983,INR,RBI_REFERENCE
2020-08-05,INDIA_MANUFACTURING_PMI,57.2,index_points,S_AND_P_GLOBAL
2020-08-06,USD_INR,83.974,INR,RBI_REFERENCE
2020-08-06,INDIA_MANUFACTURING_PMI,57.2,index_points,S_AND_P_GLOBAL
2020-08-07,USD_INR,84.009,INR,RBI_REFERENCE
2020-08-07,INDIA_MANUFACTURING_PMI,57.2,index_points,S_AND_P_GLOBAL
2020-08-08,USD_INR,84.055,INR,RBI_REFERENCE
2020-08-08,INDIA_MANUFACTURING_PMI,57.2,index_points,S_AND_P_GLOBAL
2020-08-09,USD_INR,84.06,INR,RBI_REFERENCE
2020-08-09,INDIA_MANUFACTURING_PMI,57.2,index_points,S_AND_P_GLOBAL
2020-08-10,USD_INR,83.986,INR,RBI_REFERENCE
2020-08-10,INDIA_MANUFACTURING_PMI,57.2,index_points,S_AND_P_GLOBAL
2020-08-11,USD_INR,83.957,INR,RBI_REFERENCE
2020-08-11,INDIA_MANUFACTURING_PMI,57.2,index_points,S_AND_P_GLOBAL
2020-08-12,USD_INR,83.984,INR,RBI_REFERENCE
2020-08-12,INDIA_MANUFACTURING_PMI,57.2,index_points,S_AND_P_GLOBAL
2020-08-13,USD_INR,83.962,INR,RBI_REFERENCE
2020-08-13,INDIA_MANUFACTURING_PMI,57.2,index_points,S_AND_P_GLOBAL
2020-08-14,USD_INR,83.999,INR,RBI_REFERENCE
2020-08-14,INDIA_MANUFACTURING_PMI,57.2,index_points,S_AND_P_GLOBAL
2020-08-15,USD_INR,84.012,INR,RBI_REFERENCE
2020-08-15,INDIA_MANUFACTURING_PMI,57.2,index_points,S_AND_P_GLOBAL
2020-08-16,USD_INR,83.959,INR,RBI_REFERENCE
2020-08-16,INDIA_MANUFACTURING_PMI,57.2,index_points,S_AND_P_GLOBAL
2020-08-17,USD_INR,83.946,INR,RBI_REFERENCE
2020-08-17,INDIA_MANUFACTURING_PMI,57.2,index_points,S_AND_P_GLOBAL
2020-08-18,USD_INR,83.965,INR,RBI_REFERENCE
2020-08-18,INDIA_MANUFACTURING_PMI,57.2,index_points,S_AND_P_GLOBAL
2020-08-19,USD_INR,83.975,INR,RBI_REFERENCE
2020-08-19,INDIA_MANUFACTURING_PMI,57.2,index_points,S_AND_P_GLOBAL
2020-08-20,USD_INR,83.964,INR,RBI_REFERENCE
2020-08-20,INDIA_MANUFACTURING_PMI,57.2,index_points,S_AND_P_GLOBAL
2020-08-21,USD_INR,83.957,INR,RBI_REFERENCE
2020-08-21,INDIA_MANUFACTURING_PMI,57.2,index_points,S_AND_P_GLOBAL
2020-08-22,USD_INR,83.931,INR,RBI_REFERENCE
2020-08-22,INDIA_MANUFACTURING_PMI,57.2,index_points,S_AND_P_GLOBAL
2020-08-23,USD_INR,83.954,INR,RBI_REFERENCE
2020-08-23,INDIA_MANUFACTURING_PMI,57.2,index_points,S_AND_P_GLOBAL
2020-08-24,USD_INR,83.999,INR,RBI_REFERENCE
2020-08-24,INDIA_MANUFACTURING_PMI,57.2,index_points,S_AND_P_GLOBAL
2020-08-25,USD_INR,84.094,INR,RBI_REFERENCE
2020-08-25,INDIA_MANUFACTURING_PMI,57.2,index_points,S_AND_P_GLOBAL
2020-08-26,USD_INR,84.067,INR,RBI_REFERENCE
2020-08-26,INDIA_MANUFACTURING_PMI,57.2,index_points,S_AND_P_GLOBAL
2020-08-27,USD_INR,84.064,INR,RBI_REFERENCE
2020-08-27,INDIA_MANUFACTURING_PMI,57.2,index_points,S_AND_P_GLOBAL
2020-08-28,USD_INR,83.941,INR,RBI_REFERENCE
2020-08-28,INDIA_MANUFACTURING_PMI,57.2,index_points,S_AND_P_GLOBAL
2020-08-29,USD_INR,83.929,INR,RBI_REFERENCE
2020-08-29,INDIA_MANUFACTURING_PMI,57.2,index_points,S_AND_P_GLOBAL
2020-08-30,USD_INR,83.894,INR,RBI_REFERENCE
2020-08-30,INDIA_MANUFACTURING_PMI,57.2,index_points,S_AND_P_GLOBAL
2020-08-31,USD_INR,83.93,INR,RBI_REFERENCE
2020-08-31,INDIA_MANUFACTURING_PMI,57.2,index_points,S_AND_P_GLOBAL
2020-09-01,USD_INR,83.854,INR,RBI_REFERENCE
2020-09-01,INDIA_MANUFACTURING_PMI,57.2,index_points,S_AND_P_GLOBAL
2020-09-02,USD_INR,83.869,INR,RBI_REFERENCE
2020-09-02,INDIA_MANUFACTURING_PMI,57.2,index_points,S_AND_P_GLOBAL
2020-09-03,USD_INR,83.868,INR,RBI_REFERENCE
2020-09-03,INDIA_MANUFACTURING_PMI,57.2,index_points,S_AND_P_GLOBAL
2020-09-04,USD_INR,83.888,INR,RBI_REFERENCE
2020-09-04,INDIA_MANUFACTURING_PMI,57.2,index_points,S_AND_P_GLOBAL
2020-09-05,USD_INR,83.905,INR,RBI_REFERENCE
2020-09-05,INDIA_MANUFACTURING_PMI,57.2,index_points,S_AND_P_GLOBAL
2020-09-06,USD_INR,83.899,INR,RBI_REFERENCE
2020-09-06,INDIA_MANUFACTURING_PMI,57.2,index_points,S_AND_P_GLOBAL
2020-09-07,USD_INR,83.892,INR,RBI_REFERENCE
2020-09-07,INDIA_MANUFACTURING_PMI,57.2,index_points,S_AND_P_GLOBAL
2020-09-08,USD_INR,83.962,INR,RBI_REFERENCE
2020-09-08,INDIA_MANUFACTURING_PMI,57.2,index_points,S_AND_P_GLOBAL
2020-09-09,USD_INR,83.999,INR,RBI_REFERENCE
2020-09-09,INDIA_MANUFACTURING_PMI,57.2,index_points,S_AND_P_GLOBAL
2020-09-10,USD_INR,84.001,INR,RBI_REFERENCE
2020-09-10,INDIA_MANUFACTURING_PMI,57.2,index_points,S_AND_P_GLOBAL
2020-09-11,USD_INR,84.021,INR,RBI_REFERENCE
2020-09-11,INDIA_MANUFACTURING_PMI,57.2,index_points,S_AND_P_GLOBAL
2020-09-12,USD_INR,84.076,INR,RBI_REFERENCE
2020-09-12,INDIA_MANUFACTURING_PMI,57.2,index_points,S_AND_P_GLOBAL
2020-09-13,USD_INR,84.092,INR,RBI_REFERENCE
2020-09-13,INDIA_MANUFACTURING_PMI,57.2,index_points,S_AND_P_GLOBAL
2020-09-14,USD_INR,84.029,INR,RBI_REFERENCE
2020-09-14,INDIA_MANUFACTURING_PMI,57.2,index_points,S_AND_P_GLOBAL
2020-09-15,USD_INR,84.088,INR,RBI_REFERENCE
2020-09-15,INDIA_MANUFACTURING_PMI,57.2,index_points,S_AND_P_GLOBAL
2020-09-16,USD_INR,84.133,INR,RBI_REFERENCE
2020-09-16,INDIA_MANUFACTURING_PMI,57.2,index_points,S_AND_P_GLOBAL
2020-09-17,USD_INR,84.163,INR,RBI_REFERENCE
2020-09-17,INDIA_MANUFACTURING_PMI,57.2,index_points,S_AND_P_GLOBAL
2020-09-18,USD_INR,84.155,INR,RBI_REFERENCE
2020-09-18,INDIA_MANUFACTURING_PMI,57.2,index_points,S_AND_P_GLOBAL
2020-09-19,USD_INR,84.172,INR,RBI_REFERENCE
2020-09-19,INDIA_MANUFACTURING_PMI,57.2,index_points,S_AND_P_GLOBAL
2020-09-20,USD_INR,84.229,INR,RBI_REFERENCE
2020-09-20,INDIA_MANUFACTURING_PMI,57.2,index_points,S_AND_P_GLOBAL
2020-09-21,USD_INR,84.216,INR,RBI_REFERENCE
2020-09-21,INDIA_MANUFACTURING_PMI,57.2,index_points,S_AND_P_GLOBAL
2020-09-22,USD_INR,84.206,INR,RBI_REFERENCE
2020-09-22,INDIA_MANUFACTURING_PMI,57.2,index_points,S_AND_P_GLOBAL
2020-09-23,USD_INR,84.23,INR,RBI_REFERENCE
2020-09-23,INDIA_MANUFACTURING_PMI,57.2,index_points,S_AND_P_GLOBAL
2020-09-24,USD_INR,84.231,INR,RBI_REFERENCE
2020-09-24,INDIA_MANUFACTURING_PMI,57.2,index_points,S_AND_P_GLOBAL
2020-09-25,USD_INR,84.298,INR,RBI_REFERENCE
2020-09-25,INDIA_MANUFACTURING_PMI,57.2,index_points,S_AND_P_GLOBAL
2020-09-26,USD_INR,84.297,INR,RBI_REFERENCE
2020-09-26,INDIA_MANUFACTURING_PMI,57.2,index_points,S_AND_P_GLOBAL
2020-09-27,USD_INR,84.376,INR,RBI_REFERENCE
2020-09-27,INDIA_MANUFACTURING_PMI,57.2,index_points,S_AND_P_GLOBAL
2020-09-28,USD_INR,84.352,INR,RBI_REFERENCE
2020-09-28,INDIA_MANUFACTURING_PMI,57.2,index_points,S_AND_P_GLOBAL
2020-09-29,USD_INR,84.314,INR,RBI_REFERENCE
2020-09-29,INDIA_MANUFACTURING_PMI,57.2,index_points,S_AND_P_GLOBAL
2020-09-30,USD_INR,84.324,INR,RBI_REFERENCE
2020-09-30,INDIA_MANUFACTURING_PMI,57.2,index_points,S_AND_P_GLOBAL
2020-10-01,USD_INR,84.276,INR,RBI_REFERENCE
2020-10-01,INDIA_MANUFACTURING_PMI,57.2,index_points,S_AND_P_GLOBAL
2020-10-02,USD_INR,84.282,INR,RBI_REFERENCE
2020-10-02,INDIA_MANUFACTURING_PMI,57.2,index_points,S_AND_P_GLOBAL
2020-10-03,USD_INR,84.28,INR,RBI_REFERENCE
2020-10-03,INDIA_MANUFACTURING_PMI,57.2,index_points,S_AND_P_GLOBAL
2020-10-04,USD_INR,84.304,INR,RBI_REFERENCE
2020-10-04,INDIA_MANUFACTURING_PMI,57.2,index_points,S_AND_P_GLOBAL
2020-10-05,USD_INR,84.238,INR,RBI_REFERENCE
2020-10-05,INDIA_MANUFACTURING_PMI,57.2,index_points,S_AND_P_GLOBAL
2020-10-06,USD_INR,84.308,INR,RBI_REFERENCE
2020-10-06,INDIA_MANUFACTURING_PMI,57.2,index_points,S_AND_P_GLOBAL
2020-10-07,USD_INR,84.334,INR,RBI_REFERENCE
2020-10-07,INDIA_MANUFACTURING_PMI,57.2,index_points,S_AND_P_GLOBAL
2020-10-08,USD_INR,84.304,INR,RBI_REFERENCE
2020-10-08,INDIA_MANUFACTURING_PMI,57.2,index_points,S_AND_P_GLOBAL
2020-10-09,USD_INR,84.328,INR,RBI_REFERENCE
2020-10-09,INDIA_MANUFACTURING_PMI,57.2,index_points,S_AND_P_GLOBAL
2020-10-10,USD_INR,84.315,INR,RBI_REFERENCE
2020-10-10,INDIA_MANUFACTURING_PMI,57.2,index_points,S_AND_P_GLOBAL
2020-10-11,USD_INR,84.321,INR,RBI_REFERENCE
2020-10-11,INDIA_MANUFACTURING_PMI,57.2,index_points,S_AND_P_GLOBAL
2020-10-12,USD_INR,84.365,INR,RBI_REFERENCE
2020-10-12,INDIA_MANUFACTURING_PMI,57.2,index_points,S_AND_P_GLOBAL
2020-10-13,USD_INR,84.389,INR,RBI_REFERENCE
2020-10-13,INDIA_MANUFACTURING_PMI,57.2,index_points,S_AND_P_GLOBAL
2020-10-14,USD_INR,84.42,INR,RBI_REFERENCE
2020-10-14,INDIA_MANUFACTURING_PMI,57.2,index_points,S_AND_P_GLOBAL
2020-10-15,USD_INR,84.376,INR,RBI_REFERENCE
2020-10-15,INDIA_MANUFACTURING_PMI,57.2,index_points,S_AND_P_GLOBAL
2020-10-16,USD_INR,84.456,INR,RBI_REFERENCE
2020-10-16,INDIA_MANUFACTURING_PMI,57.2,index_points,S_AND_P_GLOBAL
2020-10-17,USD_INR,84.428,INR,RBI_REFERENCE
2020-10-17,INDIA_MANUFACTURING_PMI,57.2,index_points,S_AND_P_GLOBAL
2020-10-18,USD_INR,84.421,INR,RBI_REFERENCE
2020-10-18,INDIA_MANUFACTURING_PMI,57.2,index_points,S_AND_P_GLOBAL
2020-10-19,USD_INR,84.446,INR,RBI_REFERENCE
2020-10-19,INDIA_MANUFACTURING_PMI,57.2,index_points,S_AND_P_GLOBAL
2020-10-20,USD_INR,84.38,INR,RBI_REFERENCE
2020-10-20,INDIA_MANUFACTURING_PMI,57.2,index_points,S_AND_P_GLOBAL
2020-10-21,USD_INR,84.371,INR,RBI_REFERENCE
2020-10-21,INDIA_MANUFACTURING_PMI,57.2,index_points,S_AND_P_GLOBAL
2020-10-22,USD_INR,84.361,INR,RBI_REFERENCE
2020-10-22,INDIA_MANUFACTURING_PMI,57.2,index_points,S_AND_P_GLOBAL
2020-10-23,USD_INR,84.317,INR,RBI_REFERENCE
2020-10-23,INDIA_MANUFACTURING_PMI,57.2,index_points,S_AND_P_GLOBAL
2020-10-24,USD_INR,84.37,INR,RBI_REFERENCE
2020-10-24,INDIA_MANUFACTURING_PMI,57.2,index_points,S_AND_P_GLOBAL
2020-10-25,USD_INR,84.375,INR,RBI_REFERENCE
2020-10-25,INDIA_MANUFACTURING_PMI,57.2,index_points,S_AND_P_GLOBAL
2020-10-26,USD_INR,84.358,INR,RBI_REFERENCE
2020-10-26,INDIA_MANUFACTURING_PMI,57.2,index_points,S_AND_P_GLOBAL
2020-10-27,USD_INR,84.407,INR,RBI_REFERENCE
2020-10-27,INDIA_MANUFACTURING_PMI,57.2,index_points,S_AND_P_GLOBAL
2020-10-28,USD_INR,84.471,INR,RBI_REFERENCE
2020-10-28,INDIA_MANUFACTURING_PMI,57.2,index_points,S_AND_P_GLOBAL
2020-10-29,USD_INR,84.377,INR,RBI_REFERENCE
2020-10-29,INDIA_MANUFACTURING_PMI,57.2,index_points,S_AND_P_GLOBAL
2020-10-30,USD_INR,84.379,INR,RBI_REFERENCE
2020-10-30,INDIA_MANUFACTURING_PMI,57.2,index_points,S_AND_P_GLOBAL
2020-10-31,USD_INR,84.335,INR,RBI_REFERENCE
2020-10-31,INDIA_MANUFACTURING_PMI,57.2,index_points,S_AND_P_GLOBAL
2020-11-01,USD_INR,84.37,INR,RBI_REFERENCE
2020-11-01,INDIA_MANUFACTURING_PMI,57.2,index_points,S_AND_P_GLOBAL
2020-11-02,USD_INR,84.346,INR,RBI_REFERENCE
2020-11-02,INDIA_MANUFACTURING_PMI,57.2,index_points,S_AND_P_GLOBAL
2020-11-03,USD_INR,84.406,INR,RBI_REFERENCE
2020-11-03,INDIA_MANUFACTURING_PMI,57.2,index_points,S_AND_P_GLOBAL
2020-11-04,USD_INR,84.398,INR,RBI_REFERENCE
2020-11-04,INDIA_MANUFACTURING_PMI,57.2,index_points,S_AND_P_GLOBAL
2020-11-05,USD_INR,84.384,INR,RBI_REFERENCE
2020-11-05,INDIA_MANUFACTURING_PMI,57.2,index_points,S_AND_P_GLOBAL
2020-11-06,USD_INR,84.38,INR,RBI_REFERENCE
2020-11-06,INDIA_MANUFACTURING_PMI,57.2,index_points,S_AND_P_GLOBAL
2020-11-07,USD_INR,84.376,INR,RBI_REFERENCE
2020-11-07,INDIA_MANUFACTURING_PMI,57.2,index_points,S_AND_P_GLOBAL
2020-11-08,USD_INR,84.346,INR,RBI_REFERENCE
2020-11-08,INDIA_MANUFACTURING_PMI,57.2,index_points,S_AND_P_GLOBAL
2020-11-09,USD_INR,84.359,INR,RBI_REFERENCE
2020-11-09,INDIA_MANUFACTURING_PMI,57.2,index_points,S_AND_P_GLOBAL
2020-11-10,USD_INR,84.301,INR,RBI_REFERENCE
2020-11-10,INDIA_MANUFACTURING_PMI,57.2,index_points,S_AND_P_GLOBAL
2020-11-11,USD_INR,84.3,INR,RBI_REFERENCE
2020-11-11,INDIA_MANUFACTURING_PMI,57.2,index_points,S_AND_P_GLOBAL
2020-11-12,USD_INR,84.356,INR,RBI_REFERENCE
2020-11-12,INDIA_MANUFACTURING_PMI,57.2,index_points,S_AND_P_GLOBAL
2020-11-13,USD_INR,84.359,INR,RBI_REFERENCE
2020-11-13,INDIA_MANUFACTURING_PMI,57.2,index_points,S_AND_P_GLOBAL
2020-11-14,USD_INR,84.376,INR,RBI_REFERENCE
2020-11-14,INDIA_MANUFACTURING_PMI,57.2,index_points,S_AND_P_GLOBAL
2020-11-15,USD_INR,84.331,INR,RBI_REFERENCE
2020-11-15,INDIA_MANUFACTURING_PMI,57.2,index_points,S_AND_P_GLOBAL
2020-11-16,USD_INR,84.356,INR,RBI_REFERENCE
2020-11-16,INDIA_MANUFACTURING_PMI,57.2,index_points,S_AND_P_GLOBAL
2020-11-17,USD_INR,84.425,INR,RBI_REFERENCE
2020-11-17,INDIA_MANUFACTURING_PMI,57.2,index_points,S_AND_P_GLOBAL
2020-11-18,USD_INR,84.484,INR,RBI_REFERENCE
2020-11-18,INDIA_MANUFACTURING_PMI,57.2,index_points,S_AND_P_GLOBAL
2020-11-19,USD_INR,84.477,INR,RBI_REFERENCE
2020-11-19,INDIA_MANUFACTURING_PMI,57.2,index_points,S_AND_P_GLOBAL
2020-11-20,USD_INR,84.534,INR,RBI_REFERENCE
2020-11-20,INDIA_MANUFACTURING_PMI,57.2,index_points,S_AND_P_GLOBAL
2020-11-21,USD_INR,84.491,INR,RBI_REFERENCE
2020-11-21,INDIA_MANUFACTURING_PMI,57.2,index_points,S_AND_P_GLOBAL
2020-11-22,USD_INR,84.546,INR,RBI_REFERENCE
2020-11-22,INDIA_MANUFACTURING_PMI,57.2,index_points,S_AND_P_GLOBAL
2020-11-23,USD_INR,84.65,INR,RBI_REFERENCE
2020-11-23,INDIA_MANUFACTURING_PMI,57.2,index_points,S_AND_P_GLOBAL
2020-11-24,USD_INR,84.643,INR,RBI_REFERENCE
2020-11-24,INDIA_MANUFACTURING_PMI,57.2,index_points,S_AND_P_GLOBAL
2020-11-25,USD_INR,84.666,INR,RBI_REFERENCE
2020-11-25,INDIA_MANUFACTURING_PMI,57.2,index_points,S_AND_P_GLOBAL
2020-11-26,USD_INR,84.619,INR,RBI_REFERENCE
2020-11-26,INDIA_MANUFACTURING_PMI,57.2,index_points,S_AND_P_GLOBAL
2020-11-27,USD_INR,84.589,INR,RBI_REFERENCE
2020-11-27,INDIA_MANUFACTURING_PMI,57.2,index_points,S_AND_P_GLOBAL
2020-11-28,USD_INR,84.569,INR,RBI_REFERENCE
2020-11-28,INDIA_MANUFACTURING_PMI,57.2,index_points,S_AND_P_GLOBAL
2020-11-29,USD_INR,84.591,INR,RBI_REFERENCE
2020-11-29,INDIA_MANUFACTURING_PMI,57.2,index_points,S_AND_P_GLOBAL
2020-11-30,USD_INR,84.643,INR,RBI_REFERENCE
2020-11-30,INDIA_MANUFACTURING_PMI,57.2,index_points,S_AND_P_GLOBAL
2020-12-01,USD_INR,84.683,INR,RBI_REFERENCE
2020-12-01,INDIA_MANUFACTURING_PMI,57.2,index_points,S_AND_P_GLOBAL
2020-12-02,USD_INR,84.709,INR,RBI_REFERENCE
2020-12-02,INDIA_MANUFACTURING_PMI,57.2,index_points,S_AND_P_GLOBAL
2020-12-03,USD_INR,84.736,INR,RBI_REFERENCE
2020-12-03,INDIA_MANUFACTURING_PMI,57.2,index_points,S_AND_P_GLOBAL
2020-12-04,USD_INR,84.712,INR,RBI_REFERENCE
2020-12-04,INDIA_MANUFACTURING_PMI,57.2,index_points,S_AND_P_GLOBAL
2020-12-05,USD_INR,84.687,INR,RBI_REFERENCE
2020-12-05,INDIA_MANUFACTURING_PMI,57.2,index_points,S_AND_P_GLOBAL
2020-12-06,USD_INR,84.735,INR,RBI_REFERENCE
2020-12-06,INDIA_MANUFACTURING_PMI,57.2,index_points,S_AND_P_GLOBAL
2020-12-07,USD_INR,84.7,INR,RBI_REFERENCE
2020-12-07,INDIA_MANUFACTURING_PMI,57.2,index_points,S_AND_P_GLOBAL
2020-12-08,USD_INR,84.675,INR,RBI_REFERENCE
2020-12-08,INDIA_MANUFACTURING_PMI,57.2,index_points,S_AND_P_GLOBAL
2020-12-09,USD_INR,84.709,INR,RBI_REFERENCE
2020-12-09,INDIA_MANUFACTURING_PMI,57.2,index_points,S_AND_P_GLOBAL
2020-12-10,USD_INR,84.65,INR,RBI_REFERENCE
2020-12-10,INDIA_MANUFACTURING_PMI,57.2,index_points,S_AND_P_GLOBAL
2020-12-11,USD_INR,84.693,INR,RBI_REFERENCE
2020-12-11,INDIA_MANUFACTURING_PMI,57.2,index_points,S_AND_P_GLOBAL
2020-12-12,USD_INR,84.605,INR,RBI_REFERENCE
2020-12-12,INDIA_MANUFACTURING_PMI,57.2,index_points,S_AND_P_GLOBAL
2020-12-13,USD_INR,84.592,INR,RBI_REFERENCE
2020-12-13,INDIA_MANUFACTURING_PMI,57.2,index_points,S_AND_P_GLOBAL
2020-12-14,USD_INR,84.541,INR,RBI_REFERENCE
2020-12-14,INDIA_MANUFACTURING_PMI,57.2,index_points,S_AND_P_GLOBAL
2020-12-15,USD_INR,84.57,INR,RBI_REFERENCE
2020-12-15,INDIA_MANUFACTURING_PMI,57.2,index_points,S_AND_P_GLOBAL
2020-12-16,USD_INR,84.494,INR,RBI_REFERENCE
2020-12-16,INDIA_MANUFACTURING_PMI,57.2,index_points,S_AND_P_GLOBAL
2020-12-17,USD_INR,84.433,INR,RBI_REFERENCE
2020-12-17,INDIA_MANUFACTURING_PMI,57.2,index_points,S_AND_P_GLOBAL
2020-12-18,USD_INR,84.472,INR,RBI_REFERENCE
2020-12-18,INDIA_MANUFACTURING_PMI,57.2,index_points,S_AND_P_GLOBAL
2020-12-19,USD_INR,84.492,INR,RBI_REFERENCE
2020-12-19,INDIA_MANUFACTURING_PMI,57.2,index_points,S_AND_P_GLOBAL
2020-12-20,USD_INR,84.431,INR,RBI_REFERENCE
2020-12-20,INDIA_MANUFACTURING_PMI,57.2,index_points,S_AND_P_GLOBAL
2020-12-21,USD_INR,84.461,INR,RBI_REFERENCE
2020-12-21,INDIA_MANUFACTURING_PMI,57.2,index_points,S_AND_P_GLOBAL
2020-12-22,USD_INR,84.493,INR,RBI_REFERENCE
2020-12-22,INDIA_MANUFACTURING_PMI,57.2,index_points,S_AND_P_GLOBAL
2020-12-23,USD_INR,84.465,INR,RBI_REFERENCE
2020-12-23,INDIA_MANUFACTURING_PMI,57.2,index_points,S_AND_P_GLOBAL
2020-12-24,USD_INR,84.476,INR,RBI_REFERENCE
2020-12-24,INDIA_MANUFACTURING_PMI,57.2,index_points,S_AND_P_GLOBAL
2020-12-25,USD_INR,84.458,INR,RBI_REFERENCE
2020-12-25,INDIA_MANUFACTURING_PMI,57.2,index_points,S_AND_P_GLOBAL
2020-12-26,USD_INR,84.458,INR,RBI_REFERENCE
2020-12-26,INDIA_MANUFACTURING_PMI,57.2,index_points,S_AND_P_GLOBAL
2020-12-27,USD_INR,84.417,INR,RBI_REFERENCE
2020-12-27,INDIA_MANUFACTURING_PMI,57.2,index_points,S_AND_P_GLOBAL
2020-12-28,USD_INR,84.452,INR,RBI_REFERENCE
2020-12-28,INDIA_MANUFACTURING_PMI,57.2,index_points,S_AND_P_GLOBAL
2020-12-29,USD_INR,84.466,INR,RBI_REFERENCE
2020-12-29,INDIA_MANUFACTURING_PMI,57.2,index_points,S_AND_P_GLOBAL
2020-12-30,USD_INR,84.486,INR,RBI_REFERENCE
2020-12-30,INDIA_MANUFACTURING_PMI,57.2,index_points,S_AND_P_GLOBAL
2020-12-31,USD_INR,84.516,INR,RBI_REFERENCE
2020-12-31,INDIA_MANUFACTURING_PMI,57.2,index_points,S_AND_P_GLOBAL
2021-01-01,USD_INR,84.473,INR,RBI_REFERENCE
2021-01-01,INDIA_MANUFACTURING_PMI,57.2,index_points,S_AND_P_GLOBAL
2021-01-02,USD_INR,84.467,INR,RBI_REFERENCE
2021-01-02,INDIA_MANUFACTURING_PMI,57.2,index_points,S_AND_P_GLOBAL
2021-01-03,USD_INR,84.421,INR,RBI_REFERENCE
2021-01-03,INDIA_MANUFACTURING_PMI,57.2,index_points,S_AND_P_GLOBAL
2021-01-04,USD_INR,84.388,INR,RBI_REFERENCE
2021-01-04,INDIA_MANUFACTURING_PMI,57.2,index_points,S_AND_P_GLOBAL
2021-01-05,USD_INR,84.405,INR,RBI_REFERENCE
2021-01-05,INDIA_MANUFACTURING_PMI,57.2,index_points,S_AND_P_GLOBAL
2021-01-06,USD_INR,84.416,INR,RBI_REFERENCE
2021-01-06,INDIA_MANUFACTURING_PMI,57.2,index_points,S_AND_P_GLOBAL
2021-01-07,USD_INR,84.434,INR,RBI_REFERENCE
2021-01-07,INDIA_MANUFACTURING_PMI,57.2,index_points,S_AND_P_GLOBAL
2021-01-08,USD_INR,84.334,INR,RBI_REFERENCE
2021-01-08,INDIA_MANUFACTURING_PMI,57.2,index_points,S_AND_P_GLOBAL
2021-01-09,USD_INR,84.339,INR,RBI_REFERENCE
2021-01-09,INDIA_MANUFACTURING_PMI,57.2,index_points,S_AND_P_GLOBAL
2021-01-10,USD_INR,84.316,INR,RBI_REFERENCE
2021-01-10,INDIA_MANUFACTURING_PMI,57.2,index_points,S_AND_P_GLOBAL
2021-01-11,USD_INR,84.4,INR,RBI_REFERENCE
2021-01-11,INDIA_MANUFACTURING_PMI,57.2,index_points,S_AND_P_GLOBAL
2021-01-12,USD_INR,84.377,INR,RBI_REFERENCE
2021-01-12,INDIA_MANUFACTURING_PMI,57.2,index_points,S_AND_P_GLOBAL
2021-01-13,USD_INR,84.387,INR,RBI_REFERENCE
2021-01-13,INDIA_MANUFACTURING_PMI,57.2,index_points,S_AND_P_GLOBAL
2021-01-14,USD_INR,84.381,INR,RBI_REFERENCE
2021-01-14,INDIA_MANUFACTURING_PMI,57.2,index_points,S_AND_P_GLOBAL
2021-01-15,USD_INR,84.356,INR,RBI_REFERENCE
2021-01-15,INDIA_MANUFACTURING_PMI,57.2,index_points,S_AND_P_GLOBAL
2021-01-16,USD_INR,84.287,INR,RBI_REFERENCE
2021-01-16,INDIA_MANUFACTURING_PMI,57.2,index_points,S_AND_P_GLOBAL
2021-01-17,USD_INR,84.262,INR,RBI_REFERENCE
2021-01-17,INDIA_MANUFACTURING_PMI,57.2,index_points,S_AND_P_GLOBAL
2021-01-18,USD_INR,84.319,INR,RBI_REFERENCE
2021-01-18,INDIA_MANUFACTURING_PMI,57.2,index_points,S_AND_P_GLOBAL
2021-01-19,USD_INR,84.33,INR,RBI_REFERENCE
2021-01-19,INDIA_MANUFACTURING_PMI,57.2,index_points,S_AND_P_GLOBAL
2021-01-20,USD_INR,84.305,INR,RBI_REFERENCE
2021-01-20,INDIA_MANUFACTURING_PMI,57.2,index_points,S_AND_P_GLOBAL
2021-01-21,USD_INR,84.272,INR,RBI_REFERENCE
2021-01-21,INDIA_MANUFACTURING_PMI,57.2,index_points,S_AND_P_GLOBAL
2021-01-22,USD_INR,84.248,INR,RBI_REFERENCE
2021-01-22,INDIA_MANUFACTURING_PMI,57.2,index_points,S_AND_P_GLOBAL
2021-01-23,USD_INR,84.197,INR,RBI_REFERENCE
2021-01-23,INDIA_MANUFACTURING_PMI,57.2,index_points,S_AND_P_GLOBAL
2021-01-24,USD_INR,84.168,INR,RBI_REFERENCE
2021-01-24,INDIA_MANUFACTURING_PMI,57.2,index_points,S_AND_P_GLOBAL
2021-01-25,USD_INR,84.176,INR,RBI_REFERENCE
2021-01-25,INDIA_MANUFACTURING_PMI,57.2,index_points,S_AND_P_GLOBAL
2021-01-26,USD_INR,84.162,INR,RBI_REFERENCE
2021-01-26,INDIA_MANUFACTURING_PMI,57.2,index_points,S_AND_P_GLOBAL
2021-01-27,USD_INR,84.171,INR,RBI_REFERENCE
2021-01-27,INDIA_MANUFACTURING_PMI,57.2,index_points,S_AND_P_GLOBAL
2021-01-28,USD_INR,84.222,INR,RBI_REFERENCE
2021-01-28,INDIA_MANUFACTURING_PMI,57.2,index_points,S_AND_P_GLOBAL
2021-01-29,USD_INR,84.24,INR,RBI_REFERENCE
2021-01-29,INDIA_MANUFACTURING_PMI,57.2,index_points,S_AND_P_GLOBAL
2021-01-30,USD_INR,84.256,INR,RBI_REFERENCE
2021-01-30,INDIA_MANUFACTURING_PMI,57.2,index_points,S_AND_P_GLOBAL
2021-01-31,USD_INR,84.259,INR,RBI_REFERENCE
2021-01-31,INDIA_MANUFACTURING_PMI,57.2,index_points,S_AND_P_GLOBAL
2021-02-01,USD_INR,84.324,INR,RBI_REFERENCE
2021-02-01,INDIA_MANUFACTURING_PMI,57.2,index_points,S_AND_P_GLOBAL
2021-02-02,USD_INR,84.285,INR,RBI_REFERENCE
2021-02-02,INDIA_MANUFACTURING_PMI,57.2,index_points,S_AND_P_GLOBAL
2021-02-03,USD_INR,84.301,INR,RBI_REFERENCE
2021-02-03,INDIA_MANUFACTURING_PMI,57.2,index_points,S_AND_P_GLOBAL
2021-02-04,USD_INR,84.277,INR,RBI_REFERENCE
2021-02-04,INDIA_MANUFACTURING_PMI,57.2,index_points,S_AND_P_GLOBAL
2021-02-05,USD_INR,84.29,INR,RBI_REFERENCE
2021-02-05,INDIA_MANUFACTURING_PMI,57.2,index_points,S_AND_P_GLOBAL
2021-02-06,USD_INR,84.271,INR,RBI_REFERENCE
2021-02-06,INDIA_MANUFACTURING_PMI,57.2,index_points,S_AND_P_GLOBAL
2021-02-07,USD_INR,84.29,INR,RBI_REFERENCE
2021-02-07,INDIA_MANUFACTURING_PMI,57.2,index_points,S_AND_P_GLOBAL
2021-02-08,USD_INR,84.293,INR,RBI_REFERENCE
2021-02-08,INDIA_MANUFACTURING_PMI,57.2,index_points,S_AND_P_GLOBAL
2021-02-09,USD_INR,84.347,INR,RBI_REFERENCE
2021-02-09,INDIA_MANUFACTURING_PMI,57.2,index_points,S_AND_P_GLOBAL
2021-02-10,USD_INR,84.321,INR,RBI_REFERENCE
2021-02-10,INDIA_MANUFACTURING_PMI,57.2,index_points,S_AND_P_GLOBAL
2021-02-11,USD_INR,84.28,INR,RBI_REFERENCE
2021-02-11,INDIA_MANUFACTURING_PMI,57.2,index_points,S_AND_P_GLOBAL
2021-02-12,USD_INR,84.295,INR,RBI_REFERENCE
2021-02-12,INDIA_MANUFACTURING_PMI,57.2,index_points,S_AND_P_GLOBAL
2021-02-13,USD_INR,84.283,INR,RBI_REFERENCE
2021-02-13,INDIA_MANUFACTURING_PMI,57.2,index_points,S_AND_P_GLOBAL
2021-02-14,USD_INR,84.322,INR,RBI_REFERENCE
2021-02-14,INDIA_MANUFACTURING_PMI,57.2,index_points,S_AND_P_GLOBAL
2021-02-15,USD_INR,84.271,INR,RBI_REFERENCE
2021-02-15,INDIA_MANUFACTURING_PMI,57.2,index_points,S_AND_P_GLOBAL
2021-02-16,USD_INR,84.312,INR,RBI_REFERENCE
2021-02-16,INDIA_MANUFACTURING_PMI,57.2,index_points,S_AND_P_GLOBAL
2021-02-17,USD_INR,84.282,INR,RBI_REFERENCE
2021-02-17,INDIA_MANUFACTURING_PMI,57.2,index_points,S_AND_P_GLOBAL
2021-02-18,USD_INR,84.366,INR,RBI_REFERENCE
2021-02-18,INDIA_MANUFACTURING_PMI,57.2,index_points,S_AND_P_GLOBAL
2021-02-19,USD_INR,84.408,INR,RBI_REFERENCE
2021-02-19,INDIA_MANUFACTURING_PMI,57.2,index_points,S_AND_P_GLOBAL
2021-02-20,USD_INR,84.406,INR,RBI_REFERENCE
2021-02-20,INDIA_MANUFACTURING_PMI,57.2,index_points,S_AND_P_GLOBAL
2021-02-21,USD_INR,84.365,INR,RBI_REFERENCE
2021-02-21,INDIA_MANUFACTURING_PMI,57.2,index_points,S_AND_P_GLOBAL
2021-02-22,USD_INR,84.304,INR,RBI_REFERENCE
2021-02-22,INDIA_MANUFACTURING_PMI,57.2,index_points,S_AND_P_GLOBAL
2021-02-23,USD_INR,84.353,INR,RBI_REFERENCE
2021-02-23,INDIA_MANUFACTURING_PMI,57.2,index_points,S_AND_P_GLOBAL
2021-02-24,USD_INR,84.379,INR,RBI_REFERENCE
2021-02-24,INDIA_MANUFACTURING_PMI,57.2,index_points,S_AND_P_GLOBAL
2021-02-25,USD_INR,84.413,INR,RBI_REFERENCE
2021-02-25,INDIA_MANUFACTURING_PMI,57.2,index_points,S_AND_P_GLOBAL
2021-02-26,USD_INR,84.341,INR,RBI_REFERENCE
2021-02-26,INDIA_MANUFACTURING_PMI,57.2,index_points,S_AND_P_GLOBAL
2021-02-27,USD_INR,84.377,INR,RBI_REFERENCE
2021-02-27,INDIA_MANUFACTURING_PMI,57.2,index_points,S_AND_P_GLOBAL
2021-02-28,USD_INR,84.311,INR,RBI_REFERENCE
2021-02-28,INDIA_MANUFACTURING_PMI,57.2,index_points,S_AND_P_GLOBAL
2021-03-01,USD_INR,84.307,INR,RBI_REFERENCE
2021-03-01,INDIA_MANUFACTURING_PMI,57.2,index_points,S_AND_P_GLOBAL
2021-03-02,USD_INR,84.279,INR,RBI_REFERENCE
2021-03-02,INDIA_MANUFACTURING_PMI,57.2,index_points,S_AND_P_GLOBAL
2021-03-03,USD_INR,84.262,INR,RBI_REFERENCE
2021-03-03,INDIA_MANUFACTURING_PMI,57.2,index_points,S_AND_P_GLOBAL
2021-03-04,USD_INR,84.199,INR,RBI_REFERENCE
2021-03-04,INDIA_MANUFACTURING_PMI,57.2,index_points,S_AND_P_GLOBAL
2021-03-05,USD_INR,84.202,INR,RBI_REFERENCE
2021-03-05,INDIA_MANUFACTURING_PMI,57.2,index_points,S_AND_P_GLOBAL
2021-03-06,USD_INR,84.217,INR,RBI_REFERENCE
2021-03-06,INDIA_MANUFACTURING_PMI,57.2,index_points,S_AND_P_GLOBAL
2021-03-07,USD_INR,84.204,INR,RBI_REFERENCE
2021-03-07,INDIA_MANUFACTURING_PMI,57.2,index_points,S_AND_P_GLOBAL
2021-03-08,USD_INR,84.232,INR,RBI_REFERENCE
2021-03-08,INDIA_MANUFACTURING_PMI,57.2,index_points,S_AND_P_GLOBAL
2021-03-09,USD_INR,84.152,INR,RBI_REFERENCE
2021-03-09,INDIA_MANUFACTURING_PMI,57.2,index_points,S_AND_P_GLOBAL
2021-03-10,USD_INR,84.168,INR,RBI_REFERENCE
2021-03-10,INDIA_MANUFACTURING_PMI,57.2,index_points,S_AND_P_GLOBAL
2021-03-11,USD_INR,84.212,INR,RBI_REFERENCE
2021-03-11,INDIA_MANUFACTURING_PMI,57.2,index_points,S_AND_P_GLOBAL
2021-03-12,USD_INR,84.22,INR,RBI_REFERENCE
2021-03-12,INDIA_MANUFACTURING_PMI,57.2,index_points,S_AND_P_GLOBAL
2021-03-13,USD_INR,84.239,INR,RBI_REFERENCE
2021-03-13,INDIA_MANUFACTURING_PMI,57.2,index_points,S_AND_P_GLOBAL
2021-03-14,USD_INR,84.185,INR,RBI_REFERENCE
2021-03-14,INDIA_MANUFACTURING_PMI,57.2,index_points,S_AND_P_GLOBAL
2021-03-15,USD_INR,84.134,INR,RBI_REFERENCE
2021-03-15,INDIA_MANUFACTURING_PMI,57.2,index_points,S_AND_P_GLOBAL
2021-03-16,USD_INR,84.082,INR,RBI_REFERENCE
2021-03-16,INDIA_MANUFACTURING_PMI,57.2,index_points,S_AND_P_GLOBAL
2021-03-17,USD_INR,84.151,INR,RBI_REFERENCE
2021-03-17,INDIA_MANUFACTURING_PMI,57.2,index_points,S_AND_P_GLOBAL
2021-03-18,USD_INR,84.122,INR,RBI_REFERENCE
2021-03-18,INDIA_MANUFACTURING_PMI,57.2,index_points,S_AND_P_GLOBAL
2021-03-19,USD_INR,84.107,INR,RBI_REFERENCE
2021-03-19,INDIA_MANUFACTURING_PMI,57.2,index_points,S_AND_P_GLOBAL
2021-03-20,USD_INR,84.094,INR,RBI_REFERENCE
2021-03-20,INDIA_MANUFACTURING_PMI,57.2,index_points,S_AND_P_GLOBAL
2021-03-21,USD_INR,84.121,INR,RBI_REFERENCE
2021-03-21,INDIA_MANUFACTURING_PMI,57.2,index_points,S_AND_P_GLOBAL
2021-03-22,USD_INR,84.113,INR,RBI_REFERENCE
2021-03-22,INDIA_MANUFACTURING_PMI,57.2,index_points,S_AND_P_GLOBAL
2021-03-23,USD_INR,84.123,INR,RBI_REFERENCE
2021-03-23,INDIA_MANUFACTURING_PMI,57.2,index_points,S_AND_P_GLOBAL
2021-03-24,USD_INR,84.132,INR,RBI_REFERENCE
2021-03-24,INDIA_MANUFACTURING_PMI,57.2,index_points,S_AND_P_GLOBAL
2021-03-25,USD_INR,84.147,INR,RBI_REFERENCE
2021-03-25,INDIA_MANUFACTURING_PMI,57.2,index_points,S_AND_P_GLOBAL
2021-03-26,USD_INR,84.178,INR,RBI_REFERENCE
2021-03-26,INDIA_MANUFACTURING_PMI,57.2,index_points,S_AND_P_GLOBAL
2021-03-27,USD_INR,84.173,INR,RBI_REFERENCE
2021-03-27,INDIA_MANUFACTURING_PMI,57.2,index_points,S_AND_P_GLOBAL
2021-03-28,USD_INR,84.225,INR,RBI_REFERENCE
2021-03-28,INDIA_MANUFACTURING_PMI,57.2,index_points,S_AND_P_GLOBAL
2021-03-29,USD_INR,84.216,INR,RBI_REFERENCE
2021-03-29,INDIA_MANUFACTURING_PMI,57.2,index_points,S_AND_P_GLOBAL
2021-03-30,USD_INR,84.109,INR,RBI_REFERENCE
2021-03-30,INDIA_MANUFACTURING_PMI,57.2,index_points,S_AND_P_GLOBAL
2021-03-31,USD_INR,84.15,INR,RBI_REFERENCE
2021-03-31,INDIA_MANUFACTURING_PMI,57.2,index_points,S_AND_P_GLOBAL
2021-04-01,USD_INR,84.091,INR,RBI_REFERENCE
2021-04-01,INDIA_MANUFACTURING_PMI,57.2,index_points,S_AND_P_GLOBAL
2021-04-02,USD_INR,84.173,INR,RBI_REFERENCE
2021-04-02,INDIA_MANUFACTURING_PMI,57.2,index_points,S_AND_P_GLOBAL
2021-04-03,USD_INR,84.258,INR,RBI_REFERENCE
2021-04-03,INDIA_MANUFACTURING_PMI,57.2,index_points,S_AND_P_GLOBAL
2021-04-04,USD_INR,84.211,INR,RBI_REFERENCE
2021-04-04,INDIA_MANUFACTURING_PMI,57.2,index_points,S_AND_P_GLOBAL
2021-04-05,USD_INR,84.171,INR,RBI_REFERENCE
2021-04-05,INDIA_MANUFACTURING_PMI,57.2,index_points,S_AND_P_GLOBAL
2021-04-06,USD_INR,84.249,INR,RBI_REFERENCE
2021-04-06,INDIA_MANUFACTURING_PMI,57.2,index_points,S_AND_P_GLOBAL
2021-04-07,USD_INR,84.273,INR,RBI_REFERENCE
2021-04-07,INDIA_MANUFACTURING_PMI,57.2,index_points,S_AND_P_GLOBAL
2021-04-08,USD_INR,84.282,INR,RBI_REFERENCE
2021-04-08,INDIA_MANUFACTURING_PMI,57.2,index_points,S_AND_P_GLOBAL
2021-04-09,USD_INR,84.392,INR,RBI_REFERENCE
2021-04-09,INDIA_MANUFACTURING_PMI,57.2,index_points,S_AND_P_GLOBAL
2021-04-10,USD_INR,84.383,INR,RBI_REFERENCE
2021-04-10,INDIA_MANUFACTURING_PMI,57.2,index_points,S_AND_P_GLOBAL
2021-04-11,USD_INR,84.431,INR,RBI_REFERENCE
2021-04-11,INDIA_MANUFACTURING_PMI,57.2,index_points,S_AND_P_GLOBAL
2021-04-12,USD_INR,84.472,INR,RBI_REFERENCE
2021-04-12,INDIA_MANUFACTURING_PMI,57.2,index_points,S_AND_P_GLOBAL
2021-04-13,USD_INR,84.473,INR,RBI_REFERENCE
2021-04-13,INDIA_MANUFACTURING_PMI,57.2,index_points,S_AND_P_GLOBAL
2021-04-14,USD_INR,84.483,INR,RBI_REFERENCE
2021-04-14,INDIA_MANUFACTURING_PMI,57.2,index_points,S_AND_P_GLOBAL
2021-04-15,USD_INR,84.413,INR,RBI_REFERENCE
2021-04-15,INDIA_MANUFACTURING_PMI,57.2,index_points,S_AND_P_GLOBAL
2021-04-16,USD_INR,84.419,INR,RBI_REFERENCE
2021-04-16,INDIA_MANUFACTURING_PMI,57.2,index_points,S_AND_P_GLOBAL
2021-04-17,USD_INR,84.425,INR,RBI_REFERENCE
2021-04-17,INDIA_MANUFACTURING_PMI,57.2,index_points,S_AND_P_GLOBAL
2021-04-18,USD_INR,84.429,INR,RBI_REFERENCE
2021-04-18,INDIA_MANUFACTURING_PMI,57.2,index_points,S_AND_P_GLOBAL
2021-04-19,USD_INR,84.39,INR,RBI_REFERENCE
2021-04-19,INDIA_MANUFACTURING_PMI,57.2,index_points,S_AND_P_GLOBAL
2021-04-20,USD_INR,84.38,INR,RBI_REFERENCE
2021-04-20,INDIA_MANUFACTURING_PMI,57.2,index_points,S_AND_P_GLOBAL
2021-04-21,USD_INR,84.38,INR,RBI_REFERENCE
2021-04-21,INDIA_MANUFACTURING_PMI,57.2,index_points,S_AND_P_GLOBAL
2021-04-22,USD_INR,84.378,INR,RBI_REFERENCE
2021-04-22,INDIA_MANUFACTURING_PMI,57.2,index_points,S_AND_P_GLOBAL
2021-04-23,USD_INR,84.449,INR,RBI_REFERENCE
2021-04-23,INDIA_MANUFACTURING_PMI,57.2,index_points,S_AND_P_GLOBAL
2021-04-24,USD_INR,84.468,INR,RBI_REFERENCE
2021-04-24,INDIA_MANUFACTURING_PMI,57.2,index_points,S_AND_P_GLOBAL
2021-04-25,USD_INR,84.418,INR,RBI_REFERENCE
2021-04-25,INDIA_MANUFACTURING_PMI,57.2,index_points,S_AND_P_GLOBAL
2021-04-26,USD_INR,84.344,INR,RBI_REFERENCE
2021-04-26,INDIA_MANUFACTURING_PMI,57.2,index_points,S_AND_P_GLOBAL
2021-04-27,USD_INR,84.362,INR,RBI_REFERENCE
2021-04-27,INDIA_MANUFACTURING_PMI,57.2,index_points,S_AND_P_GLOBAL
2021-04-28,USD_INR,84.387,INR,RBI_REFERENCE
2021-04-28,INDIA_MANUFACTURING_PMI,57.2,index_points,S_AND_P_GLOBAL
2021-04-29,USD_INR,84.472,INR,RBI_REFERENCE
2021-04-29,INDIA_MANUFACTURING_PMI,57.2,index_points,S_AND_P_GLOBAL
2021-04-30,USD_INR,84.514,INR,RBI_REFERENCE
2021-04-30,INDIA_MANUFACTURING_PMI,57.2,index_points,S_AND_P_GLOBAL
2021-05-01,USD_INR,84.525,INR,RBI_REFERENCE
2021-05-01,INDIA_MANUFACTURING_PMI,57.2,index_points,S_AND_P_GLOBAL
2021-05-02,USD_INR,84.523,INR,RBI_REFERENCE
2021-05-02,INDIA_MANUFACTURING_PMI,57.2,index_points,S_AND_P_GLOBAL
2021-05-03,USD_INR,84.538,INR,RBI_REFERENCE
2021-05-03,INDIA_MANUFACTURING_PMI,57.2,index_points,S_AND_P_GLOBAL
2021-05-04,USD_INR,84.581,INR,RBI_REFERENCE
2021-05-04,INDIA_MANUFACTURING_PMI,57.2,index_points,S_AND_P_GLOBAL
2021-05-05,USD_INR,84.564,INR,RBI_REFERENCE
2021-05-05,INDIA_MANUFACTURING_PMI,57.2,index_points,S_AND_P_GLOBAL
2021-05-06,USD_INR,84.562,INR,RBI_REFERENCE
2021-05-06,INDIA_MANUFACTURING_PMI,57.2,index_points,S_AND_P_GLOBAL
2021-05-07,USD_INR,84.476,INR,RBI_REFERENCE
2021-05-07,INDIA_MANUFACTURING_PMI,57.2,index_points,S_AND_P_GLOBAL
2021-05-08,USD_INR,84.394,INR,RBI_REFERENCE
2021-05-08,INDIA_MANUFACTURING_PMI,57.2,index_points,S_AND_P_GLOBAL
2021-05-09,USD_INR,84.417,INR,RBI_REFERENCE
2021-05-09,INDIA_MANUFACTURING_PMI,57.2,index_points,S_AND_P_GLOBAL
2021-05-10,USD_INR,84.394,INR,RBI_REFERENCE
2021-05-10,INDIA_MANUFACTURING_PMI,57.2,index_points,S_AND_P_GLOBAL
2021-05-11,USD_INR,84.407,INR,RBI_REFERENCE
2021-05-11,INDIA_MANUFACTURING_PMI,57.2,index_points,S_AND_P_GLOBAL
2021-05-12,USD_INR,84.474,INR,RBI_REFERENCE
2021-05-12,INDIA_MANUFACTURING_PMI,57.2,index_points,S_AND_P_GLOBAL
2021-05-13,USD_INR,84.509,INR,RBI_REFERENCE
2021-05-13,INDIA_MANUFACTURING_PMI,57.2,index_points,S_AND_P_GLOBAL
2021-05-14,USD_INR,84.48,INR,RBI_REFERENCE
2021-05-14,INDIA_MANUFACTURING_PMI,57.2,index_points,S_AND_P_GLOBAL
2021-05-15,USD_INR,84.383,INR,RBI_REFERENCE
2021-05-15,INDIA_MANUFACTURING_PMI,57.2,index_points,S_AND_P_GLOBAL
2021-05-16,USD_INR,84.404,INR,RBI_REFERENCE
2021-05-16,INDIA_MANUFACTURING_PMI,57.2,index_points,S_AND_P_GLOBAL
2021-05-17,USD_INR,84.39,INR,RBI_REFERENCE
2021-05-17,INDIA_MANUFACTURING_PMI,57.2,index_points,S_AND_P_GLOBAL
2021-05-18,USD_INR,84.385,INR,RBI_REFERENCE
2021-05-18,INDIA_MANUFACTURING_PMI,57.2,index_points,S_AND_P_GLOBAL
2021-05-19,USD_INR,84.333,INR,RBI_REFERENCE
2021-05-19,INDIA_MANUFACTURING_PMI,57.2,index_points,S_AND_P_GLOBAL
2021-05-20,USD_INR,84.417,INR,RBI_REFERENCE
2021-05-20,INDIA_MANUFACTURING_PMI,57.2,index_points,S_AND_P_GLOBAL
2021-05-21,USD_INR,84.399,INR,RBI_REFERENCE
2021-05-21,INDIA_MANUFACTURING_PMI,57.2,index_points,S_AND_P_GLOBAL
2021-05-22,USD_INR,84.325,INR,RBI_REFERENCE
2021-05-22,INDIA_MANUFACTURING_PMI,57.2,index_points,S_AND_P_GLOBAL
2021-05-23,USD_INR,84.279,INR,RBI_REFERENCE
2021-05-23,INDIA_MANUFACTURING_PMI,57.2,index_points,S_AND_P_GLOBAL
2021-05-24,USD_INR,84.283,INR,RBI_REFERENCE
2021-05-24,INDIA_MANUFACTURING_PMI,57.2,index_points,S_AND_P_GLOBAL
2021-05-25,USD_INR,84.278,INR,RBI_REFERENCE
2021-05-25,INDIA_MANUFACTURING_PMI,57.2,index_points,S_AND_P_GLOBAL
2021-05-26,USD_INR,84.239,INR,RBI_REFERENCE
2021-05-26,INDIA_MANUFACTURING_PMI,57.2,index_points,S_AND_P_GLOBAL
2021-05-27,USD_INR,84.232,INR,RBI_REFERENCE
2021-05-27,INDIA_MANUFACTURING_PMI,57.2,index_points,S_AND_P_GLOBAL
2021-05-28,USD_INR,84.21,INR,RBI_REFERENCE
2021-05-28,INDIA_MANUFACTURING_PMI,57.2,index_points,S_AND_P_GLOBAL
2021-05-29,USD_INR,84.23,INR,RBI_REFERENCE
2021-05-29,INDIA_MANUFACTURING_PMI,57.2,index_points,S_AND_P_GLOBAL
2021-05-30,USD_INR,84.241,INR,RBI_REFERENCE
2021-05-30,INDIA_MANUFACTURING_PMI,57.2,index_points,S_AND_P_GLOBAL
2021-05-31,USD_INR,84.3,INR,RBI_REFERENCE
2021-05-31,INDIA_MANUFACTURING_PMI,57.2,index_points,S_AND_P_GLOBAL
2021-06-01,USD_INR,84.266,INR,RBI_REFERENCE
2021-06-01,INDIA_MANUFACTURING_PMI,57.2,index_points,S_AND_P_GLOBAL
2021-06-02,USD_INR,84.182,INR,RBI_REFERENCE
2021-06-02,INDIA_MANUFACTURING_PMI,57.2,index_points,S_AND_P_GLOBAL
2021-06-03,USD_INR,84.148,INR,RBI_REFERENCE
2021-06-03,INDIA_MANUFACTURING_PMI,57.2,index_points,S_AND_P_GLOBAL
2021-06-04,USD_INR,84.258,INR,RBI_REFERENCE
2021-06-04,INDIA_MANUFACTURING_PMI,57.2,index_points,S_AND_P_GLOBAL
2021-06-05,USD_INR,84.318,INR,RBI_REFERENCE
2021-06-05,INDIA_MANUFACTURING_PMI,57.2,index_points,S_AND_P_GLOBAL
2021-06-06,USD_INR,84.388,INR,RBI_REFERENCE
2021-06-06,INDIA_MANUFACTURING_PMI,57.2,index_points,S_AND_P_GLOBAL
2021-06-07,USD_INR,84.376,INR,RBI_REFERENCE
2021-06-07,INDIA_MANUFACTURING_PMI,57.2,index_points,S_AND_P_GLOBAL
2021-06-08,USD_INR,84.395,INR,RBI_REFERENCE
2021-06-08,INDIA_MANUFACTURING_PMI,57.2,index_points,S_AND_P_GLOBAL
2021-06-09,USD_INR,84.343,INR,RBI_REFERENCE
2021-06-09,INDIA_MANUFACTURING_PMI,57.2,index_points,S_AND_P_GLOBAL
2021-06-10,USD_INR,84.3,INR,RBI_REFERENCE
2021-06-10,INDIA_MANUFACTURING_PMI,57.2,index_points,S_AND_P_GLOBAL
2021-06-11,USD_INR,84.286,INR,RBI_REFERENCE
2021-06-11,INDIA_MANUFACTURING_PMI,57.2,index_points,S_AND_P_GLOBAL
2021-06-12,USD_INR,84.336,INR,RBI_REFERENCE
2021-06-12,INDIA_MANUFACTURING_PMI,57.2,index_points,S_AND_P_GLOBAL
2021-06-13,USD_INR,84.392,INR,RBI_REFERENCE
2021-06-13,INDIA_MANUFACTURING_PMI,57.2,index_points,S_AND_P_GLOBAL
2021-06-14,USD_INR,84.398,INR,RBI_REFERENCE
2021-06-14,INDIA_MANUFACTURING_PMI,57.2,index_points,S_AND_P_GLOBAL
2021-06-15,USD_INR,84.416,INR,RBI_REFERENCE
2021-06-15,INDIA_MANUFACTURING_PMI,57.2,index_points,S_AND_P_GLOBAL
2021-06-16,USD_INR,84.423,INR,RBI_REFERENCE
2021-06-16,INDIA_MANUFACTURING_PMI,57.2,index_points,S_AND_P_GLOBAL
2021-06-17,USD_INR,84.417,INR,RBI_REFERENCE
2021-06-17,INDIA_MANUFACTURING_PMI,57.2,index_points,S_AND_P_GLOBAL
2021-06-18,USD_INR,84.404,INR,RBI_REFERENCE
2021-06-18,INDIA_MANUFACTURING_PMI,57.2,index_points,S_AND_P_GLOBAL
2021-06-19,USD_INR,84.438,INR,RBI_REFERENCE
2021-06-19,INDIA_MANUFACTURING_PMI,57.2,index_points,S_AND_P_GLOBAL
2021-06-20,USD_INR,84.408,INR,RBI_REFERENCE
2021-06-20,INDIA_MANUFACTURING_PMI,57.2,index_points,S_AND_P_GLOBAL
2021-06-21,USD_INR,84.512,INR,RBI_REFERENCE
2021-06-21,INDIA_MANUFACTURING_PMI,57.2,index_points,S_AND_P_GLOBAL
2021-06-22,USD_INR,84.504,INR,RBI_REFERENCE
2021-06-22,INDIA_MANUFACTURING_PMI,57.2,index_points,S_AND_P_GLOBAL
2021-06-23,USD_INR,84.441,INR,RBI_REFERENCE
2021-06-23,INDIA_MANUFACTURING_PMI,57.2,index_points,S_AND_P_GLOBAL
2021-06-24,USD_INR,84.436,INR,RBI_REFERENCE
2021-06-24,INDIA_MANUFACTURING_PMI,57.2,index_points,S_AND_P_GLOBAL
2021-06-25,USD_INR,84.492,INR,RBI_REFERENCE
2021-06-25,INDIA_MANUFACTURING_PMI,57.2,index_points,S_AND_P_GLOBAL
2021-06-26,USD_INR,84.448,INR,RBI_REFERENCE
2021-06-26,INDIA_MANUFACTURING_PMI,57.2,index_points,S_AND_P_GLOBAL
2021-06-27,USD_INR,84.471,INR,RBI_REFERENCE
2021-06-27,INDIA_MANUFACTURING_PMI,57.2,index_points,S_AND_P_GLOBAL
2021-06-28,USD_INR,84.527,INR,RBI_REFERENCE
2021-06-28,INDIA_MANUFACTURING_PMI,57.2,index_points,S_AND_P_GLOBAL
2021-06-29,USD_INR,84.551,INR,RBI_REFERENCE
2021-06-29,INDIA_MANUFACTURING_PMI,57.2,index_points,S_AND_P_GLOBAL
2021-06-30,USD_INR,84.585,INR,RBI_REFERENCE
2021-06-30,INDIA_MANUFACTURING_PMI,57.2,index_points,S_AND_P_GLOBAL
2021-07-01,USD_INR,84.609,INR,RBI_REFERENCE
2021-07-01,INDIA_MANUFACTURING_PMI,57.2,index_points,S_AND_P_GLOBAL
2021-07-02,USD_INR,84.598,INR,RBI_REFERENCE
2021-07-02,INDIA_MANUFACTURING_PMI,57.2,index_points,S_AND_P_GLOBAL
2021-07-03,USD_INR,84.549,INR,RBI_REFERENCE
2021-07-03,INDIA_MANUFACTURING_PMI,57.2,index_points,S_AND_P_GLOBAL
2021-07-04,USD_INR,84.578,INR,RBI_REFERENCE
2021-07-04,INDIA_MANUFACTURING_PMI,57.2,index_points,S_AND_P_GLOBAL
2021-07-05,USD_INR,84.59,INR,RBI_REFERENCE
2021-07-05,INDIA_MANUFACTURING_PMI,57.2,index_points,S_AND_P_GLOBAL
2021-07-06,USD_INR,84.598,INR,RBI_REFERENCE
2021-07-06,INDIA_MANUFACTURING_PMI,57.2,index_points,S_AND_P_GLOBAL
2021-07-07,USD_INR,84.653,INR,RBI_REFERENCE
2021-07-07,INDIA_MANUFACTURING_PMI,57.2,index_points,S_AND_P_GLOBAL
2021-07-08,USD_INR,84.612,INR,RBI_REFERENCE
2021-07-08,INDIA_MANUFACTURING_PMI,57.2,index_points,S_AND_P_GLOBAL
2021-07-09,USD_INR,84.594,INR,RBI_REFERENCE
2021-07-09,INDIA_MANUFACTURING_PMI,57.2,index_points,S_AND_P_GLOBAL
2021-07-10,USD_INR,84.605,INR,RBI_REFERENCE
2021-07-10,INDIA_MANUFACTURING_PMI,57.2,index_points,S_AND_P_GLOBAL
2021-07-11,USD_INR,84.657,INR,RBI_REFERENCE
2021-07-11,INDIA_MANUFACTURING_PMI,57.2,index_points,S_AND_P_GLOBAL
2021-07-12,USD_INR,84.707,INR,RBI_REFERENCE
2021-07-12,INDIA_MANUFACTURING_PMI,57.2,index_points,S_AND_P_GLOBAL
2021-07-13,USD_INR,84.73,INR,RBI_REFERENCE
2021-07-13,INDIA_MANUFACTURING_PMI,57.2,index_points,S_AND_P_GLOBAL
2021-07-14,USD_INR,84.753,INR,RBI_REFERENCE
2021-07-14,INDIA_MANUFACTURING_PMI,57.2,index_points,S_AND_P_GLOBAL
2021-07-15,USD_INR,84.768,INR,RBI_REFERENCE
2021-07-15,INDIA_MANUFACTURING_PMI,57.2,index_points,S_AND_P_GLOBAL
2021-07-16,USD_INR,84.747,INR,RBI_REFERENCE
2021-07-16,INDIA_MANUFACTURING_PMI,57.2,index_points,S_AND_P_GLOBAL
2021-07-17,USD_INR,84.753,INR,RBI_REFERENCE
2021-07-17,INDIA_MANUFACTURING_PMI,57.2,index_points,S_AND_P_GLOBAL
2021-07-18,USD_INR,84.672,INR,RBI_REFERENCE
2021-07-18,INDIA_MANUFACTURING_PMI,57.2,index_points,S_AND_P_GLOBAL
2021-07-19,USD_INR,84.603,INR,RBI_REFERENCE
2021-07-19,INDIA_MANUFACTURING_PMI,57.2,index_points,S_AND_P_GLOBAL
2021-07-20,USD_INR,84.701,INR,RBI_REFERENCE
2021-07-20,INDIA_MANUFACTURING_PMI,57.2,index_points,S_AND_P_GLOBAL
2021-07-21,USD_INR,84.705,INR,RBI_REFERENCE
2021-07-21,INDIA_MANUFACTURING_PMI,57.2,index_points,S_AND_P_GLOBAL
2021-07-22,USD_INR,84.763,INR,RBI_REFERENCE
2021-07-22,INDIA_MANUFACTURING_PMI,57.2,index_points,S_AND_P_GLOBAL
2021-07-23,USD_INR,84.69,INR,RBI_REFERENCE
2021-07-23,INDIA_MANUFACTURING_PMI,57.2,index_points,S_AND_P_GLOBAL
2021-07-24,USD_INR,84.688,INR,RBI_REFERENCE
2021-07-24,INDIA_MANUFACTURING_PMI,57.2,index_points,S_AND_P_GLOBAL
2021-07-25,USD_INR,84.722,INR,RBI_REFERENCE
2021-07-25,INDIA_MANUFACTURING_PMI,57.2,index_points,S_AND_P_GLOBAL
2021-07-26,USD_INR,84.659,INR,RBI_REFERENCE
2021-07-26,INDIA_MANUFACTURING_PMI,57.2,index_points,S_AND_P_GLOBAL
2021-07-27,USD_INR,84.599,INR,RBI_REFERENCE
2021-07-27,INDIA_MANUFACTURING_PMI,57.2,index_points,S_AND_P_GLOBAL
2021-07-28,USD_INR,84.55,INR,RBI_REFERENCE
2021-07-28,INDIA_MANUFACTURING_PMI,57.2,index_points,S_AND_P_GLOBAL
2021-07-29,USD_INR,84.61,INR,RBI_REFERENCE
2021-07-29,INDIA_MANUFACTURING_PMI,57.2,index_points,S_AND_P_GLOBAL
2021-07-30,USD_INR,84.58,INR,RBI_REFERENCE
2021-07-30,INDIA_MANUFACTURING_PMI,57.2,index_points,S_AND_P_GLOBAL
2021-07-31,USD_INR,84.592,INR,RBI_REFERENCE
2021-07-31,INDIA_MANUFACTURING_PMI,57.2,index_points,S_AND_P_GLOBAL
2021-08-01,USD_INR,84.577,INR,RBI_REFERENCE
2021-08-01,INDIA_MANUFACTURING_PMI,57.2,index_points,S_AND_P_GLOBAL
2021-08-02,USD_INR,84.53,INR,RBI_REFERENCE
2021-08-02,INDIA_MANUFACTURING_PMI,57.2,index_points,S_AND_P_GLOBAL
2021-08-03,USD_INR,84.5,INR,RBI_REFERENCE
2021-08-03,INDIA_MANUFACTURING_PMI,57.2,index_points,S_AND_P_GLOBAL
2021-08-04,USD_INR,84.469,INR,RBI_REFERENCE
2021-08-04,INDIA_MANUFACTURING_PMI,57.2,index_points,S_AND_P_GLOBAL
2021-08-05,USD_INR,84.453,INR,RBI_REFERENCE
2021-08-05,INDIA_MANUFACTURING_PMI,57.2,index_points,S_AND_P_GLOBAL
2021-08-06,USD_INR,84.452,INR,RBI_REFERENCE
2021-08-06,INDIA_MANUFACTURING_PMI,57.2,index_points,S_AND_P_GLOBAL
2021-08-07,USD_INR,84.464,INR,RBI_REFERENCE
2021-08-07,INDIA_MANUFACTURING_PMI,57.2,index_points,S_AND_P_GLOBAL
2021-08-08,USD_INR,84.393,INR,RBI_REFERENCE
2021-08-08,INDIA_MANUFACTURING_PMI,57.2,index_points,S_AND_P_GLOBAL
2021-08-09,USD_INR,84.428,INR,RBI_REFERENCE
2021-08-09,INDIA_MANUFACTURING_PMI,57.2,index_points,S_AND_P_GLOBAL
2021-08-10,USD_INR,84.384,INR,RBI_REFERENCE
2021-08-10,INDIA_MANUFACTURING_PMI,57.2,index_points,S_AND_P_GLOBAL
2021-08-11,USD_INR,84.341,INR,RBI_REFERENCE
2021-08-11,INDIA_MANUFACTURING_PMI,57.2,index_points,S_AND_P_GLOBAL
2021-08-12,USD_INR,84.35,INR,RBI_REFERENCE
2021-08-12,INDIA_MANUFACTURING_PMI,57.2,index_points,S_AND_P_GLOBAL
2021-08-13,USD_INR,84.369,INR,RBI_REFERENCE
2021-08-13,INDIA_MANUFACTURING_PMI,57.2,index_points,S_AND_P_GLOBAL
2021-08-14,USD_INR,84.388,INR,RBI_REFERENCE
2021-08-14,INDIA_MANUFACTURING_PMI,57.2,index_points,S_AND_P_GLOBAL
2021-08-15,USD_INR,84.39,INR,RBI_REFERENCE
2021-08-15,INDIA_MANUFACTURING_PMI,57.2,index_points,S_AND_P_GLOBAL
2021-08-16,USD_INR,84.312,INR,RBI_REFERENCE
2021-08-16,INDIA_MANUFACTURING_PMI,57.2,index_points,S_AND_P_GLOBAL
2021-08-17,USD_INR,84.312,INR,RBI_REFERENCE
2021-08-17,INDIA_MANUFACTURING_PMI,57.2,index_points,S_AND_P_GLOBAL
2021-08-18,USD_INR,84.294,INR,RBI_REFERENCE
2021-08-18,INDIA_MANUFACTURING_PMI,57.2,index_points,S_AND_P_GLOBAL
2021-08-19,USD_INR,84.206,INR,RBI_REFERENCE
2021-08-19,INDIA_MANUFACTURING_PMI,57.2,index_points,S_AND_P_GLOBAL
2021-08-20,USD_INR,84.171,INR,RBI_REFERENCE
2021-08-20,INDIA_MANUFACTURING_PMI,57.2,index_points,S_AND_P_GLOBAL
2021-08-21,USD_INR,84.212,INR,RBI_REFERENCE
2021-08-21,INDIA_MANUFACTURING_PMI,57.2,index_points,S_AND_P_GLOBAL
2021-08-22,USD_INR,84.202,INR,RBI_REFERENCE
2021-08-22,INDIA_MANUFACTURING_PMI,57.2,index_points,S_AND_P_GLOBAL
2021-08-23,USD_INR,84.249,INR,RBI_REFERENCE
2021-08-23,INDIA_MANUFACTURING_PMI,57.2,index_points,S_AND_P_GLOBAL
2021-08-24,USD_INR,84.24,INR,RBI_REFERENCE
2021-08-24,INDIA_MANUFACTURING_PMI,57.2,index_points,S_AND_P_GLOBAL
2021-08-25,USD_INR,84.24,INR,RBI_REFERENCE
2021-08-25,INDIA_MANUFACTURING_PMI,57.2,index_points,S_AND_P_GLOBAL
2021-08-26,USD_INR,84.298,INR,RBI_REFERENCE
2021-08-26,INDIA_MANUFACTURING_PMI,57.2,index_points,S_AND_P_GLOBAL
2021-08-27,USD_INR,84.319,INR,RBI_REFERENCE
2021-08-27,INDIA_MANUFACTURING_PMI,57.2,index_points,S_AND_P_GLOBAL
2021-08-28,USD_INR,84.327,INR,RBI_REFERENCE
2021-08-28,INDIA_MANUFACTURING_PMI,57.2,index_points,S_AND_P_GLOBAL
2021-08-29,USD_INR,84.335,INR,RBI_REFERENCE
2021-08-29,INDIA_MANUFACTURING_PMI,57.2,index_points,S_AND_P_GLOBAL
2021-08-30,USD_INR,84.312,INR,RBI_REFERENCE
2021-08-30,INDIA_MANUFACTURING_PMI,57.2,index_points,S_AND_P_GLOBAL
2021-08-31,USD_INR,84.357,INR,RBI_REFERENCE
2021-08-31,INDIA_MANUFACTURING_PMI,57.2,index_points,S_AND_P_GLOBAL
2021-09-01,USD_INR,84.389,INR,RBI_REFERENCE
2021-09-01,INDIA_MANUFACTURING_PMI,57.2,index_points,S_AND_P_GLOBAL
2021-09-02,USD_INR,84.453,INR,RBI_REFERENCE
2021-09-02,INDIA_MANUFACTURING_PMI,57.2,index_points,S_AND_P_GLOBAL
2021-09-03,USD_INR,84.463,INR,RBI_REFERENCE
2021-09-03,INDIA_MANUFACTURING_PMI,57.2,index_points,S_AND_P_GLOBAL
2021-09-04,USD_INR,84.475,INR,RBI_REFERENCE
2021-09-04,INDIA_MANUFACTURING_PMI,57.2,index_points,S_AND_P_GLOBAL
2021-09-05,USD_INR,84.49,INR,RBI_REFERENCE
2021-09-05,INDIA_MANUFACTURING_PMI,57.2,index_points,S_AND_P_GLOBAL
2021-09-06,USD_INR,84.435,INR,RBI_REFERENCE
2021-09-06,INDIA_MANUFACTURING_PMI,57.2,index_points,S_AND_P_GLOBAL
2021-09-07,USD_INR,84.451,INR,RBI_REFERENCE
2021-09-07,INDIA_MANUFACTURING_PMI,57.2,index_points,S_AND_P_GLOBAL
2021-09-08,USD_INR,84.367,INR,RBI_REFERENCE
2021-09-08,INDIA_MANUFACTURING_PMI,57.2,index_points,S_AND_P_GLOBAL
2021-09-09,USD_INR,84.354,INR,RBI_REFERENCE
2021-09-09,INDIA_MANUFACTURING_PMI,57.2,index_points,S_AND_P_GLOBAL
2021-09-10,USD_INR,84.385,INR,RBI_REFERENCE
2021-09-10,INDIA_MANUFACTURING_PMI,57.2,index_points,S_AND_P_GLOBAL
2021-09-11,USD_INR,84.374,INR,RBI_REFERENCE
2021-09-11,INDIA_MANUFACTURING_PMI,57.2,index_points,S_AND_P_GLOBAL
2021-09-12,USD_INR,84.313,INR,RBI_REFERENCE
2021-09-12,INDIA_MANUFACTURING_PMI,57.2,index_points,S_AND_P_GLOBAL
2021-09-13,USD_INR,84.322,INR,RBI_REFERENCE
2021-09-13,INDIA_MANUFACTURING_PMI,57.2,index_points,S_AND_P_GLOBAL
2021-09-14,USD_INR,84.36,INR,RBI_REFERENCE
2021-09-14,INDIA_MANUFACTURING_PMI,57.2,index_points,S_AND_P_GLOBAL
2021-09-15,USD_INR,84.326,INR,RBI_REFERENCE
2021-09-15,INDIA_MANUFACTURING_PMI,57.2,index_points,S_AND_P_GLOBAL
2021-09-16,USD_INR,84.338,INR,RBI_REFERENCE
2021-09-16,INDIA_MANUFACTURING_PMI,57.2,index_points,S_AND_P_GLOBAL
2021-09-17,USD_INR,84.319,INR,RBI_REFERENCE
2021-09-17,INDIA_MANUFACTURING_PMI,57.2,index_points,S_AND_P_GLOBAL
2021-09-18,USD_INR,84.366,INR,RBI_REFERENCE
2021-09-18,INDIA_MANUFACTURING_PMI,57.2,index_points,S_AND_P_GLOBAL
2021-09-19,USD_INR,84.477,INR,RBI_REFERENCE
2021-09-19,INDIA_MANUFACTURING_PMI,57.2,index_points,S_AND_P_GLOBAL
2021-09-20,USD_INR,84.452,INR,RBI_REFERENCE
2021-09-20,INDIA_MANUFACTURING_PMI,57.2,index_points,S_AND_P_GLOBAL
2021-09-21,USD_INR,84.385,INR,RBI_REFERENCE
2021-09-21,INDIA_MANUFACTURING_PMI,57.2,index_points,S_AND_P_GLOBAL
2021-09-22,USD_INR,84.395,INR,RBI_REFERENCE
2021-09-22,INDIA_MANUFACTURING_PMI,57.2,index_points,S_AND_P_GLOBAL
2021-09-23,USD_INR,84.379,INR,RBI_REFERENCE
2021-09-23,INDIA_MANUFACTURING_PMI,57.2,index_points,S_AND_P_GLOBAL
2021-09-24,USD_INR,84.429,INR,RBI_REFERENCE
2021-09-24,INDIA_MANUFACTURING_PMI,57.2,index_points,S_AND_P_GLOBAL
2021-09-25,USD_INR,84.391,INR,RBI_REFERENCE
2021-09-25,INDIA_MANUFACTURING_PMI,57.2,index_points,S_AND_P_GLOBAL
2021-09-26,USD_INR,84.401,INR,RBI_REFERENCE
2021-09-26,INDIA_MANUFACTURING_PMI,57.2,index_points,S_AND_P_GLOBAL
2021-09-27,USD_INR,84.421,INR,RBI_REFERENCE
2021-09-27,INDIA_MANUFACTURING_PMI,57.2,index_points,S_AND_P_GLOBAL
2021-09-28,USD_INR,84.436,INR,RBI_REFERENCE
2021-09-28,INDIA_MANUFACTURING_PMI,57.2,index_points,S_AND_P_GLOBAL
2021-09-29,USD_INR,84.452,INR,RBI_REFERENCE
2021-09-29,INDIA_MANUFACTURING_PMI,57.2,index_points,S_AND_P_GLOBAL
2021-09-30,USD_INR,84.505,INR,RBI_REFERENCE
2021-09-30,INDIA_MANUFACTURING_PMI,57.2,index_points,S_AND_P_GLOBAL
2021-10-01,USD_INR,84.56,INR,RBI_REFERENCE
2021-10-01,INDIA_MANUFACTURING_PMI,57.2,index_points,S_AND_P_GLOBAL
2021-10-02,USD_INR,84.566,INR,RBI_REFERENCE
2021-10-02,INDIA_MANUFACTURING_PMI,57.2,index_points,S_AND_P_GLOBAL
2021-10-03,USD_INR,84.603,INR,RBI_REFERENCE
2021-10-03,INDIA_MANUFACTURING_PMI,57.2,index_points,S_AND_P_GLOBAL
2021-10-04,USD_INR,84.68,INR,RBI_REFERENCE
2021-10-04,INDIA_MANUFACTURING_PMI,57.2,index_points,S_AND_P_GLOBAL
2021-10-05,USD_INR,84.63,INR,RBI_REFERENCE
2021-10-05,INDIA_MANUFACTURING_PMI,57.2,index_points,S_AND_P_GLOBAL
2021-10-06,USD_INR,84.734,INR,RBI_REFERENCE
2021-10-06,INDIA_MANUFACTURING_PMI,57.2,index_points,S_AND_P_GLOBAL
2021-10-07,USD_INR,84.735,INR,RBI_REFERENCE
2021-10-07,INDIA_MANUFACTURING_PMI,57.2,index_points,S_AND_P_GLOBAL
2021-10-08,USD_INR,84.746,INR,RBI_REFERENCE
2021-10-08,INDIA_MANUFACTURING_PMI,57.2,index_points,S_AND_P_GLOBAL
2021-10-09,USD_INR,84.773,INR,RBI_REFERENCE
2021-10-09,INDIA_MANUFACTURING_PMI,57.2,index_points,S_AND_P_GLOBAL
2021-10-10,USD_INR,84.847,INR,RBI_REFERENCE
2021-10-10,INDIA_MANUFACTURING_PMI,57.2,index_points,S_AND_P_GLOBAL
2021-10-11,USD_INR,84.894,INR,RBI_REFERENCE
2021-10-11,INDIA_MANUFACTURING_PMI,57.2,index_points,S_AND_P_GLOBAL
2021-10-12,USD_INR,84.96,INR,RBI_REFERENCE
2021-10-12,INDIA_MANUFACTURING_PMI,57.2,index_points,S_AND_P_GLOBAL
2021-10-13,USD_INR,85.019,INR,RBI_REFERENCE
2021-10-13,INDIA_MANUFACTURING_PMI,57.2,index_points,S_AND_P_GLOBAL
2021-10-14,USD_INR,84.977,INR,RBI_REFERENCE
2021-10-14,INDIA_MANUFACTURING_PMI,57.2,index_points,S_AND_P_GLOBAL
2021-10-15,USD_INR,85.004,INR,RBI_REFERENCE
2021-10-15,INDIA_MANUFACTURING_PMI,57.2,index_points,S_AND_P_GLOBAL
2021-10-16,USD_INR,84.976,INR,RBI_REFERENCE
2021-10-16,INDIA_MANUFACTURING_PMI,57.2,index_points,S_AND_P_GLOBAL
2021-10-17,USD_INR,84.963,INR,RBI_REFERENCE
2021-10-17,INDIA_MANUFACTURING_PMI,57.2,index_points,S_AND_P_GLOBAL
2021-10-18,USD_INR,84.892,INR,RBI_REFERENCE
2021-10-18,INDIA_MANUFACTURING_PMI,57.2,index_points,S_AND_P_GLOBAL
2021-10-19,USD_INR,84.884,INR,RBI_REFERENCE
2021-10-19,INDIA_MANUFACTURING_PMI,57.2,index_points,S_AND_P_GLOBAL
2021-10-20,USD_INR,84.897,INR,RBI_REFERENCE
2021-10-20,INDIA_MANUFACTURING_PMI,57.2,index_points,S_AND_P_GLOBAL
2021-10-21,USD_INR,84.849,INR,RBI_REFERENCE
2021-10-21,INDIA_MANUFACTURING_PMI,57.2,index_points,S_AND_P_GLOBAL
2021-10-22,USD_INR,84.866,INR,RBI_REFERENCE
2021-10-22,INDIA_MANUFACTURING_PMI,57.2,index_points,S_AND_P_GLOBAL
2021-10-23,USD_INR,84.884,INR,RBI_REFERENCE
2021-10-23,INDIA_MANUFACTURING_PMI,57.2,index_points,S_AND_P_GLOBAL
2021-10-24,USD_INR,84.893,INR,RBI_REFERENCE
2021-10-24,INDIA_MANUFACTURING_PMI,57.2,index_points,S_AND_P_GLOBAL
2021-10-25,USD_INR,84.89,INR,RBI_REFERENCE
2021-10-25,INDIA_MANUFACTURING_PMI,57.2,index_points,S_AND_P_GLOBAL
2021-10-26,USD_INR,84.824,INR,RBI_REFERENCE
2021-10-26,INDIA_MANUFACTURING_PMI,57.2,index_points,S_AND_P_GLOBAL
2021-10-27,USD_INR,84.805,INR,RBI_REFERENCE
2021-10-27,INDIA_MANUFACTURING_PMI,57.2,index_points,S_AND_P_GLOBAL
2021-10-28,USD_INR,84.806,INR,RBI_REFERENCE
2021-10-28,INDIA_MANUFACTURING_PMI,57.2,index_points,S_AND_P_GLOBAL
2021-10-29,USD_INR,84.807,INR,RBI_REFERENCE
2021-10-29,INDIA_MANUFACTURING_PMI,57.2,index_points,S_AND_P_GLOBAL
2021-10-30,USD_INR,84.804,INR,RBI_REFERENCE
2021-10-30,INDIA_MANUFACTURING_PMI,57.2,index_points,S_AND_P_GLOBAL
2021-10-31,USD_INR,84.814,INR,RBI_REFERENCE
2021-10-31,INDIA_MANUFACTURING_PMI,57.2,index_points,S_AND_P_GLOBAL
2021-11-01,USD_INR,84.781,INR,RBI_REFERENCE
2021-11-01,INDIA_MANUFACTURING_PMI,57.2,index_points,S_AND_P_GLOBAL
2021-11-02,USD_INR,84.788,INR,RBI_REFERENCE
2021-11-02,INDIA_MANUFACTURING_PMI,57.2,index_points,S_AND_P_GLOBAL
2021-11-03,USD_INR,84.782,INR,RBI_REFERENCE
2021-11-03,INDIA_MANUFACTURING_PMI,57.2,index_points,S_AND_P_GLOBAL
2021-11-04,USD_INR,84.79,INR,RBI_REFERENCE
2021-11-04,INDIA_MANUFACTURING_PMI,57.2,index_points,S_AND_P_GLOBAL
2021-11-05,USD_INR,84.838,INR,RBI_REFERENCE
2021-11-05,INDIA_MANUFACTURING_PMI,57.2,index_points,S_AND_P_GLOBAL
2021-11-06,USD_INR,84.814,INR,RBI_REFERENCE
2021-11-06,INDIA_MANUFACTURING_PMI,57.2,index_points,S_AND_P_GLOBAL
2021-11-07,USD_INR,84.866,INR,RBI_REFERENCE
2021-11-07,INDIA_MANUFACTURING_PMI,57.2,index_points,S_AND_P_GLOBAL
2021-11-08,USD_INR,84.936,INR,RBI_REFERENCE
2021-11-08,INDIA_MANUFACTURING_PMI,57.2,index_points,S_AND_P_GLOBAL
2021-11-09,USD_INR,84.923,INR,RBI_REFERENCE
2021-11-09,INDIA_MANUFACTURING_PMI,57.2,index_points,S_AND_P_GLOBAL
2021-11-10,USD_INR,84.925,INR,RBI_REFERENCE
2021-11-10,INDIA_MANUFACTURING_PMI,57.2,index_points,S_AND_P_GLOBAL
2021-11-11,USD_INR,84.946,INR,RBI_REFERENCE
2021-11-11,INDIA_MANUFACTURING_PMI,57.2,index_points,S_AND_P_GLOBAL
2021-11-12,USD_INR,84.953,INR,RBI_REFERENCE
2021-11-12,INDIA_MANUFACTURING_PMI,57.2,index_points,S_AND_P_GLOBAL
2021-11-13,USD_INR,84.965,INR,RBI_REFERENCE
2021-11-13,INDIA_MANUFACTURING_PMI,57.2,index_points,S_AND_P_GLOBAL
2021-11-14,USD_INR,84.891,INR,RBI_REFERENCE
2021-11-14,INDIA_MANUFACTURING_PMI,57.2,index_points,S_AND_P_GLOBAL
2021-11-15,USD_INR,84.888,INR,RBI_REFERENCE
2021-11-15,INDIA_MANUFACTURING_PMI,57.2,index_points,S_AND_P_GLOBAL
2021-11-16,USD_INR,84.848,INR,RBI_REFERENCE
2021-11-16,INDIA_MANUFACTURING_PMI,57.2,index_points,S_AND_P_GLOBAL
2021-11-17,USD_INR,84.829,INR,RBI_REFERENCE
2021-11-17,INDIA_MANUFACTURING_PMI,57.2,index_points,S_AND_P_GLOBAL
2021-11-18,USD_INR,84.875,INR,RBI_REFERENCE
2021-11-18,INDIA_MANUFACTURING_PMI,57.2,index_points,S_AND_P_GLOBAL
2021-11-19,USD_INR,84.891,INR,RBI_REFERENCE
2021-11-19,INDIA_MANUFACTURING_PMI,57.2,index_points,S_AND_P_GLOBAL
2021-11-20,USD_INR,84.916,INR,RBI_REFERENCE
2021-11-20,INDIA_MANUFACTURING_PMI,57.2,index_points,S_AND_P_GLOBAL
2021-11-21,USD_INR,84.911,INR,RBI_REFERENCE
2021-11-21,INDIA_MANUFACTURING_PMI,57.2,index_points,S_AND_P_GLOBAL
2021-11-22,USD_INR,84.899,INR,RBI_REFERENCE
2021-11-22,INDIA_MANUFACTURING_PMI,57.2,index_points,S_AND_P_GLOBAL
2021-11-23,USD_INR,84.944,INR,RBI_REFERENCE
2021-11-23,INDIA_MANUFACTURING_PMI,57.2,index_points,S_AND_P_GLOBAL
2021-11-24,USD_INR,84.935,INR,RBI_REFERENCE
2021-11-24,INDIA_MANUFACTURING_PMI,57.2,index_points,S_AND_P_GLOBAL
2021-11-25,USD_INR,84.968,INR,RBI_REFERENCE
2021-11-25,INDIA_MANUFACTURING_PMI,57.2,index_points,S_AND_P_GLOBAL
2021-11-26,USD_INR,85.014,INR,RBI_REFERENCE
2021-11-26,INDIA_MANUFACTURING_PMI,57.2,index_points,S_AND_P_GLOBAL
2021-11-27,USD_INR,85.045,INR,RBI_REFERENCE
2021-11-27,INDIA_MANUFACTURING_PMI,57.2,index_points,S_AND_P_GLOBAL
2021-11-28,USD_INR,85.069,INR,RBI_REFERENCE
2021-11-28,INDIA_MANUFACTURING_PMI,57.2,index_points,S_AND_P_GLOBAL
2021-11-29,USD_INR,85.035,INR,RBI_REFERENCE
2021-11-29,INDIA_MANUFACTURING_PMI,57.2,index_points,S_AND_P_GLOBAL
2021-11-30,USD_INR,84.983,INR,RBI_REFERENCE
2021-11-30,INDIA_MANUFACTURING_PMI,57.2,index_points,S_AND_P_GLOBAL
2021-12-01,USD_INR,84.997,INR,RBI_REFERENCE
2021-12-01,INDIA_MANUFACTURING_PMI,57.2,index_points,S_AND_P_GLOBAL
2021-12-02,USD_INR,85.037,INR,RBI_REFERENCE
2021-12-02,INDIA_MANUFACTURING_PMI,57.2,index_points,S_AND_P_GLOBAL
2021-12-03,USD_INR,85.033,INR,RBI_REFERENCE
2021-12-03,INDIA_MANUFACTURING_PMI,57.2,index_points,S_AND_P_GLOBAL
2021-12-04,USD_INR,85.006,INR,RBI_REFERENCE
2021-12-04,INDIA_MANUFACTURING_PMI,57.2,index_points,S_AND_P_GLOBAL
2021-12-05,USD_INR,85.009,INR,RBI_REFERENCE
2021-12-05,INDIA_MANUFACTURING_PMI,57.2,index_points,S_AND_P_GLOBAL
2021-12-06,USD_INR,85.034,INR,RBI_REFERENCE
2021-12-06,INDIA_MANUFACTURING_PMI,57.2,index_points,S_AND_P_GLOBAL
2021-12-07,USD_INR,85.122,INR,RBI_REFERENCE
2021-12-07,INDIA_MANUFACTURING_PMI,57.2,index_points,S_AND_P_GLOBAL
2021-12-08,USD_INR,85.153,INR,RBI_REFERENCE
2021-12-08,INDIA_MANUFACTURING_PMI,57.2,index_points,S_AND_P_GLOBAL
2021-12-09,USD_INR,85.127,INR,RBI_REFERENCE
2021-12-09,INDIA_MANUFACTURING_PMI,57.2,index_points,S_AND_P_GLOBAL
2021-12-10,USD_INR,85.124,INR,RBI_REFERENCE
2021-12-10,INDIA_MANUFACTURING_PMI,57.2,index_points,S_AND_P_GLOBAL
2021-12-11,USD_INR,85.174,INR,RBI_REFERENCE
2021-12-11,INDIA_MANUFACTURING_PMI,57.2,index_points,S_AND_P_GLOBAL
2021-12-12,USD_INR,85.153,INR,RBI_REFERENCE
2021-12-12,INDIA_MANUFACTURING_PMI,57.2,index_points,S_AND_P_GLOBAL
2021-12-13,USD_INR,85.129,INR,RBI_REFERENCE
2021-12-13,INDIA_MANUFACTURING_PMI,57.2,index_points,S_AND_P_GLOBAL
2021-12-14,USD_INR,85.131,INR,RBI_REFERENCE
2021-12-14,INDIA_MANUFACTURING_PMI,57.2,index_points,S_AND_P_GLOBAL
2021-12-15,USD_INR,85.095,INR,RBI_REFERENCE
2021-12-15,INDIA_MANUFACTURING_PMI,57.2,index_points,S_AND_P_GLOBAL
2021-12-16,USD_INR,85.085,INR,RBI_REFERENCE
2021-12-16,INDIA_MANUFACTURING_PMI,57.2,index_points,S_AND_P_GLOBAL
2021-12-17,USD_INR,85.019,INR,RBI_REFERENCE
2021-12-17,INDIA_MANUFACTURING_PMI,57.2,index_points,S_AND_P_GLOBAL
2021-12-18,USD_INR,84.983,INR,RBI_REFERENCE
2021-12-18,INDIA_MANUFACTURING_PMI,57.2,index_points,S_AND_P_GLOBAL
2021-12-19,USD_INR,84.985,INR,RBI_REFERENCE
2021-12-19,INDIA_MANUFACTURING_PMI,57.2,index_points,S_AND_P_GLOBAL
2021-12-20,USD_INR,84.988,INR,RBI_REFERENCE
2021-12-20,INDIA_MANUFACTURING_PMI,57.2,index_points,S_AND_P_GLOBAL
2021-12-21,USD_INR,84.98,INR,RBI_REFERENCE
2021-12-21,INDIA_MANUFACTURING_PMI,57.2,index_points,S_AND_P_GLOBAL
2021-12-22,USD_INR,85.003,INR,RBI_REFERENCE
2021-12-22,INDIA_MANUFACTURING_PMI,57.2,index_points,S_AND_P_GLOBAL
2021-12-23,USD_INR,85.011,INR,RBI_REFERENCE
2021-12-23,INDIA_MANUFACTURING_PMI,57.2,index_points,S_AND_P_GLOBAL
2021-12-24,USD_INR,85.005,INR,RBI_REFERENCE
2021-12-24,INDIA_MANUFACTURING_PMI,57.2,index_points,S_AND_P_GLOBAL
2021-12-25,USD_INR,85.014,INR,RBI_REFERENCE
2021-12-25,INDIA_MANUFACTURING_PMI,57.2,index_points,S_AND_P_GLOBAL
2021-12-26,USD_INR,84.955,INR,RBI_REFERENCE
2021-12-26,INDIA_MANUFACTURING_PMI,57.2,index_points,S_AND_P_GLOBAL
2021-12-27,USD_INR,84.866,INR,RBI_REFERENCE
2021-12-27,INDIA_MANUFACTURING_PMI,57.2,index_points,S_AND_P_GLOBAL
2021-12-28,USD_INR,84.89,INR,RBI_REFERENCE
2021-12-28,INDIA_MANUFACTURING_PMI,57.2,index_points,S_AND_P_GLOBAL
2021-12-29,USD_INR,84.896,INR,RBI_REFERENCE
2021-12-29,INDIA_MANUFACTURING_PMI,57.2,index_points,S_AND_P_GLOBAL
2021-12-30,USD_INR,84.876,INR,RBI_REFERENCE
2021-12-30,INDIA_MANUFACTURING_PMI,57.2,index_points,S_AND_P_GLOBAL
2021-12-31,USD_INR,84.814,INR,RBI_REFERENCE
2021-12-31,INDIA_MANUFACTURING_PMI,57.2,index_points,S_AND_P_GLOBAL
2022-01-01,USD_INR,84.809,INR,RBI_REFERENCE
2022-01-01,INDIA_MANUFACTURING_PMI,57.2,index_points,S_AND_P_GLOBAL
2022-01-02,USD_INR,84.824,INR,RBI_REFERENCE
2022-01-02,INDIA_MANUFACTURING_PMI,57.2,index_points,S_AND_P_GLOBAL
2022-01-03,USD_INR,84.824,INR,RBI_REFERENCE
2022-01-03,INDIA_MANUFACTURING_PMI,57.2,index_points,S_AND_P_GLOBAL
2022-01-04,USD_INR,84.761,INR,RBI_REFERENCE
2022-01-04,INDIA_MANUFACTURING_PMI,57.2,index_points,S_AND_P_GLOBAL
2022-01-05,USD_INR,84.796,INR,RBI_REFERENCE
2022-01-05,INDIA_MANUFACTURING_PMI,57.2,index_points,S_AND_P_GLOBAL
2022-01-06,USD_INR,84.776,INR,RBI_REFERENCE
2022-01-06,INDIA_MANUFACTURING_PMI,57.2,index_points,S_AND_P_GLOBAL
2022-01-07,USD_INR,84.693,INR,RBI_REFERENCE
2022-01-07,INDIA_MANUFACTURING_PMI,57.2,index_points,S_AND_P_GLOBAL
2022-01-08,USD_INR,84.708,INR,RBI_REFERENCE
2022-01-08,INDIA_MANUFACTURING_PMI,57.2,index_points,S_AND_P_GLOBAL
2022-01-09,USD_INR,84.726,INR,RBI_REFERENCE
2022-01-09,INDIA_MANUFACTURING_PMI,57.2,index_points,S_AND_P_GLOBAL
2022-01-10,USD_INR,84.686,INR,RBI_REFERENCE
2022-01-10,INDIA_MANUFACTURING_PMI,57.2,index_points,S_AND_P_GLOBAL
2022-01-11,USD_INR,84.65,INR,RBI_REFERENCE
2022-01-11,INDIA_MANUFACTURING_PMI,57.2,index_points,S_AND_P_GLOBAL
2022-01-12,USD_INR,84.688,INR,RBI_REFERENCE
2022-01-12,INDIA_MANUFACTURING_PMI,57.2,index_points,S_AND_P_GLOBAL
2022-01-13,USD_INR,84.698,INR,RBI_REFERENCE
2022-01-13,INDIA_MANUFACTURING_PMI,57.2,index_points,S_AND_P_GLOBAL
2022-01-14,USD_INR,84.728,INR,RBI_REFERENCE
2022-01-14,INDIA_MANUFACTURING_PMI,57.2,index_points,S_AND_P_GLOBAL
2022-01-15,USD_INR,84.722,INR,RBI_REFERENCE
2022-01-15,INDIA_MANUFACTURING_PMI,57.2,index_points,S_AND_P_GLOBAL
2022-01-16,USD_INR,84.741,INR,RBI_REFERENCE
2022-01-16,INDIA_MANUFACTURING_PMI,57.2,index_points,S_AND_P_GLOBAL
2022-01-17,USD_INR,84.783,INR,RBI_REFERENCE
2022-01-17,INDIA_MANUFACTURING_PMI,57.2,index_points,S_AND_P_GLOBAL
2022-01-18,USD_INR,84.792,INR,RBI_REFERENCE
2022-01-18,INDIA_MANUFACTURING_PMI,57.2,index_points,S_AND_P_GLOBAL
2022-01-19,USD_INR,84.785,INR,RBI_REFERENCE
2022-01-19,INDIA_MANUFACTURING_PMI,57.2,index_points,S_AND_P_GLOBAL
2022-01-20,USD_INR,84.776,INR,RBI_REFERENCE
2022-01-20,INDIA_MANUFACTURING_PMI,57.2,index_points,S_AND_P_GLOBAL
2022-01-21,USD_INR,84.821,INR,RBI_REFERENCE
2022-01-21,INDIA_MANUFACTURING_PMI,57.2,index_points,S_AND_P_GLOBAL
2022-01-22,USD_INR,84.82,INR,RBI_REFERENCE
2022-01-22,INDIA_MANUFACTURING_PMI,57.2,index_points,S_AND_P_GLOBAL
2022-01-23,USD_INR,84.82,INR,RBI_REFERENCE
2022-01-23,INDIA_MANUFACTURING_PMI,57.2,index_points,S_AND_P_GLOBAL
2022-01-24,USD_INR,84.83,INR,RBI_REFERENCE
2022-01-24,INDIA_MANUFACTURING_PMI,57.2,index_points,S_AND_P_GLOBAL
2022-01-25,USD_INR,84.842,INR,RBI_REFERENCE
2022-01-25,INDIA_MANUFACTURING_PMI,57.2,index_points,S_AND_P_GLOBAL
2022-01-26,USD_INR,84.796,INR,RBI_REFERENCE
2022-01-26,INDIA_MANUFACTURING_PMI,57.2,index_points,S_AND_P_GLOBAL
2022-01-27,USD_INR,84.791,INR,RBI_REFERENCE
2022-01-27,INDIA_MANUFACTURING_PMI,57.2,index_points,S_AND_P_GLOBAL
2022-01-28,USD_INR,84.815,INR,RBI_REFERENCE
2022-01-28,INDIA_MANUFACTURING_PMI,57.2,index_points,S_AND_P_GLOBAL
2022-01-29,USD_INR,84.85,INR,RBI_REFERENCE
2022-01-29,INDIA_MANUFACTURING_PMI,57.2,index_points,S_AND_P_GLOBAL
2022-01-30,USD_INR,84.841,INR,RBI_REFERENCE
2022-01-30,INDIA_MANUFACTURING_PMI,57.2,index_points,S_AND_P_GLOBAL
2022-01-31,USD_INR,84.901,INR,RBI_REFERENCE
2022-01-31,INDIA_MANUFACTURING_PMI,57.2,index_points,S_AND_P_GLOBAL
2022-02-01,USD_INR,84.924,INR,RBI_REFERENCE
2022-02-01,INDIA_MANUFACTURING_PMI,57.2,index_points,S_AND_P_GLOBAL
2022-02-02,USD_INR,84.956,INR,RBI_REFERENCE
2022-02-02,INDIA_MANUFACTURING_PMI,57.2,index_points,S_AND_P_GLOBAL
2022-02-03,USD_INR,84.971,INR,RBI_REFERENCE
2022-02-03,INDIA_MANUFACTURING_PMI,57.2,index_points,S_AND_P_GLOBAL
2022-02-04,USD_INR,85.011,INR,RBI_REFERENCE
2022-02-04,INDIA_MANUFACTURING_PMI,57.2,index_points,S_AND_P_GLOBAL
2022-02-05,USD_INR,85.029,INR,RBI_REFERENCE
2022-02-05,INDIA_MANUFACTURING_PMI,57.2,index_points,S_AND_P_GLOBAL
2022-02-06,USD_INR,84.984,INR,RBI_REFERENCE
2022-02-06,INDIA_MANUFACTURING_PMI,57.2,index_points,S_AND_P_GLOBAL
2022-02-07,USD_INR,84.977,INR,RBI_REFERENCE
2022-02-07,INDIA_MANUFACTURING_PMI,57.2,index_points,S_AND_P_GLOBAL
2022-02-08,USD_INR,84.975,INR,RBI_REFERENCE
2022-02-08,INDIA_MANUFACTURING_PMI,57.2,index_points,S_AND_P_GLOBAL
2022-02-09,USD_INR,85.017,INR,RBI_REFERENCE
2022-02-09,INDIA_MANUFACTURING_PMI,57.2,index_points,S_AND_P_GLOBAL
2022-02-10,USD_INR,85.008,INR,RBI_REFERENCE
2022-02-10,INDIA_MANUFACTURING_PMI,57.2,index_points,S_AND_P_GLOBAL
2022-02-11,USD_INR,85.021,INR,RBI_REFERENCE
2022-02-11,INDIA_MANUFACTURING_PMI,57.2,index_points,S_AND_P_GLOBAL
2022-02-12,USD_INR,84.982,INR,RBI_REFERENCE
2022-02-12,INDIA_MANUFACTURING_PMI,57.2,index_points,S_AND_P_GLOBAL
2022-02-13,USD_INR,84.998,INR,RBI_REFERENCE
2022-02-13,INDIA_MANUFACTURING_PMI,57.2,index_points,S_AND_P_GLOBAL
2022-02-14,USD_INR,85.024,INR,RBI_REFERENCE
2022-02-14,INDIA_MANUFACTURING_PMI,57.2,index_points,S_AND_P_GLOBAL
2022-02-15,USD_INR,85.014,INR,RBI_REFERENCE
2022-02-15,INDIA_MANUFACTURING_PMI,57.2,index_points,S_AND_P_GLOBAL
2022-02-16,USD_INR,85.05,INR,RBI_REFERENCE
2022-02-16,INDIA_MANUFACTURING_PMI,57.2,index_points,S_AND_P_GLOBAL
2022-02-17,USD_INR,85.114,INR,RBI_REFERENCE
2022-02-17,INDIA_MANUFACTURING_PMI,57.2,index_points,S_AND_P_GLOBAL
2022-02-18,USD_INR,85.062,INR,RBI_REFERENCE
2022-02-18,INDIA_MANUFACTURING_PMI,57.2,index_points,S_AND_P_GLOBAL
2022-02-19,USD_INR,85.016,INR,RBI_REFERENCE
2022-02-19,INDIA_MANUFACTURING_PMI,57.2,index_points,S_AND_P_GLOBAL
2022-02-20,USD_INR,85.006,INR,RBI_REFERENCE
2022-02-20,INDIA_MANUFACTURING_PMI,57.2,index_points,S_AND_P_GLOBAL
2022-02-21,USD_INR,84.954,INR,RBI_REFERENCE
2022-02-21,INDIA_MANUFACTURING_PMI,57.2,index_points,S_AND_P_GLOBAL
2022-02-22,USD_INR,84.956,INR,RBI_REFERENCE
2022-02-22,INDIA_MANUFACTURING_PMI,57.2,index_points,S_AND_P_GLOBAL
2022-02-23,USD_INR,84.882,INR,RBI_REFERENCE
2022-02-23,INDIA_MANUFACTURING_PMI,57.2,index_points,S_AND_P_GLOBAL
2022-02-24,USD_INR,84.897,INR,RBI_REFERENCE
2022-02-24,INDIA_MANUFACTURING_PMI,57.2,index_points,S_AND_P_GLOBAL
2022-02-25,USD_INR,84.92,INR,RBI_REFERENCE
2022-02-25,INDIA_MANUFACTURING_PMI,57.2,index_points,S_AND_P_GLOBAL
2022-02-26,USD_INR,84.855,INR,RBI_REFERENCE
2022-02-26,INDIA_MANUFACTURING_PMI,57.2,index_points,S_AND_P_GLOBAL
2022-02-27,USD_INR,84.844,INR,RBI_REFERENCE
2022-02-27,INDIA_MANUFACTURING_PMI,57.2,index_points,S_AND_P_GLOBAL
2022-02-28,USD_INR,84.85,INR,RBI_REFERENCE
2022-02-28,INDIA_MANUFACTURING_PMI,57.2,index_points,S_AND_P_GLOBAL
2022-03-01,USD_INR,84.826,INR,RBI_REFERENCE
2022-03-01,INDIA_MANUFACTURING_PMI,57.2,index_points,S_AND_P_GLOBAL
2022-03-02,USD_INR,84.843,INR,RBI_REFERENCE
2022-03-02,INDIA_MANUFACTURING_PMI,57.2,index_points,S_AND_P_GLOBAL
2022-03-03,USD_INR,84.774,INR,RBI_REFERENCE
2022-03-03,INDIA_MANUFACTURING_PMI,57.2,index_points,S_AND_P_GLOBAL
2022-03-04,USD_INR,84.754,INR,RBI_REFERENCE
2022-03-04,INDIA_MANUFACTURING_PMI,57.2,index_points,S_AND_P_GLOBAL
2022-03-05,USD_INR,84.794,INR,RBI_REFERENCE
2022-03-05,INDIA_MANUFACTURING_PMI,57.2,index_points,S_AND_P_GLOBAL
2022-03-06,USD_INR,84.771,INR,RBI_REFERENCE
2022-03-06,INDIA_MANUFACTURING_PMI,57.2,index_points,S_AND_P_GLOBAL
2022-03-07,USD_INR,84.811,INR,RBI_REFERENCE
2022-03-07,INDIA_MANUFACTURING_PMI,57.2,index_points,S_AND_P_GLOBAL
2022-03-08,USD_INR,84.841,INR,RBI_REFERENCE
2022-03-08,INDIA_MANUFACTURING_PMI,57.2,index_points,S_AND_P_GLOBAL
2022-03-09,USD_INR,84.85,INR,RBI_REFERENCE
2022-03-09,INDIA_MANUFACTURING_PMI,57.2,index_points,S_AND_P_GLOBAL
2022-03-10,USD_INR,84.843,INR,RBI_REFERENCE
2022-03-10,INDIA_MANUFACTURING_PMI,57.2,index_points,S_AND_P_GLOBAL
2022-03-11,USD_INR,84.897,INR,RBI_REFERENCE
2022-03-11,INDIA_MANUFACTURING_PMI,57.2,index_points,S_AND_P_GLOBAL
2022-03-12,USD_INR,84.851,INR,RBI_REFERENCE
2022-03-12,INDIA_MANUFACTURING_PMI,57.2,index_points,S_AND_P_GLOBAL
2022-03-13,USD_INR,84.846,INR,RBI_REFERENCE
2022-03-13,INDIA_MANUFACTURING_PMI,57.2,index_points,S_AND_P_GLOBAL
2022-03-14,USD_INR,84.847,INR,RBI_REFERENCE
2022-03-14,INDIA_MANUFACTURING_PMI,57.2,index_points,S_AND_P_GLOBAL
2022-03-15,USD_INR,84.819,INR,RBI_REFERENCE
2022-03-15,INDIA_MANUFACTURING_PMI,57.2,index_points,S_AND_P_GLOBAL
2022-03-16,USD_INR,84.845,INR,RBI_REFERENCE
2022-03-16,INDIA_MANUFACTURING_PMI,57.2,index_points,S_AND_P_GLOBAL
2022-03-17,USD_INR,84.837,INR,RBI_REFERENCE
2022-03-17,INDIA_MANUFACTURING_PMI,57.2,index_points,S_AND_P_GLOBAL
2022-03-18,USD_INR,84.898,INR,RBI_REFERENCE
2022-03-18,INDIA_MANUFACTURING_PMI,57.2,index_points,S_AND_P_GLOBAL
2022-03-19,USD_INR,84.902,INR,RBI_REFERENCE
2022-03-19,INDIA_MANUFACTURING_PMI,57.2,index_points,S_AND_P_GLOBAL
2022-03-20,USD_INR,84.848,INR,RBI_REFERENCE
2022-03-20,INDIA_MANUFACTURING_PMI,57.2,index_points,S_AND_P_GLOBAL
2022-03-21,USD_INR,84.883,INR,RBI_REFERENCE
2022-03-21,INDIA_MANUFACTURING_PMI,57.2,index_points,S_AND_P_GLOBAL
2022-03-22,USD_INR,84.815,INR,RBI_REFERENCE
2022-03-22,INDIA_MANUFACTURING_PMI,57.2,index_points,S_AND_P_GLOBAL
2022-03-23,USD_INR,84.715,INR,RBI_REFERENCE
2022-03-23,INDIA_MANUFACTURING_PMI,57.2,index_points,S_AND_P_GLOBAL
2022-03-24,USD_INR,84.669,INR,RBI_REFERENCE
2022-03-24,INDIA_MANUFACTURING_PMI,57.2,index_points,S_AND_P_GLOBAL
2022-03-25,USD_INR,84.727,INR,RBI_REFERENCE
2022-03-25,INDIA_MANUFACTURING_PMI,57.2,index_points,S_AND_P_GLOBAL
2022-03-26,USD_INR,84.718,INR,RBI_REFERENCE
2022-03-26,INDIA_MANUFACTURING_PMI,57.2,index_points,S_AND_P_GLOBAL
2022-03-27,USD_INR,84.752,INR,RBI_REFERENCE
2022-03-27,INDIA_MANUFACTURING_PMI,57.2,index_points,S_AND_P_GLOBAL
2022-03-28,USD_INR,84.778,INR,RBI_REFERENCE
2022-03-28,INDIA_MANUFACTURING_PMI,57.2,index_points,S_AND_P_GLOBAL
2022-03-29,USD_INR,84.766,INR,RBI_REFERENCE
2022-03-29,INDIA_MANUFACTURING_PMI,57.2,index_points,S_AND_P_GLOBAL
2022-03-30,USD_INR,84.759,INR,RBI_REFERENCE
2022-03-30,INDIA_MANUFACTURING_PMI,57.2,index_points,S_AND_P_GLOBAL
2022-03-31,USD_INR,84.788,INR,RBI_REFERENCE
2022-03-31,INDIA_MANUFACTURING_PMI,57.2,index_points,S_AND_P_GLOBAL
2022-04-01,USD_INR,84.847,INR,RBI_REFERENCE
2022-04-01,INDIA_MANUFACTURING_PMI,57.2,index_points,S_AND_P_GLOBAL
2022-04-02,USD_INR,84.845,INR,RBI_REFERENCE
2022-04-02,INDIA_MANUFACTURING_PMI,57.2,index_points,S_AND_P_GLOBAL
2022-04-03,USD_INR,84.807,INR,RBI_REFERENCE
2022-04-03,INDIA_MANUFACTURING_PMI,57.2,index_points,S_AND_P_GLOBAL
2022-04-04,USD_INR,84.79,INR,RBI_REFERENCE
2022-04-04,INDIA_MANUFACTURING_PMI,57.2,index_points,S_AND_P_GLOBAL
2022-04-05,USD_INR,84.848,INR,RBI_REFERENCE
2022-04-05,INDIA_MANUFACTURING_PMI,57.2,index_points,S_AND_P_GLOBAL
2022-04-06,USD_INR,84.819,INR,RBI_REFERENCE
2022-04-06,INDIA_MANUFACTURING_PMI,57.2,index_points,S_AND_P_GLOBAL
2022-04-07,USD_INR,84.856,INR,RBI_REFERENCE
2022-04-07,INDIA_MANUFACTURING_PMI,57.2,index_points,S_AND_P_GLOBAL
2022-04-08,USD_INR,84.801,INR,RBI_REFERENCE
2022-04-08,INDIA_MANUFACTURING_PMI,57.2,index_points,S_AND_P_GLOBAL
2022-04-09,USD_INR,84.852,INR,RBI_REFERENCE
2022-04-09,INDIA_MANUFACTURING_PMI,57.2,index_points,S_AND_P_GLOBAL
2022-04-10,USD_INR,84.853,INR,RBI_REFERENCE
2022-04-10,INDIA_MANUFACTURING_PMI,57.2,index_points,S_AND_P_GLOBAL
2022-04-11,USD_INR,84.906,INR,RBI_REFERENCE
2022-04-11,INDIA_MANUFACTURING_PMI,57.2,index_points,S_AND_P_GLOBAL
2022-04-12,USD_INR,84.848,INR,RBI_REFERENCE
2022-04-12,INDIA_MANUFACTURING_PMI,57.2,index_points,S_AND_P_GLOBAL
2022-04-13,USD_INR,84.818,INR,RBI_REFERENCE
2022-04-13,INDIA_MANUFACTURING_PMI,57.2,index_points,S_AND_P_GLOBAL
2022-04-14,USD_INR,84.82,INR,RBI_REFERENCE
2022-04-14,INDIA_MANUFACTURING_PMI,57.2,index_points,S_AND_P_GLOBAL
2022-04-15,USD_INR,84.784,INR,RBI_REFERENCE
2022-04-15,INDIA_MANUFACTURING_PMI,57.2,index_points,S_AND_P_GLOBAL
2022-04-16,USD_INR,84.772,INR,RBI_REFERENCE
2022-04-16,INDIA_MANUFACTURING_PMI,57.2,index_points,S_AND_P_GLOBAL
2022-04-17,USD_INR,84.849,INR,RBI_REFERENCE
2022-04-17,INDIA_MANUFACTURING_PMI,57.2,index_points,S_AND_P_GLOBAL
2022-04-18,USD_INR,84.804,INR,RBI_REFERENCE
2022-04-18,INDIA_MANUFACTURING_PMI,57.2,index_points,S_AND_P_GLOBAL
2022-04-19,USD_INR,84.821,INR,RBI_REFERENCE
2022-04-19,INDIA_MANUFACTURING_PMI,57.2,index_points,S_AND_P_GLOBAL
2022-04-20,USD_INR,84.902,INR,RBI_REFERENCE
2022-04-20,INDIA_MANUFACTURING_PMI,57.2,index_points,S_AND_P_GLOBAL
2022-04-21,USD_INR,84.92,INR,RBI_REFERENCE
2022-04-21,INDIA_MANUFACTURING_PMI,57.2,index_points,S_AND_P_GLOBAL
2022-04-22,USD_INR,84.916,INR,RBI_REFERENCE
2022-04-22,INDIA_MANUFACTURING_PMI,57.2,index_points,S_AND_P_GLOBAL
2022-04-23,USD_INR,84.914,INR,RBI_REFERENCE
2022-04-23,INDIA_MANUFACTURING_PMI,57.2,index_points,S_AND_P_GLOBAL
2022-04-24,USD_INR,84.937,INR,RBI_REFERENCE
2022-04-24,INDIA_MANUFACTURING_PMI,57.2,index_points,S_AND_P_GLOBAL
2022-04-25,USD_INR,85.019,INR,RBI_REFERENCE
2022-04-25,INDIA_MANUFACTURING_PMI,57.2,index_points,S_AND_P_GLOBAL
2022-04-26,USD_INR,84.996,INR,RBI_REFERENCE
2022-04-26,INDIA_MANUFACTURING_PMI,57.2,index_points,S_AND_P_GLOBAL
2022-04-27,USD_INR,85.013,INR,RBI_REFERENCE
2022-04-27,INDIA_MANUFACTURING_PMI,57.2,index_points,S_AND_P_GLOBAL
2022-04-28,USD_INR,85.076,INR,RBI_REFERENCE
2022-04-28,INDIA_MANUFACTURING_PMI,57.2,index_points,S_AND_P_GLOBAL
2022-04-29,USD_INR,85.11,INR,RBI_REFERENCE
2022-04-29,INDIA_MANUFACTURING_PMI,57.2,index_points,S_AND_P_GLOBAL
2022-04-30,USD_INR,85.184,INR,RBI_REFERENCE
2022-04-30,INDIA_MANUFACTURING_PMI,57.2,index_points,S_AND_P_GLOBAL
2022-05-01,USD_INR,85.12,INR,RBI_REFERENCE
2022-05-01,INDIA_MANUFACTURING_PMI,57.2,index_points,S_AND_P_GLOBAL
2022-05-02,USD_INR,85.101,INR,RBI_REFERENCE
2022-05-02,INDIA_MANUFACTURING_PMI,57.2,index_points,S_AND_P_GLOBAL
2022-05-03,USD_INR,85.058,INR,RBI_REFERENCE
2022-05-03,INDIA_MANUFACTURING_PMI,57.2,index_points,S_AND_P_GLOBAL
2022-05-04,USD_INR,85.066,INR,RBI_REFERENCE
2022-05-04,INDIA_MANUFACTURING_PMI,57.2,index_points,S_AND_P_GLOBAL
2022-05-05,USD_INR,85.088,INR,RBI_REFERENCE
2022-05-05,INDIA_MANUFACTURING_PMI,57.2,index_points,S_AND_P_GLOBAL
2022-05-06,USD_INR,85.063,INR,RBI_REFERENCE
2022-05-06,INDIA_MANUFACTURING_PMI,57.2,index_points,S_AND_P_GLOBAL
2022-05-07,USD_INR,85.016,INR,RBI_REFERENCE
2022-05-07,INDIA_MANUFACTURING_PMI,57.2,index_points,S_AND_P_GLOBAL
2022-05-08,USD_INR,84.955,INR,RBI_REFERENCE
2022-05-08,INDIA_MANUFACTURING_PMI,57.2,index_points,S_AND_P_GLOBAL
2022-05-09,USD_INR,84.916,INR,RBI_REFERENCE
2022-05-09,INDIA_MANUFACTURING_PMI,57.2,index_points,S_AND_P_GLOBAL
2022-05-10,USD_INR,84.975,INR,RBI_REFERENCE
2022-05-10,INDIA_MANUFACTURING_PMI,57.2,index_points,S_AND_P_GLOBAL
2022-05-11,USD_INR,84.935,INR,RBI_REFERENCE
2022-05-11,INDIA_MANUFACTURING_PMI,57.2,index_points,S_AND_P_GLOBAL
2022-05-12,USD_INR,85.007,INR,RBI_REFERENCE
2022-05-12,INDIA_MANUFACTURING_PMI,57.2,index_points,S_AND_P_GLOBAL
2022-05-13,USD_INR,85.047,INR,RBI_REFERENCE
2022-05-13,INDIA_MANUFACTURING_PMI,57.2,index_points,S_AND_P_GLOBAL
2022-05-14,USD_INR,84.953,INR,RBI_REFERENCE
2022-05-14,INDIA_MANUFACTURING_PMI,57.2,index_points,S_AND_P_GLOBAL
2022-05-15,USD_INR,84.921,INR,RBI_REFERENCE
2022-05-15,INDIA_MANUFACTURING_PMI,57.2,index_points,S_AND_P_GLOBAL
2022-05-16,USD_INR,84.841,INR,RBI_REFERENCE
2022-05-16,INDIA_MANUFACTURING_PMI,57.2,index_points,S_AND_P_GLOBAL
2022-05-17,USD_INR,84.809,INR,RBI_REFERENCE
2022-05-17,INDIA_MANUFACTURING_PMI,57.2,index_points,S_AND_P_GLOBAL
2022-05-18,USD_INR,84.796,INR,RBI_REFERENCE
2022-05-18,INDIA_MANUFACTURING_PMI,57.2,index_points,S_AND_P_GLOBAL
2022-05-19,USD_INR,84.842,INR,RBI_REFERENCE
2022-05-19,INDIA_MANUFACTURING_PMI,57.2,index_points,S_AND_P_GLOBAL
2022-05-20,USD_INR,84.873,INR,RBI_REFERENCE
2022-05-20,INDIA_MANUFACTURING_PMI,57.2,index_points,S_AND_P_GLOBAL
2022-05-21,USD_INR,84.917,INR,RBI_REFERENCE
2022-05-21,INDIA_MANUFACTURING_PMI,57.2,index_points,S_AND_P_GLOBAL
2022-05-22,USD_INR,84.909,INR,RBI_REFERENCE
2022-05-22,INDIA_MANUFACTURING_PMI,57.2,index_points,S_AND_P_GLOBAL
2022-05-23,USD_INR,84.951,INR,RBI_REFERENCE
2022-05-23,INDIA_MANUFACTURING_PMI,57.2,index_points,S_AND_P_GLOBAL
2022-05-24,USD_INR,85.018,INR,RBI_REFERENCE
2022-05-24,INDIA_MANUFACTURING_PMI,57.2,index_points,S_AND_P_GLOBAL
2022-05-25,USD_INR,84.984,INR,RBI_REFERENCE
2022-05-25,INDIA_MANUFACTURING_PMI,57.2,index_points,S_AND_P_GLOBAL
2022-05-26,USD_INR,85.031,INR,RBI_REFERENCE
2022-05-26,INDIA_MANUFACTURING_PMI,57.2,index_points,S_AND_P_GLOBAL
2022-05-27,USD_INR,85.066,INR,RBI_REFERENCE
2022-05-27,INDIA_MANUFACTURING_PMI,57.2,index_points,S_AND_P_GLOBAL
2022-05-28,USD_INR,85.049,INR,RBI_REFERENCE
2022-05-28,INDIA_MANUFACTURING_PMI,57.2,index_points,S_AND_P_GLOBAL
2022-05-29,USD_INR,85.045,INR,RBI_REFERENCE
2022-05-29,INDIA_MANUFACTURING_PMI,57.2,index_points,S_AND_P_GLOBAL
2022-05-30,USD_INR,85.005,INR,RBI_REFERENCE
2022-05-30,INDIA_MANUFACTURING_PMI,57.2,index_points,S_AND_P_GLOBAL
2022-05-31,USD_INR,84.945,INR,RBI_REFERENCE
2022-05-31,INDIA_MANUFACTURING_PMI,57.2,index_points,S_AND_P_GLOBAL
2022-06-01,USD_INR,84.912,INR,RBI_REFERENCE
2022-06-01,INDIA_MANUFACTURING_PMI,57.2,index_points,S_AND_P_GLOBAL
2022-06-02,USD_INR,84.917,INR,RBI_REFERENCE
2022-06-02,INDIA_MANUFACTURING_PMI,57.2,index_points,S_AND_P_GLOBAL
2022-06-03,USD_INR,84.919,INR,RBI_REFERENCE
2022-06-03,INDIA_MANUFACTURING_PMI,57.2,index_points,S_AND_P_GLOBAL
2022-06-04,USD_INR,84.889,INR,RBI_REFERENCE
2022-06-04,INDIA_MANUFACTURING_PMI,57.2,index_points,S_AND_P_GLOBAL
2022-06-05,USD_INR,84.845,INR,RBI_REFERENCE
2022-06-05,INDIA_MANUFACTURING_PMI,57.2,index_points,S_AND_P_GLOBAL
2022-06-06,USD_INR,84.855,INR,RBI_REFERENCE
2022-06-06,INDIA_MANUFACTURING_PMI,57.2,index_points,S_AND_P_GLOBAL
2022-06-07,USD_INR,84.839,INR,RBI_REFERENCE
2022-06-07,INDIA_MANUFACTURING_PMI,57.2,index_points,S_AND_P_GLOBAL
2022-06-08,USD_INR,84.741,INR,RBI_REFERENCE
2022-06-08,INDIA_MANUFACTURING_PMI,57.2,index_points,S_AND_P_GLOBAL
2022-06-09,USD_INR,84.738,INR,RBI_REFERENCE
2022-06-09,INDIA_MANUFACTURING_PMI,57.2,index_points,S_AND_P_GLOBAL
2022-06-10,USD_INR,84.771,INR,RBI_REFERENCE
2022-06-10,INDIA_MANUFACTURING_PMI,57.2,index_points,S_AND_P_GLOBAL
2022-06-11,USD_INR,84.793,INR,RBI_REFERENCE
2022-06-11,INDIA_MANUFACTURING_PMI,57.2,index_points,S_AND_P_GLOBAL
2022-06-12,USD_INR,84.798,INR,RBI_REFERENCE
2022-06-12,INDIA_MANUFACTURING_PMI,57.2,index_points,S_AND_P_GLOBAL
2022-06-13,USD_INR,84.809,INR,RBI_REFERENCE
2022-06-13,INDIA_MANUFACTURING_PMI,57.2,index_points,S_AND_P_GLOBAL
2022-06-14,USD_INR,84.825,INR,RBI_REFERENCE
2022-06-14,INDIA_MANUFACTURING_PMI,57.2,index_points,S_AND_P_GLOBAL
2022-06-15,USD_INR,84.823,INR,RBI_REFERENCE
2022-06-15,INDIA_MANUFACTURING_PMI,57.2,index_points,S_AND_P_GLOBAL
2022-06-16,USD_INR,84.843,INR,RBI_REFERENCE
2022-06-16,INDIA_MANUFACTURING_PMI,57.2,index_points,S_AND_P_GLOBAL
2022-06-17,USD_INR,84.832,INR,RBI_REFERENCE
2022-06-17,INDIA_MANUFACTURING_PMI,57.2,index_points,S_AND_P_GLOBAL
2022-06-18,USD_INR,84.849,INR,RBI_REFERENCE
2022-06-18,INDIA_MANUFACTURING_PMI,57.2,index_points,S_AND_P_GLOBAL
2022-06-19,USD_INR,84.805,INR,RBI_REFERENCE
2022-06-19,INDIA_MANUFACTURING_PMI,57.2,index_points,S_AND_P_GLOBAL
2022-06-20,USD_INR,84.841,INR,RBI_REFERENCE
2022-06-20,INDIA_MANUFACTURING_PMI,57.2,index_points,S_AND_P_GLOBAL
2022-06-21,USD_INR,84.808,INR,RBI_REFERENCE
2022-06-21,INDIA_MANUFACTURING_PMI,57.2,index_points,S_AND_P_GLOBAL
2022-06-22,USD_INR,84.844,INR,RBI_REFERENCE
2022-06-22,INDIA_MANUFACTURING_PMI,57.2,index_points,S_AND_P_GLOBAL
2022-06-23,USD_INR,84.884,INR,RBI_REFERENCE
2022-06-23,INDIA_MANUFACTURING_PMI,57.2,index_points,S_AND_P_GLOBAL
2022-06-24,USD_INR,84.934,INR,RBI_REFERENCE
2022-06-24,INDIA_MANUFACTURING_PMI,57.2,index_points,S_AND_P_GLOBAL
2022-06-25,USD_INR,85.006,INR,RBI_REFERENCE
2022-06-25,INDIA_MANUFACTURING_PMI,57.2,index_points,S_AND_P_GLOBAL
2022-06-26,USD_INR,85.021,INR,RBI_REFERENCE
2022-06-26,INDIA_MANUFACTURING_PMI,57.2,index_points,S_AND_P_GLOBAL
2022-06-27,USD_INR,84.982,INR,RBI_REFERENCE
2022-06-27,INDIA_MANUFACTURING_PMI,57.2,index_points,S_AND_P_GLOBAL
2022-06-28,USD_INR,85.051,INR,RBI_REFERENCE
2022-06-28,INDIA_MANUFACTURING_PMI,57.2,index_points,S_AND_P_GLOBAL
2022-06-29,USD_INR,85.09,INR,RBI_REFERENCE
2022-06-29,INDIA_MANUFACTURING_PMI,57.2,index_points,S_AND_P_GLOBAL
2022-06-30,USD_INR,85.101,INR,RBI_REFERENCE
2022-06-30,INDIA_MANUFACTURING_PMI,57.2,index_points,S_AND_P_GLOBAL
2022-07-01,USD_INR,85.01,INR,RBI_REFERENCE
2022-07-01,INDIA_MANUFACTURING_PMI,57.2,index_points,S_AND_P_GLOBAL
2022-07-02,USD_INR,84.985,INR,RBI_REFERENCE
2022-07-02,INDIA_MANUFACTURING_PMI,57.2,index_points,S_AND_P_GLOBAL
2022-07-03,USD_INR,85.03,INR,RBI_REFERENCE
2022-07-03,INDIA_MANUFACTURING_PMI,57.2,index_points,S_AND_P_GLOBAL
2022-07-04,USD_INR,85.014,INR,RBI_REFERENCE
2022-07-04,INDIA_MANUFACTURING_PMI,57.2,index_points,S_AND_P_GLOBAL
2022-07-05,USD_INR,85.088,INR,RBI_REFERENCE
2022-07-05,INDIA_MANUFACTURING_PMI,57.2,index_points,S_AND_P_GLOBAL
2022-07-06,USD_INR,85.053,INR,RBI_REFERENCE
2022-07-06,INDIA_MANUFACTURING_PMI,57.2,index_points,S_AND_P_GLOBAL
2022-07-07,USD_INR,85.062,INR,RBI_REFERENCE
2022-07-07,INDIA_MANUFACTURING_PMI,57.2,index_points,S_AND_P_GLOBAL
2022-07-08,USD_INR,85.04,INR,RBI_REFERENCE
2022-07-08,INDIA_MANUFACTURING_PMI,57.2,index_points,S_AND_P_GLOBAL
2022-07-09,USD_INR,85.048,INR,RBI_REFERENCE
2022-07-09,INDIA_MANUFACTURING_PMI,57.2,index_points,S_AND_P_GLOBAL
2022-07-10,USD_INR,85.054,INR,RBI_REFERENCE
2022-07-10,INDIA_MANUFACTURING_PMI,57.2,index_points,S_AND_P_GLOBAL
2022-07-11,USD_INR,85.069,INR,RBI_REFERENCE
2022-07-11,INDIA_MANUFACTURING_PMI,57.2,index_points,S_AND_P_GLOBAL
2022-07-12,USD_INR,85.101,INR,RBI_REFERENCE
2022-07-12,INDIA_MANUFACTURING_PMI,57.2,index_points,S_AND_P_GLOBAL
2022-07-13,USD_INR,85.139,INR,RBI_REFERENCE
2022-07-13,INDIA_MANUFACTURING_PMI,57.2,index_points,S_AND_P_GLOBAL
2022-07-14,USD_INR,85.139,INR,RBI_REFERENCE
2022-07-14,INDIA_MANUFACTURING_PMI,57.2,index_points,S_AND_P_GLOBAL
2022-07-15,USD_INR,85.085,INR,RBI_REFERENCE
2022-07-15,INDIA_MANUFACTURING_PMI,57.2,index_points,S_AND_P_GLOBAL
2022-07-16,USD_INR,85.041,INR,RBI_REFERENCE
2022-07-16,INDIA_MANUFACTURING_PMI,57.2,index_points,S_AND_P_GLOBAL
2022-07-17,USD_INR,85.015,INR,RBI_REFERENCE
2022-07-17,INDIA_MANUFACTURING_PMI,57.2,index_points,S_AND_P_GLOBAL
2022-07-18,USD_INR,85.039,INR,RBI_REFERENCE
2022-07-18,INDIA_MANUFACTURING_PMI,57.2,index_points,S_AND_P_GLOBAL
2022-07-19,USD_INR,85.005,INR,RBI_REFERENCE
2022-07-19,INDIA_MANUFACTURING_PMI,57.2,index_points,S_AND_P_GLOBAL
2022-07-20,USD_INR,84.978,INR,RBI_REFERENCE
2022-07-20,INDIA_MANUFACTURING_PMI,57.2,index_points,S_AND_P_GLOBAL
2022-07-21,USD_INR,84.979,INR,RBI_REFERENCE
2022-07-21,INDIA_MANUFACTURING_PMI,57.2,index_points,S_AND_P_GLOBAL
2022-07-22,USD_INR,85.004,INR,RBI_REFERENCE
2022-07-22,INDIA_MANUFACTURING_PMI,57.2,index_points,S_AND_P_GLOBAL
2022-07-23,USD_INR,85.009,INR,RBI_REFERENCE
2022-07-23,INDIA_MANUFACTURING_PMI,57.2,index_points,S_AND_P_GLOBAL
2022-07-24,USD_INR,84.999,INR,RBI_REFERENCE
2022-07-24,INDIA_MANUFACTURING_PMI,57.2,index_points,S_AND_P_GLOBAL
2022-07-25,USD_INR,84.968,INR,RBI_REFERENCE
2022-07-25,INDIA_MANUFACTURING_PMI,57.2,index_points,S_AND_P_GLOBAL
2022-07-26,USD_INR,84.925,INR,RBI_REFERENCE
2022-07-26,INDIA_MANUFACTURING_PMI,57.2,index_points,S_AND_P_GLOBAL
2022-07-27,USD_INR,84.96,INR,RBI_REFERENCE
2022-07-27,INDIA_MANUFACTURING_PMI,57.2,index_points,S_AND_P_GLOBAL
2022-07-28,USD_INR,84.905,INR,RBI_REFERENCE
2022-07-28,INDIA_MANUFACTURING_PMI,57.2,index_points,S_AND_P_GLOBAL
2022-07-29,USD_INR,84.844,INR,RBI_REFERENCE
2022-07-29,INDIA_MANUFACTURING_PMI,57.2,index_points,S_AND_P_GLOBAL
2022-07-30,USD_INR,84.857,INR,RBI_REFERENCE
2022-07-30,INDIA_MANUFACTURING_PMI,57.2,index_points,S_AND_P_GLOBAL
2022-07-31,USD_INR,84.887,INR,RBI_REFERENCE
2022-07-31,INDIA_MANUFACTURING_PMI,57.2,index_points,S_AND_P_GLOBAL
2022-08-01,USD_INR,84.86,INR,RBI_REFERENCE
2022-08-01,INDIA_MANUFACTURING_PMI,57.2,index_points,S_AND_P_GLOBAL
2022-08-02,USD_INR,84.821,INR,RBI_REFERENCE
2022-08-02,INDIA_MANUFACTURING_PMI,57.2,index_points,S_AND_P_GLOBAL
2022-08-03,USD_INR,84.873,INR,RBI_REFERENCE
2022-08-03,INDIA_MANUFACTURING_PMI,57.2,index_points,S_AND_P_GLOBAL
2022-08-04,USD_INR,84.82,INR,RBI_REFERENCE
2022-08-04,INDIA_MANUFACTURING_PMI,57.2,index_points,S_AND_P_GLOBAL
2022-08-05,USD_INR,84.783,INR,RBI_REFERENCE
2022-08-05,INDIA_MANUFACTURING_PMI,57.2,index_points,S_AND_P_GLOBAL
2022-08-06,USD_INR,84.81,INR,RBI_REFERENCE
2022-08-06,INDIA_MANUFACTURING_PMI,57.2,index_points,S_AND_P_GLOBAL
2022-08-07,USD_INR,84.826,INR,RBI_REFERENCE
2022-08-07,INDIA_MANUFACTURING_PMI,57.2,index_points,S_AND_P_GLOBAL
2022-08-08,USD_INR,84.783,INR,RBI_REFERENCE
2022-08-08,INDIA_MANUFACTURING_PMI,57.2,index_points,S_AND_P_GLOBAL
2022-08-09,USD_INR,84.804,INR,RBI_REFERENCE
2022-08-09,INDIA_MANUFACTURING_PMI,57.2,index_points,S_AND_P_GLOBAL
2022-08-10,USD_INR,84.695,INR,RBI_REFERENCE
2022-08-10,INDIA_MANUFACTURING_PMI,57.2,index_points,S_AND_P_GLOBAL
2022-08-11,USD_INR,84.718,INR,RBI_REFERENCE
2022-08-11,INDIA_MANUFACTURING_PMI,57.2,index_points,S_AND_P_GLOBAL
2022-08-12,USD_INR,84.739,INR,RBI_REFERENCE
2022-08-12,INDIA_MANUFACTURING_PMI,57.2,index_points,S_AND_P_GLOBAL
2022-08-13,USD_INR,84.807,INR,RBI_REFERENCE
2022-08-13,INDIA_MANUFACTURING_PMI,57.2,index_points,S_AND_P_GLOBAL
2022-08-14,USD_INR,84.927,INR,RBI_REFERENCE
2022-08-14,INDIA_MANUFACTURING_PMI,57.2,index_points,S_AND_P_GLOBAL
2022-08-15,USD_INR,84.939,INR,RBI_REFERENCE
2022-08-15,INDIA_MANUFACTURING_PMI,57.2,index_points,S_AND_P_GLOBAL
2022-08-16,USD_INR,84.949,INR,RBI_REFERENCE
2022-08-16,INDIA_MANUFACTURING_PMI,57.2,index_points,S_AND_P_GLOBAL
2022-08-17,USD_INR,84.953,INR,RBI_REFERENCE
2022-08-17,INDIA_MANUFACTURING_PMI,57.2,index_points,S_AND_P_GLOBAL
2022-08-18,USD_INR,84.995,INR,RBI_REFERENCE
2022-08-18,INDIA_MANUFACTURING_PMI,57.2,index_points,S_AND_P_GLOBAL
2022-08-19,USD_INR,85.016,INR,RBI_REFERENCE
2022-08-19,INDIA_MANUFACTURING_PMI,57.2,index_points,S_AND_P_GLOBAL
2022-08-20,USD_INR,84.976,INR,RBI_REFERENCE
2022-08-20,INDIA_MANUFACTURING_PMI,57.2,index_points,S_AND_P_GLOBAL
2022-08-21,USD_INR,84.94,INR,RBI_REFERENCE
2022-08-21,INDIA_MANUFACTURING_PMI,57.2,index_points,S_AND_P_GLOBAL
2022-08-22,USD_INR,84.895,INR,RBI_REFERENCE
2022-08-22,INDIA_MANUFACTURING_PMI,57.2,index_points,S_AND_P_GLOBAL
2022-08-23,USD_INR,84.907,INR,RBI_REFERENCE
2022-08-23,INDIA_MANUFACTURING_PMI,57.2,index_points,S_AND_P_GLOBAL
2022-08-24,USD_INR,84.911,INR,RBI_REFERENCE
2022-08-24,INDIA_MANUFACTURING_PMI,57.2,index_points,S_AND_P_GLOBAL
2022-08-25,USD_INR,84.952,INR,RBI_REFERENCE
2022-08-25,INDIA_MANUFACTURING_PMI,57.2,index_points,S_AND_P_GLOBAL
2022-08-26,USD_INR,84.975,INR,RBI_REFERENCE
2022-08-26,INDIA_MANUFACTURING_PMI,57.2,index_points,S_AND_P_GLOBAL
2022-08-27,USD_INR,84.956,INR,RBI_REFERENCE
2022-08-27,INDIA_MANUFACTURING_PMI,57.2,index_points,S_AND_P_GLOBAL
2022-08-28,USD_INR,84.876,INR,RBI_REFERENCE
2022-08-28,INDIA_MANUFACTURING_PMI,57.2,index_points,S_AND_P_GLOBAL
2022-08-29,USD_INR,84.875,INR,RBI_REFERENCE
2022-08-29,INDIA_MANUFACTURING_PMI,57.2,index_points,S_AND_P_GLOBAL
2022-08-30,USD_INR,84.883,INR,RBI_REFERENCE
2022-08-30,INDIA_MANUFACTURING_PMI,57.2,index_points,S_AND_P_GLOBAL
2022-08-31,USD_INR,84.926,INR,RBI_REFERENCE
2022-08-31,INDIA_MANUFACTURING_PMI,57.2,index_points,S_AND_P_GLOBAL
2022-09-01,USD_INR,84.896,INR,RBI_REFERENCE
2022-09-01,INDIA_MANUFACTURING_PMI,57.2,index_points,S_AND_P_GLOBAL
2022-09-02,USD_INR,84.945,INR,RBI_REFERENCE
2022-09-02,INDIA_MANUFACTURING_PMI,57.2,index_points,S_AND_P_GLOBAL
2022-09-03,USD_INR,84.919,INR,RBI_REFERENCE
2022-09-03,INDIA_MANUFACTURING_PMI,57.2,index_points,S_AND_P_GLOBAL
2022-09-04,USD_INR,84.942,INR,RBI_REFERENCE
2022-09-04,INDIA_MANUFACTURING_PMI,57.2,index_points,S_AND_P_GLOBAL
2022-09-05,USD_INR,84.976,INR,RBI_REFERENCE
2022-09-05,INDIA_MANUFACTURING_PMI,57.2,index_points,S_AND_P_GLOBAL
2022-09-06,USD_INR,85.012,INR,RBI_REFERENCE
2022-09-06,INDIA_MANUFACTURING_PMI,57.2,index_points,S_AND_P_GLOBAL
2022-09-07,USD_INR,85.016,INR,RBI_REFERENCE
2022-09-07,INDIA_MANUFACTURING_PMI,57.2,index_points,S_AND_P_GLOBAL
2022-09-08,USD_INR,84.956,INR,RBI_REFERENCE
2022-09-08,INDIA_MANUFACTURING_PMI,57.2,index_points,S_AND_P_GLOBAL
2022-09-09,USD_INR,84.958,INR,RBI_REFERENCE
2022-09-09,INDIA_MANUFACTURING_PMI,57.2,index_points,S_AND_P_GLOBAL
2022-09-10,USD_INR,84.91,INR,RBI_REFERENCE
2022-09-10,INDIA_MANUFACTURING_PMI,57.2,index_points,S_AND_P_GLOBAL
2022-09-11,USD_INR,84.959,INR,RBI_REFERENCE
2022-09-11,INDIA_MANUFACTURING_PMI,57.2,index_points,S_AND_P_GLOBAL
2022-09-12,USD_INR,84.945,INR,RBI_REFERENCE
2022-09-12,INDIA_MANUFACTURING_PMI,57.2,index_points,S_AND_P_GLOBAL
2022-09-13,USD_INR,84.951,INR,RBI_REFERENCE
2022-09-13,INDIA_MANUFACTURING_PMI,57.2,index_points,S_AND_P_GLOBAL
2022-09-14,USD_INR,84.953,INR,RBI_REFERENCE
2022-09-14,INDIA_MANUFACTURING_PMI,57.2,index_points,S_AND_P_GLOBAL
2022-09-15,USD_INR,84.88,INR,RBI_REFERENCE
2022-09-15,INDIA_MANUFACTURING_PMI,57.2,index_points,S_AND_P_GLOBAL
2022-09-16,USD_INR,84.875,INR,RBI_REFERENCE
2022-09-16,INDIA_MANUFACTURING_PMI,57.2,index_points,S_AND_P_GLOBAL
2022-09-17,USD_INR,84.879,INR,RBI_REFERENCE
2022-09-17,INDIA_MANUFACTURING_PMI,57.2,index_points,S_AND_P_GLOBAL
2022-09-18,USD_INR,84.955,INR,RBI_REFERENCE
2022-09-18,INDIA_MANUFACTURING_PMI,57.2,index_points,S_AND_P_GLOBAL
2022-09-19,USD_INR,85.019,INR,RBI_REFERENCE
2022-09-19,INDIA_MANUFACTURING_PMI,57.2,index_points,S_AND_P_GLOBAL
2022-09-20,USD_INR,85.001,INR,RBI_REFERENCE
2022-09-20,INDIA_MANUFACTURING_PMI,57.2,index_points,S_AND_P_GLOBAL
2022-09-21,USD_INR,84.99,INR,RBI_REFERENCE
2022-09-21,INDIA_MANUFACTURING_PMI,57.2,index_points,S_AND_P_GLOBAL
2022-09-22,USD_INR,84.937,INR,RBI_REFERENCE
2022-09-22,INDIA_MANUFACTURING_PMI,57.2,index_points,S_AND_P_GLOBAL
2022-09-23,USD_INR,84.922,INR,RBI_REFERENCE
2022-09-23,INDIA_MANUFACTURING_PMI,57.2,index_points,S_AND_P_GLOBAL
2022-09-24,USD_INR,84.956,INR,RBI_REFERENCE
2022-09-24,INDIA_MANUFACTURING_PMI,57.2,index_points,S_AND_P_GLOBAL
2022-09-25,USD_INR,84.925,INR,RBI_REFERENCE
2022-09-25,INDIA_MANUFACTURING_PMI,57.2,index_points,S_AND_P_GLOBAL
2022-09-26,USD_INR,84.903,INR,RBI_REFERENCE
2022-09-26,INDIA_MANUFACTURING_PMI,57.2,index_points,S_AND_P_GLOBAL
2022-09-27,USD_INR,84.898,INR,RBI_REFERENCE
2022-09-27,INDIA_MANUFACTURING_PMI,57.2,index_points,S_AND_P_GLOBAL
2022-09-28,USD_INR,84.854,INR,RBI_REFERENCE
2022-09-28,INDIA_MANUFACTURING_PMI,57.2,index_points,S_AND_P_GLOBAL
2022-09-29,USD_INR,84.879,INR,RBI_REFERENCE
2022-09-29,INDIA_MANUFACTURING_PMI,57.2,index_points,S_AND_P_GLOBAL
2022-09-30,USD_INR,84.876,INR,RBI_REFERENCE
2022-09-30,INDIA_MANUFACTURING_PMI,57.2,index_points,S_AND_P_GLOBAL
2022-10-01,USD_INR,84.915,INR,RBI_REFERENCE
2022-10-01,INDIA_MANUFACTURING_PMI,57.2,index_points,S_AND_P_GLOBAL
2022-10-02,USD_INR,84.943,INR,RBI_REFERENCE
2022-10-02,INDIA_MANUFACTURING_PMI,57.2,index_points,S_AND_P_GLOBAL
2022-10-03,USD_INR,84.904,INR,RBI_REFERENCE
2022-10-03,INDIA_MANUFACTURING_PMI,57.2,index_points,S_AND_P_GLOBAL
2022-10-04,USD_INR,84.941,INR,RBI_REFERENCE
2022-10-04,INDIA_MANUFACTURING_PMI,57.2,index_points,S_AND_P_GLOBAL
2022-10-05,USD_INR,84.889,INR,RBI_REFERENCE
2022-10-05,INDIA_MANUFACTURING_PMI,57.2,index_points,S_AND_P_GLOBAL
2022-10-06,USD_INR,84.926,INR,RBI_REFERENCE
2022-10-06,INDIA_MANUFACTURING_PMI,57.2,index_points,S_AND_P_GLOBAL
2022-10-07,USD_INR,84.92,INR,RBI_REFERENCE
2022-10-07,INDIA_MANUFACTURING_PMI,57.2,index_points,S_AND_P_GLOBAL
2022-10-08,USD_INR,84.9,INR,RBI_REFERENCE
2022-10-08,INDIA_MANUFACTURING_PMI,57.2,index_points,S_AND_P_GLOBAL
2022-10-09,USD_INR,84.919,INR,RBI_REFERENCE
2022-10-09,INDIA_MANUFACTURING_PMI,57.2,index_points,S_AND_P_GLOBAL
2022-10-10,USD_INR,84.939,INR,RBI_REFERENCE
2022-10-10,INDIA_MANUFACTURING_PMI,57.2,index_points,S_AND_P_GLOBAL
2022-10-11,USD_INR,84.881,INR,RBI_REFERENCE
2022-10-11,INDIA_MANUFACTURING_PMI,57.2,index_points,S_AND_P_GLOBAL
2022-10-12,USD_INR,84.895,INR,RBI_REFERENCE
2022-10-12,INDIA_MANUFACTURING_PMI,57.2,index_points,S_AND_P_GLOBAL
2022-10-13,USD_INR,84.921,INR,RBI_REFERENCE
2022-10-13,INDIA_MANUFACTURING_PMI,57.2,index_points,S_AND_P_GLOBAL
2022-10-14,USD_INR,84.929,INR,RBI_REFERENCE
2022-10-14,INDIA_MANUFACTURING_PMI,57.2,index_points,S_AND_P_GLOBAL
2022-10-15,USD_INR,84.953,INR,RBI_REFERENCE
2022-10-15,INDIA_MANUFACTURING_PMI,57.2,index_points,S_AND_P_GLOBAL
2022-10-16,USD_INR,84.993,INR,RBI_REFERENCE
2022-10-16,INDIA_MANUFACTURING_PMI,57.2,index_points,S_AND_P_GLOBAL
2022-10-17,USD_INR,84.958,INR,RBI_REFERENCE
2022-10-17,INDIA_MANUFACTURING_PMI,57.2,index_points,S_AND_P_GLOBAL
2022-10-18,USD_INR,84.925,INR,RBI_REFERENCE
2022-10-18,INDIA_MANUFACTURING_PMI,57.2,index_points,S_AND_P_GLOBAL
2022-10-19,USD_INR,84.931,INR,RBI_REFERENCE
2022-10-19,INDIA_MANUFACTURING_PMI,57.2,index_points,S_AND_P_GLOBAL
2022-10-20,USD_INR,84.898,INR,RBI_REFERENCE
2022-10-20,INDIA_MANUFACTURING_PMI,57.2,index_points,S_AND_P_GLOBAL
2022-10-21,USD_INR,84.884,INR,RBI_REFERENCE
2022-10-21,INDIA_MANUFACTURING_PMI,57.2,index_points,S_AND_P_GLOBAL
2022-10-22,USD_INR,84.926,INR,RBI_REFERENCE
2022-10-22,INDIA_MANUFACTURING_PMI,57.2,index_points,S_AND_P_GLOBAL
2022-10-23,USD_INR,84.924,INR,RBI_REFERENCE
2022-10-23,INDIA_MANUFACTURING_PMI,57.2,index_points,S_AND_P_GLOBAL
2022-10-24,USD_INR,84.928,INR,RBI_REFERENCE
2022-10-24,INDIA_MANUFACTURING_PMI,57.2,index_points,S_AND_P_GLOBAL
2022-10-25,USD_INR,84.999,INR,RBI_REFERENCE
2022-10-25,INDIA_MANUFACTURING_PMI,57.2,index_points,S_AND_P_GLOBAL
2022-10-26,USD_INR,85.011,INR,RBI_REFERENCE
2022-10-26,INDIA_MANUFACTURING_PMI,57.2,index_points,S_AND_P_GLOBAL
2022-10-27,USD_INR,85.062,INR,RBI_REFERENCE
2022-10-27,INDIA_MANUFACTURING_PMI,57.2,index_points,S_AND_P_GLOBAL
2022-10-28,USD_INR,85.107,INR,RBI_REFERENCE
2022-10-28,INDIA_MANUFACTURING_PMI,57.2,index_points,S_AND_P_GLOBAL
2022-10-29,USD_INR,85.091,INR,RBI_REFERENCE
2022-10-29,INDIA_MANUFACTURING_PMI,57.2,index_points,S_AND_P_GLOBAL
2022-10-30,USD_INR,85.067,INR,RBI_REFERENCE
2022-10-30,INDIA_MANUFACTURING_PMI,57.2,index_points,S_AND_P_GLOBAL
2022-10-31,USD_INR,85.081,INR,RBI_REFERENCE
2022-10-31,INDIA_MANUFACTURING_PMI,57.2,index_points,S_AND_P_GLOBAL
2022-11-01,USD_INR,85.119,INR,RBI_REFERENCE
2022-11-01,INDIA_MANUFACTURING_PMI,57.2,index_points,S_AND_P_GLOBAL
2022-11-02,USD_INR,85.072,INR,RBI_REFERENCE
2022-11-02,INDIA_MANUFACTURING_PMI,57.2,index_points,S_AND_P_GLOBAL
2022-11-03,USD_INR,85.076,INR,RBI_REFERENCE
2022-11-03,INDIA_MANUFACTURING_PMI,57.2,index_points,S_AND_P_GLOBAL
2022-11-04,USD_INR,85.087,INR,RBI_REFERENCE
2022-11-04,INDIA_MANUFACTURING_PMI,57.2,index_points,S_AND_P_GLOBAL
2022-11-05,USD_INR,85.081,INR,RBI_REFERENCE
2022-11-05,INDIA_MANUFACTURING_PMI,57.2,index_points,S_AND_P_GLOBAL
2022-11-06,USD_INR,85.044,INR,RBI_REFERENCE
2022-11-06,INDIA_MANUFACTURING_PMI,57.2,index_points,S_AND_P_GLOBAL
2022-11-07,USD_INR,85.05,INR,RBI_REFERENCE
2022-11-07,INDIA_MANUFACTURING_PMI,57.2,index_points,S_AND_P_GLOBAL
2022-11-08,USD_INR,84.978,INR,RBI_REFERENCE
2022-11-08,INDIA_MANUFACTURING_PMI,57.2,index_points,S_AND_P_GLOBAL
2022-11-09,USD_INR,84.983,INR,RBI_REFERENCE
2022-11-09,INDIA_MANUFACTURING_PMI,57.2,index_points,S_AND_P_GLOBAL
2022-11-10,USD_INR,85.033,INR,RBI_REFERENCE
2022-11-10,INDIA_MANUFACTURING_PMI,57.2,index_points,S_AND_P_GLOBAL
2022-11-11,USD_INR,84.966,INR,RBI_REFERENCE
2022-11-11,INDIA_MANUFACTURING_PMI,57.2,index_points,S_AND_P_GLOBAL
2022-11-12,USD_INR,84.978,INR,RBI_REFERENCE
2022-11-12,INDIA_MANUFACTURING_PMI,57.2,index_points,S_AND_P_GLOBAL
2022-11-13,USD_INR,84.999,INR,RBI_REFERENCE
2022-11-13,INDIA_MANUFACTURING_PMI,57.2,index_points,S_AND_P_GLOBAL
2022-11-14,USD_INR,85.005,INR,RBI_REFERENCE
2022-11-14,INDIA_MANUFACTURING_PMI,57.2,index_points,S_AND_P_GLOBAL
2022-11-15,USD_INR,85.014,INR,RBI_REFERENCE
2022-11-15,INDIA_MANUFACTURING_PMI,57.2,index_points,S_AND_P_GLOBAL
2022-11-16,USD_INR,85.002,INR,RBI_REFERENCE
2022-11-16,INDIA_MANUFACTURING_PMI,57.2,index_points,S_AND_P_GLOBAL
2022-11-17,USD_INR,85.068,INR,RBI_REFERENCE
2022-11-17,INDIA_MANUFACTURING_PMI,57.2,index_points,S_AND_P_GLOBAL
2022-11-18,USD_INR,85.078,INR,RBI_REFERENCE
2022-11-18,INDIA_MANUFACTURING_PMI,57.2,index_points,S_AND_P_GLOBAL
2022-11-19,USD_INR,85.101,INR,RBI_REFERENCE
2022-11-19,INDIA_MANUFACTURING_PMI,57.2,index_points,S_AND_P_GLOBAL
2022-11-20,USD_INR,85.082,INR,RBI_REFERENCE
2022-11-20,INDIA_MANUFACTURING_PMI,57.2,index_points,S_AND_P_GLOBAL
2022-11-21,USD_INR,85.063,INR,RBI_REFERENCE
2022-11-21,INDIA_MANUFACTURING_PMI,57.2,index_points,S_AND_P_GLOBAL
2022-11-22,USD_INR,85.04,INR,RBI_REFERENCE
2022-11-22,INDIA_MANUFACTURING_PMI,57.2,index_points,S_AND_P_GLOBAL
2022-11-23,USD_INR,85.065,INR,RBI_REFERENCE
2022-11-23,INDIA_MANUFACTURING_PMI,57.2,index_points,S_AND_P_GLOBAL
2022-11-24,USD_INR,85.084,INR,RBI_REFERENCE
2022-11-24,INDIA_MANUFACTURING_PMI,57.2,index_points,S_AND_P_GLOBAL
2022-11-25,USD_INR,85.066,INR,RBI_REFERENCE
2022-11-25,INDIA_MANUFACTURING_PMI,57.2,index_points,S_AND_P_GLOBAL
2022-11-26,USD_INR,85.087,INR,RBI_REFERENCE
2022-11-26,INDIA_MANUFACTURING_PMI,57.2,index_points,S_AND_P_GLOBAL
2022-11-27,USD_INR,85.068,INR,RBI_REFERENCE
2022-11-27,INDIA_MANUFACTURING_PMI,57.2,index_points,S_AND_P_GLOBAL
2022-11-28,USD_INR,85.032,INR,RBI_REFERENCE
2022-11-28,INDIA_MANUFACTURING_PMI,57.2,index_points,S_AND_P_GLOBAL
2022-11-29,USD_INR,85.021,INR,RBI_REFERENCE
2022-11-29,INDIA_MANUFACTURING_PMI,57.2,index_points,S_AND_P_GLOBAL
2022-11-30,USD_INR,84.984,INR,RBI_REFERENCE
2022-11-30,INDIA_MANUFACTURING_PMI,57.2,index_points,S_AND_P_GLOBAL
2022-12-01,USD_INR,84.952,INR,RBI_REFERENCE
2022-12-01,INDIA_MANUFACTURING_PMI,57.2,index_points,S_AND_P_GLOBAL
2022-12-02,USD_INR,84.94,INR,RBI_REFERENCE
2022-12-02,INDIA_MANUFACTURING_PMI,57.2,index_points,S_AND_P_GLOBAL
2022-12-03,USD_INR,84.909,INR,RBI_REFERENCE
2022-12-03,INDIA_MANUFACTURING_PMI,57.2,index_points,S_AND_P_GLOBAL
2022-12-04,USD_INR,84.898,INR,RBI_REFERENCE
2022-12-04,INDIA_MANUFACTURING_PMI,57.2,index_points,S_AND_P_GLOBAL
2022-12-05,USD_INR,84.939,INR,RBI_REFERENCE
2022-12-05,INDIA_MANUFACTURING_PMI,57.2,index_points,S_AND_P_GLOBAL
2022-12-06,USD_INR,84.984,INR,RBI_REFERENCE
2022-12-06,INDIA_MANUFACTURING_PMI,57.2,index_points,S_AND_P_GLOBAL
2022-12-07,USD_INR,84.983,INR,RBI_REFERENCE
2022-12-07,INDIA_MANUFACTURING_PMI,57.2,index_points,S_AND_P_GLOBAL
2022-12-08,USD_INR,85.015,INR,RBI_REFERENCE
2022-12-08,INDIA_MANUFACTURING_PMI,57.2,index_points,S_AND_P_GLOBAL
2022-12-09,USD_INR,85.014,INR,RBI_REFERENCE
2022-12-09,INDIA_MANUFACTURING_PMI,57.2,index_points,S_AND_P_GLOBAL
2022-12-10,USD_INR,84.992,INR,RBI_REFERENCE
2022-12-10,INDIA_MANUFACTURING_PMI,57.2,index_points,S_AND_P_GLOBAL
2022-12-11,USD_INR,84.942,INR,RBI_REFERENCE
2022-12-11,INDIA_MANUFACTURING_PMI,57.2,index_points,S_AND_P_GLOBAL
2022-12-12,USD_INR,84.963,INR,RBI_REFERENCE
2022-12-12,INDIA_MANUFACTURING_PMI,57.2,index_points,S_AND_P_GLOBAL
2022-12-13,USD_INR,85.021,INR,RBI_REFERENCE
2022-12-13,INDIA_MANUFACTURING_PMI,57.2,index_points,S_AND_P_GLOBAL
2022-12-14,USD_INR,85.063,INR,RBI_REFERENCE
2022-12-14,INDIA_MANUFACTURING_PMI,57.2,index_points,S_AND_P_GLOBAL
2022-12-15,USD_INR,85.108,INR,RBI_REFERENCE
2022-12-15,INDIA_MANUFACTURING_PMI,57.2,index_points,S_AND_P_GLOBAL
2022-12-16,USD_INR,85.083,INR,RBI_REFERENCE
2022-12-16,INDIA_MANUFACTURING_PMI,57.2,index_points,S_AND_P_GLOBAL
2022-12-17,USD_INR,85.068,INR,RBI_REFERENCE
2022-12-17,INDIA_MANUFACTURING_PMI,57.2,index_points,S_AND_P_GLOBAL
2022-12-18,USD_INR,85.102,INR,RBI_REFERENCE
2022-12-18,INDIA_MANUFACTURING_PMI,57.2,index_points,S_AND_P_GLOBAL
2022-12-19,USD_INR,85.088,INR,RBI_REFERENCE
2022-12-19,INDIA_MANUFACTURING_PMI,57.2,index_points,S_AND_P_GLOBAL
2022-12-20,USD_INR,85.094,INR,RBI_REFERENCE
2022-12-20,INDIA_MANUFACTURING_PMI,57.2,index_points,S_AND_P_GLOBAL
2022-12-21,USD_INR,85.122,INR,RBI_REFERENCE
2022-12-21,INDIA_MANUFACTURING_PMI,57.2,index_points,S_AND_P_GLOBAL
2022-12-22,USD_INR,85.143,INR,RBI_REFERENCE
2022-12-22,INDIA_MANUFACTURING_PMI,57.2,index_points,S_AND_P_GLOBAL
2022-12-23,USD_INR,85.077,INR,RBI_REFERENCE
2022-12-23,INDIA_MANUFACTURING_PMI,57.2,index_points,S_AND_P_GLOBAL
2022-12-24,USD_INR,85.167,INR,RBI_REFERENCE
2022-12-24,INDIA_MANUFACTURING_PMI,57.2,index_points,S_AND_P_GLOBAL
2022-12-25,USD_INR,85.207,INR,RBI_REFERENCE
2022-12-25,INDIA_MANUFACTURING_PMI,57.2,index_points,S_AND_P_GLOBAL
2022-12-26,USD_INR,85.156,INR,RBI_REFERENCE
2022-12-26,INDIA_MANUFACTURING_PMI,57.2,index_points,S_AND_P_GLOBAL
2022-12-27,USD_INR,85.181,INR,RBI_REFERENCE
2022-12-27,INDIA_MANUFACTURING_PMI,57.2,index_points,S_AND_P_GLOBAL
2022-12-28,USD_INR,85.159,INR,RBI_REFERENCE
2022-12-28,INDIA_MANUFACTURING_PMI,57.2,index_points,S_AND_P_GLOBAL
2022-12-29,USD_INR,85.176,INR,RBI_REFERENCE
2022-12-29,INDIA_MANUFACTURING_PMI,57.2,index_points,S_AND_P_GLOBAL
2022-12-30,USD_INR,85.212,INR,RBI_REFERENCE
2022-12-30,INDIA_MANUFACTURING_PMI,57.2,index_points,S_AND_P_GLOBAL
2022-12-31,USD_INR,85.172,INR,RBI_REFERENCE
2022-12-31,INDIA_MANUFACTURING_PMI,57.2,index_points,S_AND_P_GLOBAL
2023-01-01,USD_INR,85.169,INR,RBI_REFERENCE
2023-01-01,INDIA_MANUFACTURING_PMI,57.2,index_points,S_AND_P_GLOBAL
2023-01-02,USD_INR,85.209,INR,RBI_REFERENCE
2023-01-02,INDIA_MANUFACTURING_PMI,57.2,index_points,S_AND_P_GLOBAL
2023-01-03,USD_INR,85.331,INR,RBI_REFERENCE
2023-01-03,INDIA_MANUFACTURING_PMI,57.2,index_points,S_AND_P_GLOBAL
2023-01-04,USD_INR,85.319,INR,RBI_REFERENCE
2023-01-04,INDIA_MANUFACTURING_PMI,57.2,index_points,S_AND_P_GLOBAL
2023-01-05,USD_INR,85.263,INR,RBI_REFERENCE
2023-01-05,INDIA_MANUFACTURING_PMI,57.2,index_points,S_AND_P_GLOBAL
2023-01-06,USD_INR,85.229,INR,RBI_REFERENCE
2023-01-06,INDIA_MANUFACTURING_PMI,57.2,index_points,S_AND_P_GLOBAL
2023-01-07,USD_INR,85.286,INR,RBI_REFERENCE
2023-01-07,INDIA_MANUFACTURING_PMI,57.2,index_points,S_AND_P_GLOBAL
2023-01-08,USD_INR,85.298,INR,RBI_REFERENCE
2023-01-08,INDIA_MANUFACTURING_PMI,57.2,index_points,S_AND_P_GLOBAL
2023-01-09,USD_INR,85.301,INR,RBI_REFERENCE
2023-01-09,INDIA_MANUFACTURING_PMI,57.2,index_points,S_AND_P_GLOBAL
2023-01-10,USD_INR,85.373,INR,RBI_REFERENCE
2023-01-10,INDIA_MANUFACTURING_PMI,57.2,index_points,S_AND_P_GLOBAL
2023-01-11,USD_INR,85.353,INR,RBI_REFERENCE
2023-01-11,INDIA_MANUFACTURING_PMI,57.2,index_points,S_AND_P_GLOBAL
2023-01-12,USD_INR,85.38,INR,RBI_REFERENCE
2023-01-12,INDIA_MANUFACTURING_PMI,57.2,index_points,S_AND_P_GLOBAL
2023-01-13,USD_INR,85.357,INR,RBI_REFERENCE
2023-01-13,INDIA_MANUFACTURING_PMI,57.2,index_points,S_AND_P_GLOBAL
2023-01-14,USD_INR,85.342,INR,RBI_REFERENCE
2023-01-14,INDIA_MANUFACTURING_PMI,57.2,index_points,S_AND_P_GLOBAL
2023-01-15,USD_INR,85.34,INR,RBI_REFERENCE
2023-01-15,INDIA_MANUFACTURING_PMI,57.2,index_points,S_AND_P_GLOBAL
2023-01-16,USD_INR,85.293,INR,RBI_REFERENCE
2023-01-16,INDIA_MANUFACTURING_PMI,57.2,index_points,S_AND_P_GLOBAL
2023-01-17,USD_INR,85.246,INR,RBI_REFERENCE
2023-01-17,INDIA_MANUFACTURING_PMI,57.2,index_points,S_AND_P_GLOBAL
2023-01-18,USD_INR,85.24,INR,RBI_REFERENCE
2023-01-18,INDIA_MANUFACTURING_PMI,57.2,index_points,S_AND_P_GLOBAL
2023-01-19,USD_INR,85.224,INR,RBI_REFERENCE
2023-01-19,INDIA_MANUFACTURING_PMI,57.2,index_points,S_AND_P_GLOBAL
2023-01-20,USD_INR,85.266,INR,RBI_REFERENCE
2023-01-20,INDIA_MANUFACTURING_PMI,57.2,index_points,S_AND_P_GLOBAL
2023-01-21,USD_INR,85.222,INR,RBI_REFERENCE
2023-01-21,INDIA_MANUFACTURING_PMI,57.2,index_points,S_AND_P_GLOBAL
2023-01-22,USD_INR,85.258,INR,RBI_REFERENCE
2023-01-22,INDIA_MANUFACTURING_PMI,57.2,index_points,S_AND_P_GLOBAL
2023-01-23,USD_INR,85.265,INR,RBI_REFERENCE
2023-01-23,INDIA_MANUFACTURING_PMI,57.2,index_points,S_AND_P_GLOBAL
2023-01-24,USD_INR,85.25,INR,RBI_REFERENCE
2023-01-24,INDIA_MANUFACTURING_PMI,57.2,index_points,S_AND_P_GLOBAL
2023-01-25,USD_INR,85.264,INR,RBI_REFERENCE
2023-01-25,INDIA_MANUFACTURING_PMI,57.2,index_points,S_AND_P_GLOBAL
2023-01-26,USD_INR,85.276,INR,RBI_REFERENCE
2023-01-26,INDIA_MANUFACTURING_PMI,57.2,index_points,S_AND_P_GLOBAL
2023-01-27,USD_INR,85.251,INR,RBI_REFERENCE
2023-01-27,INDIA_MANUFACTURING_PMI,57.2,index_points,S_AND_P_GLOBAL
2023-01-28,USD_INR,85.258,INR,RBI_REFERENCE
2023-01-28,INDIA_MANUFACTURING_PMI,57.2,index_points,S_AND_P_GLOBAL
2023-01-29,USD_INR,85.251,INR,RBI_REFERENCE
2023-01-29,INDIA_MANUFACTURING_PMI,57.2,index_points,S_AND_P_GLOBAL
2023-01-30,USD_INR,85.267,INR,RBI_REFERENCE
2023-01-30,INDIA_MANUFACTURING_PMI,57.2,index_points,S_AND_P_GLOBAL
2023-01-31,USD_INR,85.322,INR,RBI_REFERENCE
2023-01-31,INDIA_MANUFACTURING_PMI,57.2,index_points,S_AND_P_GLOBAL
2023-02-01,USD_INR,85.287,INR,RBI_REFERENCE
2023-02-01,INDIA_MANUFACTURING_PMI,57.2,index_points,S_AND_P_GLOBAL
2023-02-02,USD_INR,85.267,INR,RBI_REFERENCE
2023-02-02,INDIA_MANUFACTURING_PMI,57.2,index_points,S_AND_P_GLOBAL
2023-02-03,USD_INR,85.271,INR,RBI_REFERENCE
2023-02-03,INDIA_MANUFACTURING_PMI,57.2,index_points,S_AND_P_GLOBAL
2023-02-04,USD_INR,85.318,INR,RBI_REFERENCE
2023-02-04,INDIA_MANUFACTURING_PMI,57.2,index_points,S_AND_P_GLOBAL
2023-02-05,USD_INR,85.279,INR,RBI_REFERENCE
2023-02-05,INDIA_MANUFACTURING_PMI,57.2,index_points,S_AND_P_GLOBAL
2023-02-06,USD_INR,85.307,INR,RBI_REFERENCE
2023-02-06,INDIA_MANUFACTURING_PMI,57.2,index_points,S_AND_P_GLOBAL
2023-02-07,USD_INR,85.239,INR,RBI_REFERENCE
2023-02-07,INDIA_MANUFACTURING_PMI,57.2,index_points,S_AND_P_GLOBAL
2023-02-08,USD_INR,85.277,INR,RBI_REFERENCE
2023-02-08,INDIA_MANUFACTURING_PMI,57.2,index_points,S_AND_P_GLOBAL
2023-02-09,USD_INR,85.331,INR,RBI_REFERENCE
2023-02-09,INDIA_MANUFACTURING_PMI,57.2,index_points,S_AND_P_GLOBAL
2023-02-10,USD_INR,85.326,INR,RBI_REFERENCE
2023-02-10,INDIA_MANUFACTURING_PMI,57.2,index_points,S_AND_P_GLOBAL
2023-02-11,USD_INR,85.312,INR,RBI_REFERENCE
2023-02-11,INDIA_MANUFACTURING_PMI,57.2,index_points,S_AND_P_GLOBAL
2023-02-12,USD_INR,85.306,INR,RBI_REFERENCE
2023-02-12,INDIA_MANUFACTURING_PMI,57.2,index_points,S_AND_P_GLOBAL
2023-02-13,USD_INR,85.338,INR,RBI_REFERENCE
2023-02-13,INDIA_MANUFACTURING_PMI,57.2,index_points,S_AND_P_GLOBAL
2023-02-14,USD_INR,85.278,INR,RBI_REFERENCE
2023-02-14,INDIA_MANUFACTURING_PMI,57.2,index_points,S_AND_P_GLOBAL
2023-02-15,USD_INR,85.33,INR,RBI_REFERENCE
2023-02-15,INDIA_MANUFACTURING_PMI,57.2,index_points,S_AND_P_GLOBAL
2023-02-16,USD_INR,85.306,INR,RBI_REFERENCE
2023-02-16,INDIA_MANUFACTURING_PMI,57.2,index_points,S_AND_P_GLOBAL
2023-02-17,USD_INR,85.388,INR,RBI_REFERENCE
2023-02-17,INDIA_MANUFACTURING_PMI,57.2,index_points,S_AND_P_GLOBAL
2023-02-18,USD_INR,85.375,INR,RBI_REFERENCE
2023-02-18,INDIA_MANUFACTURING_PMI,57.2,index_points,S_AND_P_GLOBAL
2023-02-19,USD_INR,85.341,INR,RBI_REFERENCE
2023-02-19,INDIA_MANUFACTURING_PMI,57.2,index_points,S_AND_P_GLOBAL
2023-02-20,USD_INR,85.349,INR,RBI_REFERENCE
2023-02-20,INDIA_MANUFACTURING_PMI,57.2,index_points,S_AND_P_GLOBAL
2023-02-21,USD_INR,85.365,INR,RBI_REFERENCE
2023-02-21,INDIA_MANUFACTURING_PMI,57.2,index_points,S_AND_P_GLOBAL
2023-02-22,USD_INR,85.356,INR,RBI_REFERENCE
2023-02-22,INDIA_MANUFACTURING_PMI,57.2,index_points,S_AND_P_GLOBAL
2023-02-23,USD_INR,85.29,INR,RBI_REFERENCE
2023-02-23,INDIA_MANUFACTURING_PMI,57.2,index_points,S_AND_P_GLOBAL
2023-02-24,USD_INR,85.277,INR,RBI_REFERENCE
2023-02-24,INDIA_MANUFACTURING_PMI,57.2,index_points,S_AND_P_GLOBAL
2023-02-25,USD_INR,85.342,INR,RBI_REFERENCE
2023-02-25,INDIA_MANUFACTURING_PMI,57.2,index_points,S_AND_P_GLOBAL
2023-02-26,USD_INR,85.436,INR,RBI_REFERENCE
2023-02-26,INDIA_MANUFACTURING_PMI,57.2,index_points,S_AND_P_GLOBAL
2023-02-27,USD_INR,85.549,INR,RBI_REFERENCE
2023-02-27,INDIA_MANUFACTURING_PMI,57.2,index_points,S_AND_P_GLOBAL
2023-02-28,USD_INR,85.546,INR,RBI_REFERENCE
2023-02-28,INDIA_MANUFACTURING_PMI,57.2,index_points,S_AND_P_GLOBAL
2023-03-01,USD_INR,85.586,INR,RBI_REFERENCE
2023-03-01,INDIA_MANUFACTURING_PMI,57.2,index_points,S_AND_P_GLOBAL
2023-03-02,USD_INR,85.579,INR,RBI_REFERENCE
2023-03-02,INDIA_MANUFACTURING_PMI,57.2,index_points,S_AND_P_GLOBAL
2023-03-03,USD_INR,85.585,INR,RBI_REFERENCE
2023-03-03,INDIA_MANUFACTURING_PMI,57.2,index_points,S_AND_P_GLOBAL
2023-03-04,USD_INR,85.609,INR,RBI_REFERENCE
2023-03-04,INDIA_MANUFACTURING_PMI,57.2,index_points,S_AND_P_GLOBAL
2023-03-05,USD_INR,85.631,INR,RBI_REFERENCE
2023-03-05,INDIA_MANUFACTURING_PMI,57.2,index_points,S_AND_P_GLOBAL
2023-03-06,USD_INR,85.64,INR,RBI_REFERENCE
2023-03-06,INDIA_MANUFACTURING_PMI,57.2,index_points,S_AND_P_GLOBAL
2023-03-07,USD_INR,85.651,INR,RBI_REFERENCE
2023-03-07,INDIA_MANUFACTURING_PMI,57.2,index_points,S_AND_P_GLOBAL
2023-03-08,USD_INR,85.66,INR,RBI_REFERENCE
2023-03-08,INDIA_MANUFACTURING_PMI,57.2,index_points,S_AND_P_GLOBAL
2023-03-09,USD_INR,85.701,INR,RBI_REFERENCE
2023-03-09,INDIA_MANUFACTURING_PMI,57.2,index_points,S_AND_P_GLOBAL
2023-03-10,USD_INR,85.664,INR,RBI_REFERENCE
2023-03-10,INDIA_MANUFACTURING_PMI,57.2,index_points,S_AND_P_GLOBAL
2023-03-11,USD_INR,85.64,INR,RBI_REFERENCE
2023-03-11,INDIA_MANUFACTURING_PMI,57.2,index_points,S_AND_P_GLOBAL
2023-03-12,USD_INR,85.619,INR,RBI_REFERENCE
2023-03-12,INDIA_MANUFACTURING_PMI,57.2,index_points,S_AND_P_GLOBAL
2023-03-13,USD_INR,85.631,INR,RBI_REFERENCE
2023-03-13,INDIA_MANUFACTURING_PMI,57.2,index_points,S_AND_P_GLOBAL
2023-03-14,USD_INR,85.659,INR,RBI_REFERENCE
2023-03-14,INDIA_MANUFACTURING_PMI,57.2,index_points,S_AND_P_GLOBAL
2023-03-15,USD_INR,85.626,INR,RBI_REFERENCE
2023-03-15,INDIA_MANUFACTURING_PMI,57.2,index_points,S_AND_P_GLOBAL
2023-03-16,USD_INR,85.54,INR,RBI_REFERENCE
2023-03-16,INDIA_MANUFACTURING_PMI,57.2,index_points,S_AND_P_GLOBAL
2023-03-17,USD_INR,85.609,INR,RBI_REFERENCE
2023-03-17,INDIA_MANUFACTURING_PMI,57.2,index_points,S_AND_P_GLOBAL
2023-03-18,USD_INR,85.609,INR,RBI_REFERENCE
2023-03-18,INDIA_MANUFACTURING_PMI,57.2,index_points,S_AND_P_GLOBAL
2023-03-19,USD_INR,85.642,INR,RBI_REFERENCE
2023-03-19,INDIA_MANUFACTURING_PMI,57.2,index_points,S_AND_P_GLOBAL
2023-03-20,USD_INR,85.612,INR,RBI_REFERENCE
2023-03-20,INDIA_MANUFACTURING_PMI,57.2,index_points,S_AND_P_GLOBAL
2023-03-21,USD_INR,85.603,INR,RBI_REFERENCE
2023-03-21,INDIA_MANUFACTURING_PMI,57.2,index_points,S_AND_P_GLOBAL
2023-03-22,USD_INR,85.613,INR,RBI_REFERENCE
2023-03-22,INDIA_MANUFACTURING_PMI,57.2,index_points,S_AND_P_GLOBAL
2023-03-23,USD_INR,85.606,INR,RBI_REFERENCE
2023-03-23,INDIA_MANUFACTURING_PMI,57.2,index_points,S_AND_P_GLOBAL
2023-03-24,USD_INR,85.584,INR,RBI_REFERENCE
2023-03-24,INDIA_MANUFACTURING_PMI,57.2,index_points,S_AND_P_GLOBAL
2023-03-25,USD_INR,85.579,INR,RBI_REFERENCE
2023-03-25,INDIA_MANUFACTURING_PMI,57.2,index_points,S_AND_P_GLOBAL
2023-03-26,USD_INR,85.544,INR,RBI_REFERENCE
2023-03-26,INDIA_MANUFACTURING_PMI,57.2,index_points,S_AND_P_GLOBAL
2023-03-27,USD_INR,85.535,INR,RBI_REFERENCE
2023-03-27,INDIA_MANUFACTURING_PMI,57.2,index_points,S_AND_P_GLOBAL
2023-03-28,USD_INR,85.483,INR,RBI_REFERENCE
2023-03-28,INDIA_MANUFACTURING_PMI,57.2,index_points,S_AND_P_GLOBAL
2023-03-29,USD_INR,85.469,INR,RBI_REFERENCE
2023-03-29,INDIA_MANUFACTURING_PMI,57.2,index_points,S_AND_P_GLOBAL
2023-03-30,USD_INR,85.462,INR,RBI_REFERENCE
2023-03-30,INDIA_MANUFACTURING_PMI,57.2,index_points,S_AND_P_GLOBAL
2023-03-31,USD_INR,85.46,INR,RBI_REFERENCE
2023-03-31,INDIA_MANUFACTURING_PMI,57.2,index_points,S_AND_P_GLOBAL
2023-04-01,USD_INR,85.435,INR,RBI_REFERENCE
2023-04-01,INDIA_MANUFACTURING_PMI,57.2,index_points,S_AND_P_GLOBAL
2023-04-02,USD_INR,85.404,INR,RBI_REFERENCE
2023-04-02,INDIA_MANUFACTURING_PMI,57.2,index_points,S_AND_P_GLOBAL
2023-04-03,USD_INR,85.399,INR,RBI_REFERENCE
2023-04-03,INDIA_MANUFACTURING_PMI,57.2,index_points,S_AND_P_GLOBAL
2023-04-04,USD_INR,85.398,INR,RBI_REFERENCE
2023-04-04,INDIA_MANUFACTURING_PMI,57.2,index_points,S_AND_P_GLOBAL
2023-04-05,USD_INR,85.403,INR,RBI_REFERENCE
2023-04-05,INDIA_MANUFACTURING_PMI,57.2,index_points,S_AND_P_GLOBAL
2023-04-06,USD_INR,85.403,INR,RBI_REFERENCE
2023-04-06,INDIA_MANUFACTURING_PMI,57.2,index_points,S_AND_P_GLOBAL
2023-04-07,USD_INR,85.39,INR,RBI_REFERENCE
2023-04-07,INDIA_MANUFACTURING_PMI,57.2,index_points,S_AND_P_GLOBAL
2023-04-08,USD_INR,85.368,INR,RBI_REFERENCE
2023-04-08,INDIA_MANUFACTURING_PMI,57.2,index_points,S_AND_P_GLOBAL
2023-04-09,USD_INR,85.415,INR,RBI_REFERENCE
2023-04-09,INDIA_MANUFACTURING_PMI,57.2,index_points,S_AND_P_GLOBAL
2023-04-10,USD_INR,85.469,INR,RBI_REFERENCE
2023-04-10,INDIA_MANUFACTURING_PMI,57.2,index_points,S_AND_P_GLOBAL
2023-04-11,USD_INR,85.473,INR,RBI_REFERENCE
2023-04-11,INDIA_MANUFACTURING_PMI,57.2,index_points,S_AND_P_GLOBAL
2023-04-12,USD_INR,85.486,INR,RBI_REFERENCE
2023-04-12,INDIA_MANUFACTURING_PMI,57.2,index_points,S_AND_P_GLOBAL
2023-04-13,USD_INR,85.535,INR,RBI_REFERENCE
2023-04-13,INDIA_MANUFACTURING_PMI,57.2,index_points,S_AND_P_GLOBAL
2023-04-14,USD_INR,85.506,INR,RBI_REFERENCE
2023-04-14,INDIA_MANUFACTURING_PMI,57.2,index_points,S_AND_P_GLOBAL
2023-04-15,USD_INR,85.465,INR,RBI_REFERENCE
2023-04-15,INDIA_MANUFACTURING_PMI,57.2,index_points,S_AND_P_GLOBAL
2023-04-16,USD_INR,85.433,INR,RBI_REFERENCE
2023-04-16,INDIA_MANUFACTURING_PMI,57.2,index_points,S_AND_P_GLOBAL
2023-04-17,USD_INR,85.526,INR,RBI_REFERENCE
2023-04-17,INDIA_MANUFACTURING_PMI,57.2,index_points,S_AND_P_GLOBAL
2023-04-18,USD_INR,85.529,INR,RBI_REFERENCE
2023-04-18,INDIA_MANUFACTURING_PMI,57.2,index_points,S_AND_P_GLOBAL
2023-04-19,USD_INR,85.518,INR,RBI_REFERENCE
2023-04-19,INDIA_MANUFACTURING_PMI,57.2,index_points,S_AND_P_GLOBAL
2023-04-20,USD_INR,85.574,INR,RBI_REFERENCE
2023-04-20,INDIA_MANUFACTURING_PMI,57.2,index_points,S_AND_P_GLOBAL
2023-04-21,USD_INR,85.652,INR,RBI_REFERENCE
2023-04-21,INDIA_MANUFACTURING_PMI,57.2,index_points,S_AND_P_GLOBAL
2023-04-22,USD_INR,85.62,INR,RBI_REFERENCE
2023-04-22,INDIA_MANUFACTURING_PMI,57.2,index_points,S_AND_P_GLOBAL
2023-04-23,USD_INR,85.565,INR,RBI_REFERENCE
2023-04-23,INDIA_MANUFACTURING_PMI,57.2,index_points,S_AND_P_GLOBAL
2023-04-24,USD_INR,85.557,INR,RBI_REFERENCE
2023-04-24,INDIA_MANUFACTURING_PMI,57.2,index_points,S_AND_P_GLOBAL
2023-04-25,USD_INR,85.528,INR,RBI_REFERENCE
2023-04-25,INDIA_MANUFACTURING_PMI,57.2,index_points,S_AND_P_GLOBAL
2023-04-26,USD_INR,85.53,INR,RBI_REFERENCE
2023-04-26,INDIA_MANUFACTURING_PMI,57.2,index_points,S_AND_P_GLOBAL
2023-04-27,USD_INR,85.614,INR,RBI_REFERENCE
2023-04-27,INDIA_MANUFACTURING_PMI,57.2,index_points,S_AND_P_GLOBAL
2023-04-28,USD_INR,85.618,INR,RBI_REFERENCE
2023-04-28,INDIA_MANUFACTURING_PMI,57.2,index_points,S_AND_P_GLOBAL
2023-04-29,USD_INR,85.582,INR,RBI_REFERENCE
2023-04-29,INDIA_MANUFACTURING_PMI,57.2,index_points,S_AND_P_GLOBAL
2023-04-30,USD_INR,85.522,INR,RBI_REFERENCE
2023-04-30,INDIA_MANUFACTURING_PMI,57.2,index_points,S_AND_P_GLOBAL
2023-05-01,USD_INR,85.5,INR,RBI_REFERENCE
2023-05-01,INDIA_MANUFACTURING_PMI,57.2,index_points,S_AND_P_GLOBAL
2023-05-02,USD_INR,85.495,INR,RBI_REFERENCE
2023-05-02,INDIA_MANUFACTURING_PMI,57.2,index_points,S_AND_P_GLOBAL
2023-05-03,USD_INR,85.437,INR,RBI_REFERENCE
2023-05-03,INDIA_MANUFACTURING_PMI,57.2,index_points,S_AND_P_GLOBAL
2023-05-04,USD_INR,85.398,INR,RBI_REFERENCE
2023-05-04,INDIA_MANUFACTURING_PMI,57.2,index_points,S_AND_P_GLOBAL
2023-05-05,USD_INR,85.324,INR,RBI_REFERENCE
2023-05-05,INDIA_MANUFACTURING_PMI,57.2,index_points,S_AND_P_GLOBAL
2023-05-06,USD_INR,85.359,INR,RBI_REFERENCE
2023-05-06,INDIA_MANUFACTURING_PMI,57.2,index_points,S_AND_P_GLOBAL
2023-05-07,USD_INR,85.367,INR,RBI_REFERENCE
2023-05-07,INDIA_MANUFACTURING_PMI,57.2,index_points,S_AND_P_GLOBAL
2023-05-08,USD_INR,85.413,INR,RBI_REFERENCE
2023-05-08,INDIA_MANUFACTURING_PMI,57.2,index_points,S_AND_P_GLOBAL
2023-05-09,USD_INR,85.344,INR,RBI_REFERENCE
2023-05-09,INDIA_MANUFACTURING_PMI,57.2,index_points,S_AND_P_GLOBAL
2023-05-10,USD_INR,85.357,INR,RBI_REFERENCE
2023-05-10,INDIA_MANUFACTURING_PMI,57.2,index_points,S_AND_P_GLOBAL
2023-05-11,USD_INR,85.361,INR,RBI_REFERENCE
2023-05-11,INDIA_MANUFACTURING_PMI,57.2,index_points,S_AND_P_GLOBAL
2023-05-12,USD_INR,85.253,INR,RBI_REFERENCE
2023-05-12,INDIA_MANUFACTURING_PMI,57.2,index_points,S_AND_P_GLOBAL
2023-05-13,USD_INR,85.242,INR,RBI_REFERENCE
2023-05-13,INDIA_MANUFACTURING_PMI,57.2,index_points,S_AND_P_GLOBAL
2023-05-14,USD_INR,85.251,INR,RBI_REFERENCE
2023-05-14,INDIA_MANUFACTURING_PMI,57.2,index_points,S_AND_P_GLOBAL
2023-05-15,USD_INR,85.218,INR,RBI_REFERENCE
2023-05-15,INDIA_MANUFACTURING_PMI,57.2,index_points,S_AND_P_GLOBAL
2023-05-16,USD_INR,85.137,INR,RBI_REFERENCE
2023-05-16,INDIA_MANUFACTURING_PMI,57.2,index_points,S_AND_P_GLOBAL
2023-05-17,USD_INR,85.183,INR,RBI_REFERENCE
2023-05-17,INDIA_MANUFACTURING_PMI,57.2,index_points,S_AND_P_GLOBAL
2023-05-18,USD_INR,85.141,INR,RBI_REFERENCE
2023-05-18,INDIA_MANUFACTURING_PMI,57.2,index_points,S_AND_P_GLOBAL
2023-05-19,USD_INR,85.228,INR,RBI_REFERENCE
2023-05-19,INDIA_MANUFACTURING_PMI,57.2,index_points,S_AND_P_GLOBAL
2023-05-20,USD_INR,85.203,INR,RBI_REFERENCE
2023-05-20,INDIA_MANUFACTURING_PMI,57.2,index_points,S_AND_P_GLOBAL
2023-05-21,USD_INR,85.271,INR,RBI_REFERENCE
2023-05-21,INDIA_MANUFACTURING_PMI,57.2,index_points,S_AND_P_GLOBAL
2023-05-22,USD_INR,85.285,INR,RBI_REFERENCE
2023-05-22,INDIA_MANUFACTURING_PMI,57.2,index_points,S_AND_P_GLOBAL
2023-05-23,USD_INR,85.334,INR,RBI_REFERENCE
2023-05-23,INDIA_MANUFACTURING_PMI,57.2,index_points,S_AND_P_GLOBAL
2023-05-24,USD_INR,85.419,INR,RBI_REFERENCE
2023-05-24,INDIA_MANUFACTURING_PMI,57.2,index_points,S_AND_P_GLOBAL
2023-05-25,USD_INR,85.402,INR,RBI_REFERENCE
2023-05-25,INDIA_MANUFACTURING_PMI,57.2,index_points,S_AND_P_GLOBAL
2023-05-26,USD_INR,85.45,INR,RBI_REFERENCE
2023-05-26,INDIA_MANUFACTURING_PMI,57.2,index_points,S_AND_P_GLOBAL
2023-05-27,USD_INR,85.424,INR,RBI_REFERENCE
2023-05-27,INDIA_MANUFACTURING_PMI,57.2,index_points,S_AND_P_GLOBAL
2023-05-28,USD_INR,85.478,INR,RBI_REFERENCE
2023-05-28,INDIA_MANUFACTURING_PMI,57.2,index_points,S_AND_P_GLOBAL
2023-05-29,USD_INR,85.486,INR,RBI_REFERENCE
2023-05-29,INDIA_MANUFACTURING_PMI,57.2,index_points,S_AND_P_GLOBAL
2023-05-30,USD_INR,85.519,INR,RBI_REFERENCE
2023-05-30,INDIA_MANUFACTURING_PMI,57.2,index_points,S_AND_P_GLOBAL
2023-05-31,USD_INR,85.55,INR,RBI_REFERENCE
2023-05-31,INDIA_MANUFACTURING_PMI,57.2,index_points,S_AND_P_GLOBAL
2023-06-01,USD_INR,85.563,INR,RBI_REFERENCE
2023-06-01,INDIA_MANUFACTURING_PMI,57.2,index_points,S_AND_P_GLOBAL
2023-06-02,USD_INR,85.598,INR,RBI_REFERENCE
2023-06-02,INDIA_MANUFACTURING_PMI,57.2,index_points,S_AND_P_GLOBAL
2023-06-03,USD_INR,85.563,INR,RBI_REFERENCE
2023-06-03,INDIA_MANUFACTURING_PMI,57.2,index_points,S_AND_P_GLOBAL
2023-06-04,USD_INR,85.516,INR,RBI_REFERENCE
2023-06-04,INDIA_MANUFACTURING_PMI,57.2,index_points,S_AND_P_GLOBAL
2023-06-05,USD_INR,85.539,INR,RBI_REFERENCE
2023-06-05,INDIA_MANUFACTURING_PMI,57.2,index_points,S_AND_P_GLOBAL
2023-06-06,USD_INR,85.56,INR,RBI_REFERENCE
2023-06-06,INDIA_MANUFACTURING_PMI,57.2,index_points,S_AND_P_GLOBAL
2023-06-07,USD_INR,85.588,INR,RBI_REFERENCE
2023-06-07,INDIA_MANUFACTURING_PMI,57.2,index_points,S_AND_P_GLOBAL
2023-06-08,USD_INR,85.618,INR,RBI_REFERENCE
2023-06-08,INDIA_MANUFACTURING_PMI,57.2,index_points,S_AND_P_GLOBAL
2023-06-09,USD_INR,85.655,INR,RBI_REFERENCE
2023-06-09,INDIA_MANUFACTURING_PMI,57.2,index_points,S_AND_P_GLOBAL
2023-06-10,USD_INR,85.667,INR,RBI_REFERENCE
2023-06-10,INDIA_MANUFACTURING_PMI,57.2,index_points,S_AND_P_GLOBAL
2023-06-11,USD_INR,85.679,INR,RBI_REFERENCE
2023-06-11,INDIA_MANUFACTURING_PMI,57.2,index_points,S_AND_P_GLOBAL
2023-06-12,USD_INR,85.756,INR,RBI_REFERENCE
2023-06-12,INDIA_MANUFACTURING_PMI,57.2,index_points,S_AND_P_GLOBAL
2023-06-13,USD_INR,85.767,INR,RBI_REFERENCE
2023-06-13,INDIA_MANUFACTURING_PMI,57.2,index_points,S_AND_P_GLOBAL
2023-06-14,USD_INR,85.728,INR,RBI_REFERENCE
2023-06-14,INDIA_MANUFACTURING_PMI,57.2,index_points,S_AND_P_GLOBAL
2023-06-15,USD_INR,85.686,INR,RBI_REFERENCE
2023-06-15,INDIA_MANUFACTURING_PMI,57.2,index_points,S_AND_P_GLOBAL
2023-06-16,USD_INR,85.706,INR,RBI_REFERENCE
2023-06-16,INDIA_MANUFACTURING_PMI,57.2,index_points,S_AND_P_GLOBAL
2023-06-17,USD_INR,85.708,INR,RBI_REFERENCE
2023-06-17,INDIA_MANUFACTURING_PMI,57.2,index_points,S_AND_P_GLOBAL
2023-06-18,USD_INR,85.701,INR,RBI_REFERENCE
2023-06-18,INDIA_MANUFACTURING_PMI,57.2,index_points,S_AND_P_GLOBAL
2023-06-19,USD_INR,85.689,INR,RBI_REFERENCE
2023-06-19,INDIA_MANUFACTURING_PMI,57.2,index_points,S_AND_P_GLOBAL
2023-06-20,USD_INR,85.683,INR,RBI_REFERENCE
2023-06-20,INDIA_MANUFACTURING_PMI,57.2,index_points,S_AND_P_GLOBAL
2023-06-21,USD_INR,85.662,INR,RBI_REFERENCE
2023-06-21,INDIA_MANUFACTURING_PMI,57.2,index_points,S_AND_P_GLOBAL
2023-06-22,USD_INR,85.624,INR,RBI_REFERENCE
2023-06-22,INDIA_MANUFACTURING_PMI,57.2,index_points,S_AND_P_GLOBAL
2023-06-23,USD_INR,85.612,INR,RBI_REFERENCE
2023-06-23,INDIA_MANUFACTURING_PMI,57.2,index_points,S_AND_P_GLOBAL
2023-06-24,USD_INR,85.566,INR,RBI_REFERENCE
2023-06-24,INDIA_MANUFACTURING_PMI,57.2,index_points,S_AND_P_GLOBAL
2023-06-25,USD_INR,85.535,INR,RBI_REFERENCE
2023-06-25,INDIA_MANUFACTURING_PMI,57.2,index_points,S_AND_P_GLOBAL
2023-06-26,USD_INR,85.531,INR,RBI_REFERENCE
2023-06-26,INDIA_MANUFACTURING_PMI,57.2,index_points,S_AND_P_GLOBAL
2023-06-27,USD_INR,85.527,INR,RBI_REFERENCE
2023-06-27,INDIA_MANUFACTURING_PMI,57.2,index_points,S_AND_P_GLOBAL
2023-06-28,USD_INR,85.537,INR,RBI_REFERENCE
2023-06-28,INDIA_MANUFACTURING_PMI,57.2,index_points,S_AND_P_GLOBAL
2023-06-29,USD_INR,85.586,INR,RBI_REFERENCE
2023-06-29,INDIA_MANUFACTURING_PMI,57.2,index_points,S_AND_P_GLOBAL
2023-06-30,USD_INR,85.564,INR,RBI_REFERENCE
2023-06-30,INDIA_MANUFACTURING_PMI,57.2,index_points,S_AND_P_GLOBAL
2023-07-01,USD_INR,85.584,INR,RBI_REFERENCE
2023-07-01,INDIA_MANUFACTURING_PMI,57.2,index_points,S_AND_P_GLOBAL
2023-07-02,USD_INR,85.658,INR,RBI_REFERENCE
2023-07-02,INDIA_MANUFACTURING_PMI,57.2,index_points,S_AND_P_GLOBAL
2023-07-03,USD_INR,85.581,INR,RBI_REFERENCE
2023-07-03,INDIA_MANUFACTURING_PMI,57.2,index_points,S_AND_P_GLOBAL
2023-07-04,USD_INR,85.57,INR,RBI_REFERENCE
2023-07-04,INDIA_MANUFACTURING_PMI,57.2,index_points,S_AND_P_GLOBAL
2023-07-05,USD_INR,85.601,INR,RBI_REFERENCE
2023-07-05,INDIA_MANUFACTURING_PMI,57.2,index_points,S_AND_P_GLOBAL
2023-07-06,USD_INR,85.628,INR,RBI_REFERENCE
2023-07-06,INDIA_MANUFACTURING_PMI,57.2,index_points,S_AND_P_GLOBAL
2023-07-07,USD_INR,85.579,INR,RBI_REFERENCE
2023-07-07,INDIA_MANUFACTURING_PMI,57.2,index_points,S_AND_P_GLOBAL
2023-07-08,USD_INR,85.586,INR,RBI_REFERENCE
2023-07-08,INDIA_MANUFACTURING_PMI,57.2,index_points,S_AND_P_GLOBAL
2023-07-09,USD_INR,85.654,INR,RBI_REFERENCE
2023-07-09,INDIA_MANUFACTURING_PMI,57.2,index_points,S_AND_P_GLOBAL
2023-07-10,USD_INR,85.686,INR,RBI_REFERENCE
2023-07-10,INDIA_MANUFACTURING_PMI,57.2,index_points,S_AND_P_GLOBAL
2023-07-11,USD_INR,85.703,INR,RBI_REFERENCE
2023-07-11,INDIA_MANUFACTURING_PMI,57.2,index_points,S_AND_P_GLOBAL
2023-07-12,USD_INR,85.734,INR,RBI_REFERENCE
2023-07-12,INDIA_MANUFACTURING_PMI,57.2,index_points,S_AND_P_GLOBAL
2023-07-13,USD_INR,85.732,INR,RBI_REFERENCE
2023-07-13,INDIA_MANUFACTURING_PMI,57.2,index_points,S_AND_P_GLOBAL
2023-07-14,USD_INR,85.76,INR,RBI_REFERENCE
2023-07-14,INDIA_MANUFACTURING_PMI,57.2,index_points,S_AND_P_GLOBAL
2023-07-15,USD_INR,85.714,INR,RBI_REFERENCE
2023-07-15,INDIA_MANUFACTURING_PMI,57.2,index_points,S_AND_P_GLOBAL
2023-07-16,USD_INR,85.73,INR,RBI_REFERENCE
2023-07-16,INDIA_MANUFACTURING_PMI,57.2,index_points,S_AND_P_GLOBAL
2023-07-17,USD_INR,85.755,INR,RBI_REFERENCE
2023-07-17,INDIA_MANUFACTURING_PMI,57.2,index_points,S_AND_P_GLOBAL
2023-07-18,USD_INR,85.748,INR,RBI_REFERENCE
2023-07-18,INDIA_MANUFACTURING_PMI,57.2,index_points,S_AND_P_GLOBAL
2023-07-19,USD_INR,85.721,INR,RBI_REFERENCE
2023-07-19,INDIA_MANUFACTURING_PMI,57.2,index_points,S_AND_P_GLOBAL
2023-07-20,USD_INR,85.718,INR,RBI_REFERENCE
2023-07-20,INDIA_MANUFACTURING_PMI,57.2,index_points,S_AND_P_GLOBAL
2023-07-21,USD_INR,85.718,INR,RBI_REFERENCE
2023-07-21,INDIA_MANUFACTURING_PMI,57.2,index_points,S_AND_P_GLOBAL
2023-07-22,USD_INR,85.724,INR,RBI_REFERENCE
2023-07-22,INDIA_MANUFACTURING_PMI,57.2,index_points,S_AND_P_GLOBAL
2023-07-23,USD_INR,85.714,INR,RBI_REFERENCE
2023-07-23,INDIA_MANUFACTURING_PMI,57.2,index_points,S_AND_P_GLOBAL
2023-07-24,USD_INR,85.784,INR,RBI_REFERENCE
2023-07-24,INDIA_MANUFACTURING_PMI,57.2,index_points,S_AND_P_GLOBAL
2023-07-25,USD_INR,85.737,INR,RBI_REFERENCE
2023-07-25,INDIA_MANUFACTURING_PMI,57.2,index_points,S_AND_P_GLOBAL
2023-07-26,USD_INR,85.724,INR,RBI_REFERENCE
2023-07-26,INDIA_MANUFACTURING_PMI,57.2,index_points,S_AND_P_GLOBAL
2023-07-27,USD_INR,85.752,INR,RBI_REFERENCE
2023-07-27,INDIA_MANUFACTURING_PMI,57.2,index_points,S_AND_P_GLOBAL
2023-07-28,USD_INR,85.716,INR,RBI_REFERENCE
2023-07-28,INDIA_MANUFACTURING_PMI,57.2,index_points,S_AND_P_GLOBAL
2023-07-29,USD_INR,85.71,INR,RBI_REFERENCE
2023-07-29,INDIA_MANUFACTURING_PMI,57.2,index_points,S_AND_P_GLOBAL
2023-07-30,USD_INR,85.702,INR,RBI_REFERENCE
2023-07-30,INDIA_MANUFACTURING_PMI,57.2,index_points,S_AND_P_GLOBAL
2023-07-31,USD_INR,85.75,INR,RBI_REFERENCE
2023-07-31,INDIA_MANUFACTURING_PMI,57.2,index_points,S_AND_P_GLOBAL
2023-08-01,USD_INR,85.787,INR,RBI_REFERENCE
2023-08-01,INDIA_MANUFACTURING_PMI,57.2,index_points,S_AND_P_GLOBAL
2023-08-02,USD_INR,85.783,INR,RBI_REFERENCE
2023-08-02,INDIA_MANUFACTURING_PMI,57.2,index_points,S_AND_P_GLOBAL
2023-08-03,USD_INR,85.757,INR,RBI_REFERENCE
2023-08-03,INDIA_MANUFACTURING_PMI,57.2,index_points,S_AND_P_GLOBAL
2023-08-04,USD_INR,85.744,INR,RBI_REFERENCE
2023-08-04,INDIA_MANUFACTURING_PMI,57.2,index_points,S_AND_P_GLOBAL
2023-08-05,USD_INR,85.77,INR,RBI_REFERENCE
2023-08-05,INDIA_MANUFACTURING_PMI,57.2,index_points,S_AND_P_GLOBAL
2023-08-06,USD_INR,85.726,INR,RBI_REFERENCE
2023-08-06,INDIA_MANUFACTURING_PMI,57.2,index_points,S_AND_P_GLOBAL
2023-08-07,USD_INR,85.751,INR,RBI_REFERENCE
2023-08-07,INDIA_MANUFACTURING_PMI,57.2,index_points,S_AND_P_GLOBAL
2023-08-08,USD_INR,85.731,INR,RBI_REFERENCE
2023-08-08,INDIA_MANUFACTURING_PMI,57.2,index_points,S_AND_P_GLOBAL
2023-08-09,USD_INR,85.735,INR,RBI_REFERENCE
2023-08-09,INDIA_MANUFACTURING_PMI,57.2,index_points,S_AND_P_GLOBAL
2023-08-10,USD_INR,85.747,INR,RBI_REFERENCE
2023-08-10,INDIA_MANUFACTURING_PMI,57.2,index_points,S_AND_P_GLOBAL
2023-08-11,USD_INR,85.78,INR,RBI_REFERENCE
2023-08-11,INDIA_MANUFACTURING_PMI,57.2,index_points,S_AND_P_GLOBAL
2023-08-12,USD_INR,85.884,INR,RBI_REFERENCE
2023-08-12,INDIA_MANUFACTURING_PMI,57.2,index_points,S_AND_P_GLOBAL
2023-08-13,USD_INR,85.929,INR,RBI_REFERENCE
2023-08-13,INDIA_MANUFACTURING_PMI,57.2,index_points,S_AND_P_GLOBAL
2023-08-14,USD_INR,85.886,INR,RBI_REFERENCE
2023-08-14,INDIA_MANUFACTURING_PMI,57.2,index_points,S_AND_P_GLOBAL
2023-08-15,USD_INR,85.939,INR,RBI_REFERENCE
2023-08-15,INDIA_MANUFACTURING_PMI,57.2,index_points,S_AND_P_GLOBAL
2023-08-16,USD_INR,85.933,INR,RBI_REFERENCE
2023-08-16,INDIA_MANUFACTURING_PMI,57.2,index_points,S_AND_P_GLOBAL
2023-08-17,USD_INR,85.828,INR,RBI_REFERENCE
2023-08-17,INDIA_MANUFACTURING_PMI,57.2,index_points,S_AND_P_GLOBAL
2023-08-18,USD_INR,85.873,INR,RBI_REFERENCE
2023-08-18,INDIA_MANUFACTURING_PMI,57.2,index_points,S_AND_P_GLOBAL
2023-08-19,USD_INR,85.805,INR,RBI_REFERENCE
2023-08-19,INDIA_MANUFACTURING_PMI,57.2,index_points,S_AND_P_GLOBAL
2023-08-20,USD_INR,85.799,INR,RBI_REFERENCE
2023-08-20,INDIA_MANUFACTURING_PMI,57.2,index_points,S_AND_P_GLOBAL
2023-08-21,USD_INR,85.782,INR,RBI_REFERENCE
2023-08-21,INDIA_MANUFACTURING_PMI,57.2,index_points,S_AND_P_GLOBAL
2023-08-22,USD_INR,85.875,INR,RBI_REFERENCE
2023-08-22,INDIA_MANUFACTURING_PMI,57.2,index_points,S_AND_P_GLOBAL
2023-08-23,USD_INR,85.902,INR,RBI_REFERENCE
2023-08-23,INDIA_MANUFACTURING_PMI,57.2,index_points,S_AND_P_GLOBAL
2023-08-24,USD_INR,85.886,INR,RBI_REFERENCE
2023-08-24,INDIA_MANUFACTURING_PMI,57.2,index_points,S_AND_P_GLOBAL
2023-08-25,USD_INR,85.855,INR,RBI_REFERENCE
2023-08-25,INDIA_MANUFACTURING_PMI,57.2,index_points,S_AND_P_GLOBAL
2023-08-26,USD_INR,85.852,INR,RBI_REFERENCE
2023-08-26,INDIA_MANUFACTURING_PMI,57.2,index_points,S_AND_P_GLOBAL
2023-08-27,USD_INR,85.792,INR,RBI_REFERENCE
2023-08-27,INDIA_MANUFACTURING_PMI,57.2,index_points,S_AND_P_GLOBAL
2023-08-28,USD_INR,85.782,INR,RBI_REFERENCE
2023-08-28,INDIA_MANUFACTURING_PMI,57.2,index_points,S_AND_P_GLOBAL
2023-08-29,USD_INR,85.721,INR,RBI_REFERENCE
2023-08-29,INDIA_MANUFACTURING_PMI,57.2,index_points,S_AND_P_GLOBAL
2023-08-30,USD_INR,85.731,INR,RBI_REFERENCE
2023-08-30,INDIA_MANUFACTURING_PMI,57.2,index_points,S_AND_P_GLOBAL
2023-08-31,USD_INR,85.748,INR,RBI_REFERENCE
2023-08-31,INDIA_MANUFACTURING_PMI,57.2,index_points,S_AND_P_GLOBAL
2023-09-01,USD_INR,85.779,INR,RBI_REFERENCE
2023-09-01,INDIA_MANUFACTURING_PMI,57.2,index_points,S_AND_P_GLOBAL
2023-09-02,USD_INR,85.79,INR,RBI_REFERENCE
2023-09-02,INDIA_MANUFACTURING_PMI,57.2,index_points,S_AND_P_GLOBAL
2023-09-03,USD_INR,85.783,INR,RBI_REFERENCE
2023-09-03,INDIA_MANUFACTURING_PMI,57.2,index_points,S_AND_P_GLOBAL
2023-09-04,USD_INR,85.737,INR,RBI_REFERENCE
2023-09-04,INDIA_MANUFACTURING_PMI,57.2,index_points,S_AND_P_GLOBAL
2023-09-05,USD_INR,85.743,INR,RBI_REFERENCE
2023-09-05,INDIA_MANUFACTURING_PMI,57.2,index_points,S_AND_P_GLOBAL
2023-09-06,USD_INR,85.759,INR,RBI_REFERENCE
2023-09-06,INDIA_MANUFACTURING_PMI,57.2,index_points,S_AND_P_GLOBAL
2023-09-07,USD_INR,85.762,INR,RBI_REFERENCE
2023-09-07,INDIA_MANUFACTURING_PMI,57.2,index_points,S_AND_P_GLOBAL
2023-09-08,USD_INR,85.729,INR,RBI_REFERENCE
2023-09-08,INDIA_MANUFACTURING_PMI,57.2,index_points,S_AND_P_GLOBAL
2023-09-09,USD_INR,85.744,INR,RBI_REFERENCE
2023-09-09,INDIA_MANUFACTURING_PMI,57.2,index_points,S_AND_P_GLOBAL
2023-09-10,USD_INR,85.803,INR,RBI_REFERENCE
2023-09-10,INDIA_MANUFACTURING_PMI,57.2,index_points,S_AND_P_GLOBAL
2023-09-11,USD_INR,85.742,INR,RBI_REFERENCE
2023-09-11,INDIA_MANUFACTURING_PMI,57.2,index_points,S_AND_P_GLOBAL
2023-09-12,USD_INR,85.758,INR,RBI_REFERENCE
2023-09-12,INDIA_MANUFACTURING_PMI,57.2,index_points,S_AND_P_GLOBAL
2023-09-13,USD_INR,85.738,INR,RBI_REFERENCE
2023-09-13,INDIA_MANUFACTURING_PMI,57.2,index_points,S_AND_P_GLOBAL
2023-09-14,USD_INR,85.714,INR,RBI_REFERENCE
2023-09-14,INDIA_MANUFACTURING_PMI,57.2,index_points,S_AND_P_GLOBAL
2023-09-15,USD_INR,85.812,INR,RBI_REFERENCE
2023-09-15,INDIA_MANUFACTURING_PMI,57.2,index_points,S_AND_P_GLOBAL
2023-09-16,USD_INR,85.81,INR,RBI_REFERENCE
2023-09-16,INDIA_MANUFACTURING_PMI,57.2,index_points,S_AND_P_GLOBAL
2023-09-17,USD_INR,85.849,INR,RBI_REFERENCE
2023-09-17,INDIA_MANUFACTURING_PMI,57.2,index_points,S_AND_P_GLOBAL
2023-09-18,USD_INR,85.883,INR,RBI_REFERENCE
2023-09-18,INDIA_MANUFACTURING_PMI,57.2,index_points,S_AND_P_GLOBAL
2023-09-19,USD_INR,85.838,INR,RBI_REFERENCE
2023-09-19,INDIA_MANUFACTURING_PMI,57.2,index_points,S_AND_P_GLOBAL
2023-09-20,USD_INR,85.83,INR,RBI_REFERENCE
2023-09-20,INDIA_MANUFACTURING_PMI,57.2,index_points,S_AND_P_GLOBAL
2023-09-21,USD_INR,85.746,INR,RBI_REFERENCE
2023-09-21,INDIA_MANUFACTURING_PMI,57.2,index_points,S_AND_P_GLOBAL
2023-09-22,USD_INR,85.751,INR,RBI_REFERENCE
2023-09-22,INDIA_MANUFACTURING_PMI,57.2,index_points,S_AND_P_GLOBAL
2023-09-23,USD_INR,85.716,INR,RBI_REFERENCE
2023-09-23,INDIA_MANUFACTURING_PMI,57.2,index_points,S_AND_P_GLOBAL
2023-09-24,USD_INR,85.736,INR,RBI_REFERENCE
2023-09-24,INDIA_MANUFACTURING_PMI,57.2,index_points,S_AND_P_GLOBAL
2023-09-25,USD_INR,85.79,INR,RBI_REFERENCE
2023-09-25,INDIA_MANUFACTURING_PMI,57.2,index_points,S_AND_P_GLOBAL
2023-09-26,USD_INR,85.751,INR,RBI_REFERENCE
2023-09-26,INDIA_MANUFACTURING_PMI,57.2,index_points,S_AND_P_GLOBAL
2023-09-27,USD_INR,85.723,INR,RBI_REFERENCE
2023-09-27,INDIA_MANUFACTURING_PMI,57.2,index_points,S_AND_P_GLOBAL
2023-09-28,USD_INR,85.679,INR,RBI_REFERENCE
2023-09-28,INDIA_MANUFACTURING_PMI,57.2,index_points,S_AND_P_GLOBAL
2023-09-29,USD_INR,85.708,INR,RBI_REFERENCE
2023-09-29,INDIA_MANUFACTURING_PMI,57.2,index_points,S_AND_P_GLOBAL
2023-09-30,USD_INR,85.752,INR,RBI_REFERENCE
2023-09-30,INDIA_MANUFACTURING_PMI,57.2,index_points,S_AND_P_GLOBAL
2023-10-01,USD_INR,85.703,INR,RBI_REFERENCE
2023-10-01,INDIA_MANUFACTURING_PMI,57.2,index_points,S_AND_P_GLOBAL
2023-10-02,USD_INR,85.634,INR,RBI_REFERENCE
2023-10-02,INDIA_MANUFACTURING_PMI,57.2,index_points,S_AND_P_GLOBAL
2023-10-03,USD_INR,85.604,INR,RBI_REFERENCE
2023-10-03,INDIA_MANUFACTURING_PMI,57.2,index_points,S_AND_P_GLOBAL
2023-10-04,USD_INR,85.551,INR,RBI_REFERENCE
2023-10-04,INDIA_MANUFACTURING_PMI,57.2,index_points,S_AND_P_GLOBAL
2023-10-05,USD_INR,85.503,INR,RBI_REFERENCE
2023-10-05,INDIA_MANUFACTURING_PMI,57.2,index_points,S_AND_P_GLOBAL
2023-10-06,USD_INR,85.564,INR,RBI_REFERENCE
2023-10-06,INDIA_MANUFACTURING_PMI,57.2,index_points,S_AND_P_GLOBAL
2023-10-07,USD_INR,85.591,INR,RBI_REFERENCE
2023-10-07,INDIA_MANUFACTURING_PMI,57.2,index_points,S_AND_P_GLOBAL
2023-10-08,USD_INR,85.544,INR,RBI_REFERENCE
2023-10-08,INDIA_MANUFACTURING_PMI,57.2,index_points,S_AND_P_GLOBAL
2023-10-09,USD_INR,85.594,INR,RBI_REFERENCE
2023-10-09,INDIA_MANUFACTURING_PMI,57.2,index_points,S_AND_P_GLOBAL
2023-10-10,USD_INR,85.608,INR,RBI_REFERENCE
2023-10-10,INDIA_MANUFACTURING_PMI,57.2,index_points,S_AND_P_GLOBAL
2023-10-11,USD_INR,85.626,INR,RBI_REFERENCE
2023-10-11,INDIA_MANUFACTURING_PMI,57.2,index_points,S_AND_P_GLOBAL
2023-10-12,USD_INR,85.582,INR,RBI_REFERENCE
2023-10-12,INDIA_MANUFACTURING_PMI,57.2,index_points,S_AND_P_GLOBAL
2023-10-13,USD_INR,85.563,INR,RBI_REFERENCE
2023-10-13,INDIA_MANUFACTURING_PMI,57.2,index_points,S_AND_P_GLOBAL
2023-10-14,USD_INR,85.574,INR,RBI_REFERENCE
2023-10-14,INDIA_MANUFACTURING_PMI,57.2,index_points,S_AND_P_GLOBAL
2023-10-15,USD_INR,85.491,INR,RBI_REFERENCE
2023-10-15,INDIA_MANUFACTURING_PMI,57.2,index_points,S_AND_P_GLOBAL
2023-10-16,USD_INR,85.5,INR,RBI_REFERENCE
2023-10-16,INDIA_MANUFACTURING_PMI,57.2,index_points,S_AND_P_GLOBAL
2023-10-17,USD_INR,85.461,INR,RBI_REFERENCE
2023-10-17,INDIA_MANUFACTURING_PMI,57.2,index_points,S_AND_P_GLOBAL
2023-10-18,USD_INR,85.478,INR,RBI_REFERENCE
2023-10-18,INDIA_MANUFACTURING_PMI,57.2,index_points,S_AND_P_GLOBAL
2023-10-19,USD_INR,85.494,INR,RBI_REFERENCE
2023-10-19,INDIA_MANUFACTURING_PMI,57.2,index_points,S_AND_P_GLOBAL
2023-10-20,USD_INR,85.545,INR,RBI_REFERENCE
2023-10-20,INDIA_MANUFACTURING_PMI,57.2,index_points,S_AND_P_GLOBAL
2023-10-21,USD_INR,85.609,INR,RBI_REFERENCE
2023-10-21,INDIA_MANUFACTURING_PMI,57.2,index_points,S_AND_P_GLOBAL
2023-10-22,USD_INR,85.656,INR,RBI_REFERENCE
2023-10-22,INDIA_MANUFACTURING_PMI,57.2,index_points,S_AND_P_GLOBAL
2023-10-23,USD_INR,85.592,INR,RBI_REFERENCE
2023-10-23,INDIA_MANUFACTURING_PMI,57.2,index_points,S_AND_P_GLOBAL
2023-10-24,USD_INR,85.518,INR,RBI_REFERENCE
2023-10-24,INDIA_MANUFACTURING_PMI,57.2,index_points,S_AND_P_GLOBAL
2023-10-25,USD_INR,85.461,INR,RBI_REFERENCE
2023-10-25,INDIA_MANUFACTURING_PMI,57.2,index_points,S_AND_P_GLOBAL
2023-10-26,USD_INR,85.439,INR,RBI_REFERENCE
2023-10-26,INDIA_MANUFACTURING_PMI,57.2,index_points,S_AND_P_GLOBAL
2023-10-27,USD_INR,85.432,INR,RBI_REFERENCE
2023-10-27,INDIA_MANUFACTURING_PMI,57.2,index_points,S_AND_P_GLOBAL
2023-10-28,USD_INR,85.418,INR,RBI_REFERENCE
2023-10-28,INDIA_MANUFACTURING_PMI,57.2,index_points,S_AND_P_GLOBAL
2023-10-29,USD_INR,85.457,INR,RBI_REFERENCE
2023-10-29,INDIA_MANUFACTURING_PMI,57.2,index_points,S_AND_P_GLOBAL
2023-10-30,USD_INR,85.453,INR,RBI_REFERENCE
2023-10-30,INDIA_MANUFACTURING_PMI,57.2,index_points,S_AND_P_GLOBAL
2023-10-31,USD_INR,85.517,INR,RBI_REFERENCE
2023-10-31,INDIA_MANUFACTURING_PMI,57.2,index_points,S_AND_P_GLOBAL
2023-11-01,USD_INR,85.516,INR,RBI_REFERENCE
2023-11-01,INDIA_MANUFACTURING_PMI,57.2,index_points,S_AND_P_GLOBAL
2023-11-02,USD_INR,85.464,INR,RBI_REFERENCE
2023-11-02,INDIA_MANUFACTURING_PMI,57.2,index_points,S_AND_P_GLOBAL
2023-11-03,USD_INR,85.435,INR,RBI_REFERENCE
2023-11-03,INDIA_MANUFACTURING_PMI,57.2,index_points,S_AND_P_GLOBAL
2023-11-04,USD_INR,85.523,INR,RBI_REFERENCE
2023-11-04,INDIA_MANUFACTURING_PMI,57.2,index_points,S_AND_P_GLOBAL
2023-11-05,USD_INR,85.426,INR,RBI_REFERENCE
2023-11-05,INDIA_MANUFACTURING_PMI,57.2,index_points,S_AND_P_GLOBAL
2023-11-06,USD_INR,85.398,INR,RBI_REFERENCE
2023-11-06,INDIA_MANUFACTURING_PMI,57.2,index_points,S_AND_P_GLOBAL
2023-11-07,USD_INR,85.398,INR,RBI_REFERENCE
2023-11-07,INDIA_MANUFACTURING_PMI,57.2,index_points,S_AND_P_GLOBAL
2023-11-08,USD_INR,85.428,INR,RBI_REFERENCE
2023-11-08,INDIA_MANUFACTURING_PMI,57.2,index_points,S_AND_P_GLOBAL
2023-11-09,USD_INR,85.426,INR,RBI_REFERENCE
2023-11-09,INDIA_MANUFACTURING_PMI,57.2,index_points,S_AND_P_GLOBAL
2023-11-10,USD_INR,85.431,INR,RBI_REFERENCE
2023-11-10,INDIA_MANUFACTURING_PMI,57.2,index_points,S_AND_P_GLOBAL
2023-11-11,USD_INR,85.432,INR,RBI_REFERENCE
2023-11-11,INDIA_MANUFACTURING_PMI,57.2,index_points,S_AND_P_GLOBAL
2023-11-12,USD_INR,85.423,INR,RBI_REFERENCE
2023-11-12,INDIA_MANUFACTURING_PMI,57.2,index_points,S_AND_P_GLOBAL
2023-11-13,USD_INR,85.444,INR,RBI_REFERENCE
2023-11-13,INDIA_MANUFACTURING_PMI,57.2,index_points,S_AND_P_GLOBAL
2023-11-14,USD_INR,85.484,INR,RBI_REFERENCE
2023-11-14,INDIA_MANUFACTURING_PMI,57.2,index_points,S_AND_P_GLOBAL
2023-11-15,USD_INR,85.454,INR,RBI_REFERENCE
2023-11-15,INDIA_MANUFACTURING_PMI,57.2,index_points,S_AND_P_GLOBAL
2023-11-16,USD_INR,85.508,INR,RBI_REFERENCE
2023-11-16,INDIA_MANUFACTURING_PMI,57.2,index_points,S_AND_P_GLOBAL
2023-11-17,USD_INR,85.466,INR,RBI_REFERENCE
2023-11-17,INDIA_MANUFACTURING_PMI,57.2,index_points,S_AND_P_GLOBAL
2023-11-18,USD_INR,85.533,INR,RBI_REFERENCE
2023-11-18,INDIA_MANUFACTURING_PMI,57.2,index_points,S_AND_P_GLOBAL
2023-11-19,USD_INR,85.568,INR,RBI_REFERENCE
2023-11-19,INDIA_MANUFACTURING_PMI,57.2,index_points,S_AND_P_GLOBAL
2023-11-20,USD_INR,85.517,INR,RBI_REFERENCE
2023-11-20,INDIA_MANUFACTURING_PMI,57.2,index_points,S_AND_P_GLOBAL
2023-11-21,USD_INR,85.504,INR,RBI_REFERENCE
2023-11-21,INDIA_MANUFACTURING_PMI,57.2,index_points,S_AND_P_GLOBAL
2023-11-22,USD_INR,85.569,INR,RBI_REFERENCE
2023-11-22,INDIA_MANUFACTURING_PMI,57.2,index_points,S_AND_P_GLOBAL
2023-11-23,USD_INR,85.588,INR,RBI_REFERENCE
2023-11-23,INDIA_MANUFACTURING_PMI,57.2,index_points,S_AND_P_GLOBAL
2023-11-24,USD_INR,85.523,INR,RBI_REFERENCE
2023-11-24,INDIA_MANUFACTURING_PMI,57.2,index_points,S_AND_P_GLOBAL
2023-11-25,USD_INR,85.545,INR,RBI_REFERENCE
2023-11-25,INDIA_MANUFACTURING_PMI,57.2,index_points,S_AND_P_GLOBAL
2023-11-26,USD_INR,85.508,INR,RBI_REFERENCE
2023-11-26,INDIA_MANUFACTURING_PMI,57.2,index_points,S_AND_P_GLOBAL
2023-11-27,USD_INR,85.551,INR,RBI_REFERENCE
2023-11-27,INDIA_MANUFACTURING_PMI,57.2,index_points,S_AND_P_GLOBAL
2023-11-28,USD_INR,85.587,INR,RBI_REFERENCE
2023-11-28,INDIA_MANUFACTURING_PMI,57.2,index_points,S_AND_P_GLOBAL
2023-11-29,USD_INR,85.61,INR,RBI_REFERENCE
2023-11-29,INDIA_MANUFACTURING_PMI,57.2,index_points,S_AND_P_GLOBAL
2023-11-30,USD_INR,85.623,INR,RBI_REFERENCE
2023-11-30,INDIA_MANUFACTURING_PMI,57.2,index_points,S_AND_P_GLOBAL
2023-12-01,USD_INR,85.584,INR,RBI_REFERENCE
2023-12-01,INDIA_MANUFACTURING_PMI,57.2,index_points,S_AND_P_GLOBAL
2023-12-02,USD_INR,85.597,INR,RBI_REFERENCE
2023-12-02,INDIA_MANUFACTURING_PMI,57.2,index_points,S_AND_P_GLOBAL
2023-12-03,USD_INR,85.621,INR,RBI_REFERENCE
2023-12-03,INDIA_MANUFACTURING_PMI,57.2,index_points,S_AND_P_GLOBAL
2023-12-04,USD_INR,85.654,INR,RBI_REFERENCE
2023-12-04,INDIA_MANUFACTURING_PMI,57.2,index_points,S_AND_P_GLOBAL
2023-12-05,USD_INR,85.701,INR,RBI_REFERENCE
2023-12-05,INDIA_MANUFACTURING_PMI,57.2,index_points,S_AND_P_GLOBAL
2023-12-06,USD_INR,85.688,INR,RBI_REFERENCE
2023-12-06,INDIA_MANUFACTURING_PMI,57.2,index_points,S_AND_P_GLOBAL
2023-12-07,USD_INR,85.685,INR,RBI_REFERENCE
2023-12-07,INDIA_MANUFACTURING_PMI,57.2,index_points,S_AND_P_GLOBAL
2023-12-08,USD_INR,85.659,INR,RBI_REFERENCE
2023-12-08,INDIA_MANUFACTURING_PMI,57.2,index_points,S_AND_P_GLOBAL
2023-12-09,USD_INR,85.635,INR,RBI_REFERENCE
2023-12-09,INDIA_MANUFACTURING_PMI,57.2,index_points,S_AND_P_GLOBAL
2023-12-10,USD_INR,85.639,INR,RBI_REFERENCE
2023-12-10,INDIA_MANUFACTURING_PMI,57.2,index_points,S_AND_P_GLOBAL
2023-12-11,USD_INR,85.719,INR,RBI_REFERENCE
2023-12-11,INDIA_MANUFACTURING_PMI,57.2,index_points,S_AND_P_GLOBAL
2023-12-12,USD_INR,85.722,INR,RBI_REFERENCE
2023-12-12,INDIA_MANUFACTURING_PMI,57.2,index_points,S_AND_P_GLOBAL
2023-12-13,USD_INR,85.803,INR,RBI_REFERENCE
2023-12-13,INDIA_MANUFACTURING_PMI,57.2,index_points,S_AND_P_GLOBAL
2023-12-14,USD_INR,85.796,INR,RBI_REFERENCE
2023-12-14,INDIA_MANUFACTURING_PMI,57.2,index_points,S_AND_P_GLOBAL
2023-12-15,USD_INR,85.738,INR,RBI_REFERENCE
2023-12-15,INDIA_MANUFACTURING_PMI,57.2,index_points,S_AND_P_GLOBAL
2023-12-16,USD_INR,85.7,INR,RBI_REFERENCE
2023-12-16,INDIA_MANUFACTURING_PMI,57.2,index_points,S_AND_P_GLOBAL
2023-12-17,USD_INR,85.622,INR,RBI_REFERENCE
2023-12-17,INDIA_MANUFACTURING_PMI,57.2,index_points,S_AND_P_GLOBAL
2023-12-18,USD_INR,85.595,INR,RBI_REFERENCE
2023-12-18,INDIA_MANUFACTURING_PMI,57.2,index_points,S_AND_P_GLOBAL
2023-12-19,USD_INR,85.612,INR,RBI_REFERENCE
2023-12-19,INDIA_MANUFACTURING_PMI,57.2,index_points,S_AND_P_GLOBAL
2023-12-20,USD_INR,85.646,INR,RBI_REFERENCE
2023-12-20,INDIA_MANUFACTURING_PMI,57.2,index_points,S_AND_P_GLOBAL
2023-12-21,USD_INR,85.686,INR,RBI_REFERENCE
2023-12-21,INDIA_MANUFACTURING_PMI,57.2,index_points,S_AND_P_GLOBAL
2023-12-22,USD_INR,85.686,INR,RBI_REFERENCE
2023-12-22,INDIA_MANUFACTURING_PMI,57.2,index_points,S_AND_P_GLOBAL
2023-12-23,USD_INR,85.755,INR,RBI_REFERENCE
2023-12-23,INDIA_MANUFACTURING_PMI,57.2,index_points,S_AND_P_GLOBAL
2023-12-24,USD_INR,85.741,INR,RBI_REFERENCE
2023-12-24,INDIA_MANUFACTURING_PMI,57.2,index_points,S_AND_P_GLOBAL
2023-12-25,USD_INR,85.742,INR,RBI_REFERENCE
2023-12-25,INDIA_MANUFACTURING_PMI,57.2,index_points,S_AND_P_GLOBAL
2023-12-26,USD_INR,85.753,INR,RBI_REFERENCE
2023-12-26,INDIA_MANUFACTURING_PMI,57.2,index_points,S_AND_P_GLOBAL
2023-12-27,USD_INR,85.703,INR,RBI_REFERENCE
2023-12-27,INDIA_MANUFACTURING_PMI,57.2,index_points,S_AND_P_GLOBAL
2023-12-28,USD_INR,85.716,INR,RBI_REFERENCE
2023-12-28,INDIA_MANUFACTURING_PMI,57.2,index_points,S_AND_P_GLOBAL
2023-12-29,USD_INR,85.718,INR,RBI_REFERENCE
2023-12-29,INDIA_MANUFACTURING_PMI,57.2,index_points,S_AND_P_GLOBAL
2023-12-30,USD_INR,85.731,INR,RBI_REFERENCE
2023-12-30,INDIA_MANUFACTURING_PMI,57.2,index_points,S_AND_P_GLOBAL
2023-12-31,USD_INR,85.734,INR,RBI_REFERENCE
2023-12-31,INDIA_MANUFACTURING_PMI,57.2,index_points,S_AND_P_GLOBAL
2024-01-01,USD_INR,85.79,INR,RBI_REFERENCE
2024-01-01,INDIA_MANUFACTURING_PMI,57.2,index_points,S_AND_P_GLOBAL
2024-01-02,USD_INR,85.738,INR,RBI_REFERENCE
2024-01-02,INDIA_MANUFACTURING_PMI,57.2,index_points,S_AND_P_GLOBAL
2024-01-03,USD_INR,85.767,INR,RBI_REFERENCE
2024-01-03,INDIA_MANUFACTURING_PMI,57.2,index_points,S_AND_P_GLOBAL
2024-01-04,USD_INR,85.758,INR,RBI_REFERENCE
2024-01-04,INDIA_MANUFACTURING_PMI,57.2,index_points,S_AND_P_GLOBAL
2024-01-05,USD_INR,85.762,INR,RBI_REFERENCE
2024-01-05,INDIA_MANUFACTURING_PMI,57.2,index_points,S_AND_P_GLOBAL
2024-01-06,USD_INR,85.705,INR,RBI_REFERENCE
2024-01-06,INDIA_MANUFACTURING_PMI,57.2,index_points,S_AND_P_GLOBAL
2024-01-07,USD_INR,85.71,INR,RBI_REFERENCE
2024-01-07,INDIA_MANUFACTURING_PMI,57.2,index_points,S_AND_P_GLOBAL
2024-01-08,USD_INR,85.712,INR,RBI_REFERENCE
2024-01-08,INDIA_MANUFACTURING_PMI,57.2,index_points,S_AND_P_GLOBAL
2024-01-09,USD_INR,85.632,INR,RBI_REFERENCE
2024-01-09,INDIA_MANUFACTURING_PMI,57.2,index_points,S_AND_P_GLOBAL
2024-01-10,USD_INR,85.642,INR,RBI_REFERENCE
2024-01-10,INDIA_MANUFACTURING_PMI,57.2,index_points,S_AND_P_GLOBAL
2024-01-11,USD_INR,85.658,INR,RBI_REFERENCE
2024-01-11,INDIA_MANUFACTURING_PMI,57.2,index_points,S_AND_P_GLOBAL
2024-01-12,USD_INR,85.543,INR,RBI_REFERENCE
2024-01-12,INDIA_MANUFACTURING_PMI,57.2,index_points,S_AND_P_GLOBAL
2024-01-13,USD_INR,85.586,INR,RBI_REFERENCE
2024-01-13,INDIA_MANUFACTURING_PMI,57.2,index_points,S_AND_P_GLOBAL
2024-01-14,USD_INR,85.581,INR,RBI_REFERENCE
2024-01-14,INDIA_MANUFACTURING_PMI,57.2,index_points,S_AND_P_GLOBAL
2024-01-15,USD_INR,85.617,INR,RBI_REFERENCE
2024-01-15,INDIA_MANUFACTURING_PMI,57.2,index_points,S_AND_P_GLOBAL
2024-01-16,USD_INR,85.627,INR,RBI_REFERENCE
2024-01-16,INDIA_MANUFACTURING_PMI,57.2,index_points,S_AND_P_GLOBAL
2024-01-17,USD_INR,85.717,INR,RBI_REFERENCE
2024-01-17,INDIA_MANUFACTURING_PMI,57.2,index_points,S_AND_P_GLOBAL
2024-01-18,USD_INR,85.72,INR,RBI_REFERENCE
2024-01-18,INDIA_MANUFACTURING_PMI,57.2,index_points,S_AND_P_GLOBAL
2024-01-19,USD_INR,85.749,INR,RBI_REFERENCE
2024-01-19,INDIA_MANUFACTURING_PMI,57.2,index_points,S_AND_P_GLOBAL
2024-01-20,USD_INR,85.779,INR,RBI_REFERENCE
2024-01-20,INDIA_MANUFACTURING_PMI,57.2,index_points,S_AND_P_GLOBAL
2024-01-21,USD_INR,85.719,INR,RBI_REFERENCE
2024-01-21,INDIA_MANUFACTURING_PMI,57.2,index_points,S_AND_P_GLOBAL
2024-01-22,USD_INR,85.709,INR,RBI_REFERENCE
2024-01-22,INDIA_MANUFACTURING_PMI,57.2,index_points,S_AND_P_GLOBAL
2024-01-23,USD_INR,85.655,INR,RBI_REFERENCE
2024-01-23,INDIA_MANUFACTURING_PMI,57.2,index_points,S_AND_P_GLOBAL
2024-01-24,USD_INR,85.625,INR,RBI_REFERENCE
2024-01-24,INDIA_MANUFACTURING_PMI,57.2,index_points,S_AND_P_GLOBAL
2024-01-25,USD_INR,85.657,INR,RBI_REFERENCE
2024-01-25,INDIA_MANUFACTURING_PMI,57.2,index_points,S_AND_P_GLOBAL
2024-01-26,USD_INR,85.73,INR,RBI_REFERENCE
2024-01-26,INDIA_MANUFACTURING_PMI,57.2,index_points,S_AND_P_GLOBAL
2024-01-27,USD_INR,85.769,INR,RBI_REFERENCE
2024-01-27,INDIA_MANUFACTURING_PMI,57.2,index_points,S_AND_P_GLOBAL
2024-01-28,USD_INR,85.751,INR,RBI_REFERENCE
2024-01-28,INDIA_MANUFACTURING_PMI,57.2,index_points,S_AND_P_GLOBAL
2024-01-29,USD_INR,85.745,INR,RBI_REFERENCE
2024-01-29,INDIA_MANUFACTURING_PMI,57.2,index_points,S_AND_P_GLOBAL
2024-01-30,USD_INR,85.746,INR,RBI_REFERENCE
2024-01-30,INDIA_MANUFACTURING_PMI,57.2,index_points,S_AND_P_GLOBAL
2024-01-31,USD_INR,85.725,INR,RBI_REFERENCE
2024-01-31,INDIA_MANUFACTURING_PMI,57.2,index_points,S_AND_P_GLOBAL
2024-02-01,USD_INR,85.783,INR,RBI_REFERENCE
2024-02-01,INDIA_MANUFACTURING_PMI,57.2,index_points,S_AND_P_GLOBAL
2024-02-02,USD_INR,85.731,INR,RBI_REFERENCE
2024-02-02,INDIA_MANUFACTURING_PMI,57.2,index_points,S_AND_P_GLOBAL
2024-02-03,USD_INR,85.801,INR,RBI_REFERENCE
2024-02-03,INDIA_MANUFACTURING_PMI,57.2,index_points,S_AND_P_GLOBAL
2024-02-04,USD_INR,85.817,INR,RBI_REFERENCE
2024-02-04,INDIA_MANUFACTURING_PMI,57.2,index_points,S_AND_P_GLOBAL
2024-02-05,USD_INR,85.814,INR,RBI_REFERENCE
2024-02-05,INDIA_MANUFACTURING_PMI,57.2,index_points,S_AND_P_GLOBAL
2024-02-06,USD_INR,85.829,INR,RBI_REFERENCE
2024-02-06,INDIA_MANUFACTURING_PMI,57.2,index_points,S_AND_P_GLOBAL
2024-02-07,USD_INR,85.827,INR,RBI_REFERENCE
2024-02-07,INDIA_MANUFACTURING_PMI,57.2,index_points,S_AND_P_GLOBAL
2024-02-08,USD_INR,85.819,INR,RBI_REFERENCE
2024-02-08,INDIA_MANUFACTURING_PMI,57.2,index_points,S_AND_P_GLOBAL
2024-02-09,USD_INR,85.844,INR,RBI_REFERENCE
2024-02-09,INDIA_MANUFACTURING_PMI,57.2,index_points,S_AND_P_GLOBAL
2024-02-10,USD_INR,85.823,INR,RBI_REFERENCE
2024-02-10,INDIA_MANUFACTURING_PMI,57.2,index_points,S_AND_P_GLOBAL
2024-02-11,USD_INR,85.826,INR,RBI_REFERENCE
2024-02-11,INDIA_MANUFACTURING_PMI,57.2,index_points,S_AND_P_GLOBAL
2024-02-12,USD_INR,85.801,INR,RBI_REFERENCE
2024-02-12,INDIA_MANUFACTURING_PMI,57.2,index_points,S_AND_P_GLOBAL
2024-02-13,USD_INR,85.832,INR,RBI_REFERENCE
2024-02-13,INDIA_MANUFACTURING_PMI,57.2,index_points,S_AND_P_GLOBAL
2024-02-14,USD_INR,85.877,INR,RBI_REFERENCE
2024-02-14,INDIA_MANUFACTURING_PMI,57.2,index_points,S_AND_P_GLOBAL
2024-02-15,USD_INR,85.859,INR,RBI_REFERENCE
2024-02-15,INDIA_MANUFACTURING_PMI,57.2,index_points,S_AND_P_GLOBAL
2024-02-16,USD_INR,85.833,INR,RBI_REFERENCE
2024-02-16,INDIA_MANUFACTURING_PMI,57.2,index_points,S_AND_P_GLOBAL
2024-02-17,USD_INR,85.844,INR,RBI_REFERENCE
2024-02-17,INDIA_MANUFACTURING_PMI,57.2,index_points,S_AND_P_GLOBAL
2024-02-18,USD_INR,85.874,INR,RBI_REFERENCE
2024-02-18,INDIA_MANUFACTURING_PMI,57.2,index_points,S_AND_P_GLOBAL
2024-02-19,USD_INR,85.902,INR,RBI_REFERENCE
2024-02-19,INDIA_MANUFACTURING_PMI,57.2,index_points,S_AND_P_GLOBAL
2024-02-20,USD_INR,85.937,INR,RBI_REFERENCE
2024-02-20,INDIA_MANUFACTURING_PMI,57.2,index_points,S_AND_P_GLOBAL
2024-02-21,USD_INR,85.982,INR,RBI_REFERENCE
2024-02-21,INDIA_MANUFACTURING_PMI,57.2,index_points,S_AND_P_GLOBAL
2024-02-22,USD_INR,85.983,INR,RBI_REFERENCE
2024-02-22,INDIA_MANUFACTURING_PMI,57.2,index_points,S_AND_P_GLOBAL
2024-02-23,USD_INR,85.952,INR,RBI_REFERENCE
2024-02-23,INDIA_MANUFACTURING_PMI,57.2,index_points,S_AND_P_GLOBAL
2024-02-24,USD_INR,85.95,INR,RBI_REFERENCE
2024-02-24,INDIA_MANUFACTURING_PMI,57.2,index_points,S_AND_P_GLOBAL
2024-02-25,USD_INR,85.976,INR,RBI_REFERENCE
2024-02-25,INDIA_MANUFACTURING_PMI,57.2,index_points,S_AND_P_GLOBAL
2024-02-26,USD_INR,86.02,INR,RBI_REFERENCE
2024-02-26,INDIA_MANUFACTURING_PMI,57.2,index_points,S_AND_P_GLOBAL
2024-02-27,USD_INR,85.974,INR,RBI_REFERENCE
2024-02-27,INDIA_MANUFACTURING_PMI,57.2,index_points,S_AND_P_GLOBAL
2024-02-28,USD_INR,85.999,INR,RBI_REFERENCE
2024-02-28,INDIA_MANUFACTURING_PMI,57.2,index_points,S_AND_P_GLOBAL
2024-02-29,USD_INR,85.95,INR,RBI_REFERENCE
2024-02-29,INDIA_MANUFACTURING_PMI,57.2,index_points,S_AND_P_GLOBAL
2024-03-01,USD_INR,85.966,INR,RBI_REFERENCE
2024-03-01,INDIA_MANUFACTURING_PMI,57.2,index_points,S_AND_P_GLOBAL
2024-03-02,USD_INR,86.012,INR,RBI_REFERENCE
2024-03-02,INDIA_MANUFACTURING_PMI,57.2,index_points,S_AND_P_GLOBAL
2024-03-03,USD_INR,86.026,INR,RBI_REFERENCE
2024-03-03,INDIA_MANUFACTURING_PMI,57.2,index_points,S_AND_P_GLOBAL
2024-03-04,USD_INR,86.038,INR,RBI_REFERENCE
2024-03-04,INDIA_MANUFACTURING_PMI,57.2,index_points,S_AND_P_GLOBAL
2024-03-05,USD_INR,85.98,INR,RBI_REFERENCE
2024-03-05,INDIA_MANUFACTURING_PMI,57.2,index_points,S_AND_P_GLOBAL
2024-03-06,USD_INR,85.99,INR,RBI_REFERENCE
2024-03-06,INDIA_MANUFACTURING_PMI,57.2,index_points,S_AND_P_GLOBAL
2024-03-07,USD_INR,85.912,INR,RBI_REFERENCE
2024-03-07,INDIA_MANUFACTURING_PMI,57.2,index_points,S_AND_P_GLOBAL
2024-03-08,USD_INR,85.874,INR,RBI_REFERENCE
2024-03-08,INDIA_MANUFACTURING_PMI,57.2,index_points,S_AND_P_GLOBAL
2024-03-09,USD_INR,85.876,INR,RBI_REFERENCE
2024-03-09,INDIA_MANUFACTURING_PMI,57.2,index_points,S_AND_P_GLOBAL
2024-03-10,USD_INR,85.934,INR,RBI_REFERENCE
2024-03-10,INDIA_MANUFACTURING_PMI,57.2,index_points,S_AND_P_GLOBAL
2024-03-11,USD_INR,85.925,INR,RBI_REFERENCE
2024-03-11,INDIA_MANUFACTURING_PMI,57.2,index_points,S_AND_P_GLOBAL
2024-03-12,USD_INR,85.898,INR,RBI_REFERENCE
2024-03-12,INDIA_MANUFACTURING_PMI,57.2,index_points,S_AND_P_GLOBAL
2024-03-13,USD_INR,85.865,INR,RBI_REFERENCE
2024-03-13,INDIA_MANUFACTURING_PMI,57.2,index_points,S_AND_P_GLOBAL
2024-03-14,USD_INR,85.849,INR,RBI_REFERENCE
2024-03-14,INDIA_MANUFACTURING_PMI,57.2,index_points,S_AND_P_GLOBAL
2024-03-15,USD_INR,85.923,INR,RBI_REFERENCE
2024-03-15,INDIA_MANUFACTURING_PMI,57.2,index_points,S_AND_P_GLOBAL
2024-03-16,USD_INR,85.906,INR,RBI_REFERENCE
2024-03-16,INDIA_MANUFACTURING_PMI,57.2,index_points,S_AND_P_GLOBAL
2024-03-17,USD_INR,85.903,INR,RBI_REFERENCE
2024-03-17,INDIA_MANUFACTURING_PMI,57.2,index_points,S_AND_P_GLOBAL
2024-03-18,USD_INR,85.903,INR,RBI_REFERENCE
2024-03-18,INDIA_MANUFACTURING_PMI,57.2,index_points,S_AND_P_GLOBAL
2024-03-19,USD_INR,85.86,INR,RBI_REFERENCE
2024-03-19,INDIA_MANUFACTURING_PMI,57.2,index_points,S_AND_P_GLOBAL
2024-03-20,USD_INR,85.885,INR,RBI_REFERENCE
2024-03-20,INDIA_MANUFACTURING_PMI,57.2,index_points,S_AND_P_GLOBAL
2024-03-21,USD_INR,85.893,INR,RBI_REFERENCE
2024-03-21,INDIA_MANUFACTURING_PMI,57.2,index_points,S_AND_P_GLOBAL
2024-03-22,USD_INR,85.879,INR,RBI_REFERENCE
2024-03-22,INDIA_MANUFACTURING_PMI,57.2,index_points,S_AND_P_GLOBAL
2024-03-23,USD_INR,85.917,INR,RBI_REFERENCE
2024-03-23,INDIA_MANUFACTURING_PMI,57.2,index_points,S_AND_P_GLOBAL
2024-03-24,USD_INR,85.866,INR,RBI_REFERENCE
2024-03-24,INDIA_MANUFACTURING_PMI,57.2,index_points,S_AND_P_GLOBAL
2024-03-25,USD_INR,85.84,INR,RBI_REFERENCE
2024-03-25,INDIA_MANUFACTURING_PMI,57.2,index_points,S_AND_P_GLOBAL
2024-03-26,USD_INR,85.845,INR,RBI_REFERENCE
2024-03-26,INDIA_MANUFACTURING_PMI,57.2,index_points,S_AND_P_GLOBAL
2024-03-27,USD_INR,85.785,INR,RBI_REFERENCE
2024-03-27,INDIA_MANUFACTURING_PMI,57.2,index_points,S_AND_P_GLOBAL
2024-03-28,USD_INR,85.751,INR,RBI_REFERENCE
2024-03-28,INDIA_MANUFACTURING_PMI,57.2,index_points,S_AND_P_GLOBAL
2024-03-29,USD_INR,85.766,INR,RBI_REFERENCE
2024-03-29,INDIA_MANUFACTURING_PMI,57.2,index_points,S_AND_P_GLOBAL
2024-03-30,USD_INR,85.805,INR,RBI_REFERENCE
2024-03-30,INDIA_MANUFACTURING_PMI,57.2,index_points,S_AND_P_GLOBAL
2024-03-31,USD_INR,85.705,INR,RBI_REFERENCE
2024-03-31,INDIA_MANUFACTURING_PMI,57.2,index_points,S_AND_P_GLOBAL
2024-04-01,USD_INR,85.653,INR,RBI_REFERENCE
2024-04-01,INDIA_MANUFACTURING_PMI,57.2,index_points,S_AND_P_GLOBAL
2024-04-02,USD_INR,85.667,INR,RBI_REFERENCE
2024-04-02,INDIA_MANUFACTURING_PMI,57.2,index_points,S_AND_P_GLOBAL
2024-04-03,USD_INR,85.682,INR,RBI_REFERENCE
2024-04-03,INDIA_MANUFACTURING_PMI,57.2,index_points,S_AND_P_GLOBAL
2024-04-04,USD_INR,85.647,INR,RBI_REFERENCE
2024-04-04,INDIA_MANUFACTURING_PMI,57.2,index_points,S_AND_P_GLOBAL
2024-04-05,USD_INR,85.742,INR,RBI_REFERENCE
2024-04-05,INDIA_MANUFACTURING_PMI,57.2,index_points,S_AND_P_GLOBAL
2024-04-06,USD_INR,85.801,INR,RBI_REFERENCE
2024-04-06,INDIA_MANUFACTURING_PMI,57.2,index_points,S_AND_P_GLOBAL
2024-04-07,USD_INR,85.801,INR,RBI_REFERENCE
2024-04-07,INDIA_MANUFACTURING_PMI,57.2,index_points,S_AND_P_GLOBAL
2024-04-08,USD_INR,85.803,INR,RBI_REFERENCE
2024-04-08,INDIA_MANUFACTURING_PMI,57.2,index_points,S_AND_P_GLOBAL
2024-04-09,USD_INR,85.821,INR,RBI_REFERENCE
2024-04-09,INDIA_MANUFACTURING_PMI,57.2,index_points,S_AND_P_GLOBAL
2024-04-10,USD_INR,85.863,INR,RBI_REFERENCE
2024-04-10,INDIA_MANUFACTURING_PMI,57.2,index_points,S_AND_P_GLOBAL
2024-04-11,USD_INR,85.843,INR,RBI_REFERENCE
2024-04-11,INDIA_MANUFACTURING_PMI,57.2,index_points,S_AND_P_GLOBAL
2024-04-12,USD_INR,85.886,INR,RBI_REFERENCE
2024-04-12,INDIA_MANUFACTURING_PMI,57.2,index_points,S_AND_P_GLOBAL
2024-04-13,USD_INR,85.874,INR,RBI_REFERENCE
2024-04-13,INDIA_MANUFACTURING_PMI,57.2,index_points,S_AND_P_GLOBAL
2024-04-14,USD_INR,85.786,INR,RBI_REFERENCE
2024-04-14,INDIA_MANUFACTURING_PMI,57.2,index_points,S_AND_P_GLOBAL
2024-04-15,USD_INR,85.83,INR,RBI_REFERENCE
2024-04-15,INDIA_MANUFACTURING_PMI,57.2,index_points,S_AND_P_GLOBAL
2024-04-16,USD_INR,85.855,INR,RBI_REFERENCE
2024-04-16,INDIA_MANUFACTURING_PMI,57.2,index_points,S_AND_P_GLOBAL
2024-04-17,USD_INR,85.878,INR,RBI_REFERENCE
2024-04-17,INDIA_MANUFACTURING_PMI,57.2,index_points,S_AND_P_GLOBAL
2024-04-18,USD_INR,85.861,INR,RBI_REFERENCE
2024-04-18,INDIA_MANUFACTURING_PMI,57.2,index_points,S_AND_P_GLOBAL
2024-04-19,USD_INR,85.865,INR,RBI_REFERENCE
2024-04-19,INDIA_MANUFACTURING_PMI,57.2,index_points,S_AND_P_GLOBAL
2024-04-20,USD_INR,85.818,INR,RBI_REFERENCE
2024-04-20,INDIA_MANUFACTURING_PMI,57.2,index_points,S_AND_P_GLOBAL
2024-04-21,USD_INR,85.861,INR,RBI_REFERENCE
2024-04-21,INDIA_MANUFACTURING_PMI,57.2,index_points,S_AND_P_GLOBAL
2024-04-22,USD_INR,85.847,INR,RBI_REFERENCE
2024-04-22,INDIA_MANUFACTURING_PMI,57.2,index_points,S_AND_P_GLOBAL
2024-04-23,USD_INR,85.834,INR,RBI_REFERENCE
2024-04-23,INDIA_MANUFACTURING_PMI,57.2,index_points,S_AND_P_GLOBAL
2024-04-24,USD_INR,85.812,INR,RBI_REFERENCE
2024-04-24,INDIA_MANUFACTURING_PMI,57.2,index_points,S_AND_P_GLOBAL
2024-04-25,USD_INR,85.818,INR,RBI_REFERENCE
2024-04-25,INDIA_MANUFACTURING_PMI,57.2,index_points,S_AND_P_GLOBAL
2024-04-26,USD_INR,85.864,INR,RBI_REFERENCE
2024-04-26,INDIA_MANUFACTURING_PMI,57.2,index_points,S_AND_P_GLOBAL
2024-04-27,USD_INR,85.803,INR,RBI_REFERENCE
2024-04-27,INDIA_MANUFACTURING_PMI,57.2,index_points,S_AND_P_GLOBAL
2024-04-28,USD_INR,85.791,INR,RBI_REFERENCE
2024-04-28,INDIA_MANUFACTURING_PMI,57.2,index_points,S_AND_P_GLOBAL
2024-04-29,USD_INR,85.949,INR,RBI_REFERENCE
2024-04-29,INDIA_MANUFACTURING_PMI,57.2,index_points,S_AND_P_GLOBAL
2024-04-30,USD_INR,85.918,INR,RBI_REFERENCE
2024-04-30,INDIA_MANUFACTURING_PMI,57.2,index_points,S_AND_P_GLOBAL
2024-05-01,USD_INR,85.948,INR,RBI_REFERENCE
2024-05-01,INDIA_MANUFACTURING_PMI,57.2,index_points,S_AND_P_GLOBAL
2024-05-02,USD_INR,85.979,INR,RBI_REFERENCE
2024-05-02,INDIA_MANUFACTURING_PMI,57.2,index_points,S_AND_P_GLOBAL
2024-05-03,USD_INR,85.97,INR,RBI_REFERENCE
2024-05-03,INDIA_MANUFACTURING_PMI,57.2,index_points,S_AND_P_GLOBAL
2024-05-04,USD_INR,85.994,INR,RBI_REFERENCE
2024-05-04,INDIA_MANUFACTURING_PMI,57.2,index_points,S_AND_P_GLOBAL
2024-05-05,USD_INR,85.947,INR,RBI_REFERENCE
2024-05-05,INDIA_MANUFACTURING_PMI,57.2,index_points,S_AND_P_GLOBAL
2024-05-06,USD_INR,86.005,INR,RBI_REFERENCE
2024-05-06,INDIA_MANUFACTURING_PMI,57.2,index_points,S_AND_P_GLOBAL
2024-05-07,USD_INR,86.01,INR,RBI_REFERENCE
2024-05-07,INDIA_MANUFACTURING_PMI,57.2,index_points,S_AND_P_GLOBAL
2024-05-08,USD_INR,85.988,INR,RBI_REFERENCE
2024-05-08,INDIA_MANUFACTURING_PMI,57.2,index_points,S_AND_P_GLOBAL
2024-05-09,USD_INR,86.038,INR,RBI_REFERENCE
2024-05-09,INDIA_MANUFACTURING_PMI,57.2,index_points,S_AND_P_GLOBAL
2024-05-10,USD_INR,85.982,INR,RBI_REFERENCE
2024-05-10,INDIA_MANUFACTURING_PMI,57.2,index_points,S_AND_P_GLOBAL
2024-05-11,USD_INR,85.966,INR,RBI_REFERENCE
2024-05-11,INDIA_MANUFACTURING_PMI,57.2,index_points,S_AND_P_GLOBAL
2024-05-12,USD_INR,86.09,INR,RBI_REFERENCE
2024-05-12,INDIA_MANUFACTURING_PMI,57.2,index_points,S_AND_P_GLOBAL
2024-05-13,USD_INR,86.042,INR,RBI_REFERENCE
2024-05-13,INDIA_MANUFACTURING_PMI,57.2,index_points,S_AND_P_GLOBAL
2024-05-14,USD_INR,86.015,INR,RBI_REFERENCE
2024-05-14,INDIA_MANUFACTURING_PMI,57.2,index_points,S_AND_P_GLOBAL
2024-05-15,USD_INR,86.037,INR,RBI_REFERENCE
2024-05-15,INDIA_MANUFACTURING_PMI,57.2,index_points,S_AND_P_GLOBAL
2024-05-16,USD_INR,85.977,INR,RBI_REFERENCE
2024-05-16,INDIA_MANUFACTURING_PMI,57.2,index_points,S_AND_P_GLOBAL
2024-05-17,USD_INR,85.96,INR,RBI_REFERENCE
2024-05-17,INDIA_MANUFACTURING_PMI,57.2,index_points,S_AND_P_GLOBAL
2024-05-18,USD_INR,85.948,INR,RBI_REFERENCE
2024-05-18,INDIA_MANUFACTURING_PMI,57.2,index_points,S_AND_P_GLOBAL
2024-05-19,USD_INR,85.99,INR,RBI_REFERENCE
2024-05-19,INDIA_MANUFACTURING_PMI,57.2,index_points,S_AND_P_GLOBAL
2024-05-20,USD_INR,86.002,INR,RBI_REFERENCE
2024-05-20,INDIA_MANUFACTURING_PMI,57.2,index_points,S_AND_P_GLOBAL
2024-05-21,USD_INR,86.073,INR,RBI_REFERENCE
2024-05-21,INDIA_MANUFACTURING_PMI,57.2,index_points,S_AND_P_GLOBAL
2024-05-22,USD_INR,86.106,INR,RBI_REFERENCE
2024-05-22,INDIA_MANUFACTURING_PMI,57.2,index_points,S_AND_P_GLOBAL
2024-05-23,USD_INR,86.086,INR,RBI_REFERENCE
2024-05-23,INDIA_MANUFACTURING_PMI,57.2,index_points,S_AND_P_GLOBAL
2024-05-24,USD_INR,86.115,INR,RBI_REFERENCE
2024-05-24,INDIA_MANUFACTURING_PMI,57.2,index_points,S_AND_P_GLOBAL
2024-05-25,USD_INR,86.116,INR,RBI_REFERENCE
2024-05-25,INDIA_MANUFACTURING_PMI,57.2,index_points,S_AND_P_GLOBAL
2024-05-26,USD_INR,86.144,INR,RBI_REFERENCE
2024-05-26,INDIA_MANUFACTURING_PMI,57.2,index_points,S_AND_P_GLOBAL
2024-05-27,USD_INR,86.141,INR,RBI_REFERENCE
2024-05-27,INDIA_MANUFACTURING_PMI,57.2,index_points,S_AND_P_GLOBAL
2024-05-28,USD_INR,86.061,INR,RBI_REFERENCE
2024-05-28,INDIA_MANUFACTURING_PMI,57.2,index_points,S_AND_P_GLOBAL
2024-05-29,USD_INR,86.069,INR,RBI_REFERENCE
2024-05-29,INDIA_MANUFACTURING_PMI,57.2,index_points,S_AND_P_GLOBAL
2024-05-30,USD_INR,86.09,INR,RBI_REFERENCE
2024-05-30,INDIA_MANUFACTURING_PMI,57.2,index_points,S_AND_P_GLOBAL
2024-05-31,USD_INR,86.075,INR,RBI_REFERENCE
2024-05-31,INDIA_MANUFACTURING_PMI,57.2,index_points,S_AND_P_GLOBAL
2024-06-01,USD_INR,86.046,INR,RBI_REFERENCE
2024-06-01,INDIA_MANUFACTURING_PMI,57.2,index_points,S_AND_P_GLOBAL
2024-06-02,USD_INR,86.069,INR,RBI_REFERENCE
2024-06-02,INDIA_MANUFACTURING_PMI,57.2,index_points,S_AND_P_GLOBAL
2024-06-03,USD_INR,86.039,INR,RBI_REFERENCE
2024-06-03,INDIA_MANUFACTURING_PMI,57.2,index_points,S_AND_P_GLOBAL
2024-06-04,USD_INR,86.034,INR,RBI_REFERENCE
2024-06-04,INDIA_MANUFACTURING_PMI,57.2,index_points,S_AND_P_GLOBAL
2024-06-05,USD_INR,86.085,INR,RBI_REFERENCE
2024-06-05,INDIA_MANUFACTURING_PMI,57.2,index_points,S_AND_P_GLOBAL
2024-06-06,USD_INR,86.075,INR,RBI_REFERENCE
2024-06-06,INDIA_MANUFACTURING_PMI,57.2,index_points,S_AND_P_GLOBAL
2024-06-07,USD_INR,86.095,INR,RBI_REFERENCE
2024-06-07,INDIA_MANUFACTURING_PMI,57.2,index_points,S_AND_P_GLOBAL
2024-06-08,USD_INR,86.135,INR,RBI_REFERENCE
2024-06-08,INDIA_MANUFACTURING_PMI,57.2,index_points,S_AND_P_GLOBAL
2024-06-09,USD_INR,86.057,INR,RBI_REFERENCE
2024-06-09,INDIA_MANUFACTURING_PMI,57.2,index_points,S_AND_P_GLOBAL
2024-06-10,USD_INR,86.066,INR,RBI_REFERENCE
2024-06-10,INDIA_MANUFACTURING_PMI,57.2,index_points,S_AND_P_GLOBAL
2024-06-11,USD_INR,86.1,INR,RBI_REFERENCE
2024-06-11,INDIA_MANUFACTURING_PMI,57.2,index_points,S_AND_P_GLOBAL
2024-06-12,USD_INR,86.082,INR,RBI_REFERENCE
2024-06-12,INDIA_MANUFACTURING_PMI,57.2,index_points,S_AND_P_GLOBAL
2024-06-13,USD_INR,86.036,INR,RBI_REFERENCE
2024-06-13,INDIA_MANUFACTURING_PMI,57.2,index_points,S_AND_P_GLOBAL
2024-06-14,USD_INR,86.081,INR,RBI_REFERENCE
2024-06-14,INDIA_MANUFACTURING_PMI,57.2,index_points,S_AND_P_GLOBAL
2024-06-15,USD_INR,86.048,INR,RBI_REFERENCE
2024-06-15,INDIA_MANUFACTURING_PMI,57.2,index_points,S_AND_P_GLOBAL
2024-06-16,USD_INR,86.088,INR,RBI_REFERENCE
2024-06-16,INDIA_MANUFACTURING_PMI,57.2,index_points,S_AND_P_GLOBAL
2024-06-17,USD_INR,86.089,INR,RBI_REFERENCE
2024-06-17,INDIA_MANUFACTURING_PMI,57.2,index_points,S_AND_P_GLOBAL
2024-06-18,USD_INR,86.155,INR,RBI_REFERENCE
2024-06-18,INDIA_MANUFACTURING_PMI,57.2,index_points,S_AND_P_GLOBAL
2024-06-19,USD_INR,86.172,INR,RBI_REFERENCE
2024-06-19,INDIA_MANUFACTURING_PMI,57.2,index_points,S_AND_P_GLOBAL
2024-06-20,USD_INR,86.123,INR,RBI_REFERENCE
2024-06-20,INDIA_MANUFACTURING_PMI,57.2,index_points,S_AND_P_GLOBAL
2024-06-21,USD_INR,86.194,INR,RBI_REFERENCE
2024-06-21,INDIA_MANUFACTURING_PMI,57.2,index_points,S_AND_P_GLOBAL
2024-06-22,USD_INR,86.224,INR,RBI_REFERENCE
2024-06-22,INDIA_MANUFACTURING_PMI,57.2,index_points,S_AND_P_GLOBAL
2024-06-23,USD_INR,86.185,INR,RBI_REFERENCE
2024-06-23,INDIA_MANUFACTURING_PMI,57.2,index_points,S_AND_P_GLOBAL
2024-06-24,USD_INR,86.215,INR,RBI_REFERENCE
2024-06-24,INDIA_MANUFACTURING_PMI,57.2,index_points,S_AND_P_GLOBAL
2024-06-25,USD_INR,86.263,INR,RBI_REFERENCE
2024-06-25,INDIA_MANUFACTURING_PMI,57.2,index_points,S_AND_P_GLOBAL
2024-06-26,USD_INR,86.269,INR,RBI_REFERENCE
2024-06-26,INDIA_MANUFACTURING_PMI,57.2,index_points,S_AND_P_GLOBAL
2024-06-27,USD_INR,86.219,INR,RBI_REFERENCE
2024-06-27,INDIA_MANUFACTURING_PMI,57.2,index_points,S_AND_P_GLOBAL
2024-06-28,USD_INR,86.209,INR,RBI_REFERENCE
2024-06-28,INDIA_MANUFACTURING_PMI,57.2,index_points,S_AND_P_GLOBAL
2024-06-29,USD_INR,86.203,INR,RBI_REFERENCE
2024-06-29,INDIA_MANUFACTURING_PMI,57.2,index_points,S_AND_P_GLOBAL
2024-06-30,USD_INR,86.176,INR,RBI_REFERENCE
2024-06-30,INDIA_MANUFACTURING_PMI,57.2,index_points,S_AND_P_GLOBAL
2024-07-01,USD_INR,86.106,INR,RBI_REFERENCE
2024-07-01,INDIA_MANUFACTURING_PMI,57.2,index_points,S_AND_P_GLOBAL
2024-07-02,USD_INR,86.059,INR,RBI_REFERENCE
2024-07-02,INDIA_MANUFACTURING_PMI,57.2,index_points,S_AND_P_GLOBAL
2024-07-03,USD_INR,86.084,INR,RBI_REFERENCE
2024-07-03,INDIA_MANUFACTURING_PMI,57.2,index_points,S_AND_P_GLOBAL
2024-07-04,USD_INR,86.063,INR,RBI_REFERENCE
2024-07-04,INDIA_MANUFACTURING_PMI,57.2,index_points,S_AND_P_GLOBAL
2024-07-05,USD_INR,86.015,INR,RBI_REFERENCE
2024-07-05,INDIA_MANUFACTURING_PMI,57.2,index_points,S_AND_P_GLOBAL
2024-07-06,USD_INR,86.111,INR,RBI_REFERENCE
2024-07-06,INDIA_MANUFACTURING_PMI,57.2,index_points,S_AND_P_GLOBAL
2024-07-07,USD_INR,86.099,INR,RBI_REFERENCE
2024-07-07,INDIA_MANUFACTURING_PMI,57.2,index_points,S_AND_P_GLOBAL
2024-07-08,USD_INR,86.11,INR,RBI_REFERENCE
2024-07-08,INDIA_MANUFACTURING_PMI,57.2,index_points,S_AND_P_GLOBAL
2024-07-09,USD_INR,86.135,INR,RBI_REFERENCE
2024-07-09,INDIA_MANUFACTURING_PMI,57.2,index_points,S_AND_P_GLOBAL
2024-07-10,USD_INR,86.121,INR,RBI_REFERENCE
2024-07-10,INDIA_MANUFACTURING_PMI,57.2,index_points,S_AND_P_GLOBAL
2024-07-11,USD_INR,86.094,INR,RBI_REFERENCE
2024-07-11,INDIA_MANUFACTURING_PMI,57.2,index_points,S_AND_P_GLOBAL
2024-07-12,USD_INR,86.045,INR,RBI_REFERENCE
2024-07-12,INDIA_MANUFACTURING_PMI,57.2,index_points,S_AND_P_GLOBAL
2024-07-13,USD_INR,86.099,INR,RBI_REFERENCE
2024-07-13,INDIA_MANUFACTURING_PMI,57.2,index_points,S_AND_P_GLOBAL
2024-07-14,USD_INR,86.15,INR,RBI_REFERENCE
2024-07-14,INDIA_MANUFACTURING_PMI,57.2,index_points,S_AND_P_GLOBAL
2024-07-15,USD_INR,86.164,INR,RBI_REFERENCE
2024-07-15,INDIA_MANUFACTURING_PMI,57.2,index_points,S_AND_P_GLOBAL
2024-07-16,USD_INR,86.167,INR,RBI_REFERENCE
2024-07-16,INDIA_MANUFACTURING_PMI,57.2,index_points,S_AND_P_GLOBAL
2024-07-17,USD_INR,86.079,INR,RBI_REFERENCE
2024-07-17,INDIA_MANUFACTURING_PMI,57.2,index_points,S_AND_P_GLOBAL
2024-07-18,USD_INR,86.098,INR,RBI_REFERENCE
2024-07-18,INDIA_MANUFACTURING_PMI,57.2,index_points,S_AND_P_GLOBAL
2024-07-19,USD_INR,86.044,INR,RBI_REFERENCE
2024-07-19,INDIA_MANUFACTURING_PMI,57.2,index_points,S_AND_P_GLOBAL
2024-07-20,USD_INR,86.042,INR,RBI_REFERENCE
2024-07-20,INDIA_MANUFACTURING_PMI,57.2,index_points,S_AND_P_GLOBAL
2024-07-21,USD_INR,86.069,INR,RBI_REFERENCE
2024-07-21,INDIA_MANUFACTURING_PMI,57.2,index_points,S_AND_P_GLOBAL
2024-07-22,USD_INR,86.041,INR,RBI_REFERENCE
2024-07-22,INDIA_MANUFACTURING_PMI,57.2,index_points,S_AND_P_GLOBAL
2024-07-23,USD_INR,86.044,INR,RBI_REFERENCE
2024-07-23,INDIA_MANUFACTURING_PMI,57.2,index_points,S_AND_P_GLOBAL
2024-07-24,USD_INR,86.003,INR,RBI_REFERENCE
2024-07-24,INDIA_MANUFACTURING_PMI,57.2,index_points,S_AND_P_GLOBAL
2024-07-25,USD_INR,86.048,INR,RBI_REFERENCE
2024-07-25,INDIA_MANUFACTURING_PMI,57.2,index_points,S_AND_P_GLOBAL
2024-07-26,USD_INR,86.078,INR,RBI_REFERENCE
2024-07-26,INDIA_MANUFACTURING_PMI,57.2,index_points,S_AND_P_GLOBAL
2024-07-27,USD_INR,86.091,INR,RBI_REFERENCE
2024-07-27,INDIA_MANUFACTURING_PMI,57.2,index_points,S_AND_P_GLOBAL
2024-07-28,USD_INR,86.088,INR,RBI_REFERENCE
2024-07-28,INDIA_MANUFACTURING_PMI,57.2,index_points,S_AND_P_GLOBAL
2024-07-29,USD_INR,86.129,INR,RBI_REFERENCE
2024-07-29,INDIA_MANUFACTURING_PMI,57.2,index_points,S_AND_P_GLOBAL
2024-07-30,USD_INR,86.163,INR,RBI_REFERENCE
2024-07-30,INDIA_MANUFACTURING_PMI,57.2,index_points,S_AND_P_GLOBAL
2024-07-31,USD_INR,86.174,INR,RBI_REFERENCE
2024-07-31,INDIA_MANUFACTURING_PMI,57.2,index_points,S_AND_P_GLOBAL
2024-08-01,USD_INR,86.129,INR,RBI_REFERENCE
2024-08-01,INDIA_MANUFACTURING_PMI,57.2,index_points,S_AND_P_GLOBAL
2024-08-02,USD_INR,86.1,INR,RBI_REFERENCE
2024-08-02,INDIA_MANUFACTURING_PMI,57.2,index_points,S_AND_P_GLOBAL
2024-08-03,USD_INR,86.068,INR,RBI_REFERENCE
2024-08-03,INDIA_MANUFACTURING_PMI,57.2,index_points,S_AND_P_GLOBAL
2024-08-04,USD_INR,86.116,INR,RBI_REFERENCE
2024-08-04,INDIA_MANUFACTURING_PMI,57.2,index_points,S_AND_P_GLOBAL
2024-08-05,USD_INR,86.201,INR,RBI_REFERENCE
2024-08-05,INDIA_MANUFACTURING_PMI,57.2,index_points,S_AND_P_GLOBAL
2024-08-06,USD_INR,86.196,INR,RBI_REFERENCE
2024-08-06,INDIA_MANUFACTURING_PMI,57.2,index_points,S_AND_P_GLOBAL
2024-08-07,USD_INR,86.201,INR,RBI_REFERENCE
2024-08-07,INDIA_MANUFACTURING_PMI,57.2,index_points,S_AND_P_GLOBAL
2024-08-08,USD_INR,86.234,INR,RBI_REFERENCE
2024-08-08,INDIA_MANUFACTURING_PMI,57.2,index_points,S_AND_P_GLOBAL
2024-08-09,USD_INR,86.226,INR,RBI_REFERENCE
2024-08-09,INDIA_MANUFACTURING_PMI,57.2,index_points,S_AND_P_GLOBAL
2024-08-10,USD_INR,86.235,INR,RBI_REFERENCE
2024-08-10,INDIA_MANUFACTURING_PMI,57.2,index_points,S_AND_P_GLOBAL
2024-08-11,USD_INR,86.198,INR,RBI_REFERENCE
2024-08-11,INDIA_MANUFACTURING_PMI,57.2,index_points,S_AND_P_GLOBAL
2024-08-12,USD_INR,86.161,INR,RBI_REFERENCE
2024-08-12,INDIA_MANUFACTURING_PMI,57.2,index_points,S_AND_P_GLOBAL
2024-08-13,USD_INR,86.145,INR,RBI_REFERENCE
2024-08-13,INDIA_MANUFACTURING_PMI,57.2,index_points,S_AND_P_GLOBAL
2024-08-14,USD_INR,86.204,INR,RBI_REFERENCE
2024-08-14,INDIA_MANUFACTURING_PMI,57.2,index_points,S_AND_P_GLOBAL
2024-08-15,USD_INR,86.254,INR,RBI_REFERENCE
2024-08-15,INDIA_MANUFACTURING_PMI,57.2,index_points,S_AND_P_GLOBAL
2024-08-16,USD_INR,86.241,INR,RBI_REFERENCE
2024-08-16,INDIA_MANUFACTURING_PMI,57.2,index_points,S_AND_P_GLOBAL
2024-08-17,USD_INR,86.306,INR,RBI_REFERENCE
2024-08-17,INDIA_MANUFACTURING_PMI,57.2,index_points,S_AND_P_GLOBAL
2024-08-18,USD_INR,86.354,INR,RBI_REFERENCE
2024-08-18,INDIA_MANUFACTURING_PMI,57.2,index_points,S_AND_P_GLOBAL
2024-08-19,USD_INR,86.294,INR,RBI_REFERENCE
2024-08-19,INDIA_MANUFACTURING_PMI,57.2,index_points,S_AND_P_GLOBAL
2024-08-20,USD_INR,86.328,INR,RBI_REFERENCE
2024-08-20,INDIA_MANUFACTURING_PMI,57.2,index_points,S_AND_P_GLOBAL
2024-08-21,USD_INR,86.318,INR,RBI_REFERENCE
2024-08-21,INDIA_MANUFACTURING_PMI,57.2,index_points,S_AND_P_GLOBAL
2024-08-22,USD_INR,86.337,INR,RBI_REFERENCE
2024-08-22,INDIA_MANUFACTURING_PMI,57.2,index_points,S_AND_P_GLOBAL
2024-08-23,USD_INR,86.397,INR,RBI_REFERENCE
2024-08-23,INDIA_MANUFACTURING_PMI,57.2,index_points,S_AND_P_GLOBAL
2024-08-24,USD_INR,86.373,INR,RBI_REFERENCE
2024-08-24,INDIA_MANUFACTURING_PMI,57.2,index_points,S_AND_P_GLOBAL
2024-08-25,USD_INR,86.334,INR,RBI_REFERENCE
2024-08-25,INDIA_MANUFACTURING_PMI,57.2,index_points,S_AND_P_GLOBAL
2024-08-26,USD_INR,86.29,INR,RBI_REFERENCE
2024-08-26,INDIA_MANUFACTURING_PMI,57.2,index_points,S_AND_P_GLOBAL
2024-08-27,USD_INR,86.244,INR,RBI_REFERENCE
2024-08-27,INDIA_MANUFACTURING_PMI,57.2,index_points,S_AND_P_GLOBAL
2024-08-28,USD_INR,86.241,INR,RBI_REFERENCE
2024-08-28,INDIA_MANUFACTURING_PMI,57.2,index_points,S_AND_P_GLOBAL
2024-08-29,USD_INR,86.229,INR,RBI_REFERENCE
2024-08-29,INDIA_MANUFACTURING_PMI,57.2,index_points,S_AND_P_GLOBAL
2024-08-30,USD_INR,86.271,INR,RBI_REFERENCE
2024-08-30,INDIA_MANUFACTURING_PMI,57.2,index_points,S_AND_P_GLOBAL
2024-08-31,USD_INR,86.178,INR,RBI_REFERENCE
2024-08-31,INDIA_MANUFACTURING_PMI,57.2,index_points,S_AND_P_GLOBAL
2024-09-01,USD_INR,86.232,INR,RBI_REFERENCE
2024-09-01,INDIA_MANUFACTURING_PMI,57.2,index_points,S_AND_P_GLOBAL
2024-09-02,USD_INR,86.312,INR,RBI_REFERENCE
2024-09-02,INDIA_MANUFACTURING_PMI,57.2,index_points,S_AND_P_GLOBAL
2024-09-03,USD_INR,86.311,INR,RBI_REFERENCE
2024-09-03,INDIA_MANUFACTURING_PMI,57.2,index_points,S_AND_P_GLOBAL
2024-09-04,USD_INR,86.38,INR,RBI_REFERENCE
2024-09-04,INDIA_MANUFACTURING_PMI,57.2,index_points,S_AND_P_GLOBAL
2024-09-05,USD_INR,86.377,INR,RBI_REFERENCE
2024-09-05,INDIA_MANUFACTURING_PMI,57.2,index_points,S_AND_P_GLOBAL
2024-09-06,USD_INR,86.436,INR,RBI_REFERENCE
2024-09-06,INDIA_MANUFACTURING_PMI,57.2,index_points,S_AND_P_GLOBAL
2024-09-07,USD_INR,86.396,INR,RBI_REFERENCE
2024-09-07,INDIA_MANUFACTURING_PMI,57.2,index_points,S_AND_P_GLOBAL
2024-09-08,USD_INR,86.399,INR,RBI_REFERENCE
2024-09-08,INDIA_MANUFACTURING_PMI,57.2,index_points,S_AND_P_GLOBAL
2024-09-09,USD_INR,86.412,INR,RBI_REFERENCE
2024-09-09,INDIA_MANUFACTURING_PMI,57.2,index_points,S_AND_P_GLOBAL
2024-09-10,USD_INR,86.36,INR,RBI_REFERENCE
2024-09-10,INDIA_MANUFACTURING_PMI,57.2,index_points,S_AND_P_GLOBAL
2024-09-11,USD_INR,86.444,INR,RBI_REFERENCE
2024-09-11,INDIA_MANUFACTURING_PMI,57.2,index_points,S_AND_P_GLOBAL
2024-09-12,USD_INR,86.441,INR,RBI_REFERENCE
2024-09-12,INDIA_MANUFACTURING_PMI,57.2,index_points,S_AND_P_GLOBAL
2024-09-13,USD_INR,86.426,INR,RBI_REFERENCE
2024-09-13,INDIA_MANUFACTURING_PMI,57.2,index_points,S_AND_P_GLOBAL
2024-09-14,USD_INR,86.392,INR,RBI_REFERENCE
2024-09-14,INDIA_MANUFACTURING_PMI,57.2,index_points,S_AND_P_GLOBAL
2024-09-15,USD_INR,86.39,INR,RBI_REFERENCE
2024-09-15,INDIA_MANUFACTURING_PMI,57.2,index_points,S_AND_P_GLOBAL
2024-09-16,USD_INR,86.381,INR,RBI_REFERENCE
2024-09-16,INDIA_MANUFACTURING_PMI,57.2,index_points,S_AND_P_GLOBAL
2024-09-17,USD_INR,86.426,INR,RBI_REFERENCE
2024-09-17,INDIA_MANUFACTURING_PMI,57.2,index_points,S_AND_P_GLOBAL
2024-09-18,USD_INR,86.482,INR,RBI_REFERENCE
2024-09-18,INDIA_MANUFACTURING_PMI,57.2,index_points,S_AND_P_GLOBAL
2024-09-19,USD_INR,86.514,INR,RBI_REFERENCE
2024-09-19,INDIA_MANUFACTURING_PMI,57.2,index_points,S_AND_P_GLOBAL
2024-09-20,USD_INR,86.542,INR,RBI_REFERENCE
2024-09-20,INDIA_MANUFACTURING_PMI,57.2,index_points,S_AND_P_GLOBAL
2024-09-21,USD_INR,86.546,INR,RBI_REFERENCE
2024-09-21,INDIA_MANUFACTURING_PMI,57.2,index_points,S_AND_P_GLOBAL
2024-09-22,USD_INR,86.453,INR,RBI_REFERENCE
2024-09-22,INDIA_MANUFACTURING_PMI,57.2,index_points,S_AND_P_GLOBAL
2024-09-23,USD_INR,86.47,INR,RBI_REFERENCE
2024-09-23,INDIA_MANUFACTURING_PMI,57.2,index_points,S_AND_P_GLOBAL
2024-09-24,USD_INR,86.469,INR,RBI_REFERENCE
2024-09-24,INDIA_MANUFACTURING_PMI,57.2,index_points,S_AND_P_GLOBAL
2024-09-25,USD_INR,86.478,INR,RBI_REFERENCE
2024-09-25,INDIA_MANUFACTURING_PMI,57.2,index_points,S_AND_P_GLOBAL
2024-09-26,USD_INR,86.492,INR,RBI_REFERENCE
2024-09-26,INDIA_MANUFACTURING_PMI,57.2,index_points,S_AND_P_GLOBAL
2024-09-27,USD_INR,86.488,INR,RBI_REFERENCE
2024-09-27,INDIA_MANUFACTURING_PMI,57.2,index_points,S_AND_P_GLOBAL
2024-09-28,USD_INR,86.534,INR,RBI_REFERENCE
2024-09-28,INDIA_MANUFACTURING_PMI,57.2,index_points,S_AND_P_GLOBAL
2024-09-29,USD_INR,86.538,INR,RBI_REFERENCE
2024-09-29,INDIA_MANUFACTURING_PMI,57.2,index_points,S_AND_P_GLOBAL
2024-09-30,USD_INR,86.52,INR,RBI_REFERENCE
2024-09-30,INDIA_MANUFACTURING_PMI,57.2,index_points,S_AND_P_GLOBAL
2024-10-01,USD_INR,86.508,INR,RBI_REFERENCE
2024-10-01,INDIA_MANUFACTURING_PMI,57.2,index_points,S_AND_P_GLOBAL
2024-10-02,USD_INR,86.508,INR,RBI_REFERENCE
2024-10-02,INDIA_MANUFACTURING_PMI,57.2,index_points,S_AND_P_GLOBAL
2024-10-03,USD_INR,86.536,INR,RBI_REFERENCE
2024-10-03,INDIA_MANUFACTURING_PMI,57.2,index_points,S_AND_P_GLOBAL
2024-10-04,USD_INR,86.511,INR,RBI_REFERENCE
2024-10-04,INDIA_MANUFACTURING_PMI,57.2,index_points,S_AND_P_GLOBAL
2024-10-05,USD_INR,86.508,INR,RBI_REFERENCE
2024-10-05,INDIA_MANUFACTURING_PMI,57.2,index_points,S_AND_P_GLOBAL
2024-10-06,USD_INR,86.482,INR,RBI_REFERENCE
2024-10-06,INDIA_MANUFACTURING_PMI,57.2,index_points,S_AND_P_GLOBAL
2024-10-07,USD_INR,86.495,INR,RBI_REFERENCE
2024-10-07,INDIA_MANUFACTURING_PMI,57.2,index_points,S_AND_P_GLOBAL
2024-10-08,USD_INR,86.54,INR,RBI_REFERENCE
2024-10-08,INDIA_MANUFACTURING_PMI,57.2,index_points,S_AND_P_GLOBAL
2024-10-09,USD_INR,86.493,INR,RBI_REFERENCE
2024-10-09,INDIA_MANUFACTURING_PMI,57.2,index_points,S_AND_P_GLOBAL
2024-10-10,USD_INR,86.494,INR,RBI_REFERENCE
2024-10-10,INDIA_MANUFACTURING_PMI,57.2,index_points,S_AND_P_GLOBAL
2024-10-11,USD_INR,86.578,INR,RBI_REFERENCE
2024-10-11,INDIA_MANUFACTURING_PMI,57.2,index_points,S_AND_P_GLOBAL
2024-10-12,USD_INR,86.57,INR,RBI_REFERENCE
2024-10-12,INDIA_MANUFACTURING_PMI,57.2,index_points,S_AND_P_GLOBAL
2024-10-13,USD_INR,86.555,INR,RBI_REFERENCE
2024-10-13,INDIA_MANUFACTURING_PMI,57.2,index_points,S_AND_P_GLOBAL
2024-10-14,USD_INR,86.519,INR,RBI_REFERENCE
2024-10-14,INDIA_MANUFACTURING_PMI,57.2,index_points,S_AND_P_GLOBAL
2024-10-15,USD_INR,86.51,INR,RBI_REFERENCE
2024-10-15,INDIA_MANUFACTURING_PMI,57.2,index_points,S_AND_P_GLOBAL
2024-10-16,USD_INR,86.497,INR,RBI_REFERENCE
2024-10-16,INDIA_MANUFACTURING_PMI,57.2,index_points,S_AND_P_GLOBAL
2024-10-17,USD_INR,86.43,INR,RBI_REFERENCE
2024-10-17,INDIA_MANUFACTURING_PMI,57.2,index_points,S_AND_P_GLOBAL
2024-10-18,USD_INR,86.388,INR,RBI_REFERENCE
2024-10-18,INDIA_MANUFACTURING_PMI,57.2,index_points,S_AND_P_GLOBAL
2024-10-19,USD_INR,86.413,INR,RBI_REFERENCE
2024-10-19,INDIA_MANUFACTURING_PMI,57.2,index_points,S_AND_P_GLOBAL
2024-10-20,USD_INR,86.356,INR,RBI_REFERENCE
2024-10-20,INDIA_MANUFACTURING_PMI,57.2,index_points,S_AND_P_GLOBAL
2024-10-21,USD_INR,86.337,INR,RBI_REFERENCE
2024-10-21,INDIA_MANUFACTURING_PMI,57.2,index_points,S_AND_P_GLOBAL
2024-10-22,USD_INR,86.265,INR,RBI_REFERENCE
2024-10-22,INDIA_MANUFACTURING_PMI,57.2,index_points,S_AND_P_GLOBAL
2024-10-23,USD_INR,86.233,INR,RBI_REFERENCE
2024-10-23,INDIA_MANUFACTURING_PMI,57.2,index_points,S_AND_P_GLOBAL
2024-10-24,USD_INR,86.198,INR,RBI_REFERENCE
2024-10-24,INDIA_MANUFACTURING_PMI,57.2,index_points,S_AND_P_GLOBAL
2024-10-25,USD_INR,86.217,INR,RBI_REFERENCE
2024-10-25,INDIA_MANUFACTURING_PMI,57.2,index_points,S_AND_P_GLOBAL
2024-10-26,USD_INR,86.273,INR,RBI_REFERENCE
2024-10-26,INDIA_MANUFACTURING_PMI,57.2,index_points,S_AND_P_GLOBAL
2024-10-27,USD_INR,86.286,INR,RBI_REFERENCE
2024-10-27,INDIA_MANUFACTURING_PMI,57.2,index_points,S_AND_P_GLOBAL
2024-10-28,USD_INR,86.294,INR,RBI_REFERENCE
2024-10-28,INDIA_MANUFACTURING_PMI,57.2,index_points,S_AND_P_GLOBAL
2024-10-29,USD_INR,86.363,INR,RBI_REFERENCE
2024-10-29,INDIA_MANUFACTURING_PMI,57.2,index_points,S_AND_P_GLOBAL
2024-10-30,USD_INR,86.357,INR,RBI_REFERENCE
2024-10-30,INDIA_MANUFACTURING_PMI,57.2,index_points,S_AND_P_GLOBAL
2024-10-31,USD_INR,86.29,INR,RBI_REFERENCE
2024-10-31,INDIA_MANUFACTURING_PMI,57.2,index_points,S_AND_P_GLOBAL
2024-11-01,USD_INR,86.294,INR,RBI_REFERENCE
2024-11-01,INDIA_MANUFACTURING_PMI,57.2,index_points,S_AND_P_GLOBAL
2024-11-02,USD_INR,86.291,INR,RBI_REFERENCE
2024-11-02,INDIA_MANUFACTURING_PMI,57.2,index_points,S_AND_P_GLOBAL
2024-11-03,USD_INR,86.275,INR,RBI_REFERENCE
2024-11-03,INDIA_MANUFACTURING_PMI,57.2,index_points,S_AND_P_GLOBAL
2024-11-04,USD_INR,86.305,INR,RBI_REFERENCE
2024-11-04,INDIA_MANUFACTURING_PMI,57.2,index_points,S_AND_P_GLOBAL
2024-11-05,USD_INR,86.3,INR,RBI_REFERENCE
2024-11-05,INDIA_MANUFACTURING_PMI,57.2,index_points,S_AND_P_GLOBAL
2024-11-06,USD_INR,86.346,INR,RBI_REFERENCE
2024-11-06,INDIA_MANUFACTURING_PMI,57.2,index_points,S_AND_P_GLOBAL
2024-11-07,USD_INR,86.328,INR,RBI_REFERENCE
2024-11-07,INDIA_MANUFACTURING_PMI,57.2,index_points,S_AND_P_GLOBAL
2024-11-08,USD_INR,86.355,INR,RBI_REFERENCE
2024-11-08,INDIA_MANUFACTURING_PMI,57.2,index_points,S_AND_P_GLOBAL
2024-11-09,USD_INR,86.284,INR,RBI_REFERENCE
2024-11-09,INDIA_MANUFACTURING_PMI,57.2,index_points,S_AND_P_GLOBAL
2024-11-10,USD_INR,86.307,INR,RBI_REFERENCE
2024-11-10,INDIA_MANUFACTURING_PMI,57.2,index_points,S_AND_P_GLOBAL
2024-11-11,USD_INR,86.313,INR,RBI_REFERENCE
2024-11-11,INDIA_MANUFACTURING_PMI,57.2,index_points,S_AND_P_GLOBAL
2024-11-12,USD_INR,86.35,INR,RBI_REFERENCE
2024-11-12,INDIA_MANUFACTURING_PMI,57.2,index_points,S_AND_P_GLOBAL
2024-11-13,USD_INR,86.442,INR,RBI_REFERENCE
2024-11-13,INDIA_MANUFACTURING_PMI,57.2,index_points,S_AND_P_GLOBAL
2024-11-14,USD_INR,86.483,INR,RBI_REFERENCE
2024-11-14,INDIA_MANUFACTURING_PMI,57.2,index_points,S_AND_P_GLOBAL
2024-11-15,USD_INR,86.41,INR,RBI_REFERENCE
2024-11-15,INDIA_MANUFACTURING_PMI,57.2,index_points,S_AND_P_GLOBAL
2024-11-16,USD_INR,86.393,INR,RBI_REFERENCE
2024-11-16,INDIA_MANUFACTURING_PMI,57.2,index_points,S_AND_P_GLOBAL
2024-11-17,USD_INR,86.354,INR,RBI_REFERENCE
2024-11-17,INDIA_MANUFACTURING_PMI,57.2,index_points,S_AND_P_GLOBAL
2024-11-18,USD_INR,86.343,INR,RBI_REFERENCE
2024-11-18,INDIA_MANUFACTURING_PMI,57.2,index_points,S_AND_P_GLOBAL
2024-11-19,USD_INR,86.413,INR,RBI_REFERENCE
2024-11-19,INDIA_MANUFACTURING_PMI,57.2,index_points,S_AND_P_GLOBAL
2024-11-20,USD_INR,86.331,INR,RBI_REFERENCE
2024-11-20,INDIA_MANUFACTURING_PMI,57.2,index_points,S_AND_P_GLOBAL
2024-11-21,USD_INR,86.359,INR,RBI_REFERENCE
2024-11-21,INDIA_MANUFACTURING_PMI,57.2,index_points,S_AND_P_GLOBAL
2024-11-22,USD_INR,86.353,INR,RBI_REFERENCE
2024-11-22,INDIA_MANUFACTURING_PMI,57.2,index_points,S_AND_P_GLOBAL
2024-11-23,USD_INR,86.318,INR,RBI_REFERENCE
2024-11-23,INDIA_MANUFACTURING_PMI,57.2,index_points,S_AND_P_GLOBAL
2024-11-24,USD_INR,86.329,INR,RBI_REFERENCE
2024-11-24,INDIA_MANUFACTURING_PMI,57.2,index_points,S_AND_P_GLOBAL
2024-11-25,USD_INR,86.328,INR,RBI_REFERENCE
2024-11-25,INDIA_MANUFACTURING_PMI,57.2,index_points,S_AND_P_GLOBAL
2024-11-26,USD_INR,86.354,INR,RBI_REFERENCE
2024-11-26,INDIA_MANUFACTURING_PMI,57.2,index_points,S_AND_P_GLOBAL
2024-11-27,USD_INR,86.323,INR,RBI_REFERENCE
2024-11-27,INDIA_MANUFACTURING_PMI,57.2,index_points,S_AND_P_GLOBAL
2024-11-28,USD_INR,86.28,INR,RBI_REFERENCE
2024-11-28,INDIA_MANUFACTURING_PMI,57.2,index_points,S_AND_P_GLOBAL
2024-11-29,USD_INR,86.268,INR,RBI_REFERENCE
2024-11-29,INDIA_MANUFACTURING_PMI,57.2,index_points,S_AND_P_GLOBAL
2024-11-30,USD_INR,86.305,INR,RBI_REFERENCE
2024-11-30,INDIA_MANUFACTURING_PMI,57.2,index_points,S_AND_P_GLOBAL
2024-12-01,USD_INR,86.372,INR,RBI_REFERENCE
2024-12-01,INDIA_MANUFACTURING_PMI,57.2,index_points,S_AND_P_GLOBAL
2024-12-02,USD_INR,86.374,INR,RBI_REFERENCE
2024-12-02,INDIA_MANUFACTURING_PMI,57.2,index_points,S_AND_P_GLOBAL
2024-12-03,USD_INR,86.411,INR,RBI_REFERENCE
2024-12-03,INDIA_MANUFACTURING_PMI,57.2,index_points,S_AND_P_GLOBAL
2024-12-04,USD_INR,86.426,INR,RBI_REFERENCE
2024-12-04,INDIA_MANUFACTURING_PMI,57.2,index_points,S_AND_P_GLOBAL
2024-12-05,USD_INR,86.447,INR,RBI_REFERENCE
2024-12-05,INDIA_MANUFACTURING_PMI,57.2,index_points,S_AND_P_GLOBAL
2024-12-06,USD_INR,86.431,INR,RBI_REFERENCE
2024-12-06,INDIA_MANUFACTURING_PMI,57.2,index_points,S_AND_P_GLOBAL
2024-12-07,USD_INR,86.474,INR,RBI_REFERENCE
2024-12-07,INDIA_MANUFACTURING_PMI,57.2,index_points,S_AND_P_GLOBAL
2024-12-08,USD_INR,86.458,INR,RBI_REFERENCE
2024-12-08,INDIA_MANUFACTURING_PMI,57.2,index_points,S_AND_P_GLOBAL
2024-12-09,USD_INR,86.373,INR,RBI_REFERENCE
2024-12-09,INDIA_MANUFACTURING_PMI,57.2,index_points,S_AND_P_GLOBAL
2024-12-10,USD_INR,86.358,INR,RBI_REFERENCE
2024-12-10,INDIA_MANUFACTURING_PMI,57.2,index_points,S_AND_P_GLOBAL
2024-12-11,USD_INR,86.295,INR,RBI_REFERENCE
2024-12-11,INDIA_MANUFACTURING_PMI,57.2,index_points,S_AND_P_GLOBAL
2024-12-12,USD_INR,86.387,INR,RBI_REFERENCE
2024-12-12,INDIA_MANUFACTURING_PMI,57.2,index_points,S_AND_P_GLOBAL
2024-12-13,USD_INR,86.429,INR,RBI_REFERENCE
2024-12-13,INDIA_MANUFACTURING_PMI,57.2,index_points,S_AND_P_GLOBAL
2024-12-14,USD_INR,86.433,INR,RBI_REFERENCE
2024-12-14,INDIA_MANUFACTURING_PMI,57.2,index_points,S_AND_P_GLOBAL
2024-12-15,USD_INR,86.414,INR,RBI_REFERENCE
2024-12-15,INDIA_MANUFACTURING_PMI,57.2,index_points,S_AND_P_GLOBAL
2024-12-16,USD_INR,86.469,INR,RBI_REFERENCE
2024-12-16,INDIA_MANUFACTURING_PMI,57.2,index_points,S_AND_P_GLOBAL
2024-12-17,USD_INR,86.439,INR,RBI_REFERENCE
2024-12-17,INDIA_MANUFACTURING_PMI,57.2,index_points,S_AND_P_GLOBAL
2024-12-18,USD_INR,86.529,INR,RBI_REFERENCE
2024-12-18,INDIA_MANUFACTURING_PMI,57.2,index_points,S_AND_P_GLOBAL
2024-12-19,USD_INR,86.503,INR,RBI_REFERENCE
2024-12-19,INDIA_MANUFACTURING_PMI,57.2,index_points,S_AND_P_GLOBAL
2024-12-20,USD_INR,86.506,INR,RBI_REFERENCE
2024-12-20,INDIA_MANUFACTURING_PMI,57.2,index_points,S_AND_P_GLOBAL
2024-12-21,USD_INR,86.538,INR,RBI_REFERENCE
2024-12-21,INDIA_MANUFACTURING_PMI,57.2,index_points,S_AND_P_GLOBAL
2024-12-22,USD_INR,86.513,INR,RBI_REFERENCE
2024-12-22,INDIA_MANUFACTURING_PMI,57.2,index_points,S_AND_P_GLOBAL
2024-12-23,USD_INR,86.508,INR,RBI_REFERENCE
2024-12-23,INDIA_MANUFACTURING_PMI,57.2,index_points,S_AND_P_GLOBAL
2024-12-24,USD_INR,86.514,INR,RBI_REFERENCE
2024-12-24,INDIA_MANUFACTURING_PMI,57.2,index_points,S_AND_P_GLOBAL
2024-12-25,USD_INR,86.492,INR,RBI_REFERENCE
2024-12-25,INDIA_MANUFACTURING_PMI,57.2,index_points,S_AND_P_GLOBAL
2024-12-26,USD_INR,86.513,INR,RBI_REFERENCE
2024-12-26,INDIA_MANUFACTURING_PMI,57.2,index_points,S_AND_P_GLOBAL
2024-12-27,USD_INR,86.462,INR,RBI_REFERENCE
2024-12-27,INDIA_MANUFACTURING_PMI,57.2,index_points,S_AND_P_GLOBAL
2024-12-28,USD_INR,86.362,INR,RBI_REFERENCE
2024-12-28,INDIA_MANUFACTURING_PMI,57.2,index_points,S_AND_P_GLOBAL
2024-12-29,USD_INR,86.291,INR,RBI_REFERENCE
2024-12-29,INDIA_MANUFACTURING_PMI,57.2,index_points,S_AND_P_GLOBAL
2024-12-30,USD_INR,86.286,INR,RBI_REFERENCE
2024-12-30,INDIA_MANUFACTURING_PMI,57.2,index_points,S_AND_P_GLOBAL
2024-12-31,USD_INR,86.3,INR,RBI_REFERENCE
2024-12-31,INDIA_MANUFACTURING_PMI,57.2,index_points,S_AND_P_GLOBAL
